payment_id,order_id,transaction_date,transaction_type,payment_method,transaction_amount,transaction_status
PAY-0000001,ORD-000001,2025-09-25,payment,credit_card,31960.51,successful
PAY-0000002,ORD-000002,2025-08-11,payment,debit_card,17341.0,successful
PAY-0000003,ORD-000003,2025-01-17,payment,credit_card,61217.51,successful
PAY-0000004,ORD-000004,2026-05-24,payment,debit_card,16135.01,successful
PAY-0000005,ORD-000005,2026-07-07,payment,credit_card,7304.83,pending
PAY-0000006,ORD-000006,2026-05-07,payment,net_banking,4025.74,successful
PAY-0000007,ORD-000007,2025-06-28,payment,credit_card,21066.52,successful
PAY-0000008,ORD-000008,2026-02-27,payment,net_banking,3518.45,failed
PAY-0000009,ORD-000009,2026-07-27,payment,net_banking,746.46,successful
PAY-0000010,ORD-000010,2025-09-03,payment,net_banking,42898.42,successful
PAY-0000011,ORD-000011,2026-04-30,payment,credit_card,20218.33,successful
PAY-0000012,ORD-000012,2025-11-30,payment,wallet,791.03,successful
PAY-0000013,ORD-000013,2026-01-11,payment,credit_card,2332.65,successful
PAY-0000014,ORD-000014,2026-03-22,payment,wallet,47151.18,pending
PAY-0000015,ORD-000015,2025-06-10,payment,wallet,16712.42,successful
PAY-0000016,ORD-000016,2025-09-03,payment,upi,15096.55,failed
PAY-0000017,ORD-000017,2026-06-28,payment,credit_card,5924.58,successful
PAY-0000018,ORD-000018,2026-07-28,payment,debit_card,15177.18,successful
PAY-0000019,ORD-000019,2026-05-12,payment,net_banking,21459.52,successful
PAY-0000020,ORD-000020,2025-09-01,payment,upi,33998.56,successful
PAY-0000021,ORD-000021,2026-07-14,payment,debit_card,4239.16,successful
PAY-0000022,ORD-000022,2025-09-19,payment,wallet,39333.31,successful
PAY-0000023,ORD-000023,2026-07-05,payment,net_banking,13964.08,successful
PAY-0000024,ORD-000024,2026-07-18,payment,credit_card,28820.71,successful
PAY-0000025,ORD-000025,2026-07-12,payment,debit_card,26588.16,failed
PAY-0000026,ORD-000026,2026-07-28,payment,upi,2264.59,successful
PAY-0000027,ORD-000027,2025-10-29,payment,credit_card,20818.3,successful
PAY-0000028,ORD-000028,2025-11-14,payment,upi,20075.49,successful
PAY-0000029,ORD-000029,2026-04-28,payment,net_banking,10036.07,successful
PAY-0000030,ORD-000030,2025-05-14,payment,credit_card,4382.39,successful
PAY-0000031,ORD-000031,2026-03-10,payment,net_banking,45682.3,failed
PAY-0000032,ORD-000032,2025-04-13,payment,debit_card,23833.11,successful
PAY-0000033,ORD-000033,2026-06-01,payment,debit_card,19444.82,successful
PAY-0000034,ORD-000034,2026-02-06,payment,credit_card,18406.45,successful
PAY-0000035,ORD-000035,2026-07-03,payment,credit_card,12471.76,successful
PAY-0000036,ORD-000036,2025-09-17,payment,upi,81986.65,successful
PAY-0000037,ORD-000037,2026-06-13,payment,upi,5821.46,successful
PAY-0000038,ORD-000038,2025-12-06,payment,debit_card,9889.41,pending
PAY-0000039,ORD-000039,2025-08-18,payment,net_banking,12418.76,successful
PAY-0000040,ORD-000040,2025-04-28,payment,credit_card,11766.97,successful
PAY-0000041,ORD-000041,2025-04-02,payment,debit_card,35754.33,successful
PAY-0000042,ORD-000042,2026-05-30,payment,debit_card,27430.93,successful
PAY-0000043,ORD-000043,2026-03-09,payment,upi,1606.49,failed
PAY-0000044,ORD-000044,2026-04-14,payment,wallet,11283.23,successful
PAY-0000045,ORD-000045,2026-05-14,payment,debit_card,9512.51,successful
PAY-0000046,ORD-000046,2025-12-17,payment,credit_card,14424.19,successful
PAY-0000047,ORD-000047,2026-05-31,payment,upi,6421.81,pending
PAY-0000048,ORD-000048,2025-04-01,payment,credit_card,25051.59,successful
PAY-0000049,ORD-000049,2025-11-07,payment,net_banking,50722.88,failed
PAY-0000050,ORD-000050,2025-03-04,payment,upi,13955.82,successful
PAY-0000051,ORD-000051,2026-05-26,payment,credit_card,13905.75,successful
PAY-0000052,ORD-000052,2025-10-13,payment,credit_card,17814.29,successful
PAY-0000053,ORD-000053,2026-05-30,payment,credit_card,4446.03,successful
PAY-0000054,ORD-000054,2026-02-09,payment,wallet,27803.61,successful
PAY-0000055,ORD-000055,2025-11-14,payment,wallet,13823.85,successful
PAY-0000056,ORD-000056,2026-01-12,payment,upi,7929.25,successful
PAY-0000057,ORD-000057,2025-08-07,payment,wallet,32792.68,successful
PAY-0000058,ORD-000058,2025-07-01,payment,upi,9995.26,failed
PAY-0000059,ORD-000059,2026-05-29,payment,debit_card,16438.57,successful
PAY-0000060,ORD-000060,2025-10-01,payment,credit_card,5527.05,successful
PAY-0000061,ORD-000061,2025-08-22,payment,upi,4205.99,successful
PAY-0000062,ORD-000062,2025-08-25,payment,net_banking,5893.31,pending
PAY-0000063,ORD-000063,2026-04-08,payment,debit_card,31864.73,successful
PAY-0000064,ORD-000064,2025-07-22,payment,net_banking,33234.0,failed
PAY-0000065,ORD-000065,2026-02-19,payment,credit_card,1750.56,successful
PAY-0000066,ORD-000066,2026-07-05,payment,debit_card,34633.24,successful
PAY-0000067,ORD-000067,2026-06-25,payment,net_banking,932.34,successful
PAY-0000068,ORD-000068,2025-03-16,payment,credit_card,5943.8,successful
PAY-0000069,ORD-000069,2026-01-12,payment,debit_card,12412.68,successful
PAY-0000070,ORD-000070,2025-01-03,payment,net_banking,7857.56,successful
PAY-0000071,ORD-000071,2026-05-07,payment,wallet,22125.83,successful
PAY-0000072,ORD-000072,2026-03-17,payment,net_banking,2401.98,pending
PAY-0000073,ORD-000073,2026-04-29,payment,debit_card,895.57,successful
PAY-0000074,ORD-000074,2026-06-27,payment,upi,19964.01,successful
PAY-0000075,ORD-000075,2026-06-04,payment,credit_card,9604.54,successful
PAY-0000076,ORD-000076,2025-12-25,payment,upi,23231.88,successful
PAY-0000077,ORD-000077,2026-07-14,payment,net_banking,46207.44,successful
PAY-0000078,ORD-000078,2025-02-25,payment,credit_card,40651.17,successful
PAY-0000079,ORD-000079,2026-06-09,payment,debit_card,13088.17,failed
PAY-0000080,ORD-000080,2026-07-29,payment,wallet,29968.26,failed
PAY-0000081,ORD-000081,2025-08-06,payment,net_banking,19871.64,successful
PAY-0000082,ORD-000082,2026-07-19,payment,upi,3629.15,failed
PAY-0000083,ORD-000083,2025-10-20,payment,debit_card,7372.72,successful
PAY-0000084,ORD-000084,2025-09-28,payment,upi,6716.94,successful
PAY-0000085,ORD-000085,2026-03-11,payment,credit_card,12087.39,successful
PAY-0000086,ORD-000086,2025-10-16,payment,net_banking,8946.23,successful
PAY-0000087,ORD-000087,2026-05-21,payment,net_banking,14127.82,successful
PAY-0000088,ORD-000088,2026-02-20,payment,net_banking,3317.48,successful
PAY-0000089,ORD-000089,2025-09-24,payment,upi,10365.93,successful
PAY-0000090,ORD-000090,2026-07-18,payment,net_banking,7870.26,successful
PAY-0000091,ORD-000091,2025-04-17,payment,wallet,2284.02,successful
PAY-0000092,ORD-000092,2026-04-29,payment,credit_card,2849.85,successful
PAY-0000093,ORD-000093,2026-07-17,payment,net_banking,10189.83,successful
PAY-0000094,ORD-000094,2026-07-03,payment,credit_card,9384.36,successful
PAY-0000095,ORD-000095,2026-05-02,payment,upi,23780.62,successful
PAY-0000096,ORD-000096,2025-12-19,payment,net_banking,1788.89,failed
PAY-0000097,ORD-000097,2026-06-26,payment,debit_card,6672.58,successful
PAY-0000098,ORD-000098,2026-07-24,payment,net_banking,9373.12,successful
PAY-0000099,ORD-000099,2026-05-23,payment,net_banking,10328.09,successful
PAY-0000100,ORD-000100,2025-08-06,payment,debit_card,39160.6,failed
PAY-0000101,ORD-000101,2026-07-07,payment,upi,4785.28,pending
PAY-0000102,ORD-000102,2026-05-13,payment,wallet,18646.41,successful
PAY-0000103,ORD-000103,2026-01-26,payment,wallet,20613.18,successful
PAY-0000104,ORD-000104,2026-07-07,payment,credit_card,11762.42,failed
PAY-0000105,ORD-000105,2026-01-29,payment,debit_card,28818.13,pending
PAY-0000106,ORD-000106,2025-08-05,payment,upi,30019.39,successful
PAY-0000107,ORD-000107,2025-04-20,payment,net_banking,7834.03,successful
PAY-0000108,ORD-000108,2026-04-13,payment,credit_card,3140.91,successful
PAY-0000109,ORD-000109,2025-12-17,payment,upi,13421.24,successful
PAY-0000110,ORD-000110,2025-06-12,payment,credit_card,27987.65,successful
PAY-0000111,ORD-000111,2026-04-15,payment,wallet,15164.95,successful
PAY-0000112,ORD-000112,2025-05-21,payment,upi,22344.15,successful
PAY-0000113,ORD-000113,2026-06-07,payment,upi,2919.78,successful
PAY-0000114,ORD-000114,2025-10-06,payment,wallet,9304.42,successful
PAY-0000115,ORD-000115,2025-04-26,payment,credit_card,16332.3,failed
PAY-0000116,ORD-000116,2026-06-30,payment,credit_card,1177.12,successful
PAY-0000117,ORD-000117,2026-05-02,payment,upi,10019.83,failed
PAY-0000118,ORD-000118,2026-06-08,payment,debit_card,2591.78,successful
PAY-0000119,ORD-000119,2025-09-10,payment,wallet,22741.15,successful
PAY-0000120,ORD-000120,2026-04-06,payment,credit_card,5420.64,pending
PAY-0000121,ORD-000121,2026-03-27,payment,net_banking,9800.41,failed
PAY-0000122,ORD-000122,2025-12-11,payment,debit_card,4085.89,successful
PAY-0000123,ORD-000123,2026-06-17,payment,net_banking,3158.1,successful
PAY-0000124,ORD-000124,2026-06-28,payment,credit_card,32166.61,successful
PAY-0000125,ORD-000125,2025-10-16,payment,debit_card,18594.69,pending
PAY-0000126,ORD-000126,2025-12-13,payment,wallet,1364.37,successful
PAY-0000127,ORD-000127,2026-06-14,payment,debit_card,28577.65,successful
PAY-0000128,ORD-000128,2026-07-09,payment,net_banking,14834.75,successful
PAY-0000129,ORD-000129,2026-07-03,payment,credit_card,14527.99,successful
PAY-0000130,ORD-000130,2026-02-26,payment,debit_card,20343.97,successful
PAY-0000131,ORD-000131,2026-04-29,payment,net_banking,13641.34,successful
PAY-0000132,ORD-000132,2025-05-02,payment,debit_card,9142.97,successful
PAY-0000133,ORD-000133,2025-10-31,payment,wallet,10295.67,successful
PAY-0000134,ORD-000134,2026-04-18,payment,net_banking,8862.31,successful
PAY-0000135,ORD-000135,2026-03-03,payment,upi,8376.77,successful
PAY-0000136,ORD-000136,2026-04-23,payment,upi,36537.9,successful
PAY-0000137,ORD-000137,2025-03-22,payment,wallet,24623.06,successful
PAY-0000138,ORD-000138,2025-02-07,payment,debit_card,5588.22,successful
PAY-0000139,ORD-000139,2025-11-16,payment,credit_card,11630.3,successful
PAY-0000140,ORD-000140,2025-12-27,payment,debit_card,11345.18,successful
PAY-0000141,ORD-000141,2025-01-06,payment,upi,14147.74,successful
PAY-0000142,ORD-000142,2026-06-06,payment,net_banking,15664.59,successful
PAY-0000143,ORD-000143,2026-05-28,payment,wallet,17851.42,successful
PAY-0000144,ORD-000144,2025-06-09,payment,net_banking,8649.87,successful
PAY-0000145,ORD-000145,2026-03-03,payment,debit_card,15794.59,successful
PAY-0000146,ORD-000146,2025-11-15,payment,upi,34698.89,successful
PAY-0000147,ORD-000147,2026-07-10,payment,debit_card,6187.9,successful
PAY-0000148,ORD-000148,2026-06-01,payment,upi,22384.36,failed
PAY-0000149,ORD-000149,2026-05-14,payment,credit_card,1284.18,successful
PAY-0000150,ORD-000150,2025-01-10,payment,upi,3349.55,successful
PAY-0000151,ORD-000151,2026-05-26,payment,net_banking,4115.8,successful
PAY-0000152,ORD-000152,2026-05-16,payment,credit_card,21881.16,successful
PAY-0000153,ORD-000153,2025-05-14,payment,debit_card,14409.04,successful
PAY-0000154,ORD-000154,2026-01-31,payment,credit_card,21755.33,successful
PAY-0000155,ORD-000155,2026-05-14,payment,debit_card,1370.36,successful
PAY-0000156,ORD-000156,2026-07-24,payment,net_banking,9579.11,pending
PAY-0000157,ORD-000157,2026-07-02,payment,debit_card,5818.8,successful
PAY-0000158,ORD-000158,2026-05-26,payment,wallet,24733.59,successful
PAY-0000159,ORD-000159,2026-07-20,payment,net_banking,27869.48,successful
PAY-0000160,ORD-000160,2026-07-29,payment,upi,13191.29,pending
PAY-0000161,ORD-000161,2026-07-19,payment,upi,18246.06,successful
PAY-0000162,ORD-000162,2026-01-26,payment,net_banking,16704.03,failed
PAY-0000163,ORD-000163,2026-06-11,payment,upi,2110.15,successful
PAY-0000164,ORD-000164,2026-06-24,payment,net_banking,25505.48,successful
PAY-0000165,ORD-000165,2026-07-31,payment,upi,3138.29,successful
PAY-0000166,ORD-000166,2025-08-22,payment,debit_card,7275.55,successful
PAY-0000167,ORD-000167,2026-03-11,payment,credit_card,16383.49,successful
PAY-0000168,ORD-000168,2025-12-27,payment,credit_card,11249.86,successful
PAY-0000169,ORD-000169,2025-05-19,payment,upi,11908.65,successful
PAY-0000170,ORD-000170,2026-04-15,payment,upi,49934.04,successful
PAY-0000171,ORD-000171,2026-03-19,payment,credit_card,2424.76,successful
PAY-0000172,ORD-000172,2026-02-25,payment,upi,13031.68,successful
PAY-0000173,ORD-000173,2025-09-16,payment,upi,5783.96,successful
PAY-0000174,ORD-000174,2025-07-25,payment,upi,27181.17,successful
PAY-0000175,ORD-000175,2025-09-12,payment,wallet,18030.9,successful
PAY-0000176,ORD-000176,2025-03-17,payment,upi,4852.9,successful
PAY-0000177,ORD-000177,2026-04-11,payment,wallet,9860.25,successful
PAY-0000178,ORD-000178,2026-07-26,payment,credit_card,25682.59,successful
PAY-0000179,ORD-000179,2025-06-17,payment,debit_card,13869.06,successful
PAY-0000180,ORD-000180,2026-07-02,payment,net_banking,3913.45,failed
PAY-0000181,ORD-000181,2025-11-15,payment,credit_card,1581.93,successful
PAY-0000182,ORD-000182,2026-05-11,payment,wallet,31015.14,successful
PAY-0000183,ORD-000183,2025-10-30,payment,upi,5203.89,successful
PAY-0000184,ORD-000184,2026-03-24,payment,wallet,6225.3,failed
PAY-0000185,ORD-000185,2026-06-17,payment,credit_card,6015.2,successful
PAY-0000186,ORD-000186,2026-06-25,payment,upi,9767.25,successful
PAY-0000187,ORD-000187,2025-10-18,payment,credit_card,6507.62,successful
PAY-0000188,ORD-000188,2026-05-16,payment,credit_card,37029.98,successful
PAY-0000189,ORD-000189,2025-10-30,payment,net_banking,20166.33,pending
PAY-0000190,ORD-000190,2026-01-19,payment,debit_card,4696.87,successful
PAY-0000191,ORD-000191,2025-09-23,payment,wallet,24253.12,successful
PAY-0000192,ORD-000192,2026-02-15,payment,credit_card,3670.47,successful
PAY-0000193,ORD-000193,2025-03-22,payment,credit_card,8313.37,successful
PAY-0000194,ORD-000194,2025-02-03,payment,upi,23294.59,successful
PAY-0000195,ORD-000195,2026-05-16,payment,debit_card,8048.1,successful
PAY-0000196,ORD-000196,2026-06-24,payment,debit_card,41582.27,successful
PAY-0000197,ORD-000197,2025-11-03,payment,credit_card,44364.4,failed
PAY-0000198,ORD-000198,2026-03-28,payment,debit_card,45547.89,successful
PAY-0000199,ORD-000199,2025-08-25,payment,wallet,33000.15,successful
PAY-0000200,ORD-000200,2025-08-09,payment,net_banking,23122.27,successful
PAY-0000201,ORD-000201,2026-07-22,payment,net_banking,882.4,successful
PAY-0000202,ORD-000202,2025-05-07,payment,debit_card,12149.62,successful
PAY-0000203,ORD-000203,2026-06-24,payment,net_banking,21316.96,successful
PAY-0000204,ORD-000204,2025-12-13,payment,debit_card,11019.19,successful
PAY-0000205,ORD-000205,2026-06-29,payment,credit_card,14808.49,successful
PAY-0000206,ORD-000206,2025-08-26,payment,wallet,44036.94,successful
PAY-0000207,ORD-000207,2025-01-04,payment,wallet,34939.27,failed
PAY-0000208,ORD-000208,2026-04-06,payment,credit_card,14314.9,successful
PAY-0000209,ORD-000209,2026-01-27,payment,credit_card,23749.28,successful
PAY-0000210,ORD-000210,2026-03-27,payment,credit_card,12658.97,successful
PAY-0000211,ORD-000211,2025-10-17,payment,net_banking,46246.91,successful
PAY-0000212,ORD-000212,2026-03-06,payment,credit_card,8440.76,failed
PAY-0000213,ORD-000213,2025-08-30,payment,credit_card,962.45,failed
PAY-0000214,ORD-000214,2026-07-28,payment,wallet,6643.61,successful
PAY-0000215,ORD-000215,2025-10-23,payment,credit_card,12100.43,successful
PAY-0000216,ORD-000216,2025-07-16,payment,credit_card,3727.1,successful
PAY-0000217,ORD-000217,2025-07-14,payment,credit_card,46443.91,successful
PAY-0000218,ORD-000218,2026-07-17,payment,debit_card,11222.15,successful
PAY-0000219,ORD-000219,2026-01-19,payment,credit_card,4945.73,failed
PAY-0000220,ORD-000220,2026-06-08,payment,net_banking,6100.89,successful
PAY-0000221,ORD-000221,2026-03-09,payment,credit_card,16695.19,successful
PAY-0000222,ORD-000222,2026-05-04,payment,debit_card,23778.91,failed
PAY-0000223,ORD-000223,2026-06-17,payment,wallet,19946.21,successful
PAY-0000224,ORD-000224,2025-10-13,payment,debit_card,28807.25,successful
PAY-0000225,ORD-000225,2026-07-30,payment,wallet,44623.53,successful
PAY-0000226,ORD-000226,2025-08-31,payment,debit_card,509.85,successful
PAY-0000227,ORD-000227,2026-07-30,payment,credit_card,6287.11,successful
PAY-0000228,ORD-000228,2025-02-07,payment,wallet,14230.51,successful
PAY-0000229,ORD-000229,2026-01-14,payment,debit_card,21588.38,successful
PAY-0000230,ORD-000230,2026-03-17,payment,wallet,35650.94,successful
PAY-0000231,ORD-000231,2026-07-30,payment,upi,50916.03,failed
PAY-0000232,ORD-000232,2026-07-14,payment,debit_card,13995.67,successful
PAY-0000233,ORD-000233,2026-02-06,payment,debit_card,37870.47,successful
PAY-0000234,ORD-000234,2026-03-10,payment,net_banking,19421.21,failed
PAY-0000235,ORD-000235,2025-10-31,payment,credit_card,19550.64,successful
PAY-0000236,ORD-000236,2026-07-01,payment,wallet,2392.49,successful
PAY-0000237,ORD-000237,2025-09-03,payment,wallet,26120.74,successful
PAY-0000238,ORD-000238,2025-11-07,payment,credit_card,9947.85,successful
PAY-0000239,ORD-000239,2026-06-02,payment,debit_card,39227.33,successful
PAY-0000240,ORD-000240,2026-04-11,payment,upi,4426.04,successful
PAY-0000241,ORD-000241,2026-03-23,payment,credit_card,5084.24,successful
PAY-0000242,ORD-000242,2026-03-07,payment,debit_card,17974.72,successful
PAY-0000243,ORD-000243,2025-09-23,payment,net_banking,3624.59,successful
PAY-0000244,ORD-000244,2025-11-11,payment,wallet,45751.88,successful
PAY-0000245,ORD-000245,2025-04-12,payment,upi,49995.21,successful
PAY-0000246,ORD-000246,2025-08-11,payment,credit_card,20642.91,failed
PAY-0000247,ORD-000247,2026-05-08,payment,debit_card,9264.03,successful
PAY-0000248,ORD-000248,2026-07-05,payment,upi,27050.41,successful
PAY-0000249,ORD-000249,2026-05-21,payment,wallet,10339.95,successful
PAY-0000250,ORD-000250,2026-07-01,payment,credit_card,26450.42,successful
PAY-0000251,ORD-000251,2026-07-31,payment,debit_card,7426.39,failed
PAY-0000252,ORD-000252,2025-04-25,payment,credit_card,8588.16,successful
PAY-0000253,ORD-000253,2026-07-17,payment,upi,3192.99,failed
PAY-0000254,ORD-000254,2026-07-17,payment,wallet,26057.03,pending
PAY-0000255,ORD-000255,2026-05-21,payment,upi,15527.24,successful
PAY-0000256,ORD-000256,2026-04-03,payment,debit_card,4393.02,successful
PAY-0000257,ORD-000257,2025-07-20,payment,debit_card,10002.2,successful
PAY-0000258,ORD-000258,2025-11-21,payment,credit_card,18858.36,successful
PAY-0000259,ORD-000259,2026-04-11,payment,wallet,17799.05,successful
PAY-0000260,ORD-000260,2025-03-13,payment,credit_card,11239.23,successful
PAY-0000261,ORD-000261,2026-04-27,payment,credit_card,21801.28,successful
PAY-0000262,ORD-000262,2026-01-13,payment,upi,8596.93,successful
PAY-0000263,ORD-000263,2026-03-02,payment,upi,31557.77,successful
PAY-0000264,ORD-000264,2026-06-19,payment,credit_card,416.33,successful
PAY-0000265,ORD-000265,2026-01-01,payment,debit_card,17328.44,successful
PAY-0000266,ORD-000266,2026-06-06,payment,debit_card,25389.89,successful
PAY-0000267,ORD-000267,2026-07-03,payment,net_banking,3006.99,successful
PAY-0000268,ORD-000268,2025-10-24,payment,upi,7483.29,successful
PAY-0000269,ORD-000269,2025-04-15,payment,net_banking,11360.28,successful
PAY-0000270,ORD-000270,2025-03-09,payment,credit_card,2709.57,failed
PAY-0000271,ORD-000271,2025-12-09,payment,net_banking,17600.86,successful
PAY-0000272,ORD-000272,2026-06-22,payment,wallet,16762.14,successful
PAY-0000273,ORD-000273,2026-05-05,payment,upi,7808.47,successful
PAY-0000274,ORD-000274,2025-07-18,payment,upi,48372.37,successful
PAY-0000275,ORD-000275,2025-08-05,payment,credit_card,2282.22,successful
PAY-0000276,ORD-000276,2025-05-01,payment,debit_card,7288.32,successful
PAY-0000277,ORD-000277,2025-07-07,payment,net_banking,34668.94,successful
PAY-0000278,ORD-000278,2025-06-22,payment,upi,24140.07,successful
PAY-0000279,ORD-000279,2026-03-25,payment,upi,22315.27,successful
PAY-0000280,ORD-000280,2026-04-22,payment,upi,12002.83,successful
PAY-0000281,ORD-000281,2025-11-27,payment,upi,32339.08,successful
PAY-0000282,ORD-000282,2026-02-28,payment,wallet,1928.24,successful
PAY-0000283,ORD-000283,2026-07-26,payment,net_banking,24822.77,successful
PAY-0000284,ORD-000284,2025-01-28,payment,credit_card,27725.02,pending
PAY-0000285,ORD-000285,2026-05-08,payment,debit_card,13963.11,successful
PAY-0000286,ORD-000286,2025-08-23,payment,credit_card,23711.53,successful
PAY-0000287,ORD-000287,2026-06-01,payment,wallet,19905.08,successful
PAY-0000288,ORD-000288,2026-03-10,payment,wallet,32453.75,successful
PAY-0000289,ORD-000289,2026-05-20,payment,credit_card,4897.09,successful
PAY-0000290,ORD-000290,2025-08-22,payment,upi,7975.51,successful
PAY-0000291,ORD-000291,2026-04-20,payment,credit_card,34067.25,successful
PAY-0000292,ORD-000292,2025-02-21,payment,net_banking,3222.12,successful
PAY-0000293,ORD-000293,2026-07-03,payment,net_banking,2668.65,successful
PAY-0000294,ORD-000294,2026-07-26,payment,wallet,2922.91,pending
PAY-0000295,ORD-000295,2025-04-02,payment,upi,3325.31,successful
PAY-0000296,ORD-000296,2026-04-29,payment,wallet,7489.4,successful
PAY-0000297,ORD-000297,2026-03-14,payment,upi,20268.2,successful
PAY-0000298,ORD-000298,2026-03-02,payment,upi,24433.78,successful
PAY-0000299,ORD-000299,2025-10-13,payment,wallet,26911.79,successful
PAY-0000300,ORD-000300,2025-05-24,payment,credit_card,6875.68,successful
PAY-0000301,ORD-000301,2025-07-01,payment,net_banking,3343.86,successful
PAY-0000302,ORD-000302,2026-06-11,payment,wallet,10907.29,successful
PAY-0000303,ORD-000303,2026-03-21,payment,upi,20214.43,successful
PAY-0000304,ORD-000304,2026-04-22,payment,upi,19498.15,successful
PAY-0000305,ORD-000305,2025-12-02,payment,debit_card,23828.59,successful
PAY-0000306,ORD-000306,2026-02-16,payment,upi,12537.06,successful
PAY-0000307,ORD-000307,2025-05-13,payment,upi,12640.77,successful
PAY-0000308,ORD-000308,2026-01-15,payment,upi,18361.61,successful
PAY-0000309,ORD-000309,2026-03-12,payment,credit_card,3555.48,pending
PAY-0000310,ORD-000310,2026-07-05,payment,net_banking,26106.93,failed
PAY-0000311,ORD-000311,2026-01-10,payment,debit_card,20722.76,successful
PAY-0000312,ORD-000312,2026-05-25,payment,net_banking,2572.14,successful
PAY-0000313,ORD-000313,2025-11-28,payment,debit_card,24216.9,successful
PAY-0000314,ORD-000314,2025-08-28,payment,upi,13178.22,successful
PAY-0000315,ORD-000315,2026-06-18,payment,wallet,11095.76,successful
PAY-0000316,ORD-000316,2025-09-12,payment,debit_card,8498.69,successful
PAY-0000317,ORD-000317,2025-10-04,payment,wallet,20098.17,successful
PAY-0000318,ORD-000318,2026-07-02,payment,upi,7116.64,successful
PAY-0000319,ORD-000319,2026-02-10,payment,wallet,15508.01,successful
PAY-0000320,ORD-000320,2026-03-05,payment,wallet,28317.2,successful
PAY-0000321,ORD-000321,2025-02-03,payment,wallet,31201.95,pending
PAY-0000322,ORD-000322,2025-04-16,payment,credit_card,3031.61,successful
PAY-0000323,ORD-000323,2026-02-23,payment,net_banking,20447.65,successful
PAY-0000324,ORD-000324,2026-05-20,payment,upi,7653.34,pending
PAY-0000325,ORD-000325,2025-10-22,payment,credit_card,7479.17,successful
PAY-0000326,ORD-000326,2026-04-23,payment,credit_card,13620.55,successful
PAY-0000327,ORD-000327,2025-03-18,payment,upi,26635.63,successful
PAY-0000328,ORD-000328,2025-03-30,payment,debit_card,7848.95,failed
PAY-0000329,ORD-000329,2026-04-17,payment,credit_card,3612.26,successful
PAY-0000330,ORD-000330,2025-09-29,payment,debit_card,19861.1,successful
PAY-0000331,ORD-000331,2026-04-06,payment,credit_card,1174.76,successful
PAY-0000332,ORD-000332,2026-01-14,payment,credit_card,7606.68,successful
PAY-0000333,ORD-000333,2026-07-17,payment,wallet,39775.82,successful
PAY-0000334,ORD-000334,2025-05-09,payment,upi,29572.1,successful
PAY-0000335,ORD-000335,2026-06-29,payment,net_banking,62594.73,failed
PAY-0000336,ORD-000336,2025-06-24,payment,credit_card,5816.64,successful
PAY-0000337,ORD-000337,2025-10-21,payment,debit_card,6490.04,failed
PAY-0000338,ORD-000338,2025-09-27,payment,debit_card,4621.13,successful
PAY-0000339,ORD-000339,2026-02-20,payment,credit_card,25019.19,successful
PAY-0000340,ORD-000340,2025-05-12,payment,wallet,19860.83,successful
PAY-0000341,ORD-000341,2026-07-06,payment,debit_card,11907.63,successful
PAY-0000342,ORD-000342,2026-07-29,payment,net_banking,6544.29,successful
PAY-0000343,ORD-000343,2026-06-27,payment,debit_card,26995.95,successful
PAY-0000344,ORD-000344,2025-04-05,payment,credit_card,36334.6,successful
PAY-0000345,ORD-000345,2025-06-16,payment,upi,43405.14,successful
PAY-0000346,ORD-000346,2026-06-30,payment,debit_card,13055.91,successful
PAY-0000347,ORD-000347,2026-05-24,payment,credit_card,3016.0,successful
PAY-0000348,ORD-000348,2025-09-29,payment,wallet,6035.91,successful
PAY-0000349,ORD-000349,2026-06-26,payment,debit_card,5742.71,successful
PAY-0000350,ORD-000350,2025-03-16,payment,credit_card,7369.86,successful
PAY-0000351,ORD-000351,2025-01-25,payment,debit_card,6966.44,successful
PAY-0000352,ORD-000352,2025-03-10,payment,upi,2500.56,successful
PAY-0000353,ORD-000353,2025-02-02,payment,wallet,13722.3,successful
PAY-0000354,ORD-000354,2025-10-16,payment,debit_card,14961.26,successful
PAY-0000355,ORD-000355,2026-07-20,payment,credit_card,19781.9,successful
PAY-0000356,ORD-000356,2025-07-23,payment,debit_card,24258.16,successful
PAY-0000357,ORD-000357,2026-05-29,payment,credit_card,4641.58,pending
PAY-0000358,ORD-000358,2025-12-18,payment,net_banking,9415.5,successful
PAY-0000359,ORD-000359,2026-07-25,payment,credit_card,10459.53,successful
PAY-0000360,ORD-000360,2026-07-11,payment,debit_card,2303.41,successful
PAY-0000361,ORD-000361,2026-01-10,payment,debit_card,2432.75,successful
PAY-0000362,ORD-000362,2025-09-25,payment,upi,30673.45,successful
PAY-0000363,ORD-000363,2025-04-03,payment,credit_card,1757.92,successful
PAY-0000364,ORD-000364,2026-07-29,payment,wallet,12413.77,successful
PAY-0000365,ORD-000365,2025-01-01,payment,net_banking,2557.79,successful
PAY-0000366,ORD-000366,2025-04-05,payment,credit_card,4246.67,failed
PAY-0000367,ORD-000367,2026-01-27,payment,debit_card,23761.06,successful
PAY-0000368,ORD-000368,2025-06-17,payment,upi,13432.38,successful
PAY-0000369,ORD-000369,2025-07-22,payment,debit_card,31004.71,successful
PAY-0000370,ORD-000370,2026-01-15,payment,net_banking,63661.61,successful
PAY-0000371,ORD-000371,2025-01-16,payment,upi,3722.84,successful
PAY-0000372,ORD-000372,2026-04-04,payment,net_banking,20686.0,successful
PAY-0000373,ORD-000373,2026-01-14,payment,upi,11410.93,successful
PAY-0000374,ORD-000374,2025-04-17,payment,wallet,18531.25,successful
PAY-0000375,ORD-000375,2026-03-15,payment,wallet,35469.25,successful
PAY-0000376,ORD-000376,2025-06-06,payment,credit_card,5649.39,successful
PAY-0000377,ORD-000377,2025-12-20,payment,upi,7204.9,successful
PAY-0000378,ORD-000378,2026-04-03,payment,upi,23427.33,successful
PAY-0000379,ORD-000379,2026-04-25,payment,credit_card,3933.98,failed
PAY-0000380,ORD-000380,2026-03-25,payment,upi,16980.29,successful
PAY-0000381,ORD-000381,2026-04-04,payment,upi,5506.21,successful
PAY-0000382,ORD-000382,2025-07-03,payment,debit_card,19734.47,successful
PAY-0000383,ORD-000383,2025-07-31,payment,net_banking,3584.16,successful
PAY-0000384,ORD-000384,2026-07-30,payment,net_banking,7958.62,successful
PAY-0000385,ORD-000385,2026-02-25,payment,credit_card,408.55,failed
PAY-0000386,ORD-000386,2025-12-17,payment,upi,7850.15,successful
PAY-0000387,ORD-000387,2026-05-29,payment,credit_card,11209.32,successful
PAY-0000388,ORD-000388,2026-05-20,payment,wallet,16574.79,successful
PAY-0000389,ORD-000389,2026-03-15,payment,net_banking,45566.97,successful
PAY-0000390,ORD-000390,2025-09-24,payment,credit_card,23668.78,successful
PAY-0000391,ORD-000391,2026-07-18,payment,wallet,18092.31,pending
PAY-0000392,ORD-000392,2026-07-10,payment,net_banking,17827.05,successful
PAY-0000393,ORD-000393,2026-07-26,payment,wallet,1107.3,successful
PAY-0000394,ORD-000394,2026-05-20,payment,debit_card,18631.95,successful
PAY-0000395,ORD-000395,2025-12-12,payment,credit_card,5409.65,successful
PAY-0000396,ORD-000396,2026-07-21,payment,net_banking,2365.26,successful
PAY-0000397,ORD-000397,2025-09-16,payment,debit_card,11821.39,successful
PAY-0000398,ORD-000398,2025-01-06,payment,net_banking,5587.62,successful
PAY-0000399,ORD-000399,2025-06-27,payment,upi,8693.57,failed
PAY-0000400,ORD-000400,2026-07-10,payment,upi,11040.29,failed
PAY-0000401,ORD-000401,2026-07-20,payment,credit_card,3413.23,successful
PAY-0000402,ORD-000402,2026-04-23,payment,net_banking,29791.58,failed
PAY-0000403,ORD-000403,2025-03-26,payment,credit_card,15586.09,successful
PAY-0000404,ORD-000404,2025-01-01,payment,upi,5543.34,successful
PAY-0000405,ORD-000405,2025-12-17,payment,wallet,22481.47,successful
PAY-0000406,ORD-000406,2026-07-23,payment,debit_card,47067.88,successful
PAY-0000407,ORD-000407,2026-03-01,payment,credit_card,14216.17,successful
PAY-0000408,ORD-000408,2025-05-30,payment,upi,14092.76,successful
PAY-0000409,ORD-000409,2026-04-28,payment,net_banking,19459.3,successful
PAY-0000410,ORD-000410,2026-03-11,payment,net_banking,5469.69,successful
PAY-0000411,ORD-000411,2025-10-12,payment,upi,20424.77,successful
PAY-0000412,ORD-000412,2025-09-22,payment,wallet,3167.2,successful
PAY-0000413,ORD-000413,2026-07-08,payment,credit_card,44990.13,pending
PAY-0000414,ORD-000414,2025-08-28,payment,wallet,16799.03,successful
PAY-0000415,ORD-000415,2026-01-15,payment,upi,7880.98,successful
PAY-0000416,ORD-000416,2026-06-06,payment,upi,11757.33,successful
PAY-0000417,ORD-000417,2025-01-11,payment,debit_card,814.56,successful
PAY-0000418,ORD-000418,2026-06-04,payment,debit_card,8766.81,successful
PAY-0000419,ORD-000419,2026-03-07,payment,net_banking,10087.42,failed
PAY-0000420,ORD-000420,2026-06-06,payment,credit_card,26652.93,successful
PAY-0000421,ORD-000421,2025-04-01,payment,net_banking,25674.9,successful
PAY-0000422,ORD-000422,2026-02-24,payment,wallet,63034.57,successful
PAY-0000423,ORD-000423,2026-04-09,payment,credit_card,24398.07,successful
PAY-0000424,ORD-000424,2025-10-31,payment,credit_card,29859.09,successful
PAY-0000425,ORD-000425,2026-03-07,payment,debit_card,6623.81,successful
PAY-0000426,ORD-000426,2026-01-17,payment,net_banking,2108.41,successful
PAY-0000427,ORD-000427,2026-01-15,payment,credit_card,1116.68,successful
PAY-0000428,ORD-000428,2025-09-17,payment,debit_card,26373.77,successful
PAY-0000429,ORD-000429,2025-12-27,payment,upi,26590.93,successful
PAY-0000430,ORD-000430,2026-06-19,payment,debit_card,19710.39,successful
PAY-0000431,ORD-000431,2025-05-05,payment,wallet,10054.53,successful
PAY-0000432,ORD-000432,2025-04-19,payment,upi,34433.32,successful
PAY-0000433,ORD-000433,2026-05-27,payment,net_banking,11766.81,successful
PAY-0000434,ORD-000434,2026-06-25,payment,upi,33736.16,successful
PAY-0000435,ORD-000435,2026-07-14,payment,net_banking,5800.22,successful
PAY-0000436,ORD-000436,2026-05-11,payment,wallet,48791.64,successful
PAY-0000437,ORD-000437,2025-07-28,payment,upi,14654.03,failed
PAY-0000438,ORD-000438,2026-06-28,payment,debit_card,5883.28,successful
PAY-0000439,ORD-000439,2026-07-08,payment,wallet,22039.63,successful
PAY-0000440,ORD-000440,2026-07-20,payment,debit_card,4670.98,successful
PAY-0000441,ORD-000441,2026-07-18,payment,net_banking,28579.01,successful
PAY-0000442,ORD-000442,2025-11-22,payment,upi,18727.21,successful
PAY-0000443,ORD-000443,2026-07-24,payment,upi,12608.58,successful
PAY-0000444,ORD-000444,2026-03-07,payment,wallet,57357.9,successful
PAY-0000445,ORD-000445,2025-08-11,payment,upi,12450.16,successful
PAY-0000446,ORD-000446,2026-06-16,payment,upi,31090.06,failed
PAY-0000447,ORD-000447,2025-08-21,payment,wallet,17510.37,successful
PAY-0000448,ORD-000448,2026-05-08,payment,net_banking,30234.07,successful
PAY-0000449,ORD-000449,2026-04-23,payment,credit_card,6478.66,successful
PAY-0000450,ORD-000450,2026-03-10,payment,debit_card,10254.78,successful
PAY-0000451,ORD-000451,2025-02-01,payment,debit_card,26931.74,successful
PAY-0000452,ORD-000452,2025-07-24,payment,debit_card,35118.02,successful
PAY-0000453,ORD-000453,2026-07-31,payment,credit_card,7946.49,successful
PAY-0000454,ORD-000454,2026-05-08,payment,upi,545.1,successful
PAY-0000455,ORD-000455,2026-06-05,payment,net_banking,9988.16,successful
PAY-0000456,ORD-000456,2025-11-13,payment,upi,5717.43,successful
PAY-0000457,ORD-000457,2025-01-25,payment,debit_card,30265.31,successful
PAY-0000458,ORD-000458,2026-05-29,payment,credit_card,67017.93,successful
PAY-0000459,ORD-000459,2025-08-21,payment,debit_card,15679.49,successful
PAY-0000460,ORD-000460,2026-07-01,payment,upi,19464.14,successful
PAY-0000461,ORD-000461,2026-04-13,payment,wallet,11629.57,successful
PAY-0000462,ORD-000462,2025-12-15,payment,upi,4626.05,failed
PAY-0000463,ORD-000463,2026-02-24,payment,credit_card,16592.91,successful
PAY-0000464,ORD-000464,2025-11-15,payment,upi,28156.45,pending
PAY-0000465,ORD-000465,2026-05-09,payment,credit_card,25661.78,successful
PAY-0000466,ORD-000466,2026-03-07,payment,upi,21520.83,successful
PAY-0000467,ORD-000467,2025-09-20,payment,credit_card,32263.08,successful
PAY-0000468,ORD-000468,2026-01-12,payment,net_banking,21611.28,successful
PAY-0000469,ORD-000469,2025-07-03,payment,wallet,10901.42,successful
PAY-0000470,ORD-000470,2026-06-27,payment,net_banking,2741.73,failed
PAY-0000471,ORD-000471,2026-06-29,payment,upi,9171.42,successful
PAY-0000472,ORD-000472,2026-03-29,payment,upi,13197.23,pending
PAY-0000473,ORD-000473,2026-01-26,payment,net_banking,18132.64,successful
PAY-0000474,ORD-000474,2026-06-04,payment,wallet,8863.92,successful
PAY-0000475,ORD-000475,2025-08-12,payment,credit_card,21747.34,successful
PAY-0000476,ORD-000476,2026-01-22,payment,upi,10884.04,successful
PAY-0000477,ORD-000477,2025-06-10,payment,net_banking,52121.33,successful
PAY-0000478,ORD-000478,2025-05-17,payment,net_banking,5423.35,successful
PAY-0000479,ORD-000479,2025-12-06,payment,debit_card,15054.13,successful
PAY-0000480,ORD-000480,2026-03-07,payment,net_banking,13572.99,successful
PAY-0000481,ORD-000481,2026-05-08,payment,upi,9310.06,successful
PAY-0000482,ORD-000482,2026-02-18,payment,credit_card,20237.72,successful
PAY-0000483,ORD-000483,2026-07-16,payment,debit_card,46731.79,successful
PAY-0000484,ORD-000484,2025-06-30,payment,upi,8578.86,successful
PAY-0000485,ORD-000485,2026-07-13,payment,net_banking,2824.57,successful
PAY-0000486,ORD-000486,2026-07-27,payment,wallet,20676.18,successful
PAY-0000487,ORD-000487,2025-08-21,payment,upi,8294.74,successful
PAY-0000488,ORD-000488,2025-05-23,payment,credit_card,15633.53,successful
PAY-0000489,ORD-000489,2026-02-27,payment,debit_card,47374.79,successful
PAY-0000490,ORD-000490,2025-06-22,payment,net_banking,32063.4,successful
PAY-0000491,ORD-000491,2026-05-07,payment,credit_card,14206.87,successful
PAY-0000492,ORD-000492,2026-07-01,payment,upi,10775.13,successful
PAY-0000493,ORD-000493,2026-02-12,payment,net_banking,21447.64,successful
PAY-0000494,ORD-000494,2026-07-11,payment,credit_card,13548.68,failed
PAY-0000495,ORD-000495,2025-01-31,payment,wallet,14499.23,successful
PAY-0000496,ORD-000496,2025-07-24,payment,wallet,16903.61,successful
PAY-0000497,ORD-000497,2025-10-20,payment,upi,13663.7,successful
PAY-0000498,ORD-000498,2026-05-24,payment,net_banking,11218.4,successful
PAY-0000499,ORD-000499,2026-02-28,payment,upi,45773.26,failed
PAY-0000500,ORD-000500,2026-04-20,payment,upi,23678.12,successful
PAY-0000501,ORD-000501,2025-05-24,payment,net_banking,32928.31,successful
PAY-0000502,ORD-000502,2026-06-16,payment,wallet,9617.8,successful
PAY-0000503,ORD-000503,2025-11-21,payment,debit_card,28746.11,pending
PAY-0000504,ORD-000504,2026-01-27,payment,net_banking,60920.07,successful
PAY-0000505,ORD-000505,2025-10-17,payment,debit_card,25618.77,successful
PAY-0000506,ORD-000506,2025-08-23,payment,wallet,32678.97,successful
PAY-0000507,ORD-000507,2025-01-01,payment,debit_card,7673.24,successful
PAY-0000508,ORD-000508,2025-05-23,payment,net_banking,4629.82,successful
PAY-0000509,ORD-000509,2026-07-23,payment,upi,9603.12,successful
PAY-0000510,ORD-000510,2026-02-11,payment,net_banking,10014.49,failed
PAY-0000511,ORD-000511,2025-02-10,payment,net_banking,20845.29,successful
PAY-0000512,ORD-000512,2025-01-10,payment,credit_card,6660.29,failed
PAY-0000513,ORD-000513,2025-10-07,payment,net_banking,23798.49,successful
PAY-0000514,ORD-000514,2025-10-11,payment,net_banking,14638.56,successful
PAY-0000515,ORD-000515,2025-10-13,payment,upi,39865.43,successful
PAY-0000516,ORD-000516,2026-02-07,payment,wallet,19964.14,successful
PAY-0000517,ORD-000517,2025-12-16,payment,net_banking,7889.22,successful
PAY-0000518,ORD-000518,2025-01-27,payment,wallet,29838.84,successful
PAY-0000519,ORD-000519,2026-07-20,payment,upi,13039.78,successful
PAY-0000520,ORD-000520,2026-07-12,payment,net_banking,54705.47,successful
PAY-0000521,ORD-000521,2025-04-07,payment,credit_card,18092.55,failed
PAY-0000522,ORD-000522,2025-07-28,payment,debit_card,9848.85,successful
PAY-0000523,ORD-000523,2025-12-28,payment,credit_card,2105.34,successful
PAY-0000524,ORD-000524,2026-03-02,payment,debit_card,566.49,successful
PAY-0000525,ORD-000525,2026-07-04,payment,upi,39299.4,successful
PAY-0000526,ORD-000526,2025-09-14,payment,upi,8358.06,failed
PAY-0000527,ORD-000527,2026-06-29,payment,debit_card,18803.91,successful
PAY-0000528,ORD-000528,2025-07-15,payment,wallet,44275.31,successful
PAY-0000529,ORD-000529,2026-01-21,payment,credit_card,3757.04,successful
PAY-0000530,ORD-000530,2026-03-22,payment,net_banking,12642.17,successful
PAY-0000531,ORD-000531,2026-05-12,payment,debit_card,10410.53,successful
PAY-0000532,ORD-000532,2025-10-22,payment,upi,3325.41,successful
PAY-0000533,ORD-000533,2026-07-09,payment,upi,9551.71,successful
PAY-0000534,ORD-000534,2026-02-11,payment,wallet,1938.54,successful
PAY-0000535,ORD-000535,2026-06-10,payment,debit_card,14880.02,successful
PAY-0000536,ORD-000536,2026-05-17,payment,upi,10710.02,successful
PAY-0000537,ORD-000537,2025-08-13,payment,credit_card,54148.71,successful
PAY-0000538,ORD-000538,2026-05-29,payment,debit_card,22387.55,successful
PAY-0000539,ORD-000539,2026-07-26,payment,debit_card,36016.9,successful
PAY-0000540,ORD-000540,2026-03-28,payment,debit_card,28028.61,successful
PAY-0000541,ORD-000541,2026-02-10,payment,credit_card,28335.09,successful
PAY-0000542,ORD-000542,2025-10-24,payment,wallet,37850.0,successful
PAY-0000543,ORD-000543,2025-12-13,payment,upi,13282.69,successful
PAY-0000544,ORD-000544,2025-12-26,payment,upi,6186.61,successful
PAY-0000545,ORD-000545,2026-02-03,payment,wallet,6299.56,successful
PAY-0000546,ORD-000546,2026-07-16,payment,wallet,17540.3,successful
PAY-0000547,ORD-000547,2026-02-18,payment,credit_card,21124.95,successful
PAY-0000548,ORD-000548,2026-07-04,payment,upi,42261.63,successful
PAY-0000549,ORD-000549,2025-05-08,payment,wallet,12453.63,failed
PAY-0000550,ORD-000550,2026-01-25,payment,credit_card,31855.45,successful
PAY-0000551,ORD-000551,2026-07-10,payment,net_banking,28009.85,successful
PAY-0000552,ORD-000552,2026-07-04,payment,upi,4216.13,successful
PAY-0000553,ORD-000553,2025-12-18,payment,debit_card,51611.39,successful
PAY-0000554,ORD-000554,2026-06-08,payment,credit_card,10216.19,successful
PAY-0000555,ORD-000555,2026-04-16,payment,debit_card,27604.13,successful
PAY-0000556,ORD-000556,2026-07-28,payment,wallet,14504.37,successful
PAY-0000557,ORD-000557,2025-01-19,payment,net_banking,10377.63,successful
PAY-0000558,ORD-000558,2025-06-28,payment,upi,3777.17,successful
PAY-0000559,ORD-000559,2026-02-19,payment,net_banking,43605.64,successful
PAY-0000560,ORD-000560,2025-11-22,payment,credit_card,8555.92,successful
PAY-0000561,ORD-000561,2026-07-28,payment,wallet,4730.66,successful
PAY-0000562,ORD-000562,2025-06-29,payment,net_banking,30872.79,successful
PAY-0000563,ORD-000563,2025-08-29,payment,credit_card,17412.53,failed
PAY-0000564,ORD-000564,2025-12-09,payment,upi,21668.79,successful
PAY-0000565,ORD-000565,2026-07-21,payment,debit_card,24557.18,successful
PAY-0000566,ORD-000566,2026-07-31,payment,wallet,26726.27,successful
PAY-0000567,ORD-000567,2025-06-20,payment,credit_card,14479.92,successful
PAY-0000568,ORD-000568,2026-07-09,payment,debit_card,25503.08,successful
PAY-0000569,ORD-000569,2026-05-17,payment,debit_card,14946.43,successful
PAY-0000570,ORD-000570,2026-07-16,payment,upi,14788.8,successful
PAY-0000571,ORD-000571,2026-01-19,payment,credit_card,14020.77,successful
PAY-0000572,ORD-000572,2026-02-04,payment,wallet,19205.17,successful
PAY-0000573,ORD-000573,2025-10-17,payment,net_banking,3869.13,successful
PAY-0000574,ORD-000574,2026-07-30,payment,wallet,8854.21,successful
PAY-0000575,ORD-000575,2025-05-31,payment,upi,25325.47,failed
PAY-0000576,ORD-000576,2026-07-13,payment,debit_card,11537.3,successful
PAY-0000577,ORD-000577,2026-07-04,payment,wallet,1026.35,successful
PAY-0000578,ORD-000578,2026-07-30,payment,net_banking,12067.55,failed
PAY-0000579,ORD-000579,2026-06-02,payment,credit_card,23084.19,successful
PAY-0000580,ORD-000580,2026-07-31,payment,upi,3466.9,successful
PAY-0000581,ORD-000581,2026-02-25,payment,upi,40914.1,successful
PAY-0000582,ORD-000582,2026-03-19,payment,upi,22848.97,successful
PAY-0000583,ORD-000583,2025-12-07,payment,wallet,6334.31,pending
PAY-0000584,ORD-000584,2026-03-18,payment,credit_card,13853.19,successful
PAY-0000585,ORD-000585,2025-07-13,payment,net_banking,22005.7,successful
PAY-0000586,ORD-000586,2026-01-13,payment,net_banking,7916.05,successful
PAY-0000587,ORD-000587,2025-06-04,payment,credit_card,40050.62,pending
PAY-0000588,ORD-000588,2025-05-15,payment,credit_card,22904.04,failed
PAY-0000589,ORD-000589,2026-06-12,payment,credit_card,1097.19,successful
PAY-0000590,ORD-000590,2025-12-28,payment,upi,42567.78,successful
PAY-0000591,ORD-000591,2026-07-13,payment,wallet,36939.48,successful
PAY-0000592,ORD-000592,2025-07-31,payment,upi,6303.05,successful
PAY-0000593,ORD-000593,2026-04-07,payment,upi,21655.1,successful
PAY-0000594,ORD-000594,2025-11-05,payment,wallet,10487.82,successful
PAY-0000595,ORD-000595,2025-07-15,payment,wallet,5570.78,successful
PAY-0000596,ORD-000596,2025-05-12,payment,net_banking,5506.16,successful
PAY-0000597,ORD-000597,2026-04-19,payment,debit_card,6233.01,successful
PAY-0000598,ORD-000598,2026-02-03,payment,upi,18063.97,successful
PAY-0000599,ORD-000599,2025-09-17,payment,upi,13094.75,successful
PAY-0000600,ORD-000600,2026-01-15,payment,upi,15656.17,successful
PAY-0000601,ORD-000601,2026-07-17,payment,credit_card,12212.01,successful
PAY-0000602,ORD-000602,2026-03-07,payment,upi,6441.24,successful
PAY-0000603,ORD-000603,2025-09-27,payment,debit_card,15581.85,successful
PAY-0000604,ORD-000604,2026-07-05,payment,net_banking,15635.97,successful
PAY-0000605,ORD-000605,2026-06-07,payment,wallet,8379.26,successful
PAY-0000606,ORD-000606,2026-07-19,payment,wallet,19786.37,successful
PAY-0000607,ORD-000607,2025-03-29,payment,credit_card,24636.49,successful
PAY-0000608,ORD-000608,2026-06-14,payment,net_banking,8715.94,failed
PAY-0000609,ORD-000609,2026-07-07,payment,debit_card,932.76,successful
PAY-0000610,ORD-000610,2025-12-30,payment,wallet,37983.31,successful
PAY-0000611,ORD-000611,2026-02-06,payment,credit_card,4143.26,successful
PAY-0000612,ORD-000612,2025-08-19,payment,credit_card,271.04,successful
PAY-0000613,ORD-000613,2025-04-22,payment,upi,24680.43,successful
PAY-0000614,ORD-000614,2026-06-30,payment,wallet,13606.98,successful
PAY-0000615,ORD-000615,2026-07-15,payment,wallet,2768.47,successful
PAY-0000616,ORD-000616,2025-04-11,payment,wallet,4384.81,successful
PAY-0000617,ORD-000617,2026-01-22,payment,upi,3123.31,successful
PAY-0000618,ORD-000618,2026-02-22,payment,debit_card,33267.27,successful
PAY-0000619,ORD-000619,2026-02-25,payment,wallet,12429.54,successful
PAY-0000620,ORD-000620,2025-07-03,payment,wallet,9506.02,successful
PAY-0000621,ORD-000621,2026-06-29,payment,upi,33980.41,successful
PAY-0000622,ORD-000622,2025-11-27,payment,wallet,2883.81,successful
PAY-0000623,ORD-000623,2025-10-15,payment,credit_card,9197.03,successful
PAY-0000624,ORD-000624,2026-01-29,payment,debit_card,20168.47,failed
PAY-0000625,ORD-000625,2025-10-02,payment,wallet,9397.32,successful
PAY-0000626,ORD-000626,2025-01-08,payment,wallet,21059.58,pending
PAY-0000627,ORD-000627,2026-06-14,payment,debit_card,9283.31,successful
PAY-0000628,ORD-000628,2026-07-17,payment,upi,27910.91,successful
PAY-0000629,ORD-000629,2025-11-30,payment,debit_card,19955.02,successful
PAY-0000630,ORD-000630,2025-07-19,payment,credit_card,22627.89,pending
PAY-0000631,ORD-000631,2025-01-05,payment,upi,23962.77,failed
PAY-0000632,ORD-000632,2025-06-21,payment,credit_card,14484.46,successful
PAY-0000633,ORD-000633,2026-03-20,payment,upi,14087.08,failed
PAY-0000634,ORD-000634,2025-07-09,payment,debit_card,12516.33,successful
PAY-0000635,ORD-000635,2026-07-23,payment,credit_card,28847.42,successful
PAY-0000636,ORD-000636,2025-07-11,payment,upi,12675.31,pending
PAY-0000637,ORD-000637,2025-09-04,payment,wallet,11308.62,successful
PAY-0000638,ORD-000638,2026-05-06,payment,credit_card,16888.44,successful
PAY-0000639,ORD-000639,2025-12-21,payment,debit_card,8189.0,successful
PAY-0000640,ORD-000640,2025-08-31,payment,upi,10817.53,pending
PAY-0000641,ORD-000641,2025-02-14,payment,credit_card,9679.48,successful
PAY-0000642,ORD-000642,2025-04-24,payment,upi,24423.03,successful
PAY-0000643,ORD-000643,2026-05-18,payment,net_banking,2616.2,successful
PAY-0000644,ORD-000644,2026-04-20,payment,debit_card,17391.44,successful
PAY-0000645,ORD-000645,2025-04-03,payment,net_banking,30642.48,successful
PAY-0000646,ORD-000646,2026-03-26,payment,net_banking,6404.51,successful
PAY-0000647,ORD-000647,2025-12-26,payment,net_banking,7297.57,successful
PAY-0000648,ORD-000648,2026-07-22,payment,wallet,6689.23,successful
PAY-0000649,ORD-000649,2025-05-07,payment,upi,3664.75,successful
PAY-0000650,ORD-000650,2026-02-24,payment,credit_card,39614.36,successful
PAY-0000651,ORD-000651,2025-03-19,payment,upi,3853.89,failed
PAY-0000652,ORD-000652,2026-05-04,payment,wallet,34559.96,successful
PAY-0000653,ORD-000653,2025-03-03,payment,debit_card,8315.73,successful
PAY-0000654,ORD-000654,2026-07-19,payment,upi,38227.2,successful
PAY-0000655,ORD-000655,2025-10-24,payment,wallet,3283.15,failed
PAY-0000656,ORD-000656,2025-05-28,payment,upi,4960.26,successful
PAY-0000657,ORD-000657,2026-07-23,payment,debit_card,15601.84,successful
PAY-0000658,ORD-000658,2026-02-10,payment,wallet,13441.42,successful
PAY-0000659,ORD-000659,2026-07-18,payment,debit_card,21075.13,successful
PAY-0000660,ORD-000660,2026-07-24,payment,net_banking,20532.65,successful
PAY-0000661,ORD-000661,2026-07-01,payment,net_banking,3057.75,successful
PAY-0000662,ORD-000662,2025-07-24,payment,wallet,16688.65,successful
PAY-0000663,ORD-000663,2026-05-24,payment,credit_card,2963.85,successful
PAY-0000664,ORD-000664,2026-06-08,payment,net_banking,21616.7,successful
PAY-0000665,ORD-000665,2025-11-15,payment,credit_card,10332.21,successful
PAY-0000666,ORD-000666,2026-03-19,payment,wallet,31232.45,successful
PAY-0000667,ORD-000667,2026-05-21,payment,debit_card,38272.99,successful
PAY-0000668,ORD-000668,2026-07-12,payment,upi,17524.97,successful
PAY-0000669,ORD-000669,2026-06-30,payment,upi,7169.46,successful
PAY-0000670,ORD-000670,2026-05-21,payment,upi,2558.62,successful
PAY-0000671,ORD-000671,2026-07-19,payment,upi,13054.1,successful
PAY-0000672,ORD-000672,2026-05-03,payment,net_banking,9766.22,successful
PAY-0000673,ORD-000673,2026-07-23,payment,debit_card,15554.11,successful
PAY-0000674,ORD-000674,2025-10-17,payment,upi,31048.96,successful
PAY-0000675,ORD-000675,2026-06-27,payment,credit_card,25085.8,successful
PAY-0000676,ORD-000676,2026-07-11,payment,credit_card,27995.49,successful
PAY-0000677,ORD-000677,2025-09-16,payment,debit_card,9204.9,successful
PAY-0000678,ORD-000678,2026-06-19,payment,upi,12339.67,failed
PAY-0000679,ORD-000679,2026-04-17,payment,credit_card,10962.55,successful
PAY-0000680,ORD-000680,2025-08-08,payment,net_banking,50405.88,successful
PAY-0000681,ORD-000681,2026-07-17,payment,upi,68139.52,successful
PAY-0000682,ORD-000682,2025-10-25,payment,debit_card,8946.15,successful
PAY-0000683,ORD-000683,2025-12-17,payment,wallet,9132.96,successful
PAY-0000684,ORD-000684,2025-02-25,payment,debit_card,7305.14,successful
PAY-0000685,ORD-000685,2025-03-23,payment,credit_card,48462.3,successful
PAY-0000686,ORD-000686,2025-02-05,payment,wallet,10758.58,successful
PAY-0000687,ORD-000687,2026-05-02,payment,net_banking,7186.72,successful
PAY-0000688,ORD-000688,2026-07-30,payment,net_banking,17295.71,successful
PAY-0000689,ORD-000689,2026-06-13,payment,debit_card,39654.76,successful
PAY-0000690,ORD-000690,2025-04-01,payment,upi,21256.85,failed
PAY-0000691,ORD-000691,2026-06-17,payment,wallet,17670.59,successful
PAY-0000692,ORD-000692,2026-05-05,payment,upi,29604.75,successful
PAY-0000693,ORD-000693,2025-12-30,payment,credit_card,3134.45,successful
PAY-0000694,ORD-000694,2026-05-02,payment,upi,52173.74,pending
PAY-0000695,ORD-000695,2026-07-09,payment,credit_card,6880.45,successful
PAY-0000696,ORD-000696,2026-06-11,payment,upi,49896.19,successful
PAY-0000697,ORD-000697,2026-07-10,payment,debit_card,32998.28,successful
PAY-0000698,ORD-000698,2026-03-15,payment,credit_card,3064.47,successful
PAY-0000699,ORD-000699,2026-07-15,payment,net_banking,16031.75,failed
PAY-0000700,ORD-000700,2026-07-24,payment,debit_card,8512.41,successful
PAY-0000701,ORD-000701,2026-02-19,payment,upi,11949.1,successful
PAY-0000702,ORD-000702,2026-04-29,payment,debit_card,15340.39,failed
PAY-0000703,ORD-000703,2026-05-25,payment,net_banking,13959.67,pending
PAY-0000704,ORD-000704,2026-05-29,payment,credit_card,27954.38,successful
PAY-0000705,ORD-000705,2026-07-06,payment,upi,28981.25,successful
PAY-0000706,ORD-000706,2026-02-27,payment,upi,19362.51,failed
PAY-0000707,ORD-000707,2026-03-29,payment,net_banking,18695.2,successful
PAY-0000708,ORD-000708,2026-03-01,payment,credit_card,36013.55,successful
PAY-0000709,ORD-000709,2025-03-19,payment,debit_card,26359.28,successful
PAY-0000710,ORD-000710,2026-04-21,payment,wallet,11696.66,failed
PAY-0000711,ORD-000711,2025-04-14,payment,credit_card,50534.27,successful
PAY-0000712,ORD-000712,2025-12-25,payment,upi,31343.47,pending
PAY-0000713,ORD-000713,2025-07-15,payment,debit_card,26537.52,successful
PAY-0000714,ORD-000714,2025-05-03,payment,net_banking,19595.29,pending
PAY-0000715,ORD-000715,2025-11-26,payment,upi,18965.95,successful
PAY-0000716,ORD-000716,2025-10-26,payment,net_banking,25182.5,successful
PAY-0000717,ORD-000717,2025-11-30,payment,debit_card,34766.97,successful
PAY-0000718,ORD-000718,2026-04-03,payment,credit_card,17044.31,successful
PAY-0000719,ORD-000719,2026-04-17,payment,upi,43364.73,successful
PAY-0000720,ORD-000720,2025-04-05,payment,net_banking,15762.4,successful
PAY-0000721,ORD-000721,2025-12-17,payment,upi,20096.93,successful
PAY-0000722,ORD-000722,2026-02-19,payment,debit_card,23646.19,successful
PAY-0000723,ORD-000723,2026-05-09,payment,debit_card,2859.09,successful
PAY-0000724,ORD-000724,2026-07-13,payment,debit_card,12961.99,successful
PAY-0000725,ORD-000725,2025-05-10,payment,net_banking,56214.24,successful
PAY-0000726,ORD-000726,2026-06-12,payment,credit_card,24482.97,successful
PAY-0000727,ORD-000727,2025-09-04,payment,debit_card,34770.51,successful
PAY-0000728,ORD-000728,2026-07-14,payment,debit_card,8787.99,successful
PAY-0000729,ORD-000729,2026-04-08,payment,upi,42358.45,pending
PAY-0000730,ORD-000730,2025-08-07,payment,net_banking,25489.68,pending
PAY-0000731,ORD-000731,2026-06-30,payment,upi,17179.88,successful
PAY-0000732,ORD-000732,2025-05-19,payment,debit_card,6882.37,successful
PAY-0000733,ORD-000733,2026-06-08,payment,net_banking,2392.11,successful
PAY-0000734,ORD-000734,2025-08-21,payment,credit_card,14113.46,failed
PAY-0000735,ORD-000735,2026-04-17,payment,wallet,8061.78,successful
PAY-0000736,ORD-000736,2026-05-14,payment,credit_card,60506.19,successful
PAY-0000737,ORD-000737,2025-01-06,payment,debit_card,9250.42,pending
PAY-0000738,ORD-000738,2026-01-24,payment,upi,14472.78,successful
PAY-0000739,ORD-000739,2025-11-30,payment,wallet,27995.64,successful
PAY-0000740,ORD-000740,2026-01-02,payment,credit_card,48756.77,successful
PAY-0000741,ORD-000741,2026-01-12,payment,debit_card,13411.73,successful
PAY-0000742,ORD-000742,2025-01-16,payment,credit_card,25069.35,successful
PAY-0000743,ORD-000743,2026-06-08,payment,net_banking,32973.77,successful
PAY-0000744,ORD-000744,2025-10-23,payment,credit_card,18281.22,successful
PAY-0000745,ORD-000745,2026-02-03,payment,wallet,34795.0,successful
PAY-0000746,ORD-000746,2025-01-21,payment,credit_card,10079.25,successful
PAY-0000747,ORD-000747,2026-03-16,payment,credit_card,10394.77,successful
PAY-0000748,ORD-000748,2026-03-18,payment,net_banking,4574.61,successful
PAY-0000749,ORD-000749,2026-06-14,payment,net_banking,9926.92,successful
PAY-0000750,ORD-000750,2026-07-18,payment,credit_card,21709.37,successful
PAY-0000751,ORD-000751,2026-01-11,payment,upi,25335.53,successful
PAY-0000752,ORD-000752,2026-06-12,payment,net_banking,28250.47,successful
PAY-0000753,ORD-000753,2026-04-20,payment,credit_card,13237.65,successful
PAY-0000754,ORD-000754,2026-07-26,payment,credit_card,26280.0,successful
PAY-0000755,ORD-000755,2026-07-29,payment,credit_card,1786.17,successful
PAY-0000756,ORD-000756,2026-03-05,payment,debit_card,16726.16,successful
PAY-0000757,ORD-000757,2026-06-26,payment,debit_card,15367.94,failed
PAY-0000758,ORD-000758,2026-05-17,payment,wallet,8332.0,successful
PAY-0000759,ORD-000759,2025-12-21,payment,upi,3896.37,successful
PAY-0000760,ORD-000760,2026-07-19,payment,upi,4819.18,successful
PAY-0000761,ORD-000761,2026-04-13,payment,net_banking,2932.23,successful
PAY-0000762,ORD-000762,2025-10-10,payment,debit_card,28894.41,successful
PAY-0000763,ORD-000763,2025-10-08,payment,net_banking,2324.94,successful
PAY-0000764,ORD-000764,2025-09-18,payment,net_banking,21775.39,successful
PAY-0000765,ORD-000765,2025-12-31,payment,debit_card,13151.76,successful
PAY-0000766,ORD-000766,2025-09-02,payment,credit_card,7369.76,successful
PAY-0000767,ORD-000767,2026-02-12,payment,credit_card,12747.93,successful
PAY-0000768,ORD-000768,2026-03-17,payment,credit_card,2091.19,successful
PAY-0000769,ORD-000769,2026-01-14,payment,net_banking,4914.65,successful
PAY-0000770,ORD-000770,2026-01-20,payment,credit_card,46035.45,successful
PAY-0000771,ORD-000771,2025-09-24,payment,wallet,6036.47,successful
PAY-0000772,ORD-000772,2025-09-06,payment,net_banking,12713.98,successful
PAY-0000773,ORD-000773,2026-01-28,payment,debit_card,18440.43,successful
PAY-0000774,ORD-000774,2025-05-28,payment,debit_card,24078.16,successful
PAY-0000775,ORD-000775,2026-07-19,payment,net_banking,14509.62,successful
PAY-0000776,ORD-000776,2026-05-26,payment,credit_card,14429.49,failed
PAY-0000777,ORD-000777,2026-07-19,payment,net_banking,23531.87,successful
PAY-0000778,ORD-000778,2025-10-14,payment,net_banking,4058.66,successful
PAY-0000779,ORD-000779,2026-07-13,payment,debit_card,21153.68,successful
PAY-0000780,ORD-000780,2026-07-30,payment,credit_card,19169.84,successful
PAY-0000781,ORD-000781,2026-02-25,payment,credit_card,19705.63,successful
PAY-0000782,ORD-000782,2026-05-03,payment,net_banking,31866.68,successful
PAY-0000783,ORD-000783,2026-05-13,payment,credit_card,29104.83,successful
PAY-0000784,ORD-000784,2026-05-17,payment,credit_card,20572.84,successful
PAY-0000785,ORD-000785,2026-06-03,payment,net_banking,27068.27,pending
PAY-0000786,ORD-000786,2026-03-23,payment,credit_card,20526.1,successful
PAY-0000787,ORD-000787,2026-04-22,payment,credit_card,3658.66,successful
PAY-0000788,ORD-000788,2026-01-15,payment,debit_card,41641.88,successful
PAY-0000789,ORD-000789,2026-06-07,payment,net_banking,33133.79,successful
PAY-0000790,ORD-000790,2025-02-07,payment,net_banking,1709.15,failed
PAY-0000791,ORD-000791,2026-02-13,payment,debit_card,8852.3,successful
PAY-0000792,ORD-000792,2026-06-14,payment,wallet,10334.78,successful
PAY-0000793,ORD-000793,2026-01-24,payment,credit_card,6393.43,successful
PAY-0000794,ORD-000794,2025-04-06,payment,upi,3414.05,successful
PAY-0000795,ORD-000795,2025-10-08,payment,net_banking,35775.96,successful
PAY-0000796,ORD-000796,2026-07-02,payment,net_banking,4046.47,successful
PAY-0000797,ORD-000797,2025-03-01,payment,wallet,6584.21,successful
PAY-0000798,ORD-000798,2026-06-28,payment,wallet,32712.38,successful
PAY-0000799,ORD-000799,2026-07-21,payment,credit_card,10703.33,successful
PAY-0000800,ORD-000800,2026-07-30,payment,debit_card,4933.89,successful
PAY-0000801,ORD-000801,2026-04-15,payment,net_banking,4533.64,successful
PAY-0000802,ORD-000802,2025-05-10,payment,net_banking,3720.86,successful
PAY-0000803,ORD-000803,2026-06-08,payment,net_banking,8585.2,failed
PAY-0000804,ORD-000804,2026-05-25,payment,upi,10955.85,successful
PAY-0000805,ORD-000805,2025-03-03,payment,credit_card,19210.29,successful
PAY-0000806,ORD-000806,2025-10-08,payment,upi,10432.97,successful
PAY-0000807,ORD-000807,2026-05-05,payment,debit_card,9693.44,pending
PAY-0000808,ORD-000808,2026-01-26,payment,debit_card,30832.23,successful
PAY-0000809,ORD-000809,2026-05-17,payment,net_banking,12224.07,failed
PAY-0000810,ORD-000810,2025-05-01,payment,net_banking,16595.41,successful
PAY-0000811,ORD-000811,2025-01-26,payment,upi,14046.57,failed
PAY-0000812,ORD-000812,2026-02-12,payment,wallet,30228.23,failed
PAY-0000813,ORD-000813,2025-12-08,payment,debit_card,2691.9,successful
PAY-0000814,ORD-000814,2025-08-27,payment,upi,526.48,successful
PAY-0000815,ORD-000815,2025-08-27,payment,credit_card,15661.38,successful
PAY-0000816,ORD-000816,2025-12-17,payment,upi,5147.33,failed
PAY-0000817,ORD-000817,2025-09-29,payment,credit_card,7021.85,successful
PAY-0000818,ORD-000818,2025-03-09,payment,wallet,3374.42,successful
PAY-0000819,ORD-000819,2025-12-05,payment,debit_card,21377.97,successful
PAY-0000820,ORD-000820,2026-04-15,payment,credit_card,12159.71,successful
PAY-0000821,ORD-000821,2026-06-19,payment,upi,2912.17,successful
PAY-0000822,ORD-000822,2026-04-09,payment,debit_card,13107.19,successful
PAY-0000823,ORD-000823,2025-06-30,payment,upi,29882.95,successful
PAY-0000824,ORD-000824,2026-01-16,payment,net_banking,8824.42,successful
PAY-0000825,ORD-000825,2026-02-15,payment,debit_card,7924.16,failed
PAY-0000826,ORD-000826,2026-04-24,payment,net_banking,19647.98,successful
PAY-0000827,ORD-000827,2026-07-28,payment,credit_card,19069.11,successful
PAY-0000828,ORD-000828,2025-07-09,payment,upi,9135.54,successful
PAY-0000829,ORD-000829,2026-02-28,payment,debit_card,42955.61,successful
PAY-0000830,ORD-000830,2025-05-16,payment,wallet,33507.73,successful
PAY-0000831,ORD-000831,2026-07-23,payment,upi,5472.67,successful
PAY-0000832,ORD-000832,2025-06-22,payment,net_banking,9204.51,successful
PAY-0000833,ORD-000833,2025-02-25,payment,credit_card,7511.22,successful
PAY-0000834,ORD-000834,2026-07-22,payment,upi,19717.02,successful
PAY-0000835,ORD-000835,2026-07-18,payment,credit_card,10968.47,successful
PAY-0000836,ORD-000836,2025-08-18,payment,upi,11769.18,successful
PAY-0000837,ORD-000837,2026-07-12,payment,wallet,1088.56,failed
PAY-0000838,ORD-000838,2026-07-28,payment,debit_card,32731.35,successful
PAY-0000839,ORD-000839,2026-03-30,payment,credit_card,24796.39,successful
PAY-0000840,ORD-000840,2026-02-10,payment,net_banking,3745.86,successful
PAY-0000841,ORD-000841,2026-02-13,payment,upi,4708.38,successful
PAY-0000842,ORD-000842,2025-08-11,payment,credit_card,30757.08,successful
PAY-0000843,ORD-000843,2026-07-26,payment,net_banking,39591.93,successful
PAY-0000844,ORD-000844,2026-04-01,payment,wallet,21514.15,failed
PAY-0000845,ORD-000845,2025-03-11,payment,wallet,10996.64,successful
PAY-0000846,ORD-000846,2026-07-26,payment,wallet,30789.93,successful
PAY-0000847,ORD-000847,2025-04-02,payment,wallet,34880.47,successful
PAY-0000848,ORD-000848,2025-11-21,payment,net_banking,30211.26,successful
PAY-0000849,ORD-000849,2025-12-10,payment,credit_card,25703.08,successful
PAY-0000850,ORD-000850,2025-09-18,payment,net_banking,1164.25,successful
PAY-0000851,ORD-000851,2025-12-13,payment,credit_card,10743.1,successful
PAY-0000852,ORD-000852,2025-07-17,payment,debit_card,9014.53,successful
PAY-0000853,ORD-000853,2025-01-18,payment,upi,4289.18,successful
PAY-0000854,ORD-000854,2026-07-18,payment,upi,6994.7,successful
PAY-0000855,ORD-000855,2025-03-25,payment,wallet,10980.37,successful
PAY-0000856,ORD-000856,2026-05-20,payment,net_banking,28899.06,successful
PAY-0000857,ORD-000857,2025-10-11,payment,wallet,41824.45,successful
PAY-0000858,ORD-000858,2026-01-20,payment,wallet,4438.06,successful
PAY-0000859,ORD-000859,2026-06-16,payment,credit_card,21296.13,successful
PAY-0000860,ORD-000860,2026-07-22,payment,credit_card,13902.18,successful
PAY-0000861,ORD-000861,2025-12-17,payment,credit_card,33383.34,successful
PAY-0000862,ORD-000862,2026-07-09,payment,debit_card,19589.9,successful
PAY-0000863,ORD-000863,2026-04-23,payment,credit_card,19826.8,failed
PAY-0000864,ORD-000864,2025-09-09,payment,net_banking,26946.74,successful
PAY-0000865,ORD-000865,2026-06-04,payment,net_banking,32668.76,successful
PAY-0000866,ORD-000866,2025-12-17,payment,credit_card,23502.33,successful
PAY-0000867,ORD-000867,2025-12-15,payment,credit_card,27188.27,successful
PAY-0000868,ORD-000868,2026-01-28,payment,wallet,18991.09,successful
PAY-0000869,ORD-000869,2025-12-07,payment,credit_card,8288.01,successful
PAY-0000870,ORD-000870,2026-05-23,payment,net_banking,20648.21,successful
PAY-0000871,ORD-000871,2025-04-04,payment,upi,6735.59,failed
PAY-0000872,ORD-000872,2025-10-15,payment,net_banking,24538.98,successful
PAY-0000873,ORD-000873,2026-01-19,payment,net_banking,33145.95,successful
PAY-0000874,ORD-000874,2026-03-22,payment,net_banking,14996.25,successful
PAY-0000875,ORD-000875,2026-07-01,payment,debit_card,2971.22,successful
PAY-0000876,ORD-000876,2026-05-02,payment,wallet,6263.79,successful
PAY-0000877,ORD-000877,2025-07-21,payment,debit_card,13531.04,successful
PAY-0000878,ORD-000878,2026-02-18,payment,net_banking,14290.57,successful
PAY-0000879,ORD-000879,2026-01-26,payment,net_banking,1743.08,successful
PAY-0000880,ORD-000880,2026-07-24,payment,upi,17863.91,successful
PAY-0000881,ORD-000881,2026-07-25,payment,wallet,15227.1,successful
PAY-0000882,ORD-000882,2026-07-01,payment,wallet,9659.61,successful
PAY-0000883,ORD-000883,2026-05-11,payment,credit_card,7191.81,successful
PAY-0000884,ORD-000884,2025-08-06,payment,credit_card,18376.07,successful
PAY-0000885,ORD-000885,2025-10-27,payment,upi,7259.67,successful
PAY-0000886,ORD-000886,2025-11-24,payment,wallet,27696.45,successful
PAY-0000887,ORD-000887,2026-02-22,payment,credit_card,28941.01,successful
PAY-0000888,ORD-000888,2026-06-27,payment,credit_card,105154.43,failed
PAY-0000889,ORD-000889,2025-05-20,payment,net_banking,26808.89,successful
PAY-0000890,ORD-000890,2026-07-29,payment,wallet,29518.1,failed
PAY-0000891,ORD-000891,2025-04-27,payment,wallet,6157.48,successful
PAY-0000892,ORD-000892,2025-06-20,payment,net_banking,6308.49,successful
PAY-0000893,ORD-000893,2025-07-11,payment,upi,39815.51,successful
PAY-0000894,ORD-000894,2026-07-24,payment,net_banking,35403.0,pending
PAY-0000895,ORD-000895,2026-06-25,payment,net_banking,43432.84,successful
PAY-0000896,ORD-000896,2026-06-27,payment,debit_card,17920.38,successful
PAY-0000897,ORD-000897,2025-04-24,payment,debit_card,3157.62,successful
PAY-0000898,ORD-000898,2026-05-26,payment,credit_card,10903.21,successful
PAY-0000899,ORD-000899,2025-11-28,payment,upi,7968.61,successful
PAY-0000900,ORD-000900,2025-02-05,payment,credit_card,21228.59,successful
PAY-0000901,ORD-000901,2025-03-20,payment,debit_card,6187.26,successful
PAY-0000902,ORD-000902,2026-01-01,payment,wallet,7287.46,successful
PAY-0000903,ORD-000903,2025-11-18,payment,credit_card,23988.74,successful
PAY-0000904,ORD-000904,2026-04-02,payment,net_banking,34201.49,pending
PAY-0000905,ORD-000905,2026-04-16,payment,credit_card,22971.85,successful
PAY-0000906,ORD-000906,2026-04-19,payment,debit_card,9536.45,failed
PAY-0000907,ORD-000907,2025-10-10,payment,net_banking,28450.63,successful
PAY-0000908,ORD-000908,2026-01-08,payment,debit_card,1832.4,successful
PAY-0000909,ORD-000909,2026-01-10,payment,credit_card,10696.5,successful
PAY-0000910,ORD-000910,2025-04-28,payment,debit_card,13757.93,successful
PAY-0000911,ORD-000911,2026-05-16,payment,wallet,9203.27,successful
PAY-0000912,ORD-000912,2026-01-02,payment,wallet,4680.14,successful
PAY-0000913,ORD-000913,2025-10-31,payment,wallet,4122.45,successful
PAY-0000914,ORD-000914,2025-03-19,payment,upi,3991.57,successful
PAY-0000915,ORD-000915,2025-02-10,payment,wallet,36375.25,pending
PAY-0000916,ORD-000916,2026-07-10,payment,upi,1983.95,successful
PAY-0000917,ORD-000917,2026-07-19,payment,upi,21372.44,successful
PAY-0000918,ORD-000918,2025-12-03,payment,net_banking,27422.96,successful
PAY-0000919,ORD-000919,2026-06-03,payment,upi,33576.35,successful
PAY-0000920,ORD-000920,2025-10-06,payment,wallet,14090.17,successful
PAY-0000921,ORD-000921,2026-07-22,payment,debit_card,29997.77,successful
PAY-0000922,ORD-000922,2025-09-02,payment,debit_card,30528.29,successful
PAY-0000923,ORD-000923,2026-02-06,payment,credit_card,9068.29,successful
PAY-0000924,ORD-000924,2026-04-09,payment,net_banking,24149.99,successful
PAY-0000925,ORD-000925,2025-09-04,payment,credit_card,5542.72,successful
PAY-0000926,ORD-000926,2026-02-13,payment,net_banking,5997.59,pending
PAY-0000927,ORD-000927,2026-02-05,payment,upi,19113.53,successful
PAY-0000928,ORD-000928,2025-06-03,payment,upi,17952.84,successful
PAY-0000929,ORD-000929,2025-11-13,payment,upi,9639.86,successful
PAY-0000930,ORD-000930,2026-04-03,payment,credit_card,8943.94,successful
PAY-0000931,ORD-000931,2026-02-13,payment,credit_card,12797.27,successful
PAY-0000932,ORD-000932,2026-02-11,payment,net_banking,11327.63,successful
PAY-0000933,ORD-000933,2026-05-28,payment,upi,637.68,successful
PAY-0000934,ORD-000934,2025-05-01,payment,upi,6912.9,successful
PAY-0000935,ORD-000935,2025-09-19,payment,credit_card,1029.63,pending
PAY-0000936,ORD-000936,2026-06-06,payment,upi,59151.49,successful
PAY-0000937,ORD-000937,2026-05-27,payment,debit_card,24900.69,successful
PAY-0000938,ORD-000938,2025-03-26,payment,upi,7942.6,successful
PAY-0000939,ORD-000939,2026-05-06,payment,debit_card,3004.88,successful
PAY-0000940,ORD-000940,2026-06-08,payment,wallet,38811.97,successful
PAY-0000941,ORD-000941,2026-06-16,payment,upi,1933.77,successful
PAY-0000942,ORD-000942,2026-02-28,payment,net_banking,17282.14,successful
PAY-0000943,ORD-000943,2026-04-24,payment,wallet,2300.23,successful
PAY-0000944,ORD-000944,2026-07-21,payment,debit_card,4943.75,successful
PAY-0000945,ORD-000945,2026-02-10,payment,debit_card,9905.07,successful
PAY-0000946,ORD-000946,2025-01-30,payment,upi,1040.48,successful
PAY-0000947,ORD-000947,2026-06-26,payment,credit_card,13143.49,failed
PAY-0000948,ORD-000948,2025-04-08,payment,credit_card,20584.16,successful
PAY-0000949,ORD-000949,2025-05-27,payment,credit_card,13960.64,successful
PAY-0000950,ORD-000950,2026-02-03,payment,credit_card,16737.51,successful
PAY-0000951,ORD-000951,2026-06-12,payment,credit_card,18280.6,successful
PAY-0000952,ORD-000952,2026-06-29,payment,wallet,50296.58,pending
PAY-0000953,ORD-000953,2026-01-16,payment,wallet,5873.34,successful
PAY-0000954,ORD-000954,2025-09-19,payment,wallet,16868.62,successful
PAY-0000955,ORD-000955,2025-07-21,payment,net_banking,24681.52,successful
PAY-0000956,ORD-000956,2026-04-17,payment,net_banking,29789.98,pending
PAY-0000957,ORD-000957,2026-04-15,payment,net_banking,16881.4,successful
PAY-0000958,ORD-000958,2026-06-28,payment,credit_card,10114.22,successful
PAY-0000959,ORD-000959,2025-11-23,payment,upi,19642.49,successful
PAY-0000960,ORD-000960,2026-07-02,payment,debit_card,22484.91,failed
PAY-0000961,ORD-000961,2025-08-15,payment,wallet,28064.7,successful
PAY-0000962,ORD-000962,2026-04-20,payment,upi,8637.93,successful
PAY-0000963,ORD-000963,2025-11-13,payment,debit_card,1308.94,successful
PAY-0000964,ORD-000964,2026-02-22,payment,credit_card,13473.88,successful
PAY-0000965,ORD-000965,2026-04-16,payment,wallet,5758.62,successful
PAY-0000966,ORD-000966,2025-06-02,payment,net_banking,23691.97,successful
PAY-0000967,ORD-000967,2026-07-08,payment,net_banking,6880.5,successful
PAY-0000968,ORD-000968,2025-10-29,payment,net_banking,11138.43,successful
PAY-0000969,ORD-000969,2026-06-17,payment,debit_card,2928.25,successful
PAY-0000970,ORD-000970,2026-03-28,payment,upi,13914.08,successful
PAY-0000971,ORD-000971,2026-06-30,payment,credit_card,19745.08,successful
PAY-0000972,ORD-000972,2026-05-19,payment,wallet,42006.56,failed
PAY-0000973,ORD-000973,2025-09-12,payment,upi,41635.85,successful
PAY-0000974,ORD-000974,2026-06-05,payment,debit_card,4679.97,successful
PAY-0000975,ORD-000975,2026-07-22,payment,credit_card,17485.05,successful
PAY-0000976,ORD-000976,2026-04-17,payment,upi,20480.54,successful
PAY-0000977,ORD-000977,2025-04-20,payment,net_banking,36316.14,successful
PAY-0000978,ORD-000978,2025-10-29,payment,net_banking,11021.02,successful
PAY-0000979,ORD-000979,2025-01-15,payment,wallet,12425.32,pending
PAY-0000980,ORD-000980,2026-07-31,payment,net_banking,15447.12,successful
PAY-0000981,ORD-000981,2026-07-23,payment,upi,21672.56,successful
PAY-0000982,ORD-000982,2026-03-20,payment,upi,3185.68,pending
PAY-0000983,ORD-000983,2025-04-10,payment,wallet,9954.77,successful
PAY-0000984,ORD-000984,2026-06-01,payment,wallet,18190.35,successful
PAY-0000985,ORD-000985,2026-06-15,payment,debit_card,13886.77,successful
PAY-0000986,ORD-000986,2026-04-21,payment,credit_card,17761.5,successful
PAY-0000987,ORD-000987,2026-07-13,payment,wallet,16589.14,successful
PAY-0000988,ORD-000988,2025-12-22,payment,upi,37248.67,successful
PAY-0000989,ORD-000989,2026-03-18,payment,debit_card,4364.47,successful
PAY-0000990,ORD-000990,2026-01-04,payment,net_banking,23957.54,successful
PAY-0000991,ORD-000991,2026-01-19,payment,net_banking,21371.26,failed
PAY-0000992,ORD-000992,2025-09-07,payment,upi,45086.48,successful
PAY-0000993,ORD-000993,2026-03-03,payment,credit_card,16481.12,successful
PAY-0000994,ORD-000994,2025-06-01,payment,upi,30904.67,successful
PAY-0000995,ORD-000995,2026-01-11,payment,wallet,37125.09,successful
PAY-0000996,ORD-000996,2025-09-03,payment,net_banking,43364.21,successful
PAY-0000997,ORD-000997,2025-09-21,payment,upi,10499.72,successful
PAY-0000998,ORD-000998,2025-05-02,payment,wallet,2432.07,successful
PAY-0000999,ORD-000999,2026-07-16,payment,credit_card,16509.85,successful
PAY-0001000,ORD-001000,2026-02-20,payment,upi,11722.13,failed
PAY-0001001,ORD-001001,2026-06-15,payment,debit_card,3242.78,successful
PAY-0001002,ORD-001002,2026-04-24,payment,upi,5901.45,successful
PAY-0001003,ORD-001003,2026-02-27,payment,upi,19970.85,failed
PAY-0001004,ORD-001004,2026-01-01,payment,upi,17669.19,pending
PAY-0001005,ORD-001005,2026-03-01,payment,credit_card,22683.06,successful
PAY-0001006,ORD-001006,2025-12-16,payment,net_banking,30007.05,failed
PAY-0001007,ORD-001007,2026-06-21,payment,debit_card,23395.39,successful
PAY-0001008,ORD-001008,2025-05-14,payment,wallet,2094.35,successful
PAY-0001009,ORD-001009,2025-01-15,payment,debit_card,6790.57,successful
PAY-0001010,ORD-001010,2025-03-15,payment,net_banking,1530.09,successful
PAY-0001011,ORD-001011,2025-11-03,payment,credit_card,17456.38,successful
PAY-0001012,ORD-001012,2026-01-26,payment,net_banking,20294.4,successful
PAY-0001013,ORD-001013,2026-01-27,payment,debit_card,11853.14,failed
PAY-0001014,ORD-001014,2026-04-26,payment,net_banking,17799.84,successful
PAY-0001015,ORD-001015,2026-06-02,payment,credit_card,14746.72,successful
PAY-0001016,ORD-001016,2026-04-01,payment,upi,8962.17,successful
PAY-0001017,ORD-001017,2025-09-02,payment,net_banking,4632.85,successful
PAY-0001018,ORD-001018,2026-06-19,payment,net_banking,61908.95,successful
PAY-0001019,ORD-001019,2026-01-08,payment,debit_card,48897.5,successful
PAY-0001020,ORD-001020,2026-04-18,payment,wallet,69393.48,successful
PAY-0001021,ORD-001021,2025-09-08,payment,net_banking,44001.99,successful
PAY-0001022,ORD-001022,2026-01-28,payment,wallet,8060.32,successful
PAY-0001023,ORD-001023,2026-06-29,payment,wallet,9017.41,failed
PAY-0001024,ORD-001024,2025-08-01,payment,credit_card,16118.08,successful
PAY-0001025,ORD-001025,2025-07-25,payment,net_banking,8906.92,successful
PAY-0001026,ORD-001026,2026-03-10,payment,debit_card,7415.96,failed
PAY-0001027,ORD-001027,2025-07-08,payment,net_banking,9823.63,successful
PAY-0001028,ORD-001028,2025-10-22,payment,credit_card,11093.82,successful
PAY-0001029,ORD-001029,2026-04-12,payment,wallet,9872.23,successful
PAY-0001030,ORD-001030,2025-04-26,payment,debit_card,16631.66,successful
PAY-0001031,ORD-001031,2025-06-17,payment,wallet,19217.57,successful
PAY-0001032,ORD-001032,2026-05-09,payment,net_banking,46638.43,successful
PAY-0001033,ORD-001033,2026-04-14,payment,wallet,33690.44,pending
PAY-0001034,ORD-001034,2025-07-16,payment,credit_card,35205.62,successful
PAY-0001035,ORD-001035,2026-03-31,payment,credit_card,5026.52,successful
PAY-0001036,ORD-001036,2026-06-03,payment,upi,10927.66,successful
PAY-0001037,ORD-001037,2025-03-09,payment,net_banking,15763.66,successful
PAY-0001038,ORD-001038,2026-05-01,payment,credit_card,3447.3,successful
PAY-0001039,ORD-001039,2026-07-18,payment,credit_card,1521.13,successful
PAY-0001040,ORD-001040,2025-12-10,payment,wallet,7311.55,failed
PAY-0001041,ORD-001041,2026-03-27,payment,wallet,11194.83,successful
PAY-0001042,ORD-001042,2026-03-02,payment,upi,15916.28,successful
PAY-0001043,ORD-001043,2026-07-23,payment,credit_card,3625.63,successful
PAY-0001044,ORD-001044,2026-04-28,payment,net_banking,1201.07,successful
PAY-0001045,ORD-001045,2025-03-31,payment,credit_card,28060.86,successful
PAY-0001046,ORD-001046,2026-07-17,payment,credit_card,19685.17,successful
PAY-0001047,ORD-001047,2025-11-23,payment,wallet,16698.23,successful
PAY-0001048,ORD-001048,2025-05-10,payment,credit_card,26538.53,successful
PAY-0001049,ORD-001049,2026-07-17,payment,upi,4664.53,successful
PAY-0001050,ORD-001050,2025-05-31,payment,net_banking,18813.5,successful
PAY-0001051,ORD-001051,2026-06-21,payment,wallet,14900.6,successful
PAY-0001052,ORD-001052,2026-01-16,payment,upi,1778.91,successful
PAY-0001053,ORD-001053,2026-07-20,payment,net_banking,17271.2,successful
PAY-0001054,ORD-001054,2026-03-28,payment,debit_card,13169.54,pending
PAY-0001055,ORD-001055,2026-03-07,payment,credit_card,2636.82,successful
PAY-0001056,ORD-001056,2026-02-24,payment,wallet,35894.93,successful
PAY-0001057,ORD-001057,2025-11-30,payment,net_banking,3027.89,successful
PAY-0001058,ORD-001058,2026-06-23,payment,upi,25694.67,successful
PAY-0001059,ORD-001059,2026-05-13,payment,credit_card,21675.21,successful
PAY-0001060,ORD-001060,2025-12-11,payment,credit_card,23826.05,failed
PAY-0001061,ORD-001061,2025-02-28,payment,net_banking,14146.71,failed
PAY-0001062,ORD-001062,2026-07-23,payment,debit_card,23072.95,successful
PAY-0001063,ORD-001063,2026-04-07,payment,wallet,1378.65,successful
PAY-0001064,ORD-001064,2025-02-13,payment,credit_card,9073.67,failed
PAY-0001065,ORD-001065,2025-12-20,payment,upi,22416.39,successful
PAY-0001066,ORD-001066,2025-04-28,payment,wallet,4666.46,successful
PAY-0001067,ORD-001067,2026-07-28,payment,upi,25619.63,successful
PAY-0001068,ORD-001068,2026-06-09,payment,net_banking,34208.75,successful
PAY-0001069,ORD-001069,2025-03-18,payment,credit_card,10220.55,successful
PAY-0001070,ORD-001070,2025-12-06,payment,wallet,4233.93,successful
PAY-0001071,ORD-001071,2025-10-03,payment,debit_card,34815.55,successful
PAY-0001072,ORD-001072,2025-10-31,payment,net_banking,17659.88,successful
PAY-0001073,ORD-001073,2026-04-21,payment,credit_card,24379.86,pending
PAY-0001074,ORD-001074,2026-05-08,payment,credit_card,24219.87,successful
PAY-0001075,ORD-001075,2026-02-07,payment,wallet,18919.66,successful
PAY-0001076,ORD-001076,2026-07-13,payment,upi,15438.65,successful
PAY-0001077,ORD-001077,2026-03-06,payment,wallet,10409.46,failed
PAY-0001078,ORD-001078,2025-10-16,payment,net_banking,35234.89,successful
PAY-0001079,ORD-001079,2026-07-06,payment,net_banking,24176.35,successful
PAY-0001080,ORD-001080,2026-06-05,payment,net_banking,9728.64,successful
PAY-0001081,ORD-001081,2025-07-10,payment,wallet,9889.78,pending
PAY-0001082,ORD-001082,2025-11-06,payment,debit_card,9000.64,successful
PAY-0001083,ORD-001083,2026-07-29,payment,net_banking,12111.9,successful
PAY-0001084,ORD-001084,2026-07-19,payment,credit_card,37850.49,pending
PAY-0001085,ORD-001085,2026-07-24,payment,debit_card,7957.13,successful
PAY-0001086,ORD-001086,2026-03-07,payment,credit_card,41074.37,pending
PAY-0001087,ORD-001087,2025-12-05,payment,wallet,3131.51,successful
PAY-0001088,ORD-001088,2025-10-28,payment,upi,8995.99,successful
PAY-0001089,ORD-001089,2026-02-23,payment,debit_card,5124.61,successful
PAY-0001090,ORD-001090,2025-09-23,payment,net_banking,11279.16,successful
PAY-0001091,ORD-001091,2026-01-06,payment,credit_card,16971.57,successful
PAY-0001092,ORD-001092,2026-06-25,payment,credit_card,7061.18,successful
PAY-0001093,ORD-001093,2025-04-06,payment,upi,1421.53,successful
PAY-0001094,ORD-001094,2026-07-28,payment,debit_card,5742.29,successful
PAY-0001095,ORD-001095,2026-07-24,payment,upi,6850.07,successful
PAY-0001096,ORD-001096,2025-12-14,payment,upi,8502.51,successful
PAY-0001097,ORD-001097,2025-05-02,payment,net_banking,5147.33,successful
PAY-0001098,ORD-001098,2025-09-22,payment,credit_card,16447.22,successful
PAY-0001099,ORD-001099,2026-03-29,payment,wallet,21200.87,successful
PAY-0001100,ORD-001100,2025-09-09,payment,upi,2834.09,failed
PAY-0001101,ORD-001101,2026-06-18,payment,debit_card,9522.81,successful
PAY-0001102,ORD-001102,2025-03-31,payment,debit_card,16253.59,successful
PAY-0001103,ORD-001103,2025-07-02,payment,wallet,4900.6,successful
PAY-0001104,ORD-001104,2026-04-15,payment,upi,3422.57,successful
PAY-0001105,ORD-001105,2025-06-24,payment,credit_card,15888.22,successful
PAY-0001106,ORD-001106,2025-06-20,payment,net_banking,11378.43,successful
PAY-0001107,ORD-001107,2026-02-13,payment,net_banking,9049.23,successful
PAY-0001108,ORD-001108,2026-07-24,payment,net_banking,6162.29,successful
PAY-0001109,ORD-001109,2026-04-30,payment,debit_card,25840.4,successful
PAY-0001110,ORD-001110,2026-07-28,payment,wallet,10832.31,successful
PAY-0001111,ORD-001111,2026-05-14,payment,debit_card,15551.53,failed
PAY-0001112,ORD-001112,2026-01-12,payment,wallet,39060.74,successful
PAY-0001113,ORD-001113,2025-11-26,payment,upi,21464.34,successful
PAY-0001114,ORD-001114,2026-03-30,payment,debit_card,30326.99,successful
PAY-0001115,ORD-001115,2025-10-24,payment,upi,30471.03,successful
PAY-0001116,ORD-001116,2026-07-31,payment,upi,29785.83,successful
PAY-0001117,ORD-001117,2025-12-14,payment,wallet,12971.96,successful
PAY-0001118,ORD-001118,2026-05-07,payment,net_banking,7567.46,successful
PAY-0001119,ORD-001119,2025-05-30,payment,wallet,35953.54,successful
PAY-0001120,ORD-001120,2026-04-14,payment,upi,10436.99,successful
PAY-0001121,ORD-001121,2025-05-07,payment,debit_card,50229.7,successful
PAY-0001122,ORD-001122,2025-01-13,payment,upi,5129.74,successful
PAY-0001123,ORD-001123,2026-06-15,payment,wallet,1930.64,successful
PAY-0001124,ORD-001124,2025-02-09,payment,credit_card,9468.03,successful
PAY-0001125,ORD-001125,2025-11-28,payment,debit_card,27802.45,successful
PAY-0001126,ORD-001126,2026-04-27,payment,net_banking,17466.08,successful
PAY-0001127,ORD-001127,2025-10-15,payment,wallet,8474.78,successful
PAY-0001128,ORD-001128,2025-08-06,payment,upi,18901.09,successful
PAY-0001129,ORD-001129,2025-06-17,payment,upi,14231.3,successful
PAY-0001130,ORD-001130,2026-01-21,payment,credit_card,3879.25,pending
PAY-0001131,ORD-001131,2026-07-28,payment,credit_card,3563.12,successful
PAY-0001132,ORD-001132,2026-03-03,payment,upi,19448.85,successful
PAY-0001133,ORD-001133,2025-10-16,payment,debit_card,30071.67,successful
PAY-0001134,ORD-001134,2026-05-20,payment,wallet,17269.44,successful
PAY-0001135,ORD-001135,2026-04-01,payment,net_banking,20453.06,successful
PAY-0001136,ORD-001136,2025-03-24,payment,net_banking,16196.03,pending
PAY-0001137,ORD-001137,2026-06-04,payment,net_banking,22421.1,successful
PAY-0001138,ORD-001138,2025-08-12,payment,debit_card,5495.06,successful
PAY-0001139,ORD-001139,2026-07-27,payment,net_banking,38039.45,pending
PAY-0001140,ORD-001140,2026-05-18,payment,credit_card,8361.99,successful
PAY-0001141,ORD-001141,2025-11-05,payment,upi,13800.9,successful
PAY-0001142,ORD-001142,2025-07-11,payment,debit_card,22170.17,successful
PAY-0001143,ORD-001143,2026-07-05,payment,credit_card,1786.18,successful
PAY-0001144,ORD-001144,2025-03-01,payment,debit_card,9002.29,pending
PAY-0001145,ORD-001145,2025-08-05,payment,credit_card,4392.7,successful
PAY-0001146,ORD-001146,2026-07-23,payment,net_banking,6371.37,failed
PAY-0001147,ORD-001147,2025-04-17,payment,upi,13197.44,successful
PAY-0001148,ORD-001148,2026-02-09,payment,credit_card,38110.11,failed
PAY-0001149,ORD-001149,2025-10-23,payment,upi,11274.44,failed
PAY-0001150,ORD-001150,2026-05-04,payment,wallet,16851.23,failed
PAY-0001151,ORD-001151,2026-07-19,payment,net_banking,11757.6,failed
PAY-0001152,ORD-001152,2026-06-02,payment,net_banking,17484.72,successful
PAY-0001153,ORD-001153,2026-05-14,payment,debit_card,6425.19,successful
PAY-0001154,ORD-001154,2025-10-12,payment,upi,17271.33,successful
PAY-0001155,ORD-001155,2025-12-01,payment,debit_card,41677.39,successful
PAY-0001156,ORD-001156,2026-07-25,payment,credit_card,21340.55,successful
PAY-0001157,ORD-001157,2026-07-28,payment,debit_card,6510.69,successful
PAY-0001158,ORD-001158,2026-06-11,payment,net_banking,9722.03,successful
PAY-0001159,ORD-001159,2025-10-28,payment,upi,17763.04,successful
PAY-0001160,ORD-001160,2025-06-11,payment,wallet,16739.88,pending
PAY-0001161,ORD-001161,2025-04-11,payment,upi,5853.25,successful
PAY-0001162,ORD-001162,2026-01-18,payment,credit_card,21587.39,failed
PAY-0001163,ORD-001163,2025-09-26,payment,wallet,7409.42,successful
PAY-0001164,ORD-001164,2026-02-21,payment,debit_card,29447.77,pending
PAY-0001165,ORD-001165,2026-07-09,payment,debit_card,23054.38,failed
PAY-0001166,ORD-001166,2026-01-16,payment,credit_card,17271.94,successful
PAY-0001167,ORD-001167,2025-05-09,payment,net_banking,34220.68,successful
PAY-0001168,ORD-001168,2026-06-06,payment,wallet,2433.1,pending
PAY-0001169,ORD-001169,2026-06-04,payment,debit_card,2642.34,successful
PAY-0001170,ORD-001170,2026-07-28,payment,wallet,11491.21,failed
PAY-0001171,ORD-001171,2026-07-28,payment,upi,3785.76,failed
PAY-0001172,ORD-001172,2026-07-12,payment,upi,7931.63,successful
PAY-0001173,ORD-001173,2026-01-22,payment,upi,17594.89,successful
PAY-0001174,ORD-001174,2025-09-30,payment,upi,23378.14,successful
PAY-0001175,ORD-001175,2025-05-06,payment,credit_card,23407.81,successful
PAY-0001176,ORD-001176,2026-04-10,payment,credit_card,35452.5,successful
PAY-0001177,ORD-001177,2026-07-29,payment,net_banking,54734.69,successful
PAY-0001178,ORD-001178,2026-04-22,payment,credit_card,8045.33,successful
PAY-0001179,ORD-001179,2025-08-28,payment,wallet,3011.68,successful
PAY-0001180,ORD-001180,2026-07-12,payment,credit_card,19109.57,failed
PAY-0001181,ORD-001181,2026-05-14,payment,upi,1980.1,failed
PAY-0001182,ORD-001182,2025-12-08,payment,net_banking,15631.77,successful
PAY-0001183,ORD-001183,2025-12-07,payment,credit_card,26832.08,successful
PAY-0001184,ORD-001184,2026-07-18,payment,upi,16813.36,successful
PAY-0001185,ORD-001185,2025-11-06,payment,net_banking,11857.34,failed
PAY-0001186,ORD-001186,2026-01-06,payment,wallet,48608.81,successful
PAY-0001187,ORD-001187,2026-07-12,payment,debit_card,17175.28,successful
PAY-0001188,ORD-001188,2026-01-16,payment,net_banking,6184.8,successful
PAY-0001189,ORD-001189,2025-11-26,payment,debit_card,7347.81,successful
PAY-0001190,ORD-001190,2026-05-19,payment,wallet,13250.92,successful
PAY-0001191,ORD-001191,2026-05-10,payment,credit_card,5159.42,failed
PAY-0001192,ORD-001192,2025-09-27,payment,wallet,4452.29,successful
PAY-0001193,ORD-001193,2026-07-31,payment,net_banking,9379.11,successful
PAY-0001194,ORD-001194,2025-07-07,payment,net_banking,16114.23,successful
PAY-0001195,ORD-001195,2025-09-12,payment,upi,41326.11,successful
PAY-0001196,ORD-001196,2026-06-27,payment,debit_card,14755.86,successful
PAY-0001197,ORD-001197,2026-01-19,payment,wallet,27289.85,successful
PAY-0001198,ORD-001198,2025-11-08,payment,wallet,2870.49,successful
PAY-0001199,ORD-001199,2025-11-17,payment,debit_card,42173.81,successful
PAY-0001200,ORD-001200,2026-07-27,payment,wallet,4444.52,failed
PAY-0001201,ORD-001201,2026-07-28,payment,net_banking,7747.09,successful
PAY-0001202,ORD-001202,2026-01-05,payment,wallet,8336.94,failed
PAY-0001203,ORD-001203,2025-04-17,payment,credit_card,10291.58,successful
PAY-0001204,ORD-001204,2025-12-17,payment,credit_card,40943.44,successful
PAY-0001205,ORD-001205,2026-07-13,payment,net_banking,17955.27,successful
PAY-0001206,ORD-001206,2026-07-21,payment,net_banking,23292.89,successful
PAY-0001207,ORD-001207,2026-03-16,payment,wallet,3412.8,successful
PAY-0001208,ORD-001208,2025-07-14,payment,wallet,9887.33,failed
PAY-0001209,ORD-001209,2026-03-25,payment,net_banking,17630.77,successful
PAY-0001210,ORD-001210,2025-08-02,payment,net_banking,24143.26,successful
PAY-0001211,ORD-001211,2026-04-27,payment,upi,13758.86,successful
PAY-0001212,ORD-001212,2026-01-22,payment,debit_card,9618.18,successful
PAY-0001213,ORD-001213,2025-12-13,payment,credit_card,19605.99,successful
PAY-0001214,ORD-001214,2025-01-07,payment,wallet,8749.58,successful
PAY-0001215,ORD-001215,2026-04-19,payment,upi,12127.33,successful
PAY-0001216,ORD-001216,2026-07-15,payment,wallet,17244.39,successful
PAY-0001217,ORD-001217,2026-07-05,payment,wallet,4203.86,successful
PAY-0001218,ORD-001218,2025-08-17,payment,net_banking,28410.42,successful
PAY-0001219,ORD-001219,2026-05-09,payment,upi,20490.22,successful
PAY-0001220,ORD-001220,2026-06-10,payment,upi,29958.31,successful
PAY-0001221,ORD-001221,2026-07-26,payment,net_banking,35386.32,successful
PAY-0001222,ORD-001222,2026-07-05,payment,net_banking,4359.26,successful
PAY-0001223,ORD-001223,2026-02-24,payment,net_banking,20205.21,failed
PAY-0001224,ORD-001224,2026-06-17,payment,credit_card,15499.54,successful
PAY-0001225,ORD-001225,2025-09-26,payment,net_banking,18757.07,successful
PAY-0001226,ORD-001226,2025-12-21,payment,credit_card,11901.39,successful
PAY-0001227,ORD-001227,2025-06-18,payment,upi,13503.03,failed
PAY-0001228,ORD-001228,2026-02-06,payment,debit_card,29788.07,successful
PAY-0001229,ORD-001229,2026-07-30,payment,debit_card,8068.29,successful
PAY-0001230,ORD-001230,2026-05-18,payment,wallet,31392.41,successful
PAY-0001231,ORD-001231,2025-08-13,payment,upi,1328.42,successful
PAY-0001232,ORD-001232,2025-06-20,payment,wallet,23490.64,successful
PAY-0001233,ORD-001233,2026-04-16,payment,debit_card,8085.7,successful
PAY-0001234,ORD-001234,2025-05-25,payment,wallet,3868.5,failed
PAY-0001235,ORD-001235,2025-08-19,payment,debit_card,9233.39,successful
PAY-0001236,ORD-001236,2026-07-28,payment,wallet,3205.47,successful
PAY-0001237,ORD-001237,2026-02-10,payment,debit_card,42425.01,successful
PAY-0001238,ORD-001238,2025-01-31,payment,upi,13523.07,successful
PAY-0001239,ORD-001239,2026-07-28,payment,upi,11137.55,successful
PAY-0001240,ORD-001240,2026-05-21,payment,net_banking,35145.67,successful
PAY-0001241,ORD-001241,2025-07-10,payment,upi,60631.83,successful
PAY-0001242,ORD-001242,2026-05-22,payment,net_banking,20559.36,successful
PAY-0001243,ORD-001243,2025-12-20,payment,net_banking,8332.29,successful
PAY-0001244,ORD-001244,2025-11-15,payment,credit_card,10258.39,successful
PAY-0001245,ORD-001245,2026-07-09,payment,wallet,18191.03,successful
PAY-0001246,ORD-001246,2026-03-30,payment,credit_card,24925.42,successful
PAY-0001247,ORD-001247,2025-05-30,payment,debit_card,9995.4,failed
PAY-0001248,ORD-001248,2026-07-27,payment,net_banking,11912.82,successful
PAY-0001249,ORD-001249,2026-07-16,payment,credit_card,17162.49,successful
PAY-0001250,ORD-001250,2026-07-17,payment,credit_card,7871.52,successful
PAY-0001251,ORD-001251,2026-04-23,payment,net_banking,6586.61,successful
PAY-0001252,ORD-001252,2025-12-21,payment,upi,2415.53,successful
PAY-0001253,ORD-001253,2026-05-22,payment,debit_card,5663.02,successful
PAY-0001254,ORD-001254,2026-02-18,payment,upi,24241.35,successful
PAY-0001255,ORD-001255,2025-12-20,payment,net_banking,10683.73,successful
PAY-0001256,ORD-001256,2026-06-16,payment,credit_card,19592.61,failed
PAY-0001257,ORD-001257,2025-02-25,payment,credit_card,4000.86,successful
PAY-0001258,ORD-001258,2026-07-06,payment,debit_card,7046.96,successful
PAY-0001259,ORD-001259,2026-03-25,payment,upi,2719.59,successful
PAY-0001260,ORD-001260,2025-12-13,payment,credit_card,16222.16,successful
PAY-0001261,ORD-001261,2026-07-28,payment,wallet,2564.35,successful
PAY-0001262,ORD-001262,2025-04-05,payment,net_banking,7681.29,successful
PAY-0001263,ORD-001263,2025-07-22,payment,credit_card,18282.7,successful
PAY-0001264,ORD-001264,2026-05-31,payment,credit_card,22347.17,successful
PAY-0001265,ORD-001265,2026-02-14,payment,credit_card,7697.25,successful
PAY-0001266,ORD-001266,2026-07-18,payment,upi,9595.42,successful
PAY-0001267,ORD-001267,2026-05-10,payment,debit_card,2856.91,successful
PAY-0001268,ORD-001268,2025-05-17,payment,wallet,7151.84,successful
PAY-0001269,ORD-001269,2026-03-18,payment,net_banking,6815.74,successful
PAY-0001270,ORD-001270,2026-05-04,payment,net_banking,28334.22,successful
PAY-0001271,ORD-001271,2026-03-27,payment,upi,23183.71,successful
PAY-0001272,ORD-001272,2025-12-05,payment,debit_card,24938.29,successful
PAY-0001273,ORD-001273,2025-01-26,payment,debit_card,8442.99,pending
PAY-0001274,ORD-001274,2026-05-28,payment,wallet,10825.2,successful
PAY-0001275,ORD-001275,2025-08-05,payment,debit_card,41924.51,successful
PAY-0001276,ORD-001276,2025-08-22,payment,wallet,12853.14,successful
PAY-0001277,ORD-001277,2025-06-24,payment,net_banking,9628.92,successful
PAY-0001278,ORD-001278,2026-06-13,payment,debit_card,23240.38,successful
PAY-0001279,ORD-001279,2025-11-02,payment,credit_card,22360.11,successful
PAY-0001280,ORD-001280,2026-02-20,payment,net_banking,47848.86,successful
PAY-0001281,ORD-001281,2026-03-21,payment,credit_card,5114.25,successful
PAY-0001282,ORD-001282,2025-12-30,payment,wallet,5743.13,successful
PAY-0001283,ORD-001283,2025-06-30,payment,upi,54970.03,successful
PAY-0001284,ORD-001284,2026-07-20,payment,credit_card,16526.96,successful
PAY-0001285,ORD-001285,2025-07-21,payment,wallet,6365.42,successful
PAY-0001286,ORD-001286,2026-03-15,payment,net_banking,15641.86,failed
PAY-0001287,ORD-001287,2025-09-16,payment,credit_card,16566.26,successful
PAY-0001288,ORD-001288,2026-05-18,payment,upi,22996.43,successful
PAY-0001289,ORD-001289,2026-04-16,payment,credit_card,5200.83,failed
PAY-0001290,ORD-001290,2026-06-25,payment,credit_card,24055.81,successful
PAY-0001291,ORD-001291,2025-03-29,payment,wallet,18939.2,failed
PAY-0001292,ORD-001292,2026-05-20,payment,debit_card,35024.71,successful
PAY-0001293,ORD-001293,2026-06-22,payment,net_banking,8218.04,successful
PAY-0001294,ORD-001294,2025-12-26,payment,debit_card,45210.84,successful
PAY-0001295,ORD-001295,2026-06-03,payment,debit_card,17651.04,successful
PAY-0001296,ORD-001296,2026-06-02,payment,credit_card,3981.3,pending
PAY-0001297,ORD-001297,2026-06-19,payment,upi,18665.12,successful
PAY-0001298,ORD-001298,2026-07-30,payment,debit_card,6080.94,successful
PAY-0001299,ORD-001299,2026-07-31,payment,credit_card,6603.59,successful
PAY-0001300,ORD-001300,2025-10-28,payment,net_banking,16596.17,failed
PAY-0001301,ORD-001301,2025-11-10,payment,net_banking,1438.44,successful
PAY-0001302,ORD-001302,2026-07-24,payment,upi,38784.59,successful
PAY-0001303,ORD-001303,2026-03-03,payment,credit_card,10965.65,successful
PAY-0001304,ORD-001304,2026-01-31,payment,upi,24629.2,successful
PAY-0001305,ORD-001305,2026-01-07,payment,debit_card,19709.94,successful
PAY-0001306,ORD-001306,2025-04-08,payment,credit_card,3157.37,successful
PAY-0001307,ORD-001307,2025-06-13,payment,credit_card,7449.14,successful
PAY-0001308,ORD-001308,2026-05-08,payment,debit_card,25093.49,successful
PAY-0001309,ORD-001309,2026-06-11,payment,debit_card,8012.78,successful
PAY-0001310,ORD-001310,2026-02-14,payment,upi,10257.79,successful
PAY-0001311,ORD-001311,2026-04-25,payment,net_banking,29798.47,successful
PAY-0001312,ORD-001312,2025-04-18,payment,upi,7438.74,successful
PAY-0001313,ORD-001313,2026-03-23,payment,wallet,9961.73,successful
PAY-0001314,ORD-001314,2026-07-23,payment,wallet,26553.13,successful
PAY-0001315,ORD-001315,2025-10-09,payment,debit_card,46412.2,successful
PAY-0001316,ORD-001316,2025-10-06,payment,debit_card,5294.0,successful
PAY-0001317,ORD-001317,2026-07-17,payment,net_banking,18632.14,successful
PAY-0001318,ORD-001318,2026-06-05,payment,net_banking,1582.51,successful
PAY-0001319,ORD-001319,2026-07-25,payment,upi,16035.27,pending
PAY-0001320,ORD-001320,2025-05-05,payment,credit_card,17288.62,successful
PAY-0001321,ORD-001321,2026-07-27,payment,upi,2725.76,successful
PAY-0001322,ORD-001322,2026-07-06,payment,debit_card,8009.4,successful
PAY-0001323,ORD-001323,2025-08-09,payment,debit_card,9178.19,successful
PAY-0001324,ORD-001324,2025-12-18,payment,wallet,25052.52,failed
PAY-0001325,ORD-001325,2026-07-29,payment,credit_card,10153.76,successful
PAY-0001326,ORD-001326,2026-06-22,payment,net_banking,6752.31,successful
PAY-0001327,ORD-001327,2026-02-13,payment,net_banking,31920.68,successful
PAY-0001328,ORD-001328,2026-03-01,payment,upi,2695.89,successful
PAY-0001329,ORD-001329,2026-07-29,payment,net_banking,21154.99,successful
PAY-0001330,ORD-001330,2026-07-15,payment,wallet,9183.85,successful
PAY-0001331,ORD-001331,2026-03-06,payment,credit_card,3609.79,successful
PAY-0001332,ORD-001332,2025-06-25,payment,credit_card,46179.81,successful
PAY-0001333,ORD-001333,2026-03-17,payment,credit_card,10123.07,failed
PAY-0001334,ORD-001334,2026-01-07,payment,credit_card,39174.6,successful
PAY-0001335,ORD-001335,2025-10-30,payment,upi,18228.75,pending
PAY-0001336,ORD-001336,2026-06-23,payment,debit_card,26783.79,successful
PAY-0001337,ORD-001337,2025-09-04,payment,net_banking,6156.06,successful
PAY-0001338,ORD-001338,2026-02-20,payment,credit_card,19862.9,successful
PAY-0001339,ORD-001339,2025-10-07,payment,debit_card,4904.58,successful
PAY-0001340,ORD-001340,2026-05-23,payment,wallet,4352.81,failed
PAY-0001341,ORD-001341,2025-11-12,payment,wallet,78576.16,successful
PAY-0001342,ORD-001342,2026-07-17,payment,wallet,17090.55,successful
PAY-0001343,ORD-001343,2025-07-12,payment,credit_card,32966.37,successful
PAY-0001344,ORD-001344,2026-07-28,payment,net_banking,7269.02,successful
PAY-0001345,ORD-001345,2025-11-29,payment,net_banking,3244.46,successful
PAY-0001346,ORD-001346,2026-04-12,payment,wallet,10489.08,successful
PAY-0001347,ORD-001347,2025-04-03,payment,upi,13230.45,successful
PAY-0001348,ORD-001348,2025-04-23,payment,upi,8902.04,successful
PAY-0001349,ORD-001349,2025-06-24,payment,upi,17629.08,successful
PAY-0001350,ORD-001350,2026-04-11,payment,credit_card,19627.79,successful
PAY-0001351,ORD-001351,2026-05-16,payment,upi,3106.16,successful
PAY-0001352,ORD-001352,2026-07-29,payment,credit_card,22934.98,successful
PAY-0001353,ORD-001353,2026-07-24,payment,wallet,3764.72,failed
PAY-0001354,ORD-001354,2026-06-26,payment,upi,33004.54,successful
PAY-0001355,ORD-001355,2025-12-20,payment,debit_card,76431.08,successful
PAY-0001356,ORD-001356,2025-07-10,payment,debit_card,6529.49,successful
PAY-0001357,ORD-001357,2026-05-02,payment,net_banking,18358.1,successful
PAY-0001358,ORD-001358,2025-11-06,payment,upi,23926.14,successful
PAY-0001359,ORD-001359,2026-05-10,payment,wallet,3965.6,successful
PAY-0001360,ORD-001360,2025-10-26,payment,debit_card,5853.41,successful
PAY-0001361,ORD-001361,2025-03-05,payment,upi,6522.13,successful
PAY-0001362,ORD-001362,2025-08-02,payment,debit_card,6143.86,successful
PAY-0001363,ORD-001363,2025-12-26,payment,net_banking,3168.05,successful
PAY-0001364,ORD-001364,2025-03-27,payment,wallet,9299.27,successful
PAY-0001365,ORD-001365,2026-01-25,payment,wallet,32706.51,successful
PAY-0001366,ORD-001366,2025-05-15,payment,net_banking,23782.49,successful
PAY-0001367,ORD-001367,2025-07-20,payment,net_banking,9310.67,successful
PAY-0001368,ORD-001368,2026-02-21,payment,net_banking,21121.11,pending
PAY-0001369,ORD-001369,2026-05-15,payment,credit_card,10072.86,successful
PAY-0001370,ORD-001370,2025-09-08,payment,wallet,10130.31,successful
PAY-0001371,ORD-001371,2026-07-23,payment,credit_card,18471.17,successful
PAY-0001372,ORD-001372,2025-07-25,payment,credit_card,17517.71,successful
PAY-0001373,ORD-001373,2026-07-24,payment,credit_card,17637.42,successful
PAY-0001374,ORD-001374,2026-03-31,payment,debit_card,14774.83,pending
PAY-0001375,ORD-001375,2026-02-22,payment,net_banking,23088.05,successful
PAY-0001376,ORD-001376,2026-06-29,payment,wallet,9098.09,successful
PAY-0001377,ORD-001377,2025-07-07,payment,wallet,7495.8,successful
PAY-0001378,ORD-001378,2026-02-01,payment,upi,3860.83,successful
PAY-0001379,ORD-001379,2026-02-05,payment,net_banking,19715.91,successful
PAY-0001380,ORD-001380,2025-10-09,payment,credit_card,13968.3,successful
PAY-0001381,ORD-001381,2026-06-18,payment,credit_card,17660.03,successful
PAY-0001382,ORD-001382,2025-08-01,payment,wallet,8719.72,successful
PAY-0001383,ORD-001383,2025-11-27,payment,upi,12803.29,successful
PAY-0001384,ORD-001384,2026-04-23,payment,upi,4077.8,successful
PAY-0001385,ORD-001385,2025-03-23,payment,credit_card,5753.43,successful
PAY-0001386,ORD-001386,2025-11-20,payment,debit_card,45523.81,successful
PAY-0001387,ORD-001387,2026-04-11,payment,net_banking,13523.86,successful
PAY-0001388,ORD-001388,2025-05-07,payment,debit_card,10705.83,pending
PAY-0001389,ORD-001389,2026-07-19,payment,net_banking,1120.1,successful
PAY-0001390,ORD-001390,2025-05-25,payment,net_banking,36237.55,failed
PAY-0001391,ORD-001391,2025-08-29,payment,wallet,5075.25,failed
PAY-0001392,ORD-001392,2026-03-15,payment,upi,6179.08,successful
PAY-0001393,ORD-001393,2025-08-31,payment,debit_card,3691.52,successful
PAY-0001394,ORD-001394,2025-08-31,payment,net_banking,7224.61,successful
PAY-0001395,ORD-001395,2026-06-20,payment,upi,16571.98,successful
PAY-0001396,ORD-001396,2025-12-01,payment,debit_card,32448.77,successful
PAY-0001397,ORD-001397,2026-02-04,payment,net_banking,8550.98,failed
PAY-0001398,ORD-001398,2025-05-21,payment,net_banking,10292.69,successful
PAY-0001399,ORD-001399,2025-02-25,payment,wallet,20110.4,successful
PAY-0001400,ORD-001400,2026-07-07,payment,upi,53115.67,successful
PAY-0001401,ORD-001401,2025-01-31,payment,credit_card,30845.05,successful
PAY-0001402,ORD-001402,2026-06-17,payment,debit_card,10741.0,successful
PAY-0001403,ORD-001403,2025-11-30,payment,net_banking,10794.93,successful
PAY-0001404,ORD-001404,2025-08-14,payment,credit_card,12146.15,successful
PAY-0001405,ORD-001405,2025-12-01,payment,debit_card,5137.6,successful
PAY-0001406,ORD-001406,2025-03-07,payment,wallet,2244.02,successful
PAY-0001407,ORD-001407,2026-07-22,payment,credit_card,15066.52,successful
PAY-0001408,ORD-001408,2026-05-25,payment,credit_card,54190.74,successful
PAY-0001409,ORD-001409,2026-06-24,payment,upi,7778.09,successful
PAY-0001410,ORD-001410,2025-11-14,payment,upi,14047.35,successful
PAY-0001411,ORD-001411,2026-05-15,payment,credit_card,12057.72,successful
PAY-0001412,ORD-001412,2026-05-20,payment,net_banking,10606.64,failed
PAY-0001413,ORD-001413,2025-08-02,payment,credit_card,10644.19,successful
PAY-0001414,ORD-001414,2025-02-05,payment,wallet,19318.19,pending
PAY-0001415,ORD-001415,2025-11-18,payment,debit_card,4665.15,successful
PAY-0001416,ORD-001416,2025-12-02,payment,net_banking,7437.83,successful
PAY-0001417,ORD-001417,2026-07-03,payment,net_banking,16726.59,successful
PAY-0001418,ORD-001418,2026-07-10,payment,credit_card,17146.53,successful
PAY-0001419,ORD-001419,2026-04-23,payment,credit_card,17442.35,successful
PAY-0001420,ORD-001420,2026-07-07,payment,upi,1339.11,failed
PAY-0001421,ORD-001421,2026-03-08,payment,upi,45087.62,successful
PAY-0001422,ORD-001422,2025-09-17,payment,net_banking,13181.78,successful
PAY-0001423,ORD-001423,2026-05-25,payment,upi,6959.52,successful
PAY-0001424,ORD-001424,2025-12-14,payment,wallet,14440.3,successful
PAY-0001425,ORD-001425,2026-07-21,payment,net_banking,4342.59,successful
PAY-0001426,ORD-001426,2026-07-20,payment,debit_card,11049.87,successful
PAY-0001427,ORD-001427,2025-10-24,payment,upi,12156.86,successful
PAY-0001428,ORD-001428,2026-02-22,payment,wallet,4263.86,successful
PAY-0001429,ORD-001429,2025-04-20,payment,upi,8096.2,successful
PAY-0001430,ORD-001430,2026-01-27,payment,wallet,3053.6,successful
PAY-0001431,ORD-001431,2026-01-06,payment,upi,17461.97,successful
PAY-0001432,ORD-001432,2025-03-29,payment,credit_card,15277.41,successful
PAY-0001433,ORD-001433,2025-03-10,payment,upi,13480.99,successful
PAY-0001434,ORD-001434,2026-07-05,payment,upi,1139.41,successful
PAY-0001435,ORD-001435,2026-07-10,payment,upi,5952.4,successful
PAY-0001436,ORD-001436,2026-02-20,payment,credit_card,4128.41,failed
PAY-0001437,ORD-001437,2025-06-29,payment,net_banking,553.44,successful
PAY-0001438,ORD-001438,2026-03-29,payment,wallet,16641.89,successful
PAY-0001439,ORD-001439,2025-12-19,payment,upi,4956.78,successful
PAY-0001440,ORD-001440,2026-01-28,payment,debit_card,7331.78,successful
PAY-0001441,ORD-001441,2026-04-09,payment,credit_card,44831.91,successful
PAY-0001442,ORD-001442,2026-04-28,payment,net_banking,4910.71,pending
PAY-0001443,ORD-001443,2025-10-13,payment,upi,18083.85,successful
PAY-0001444,ORD-001444,2026-06-12,payment,debit_card,21111.36,successful
PAY-0001445,ORD-001445,2025-04-25,payment,wallet,5462.88,successful
PAY-0001446,ORD-001446,2026-07-16,payment,credit_card,5388.1,failed
PAY-0001447,ORD-001447,2026-01-20,payment,debit_card,54324.43,successful
PAY-0001448,ORD-001448,2026-05-05,payment,credit_card,5680.87,successful
PAY-0001449,ORD-001449,2025-09-28,payment,wallet,19819.33,successful
PAY-0001450,ORD-001450,2026-06-30,payment,credit_card,13751.35,successful
PAY-0001451,ORD-001451,2025-05-01,payment,net_banking,11043.87,successful
PAY-0001452,ORD-001452,2026-07-27,payment,upi,9430.21,successful
PAY-0001453,ORD-001453,2026-07-03,payment,wallet,44090.92,successful
PAY-0001454,ORD-001454,2025-09-23,payment,debit_card,33076.8,successful
PAY-0001455,ORD-001455,2026-05-28,payment,net_banking,3141.48,failed
PAY-0001456,ORD-001456,2026-04-14,payment,upi,19176.65,successful
PAY-0001457,ORD-001457,2026-03-23,payment,credit_card,30068.35,successful
PAY-0001458,ORD-001458,2025-01-11,payment,upi,3033.11,successful
PAY-0001459,ORD-001459,2025-03-15,payment,debit_card,30664.64,successful
PAY-0001460,ORD-001460,2026-06-07,payment,wallet,5121.05,failed
PAY-0001461,ORD-001461,2026-03-27,payment,credit_card,7826.68,successful
PAY-0001462,ORD-001462,2026-03-01,payment,debit_card,22652.26,successful
PAY-0001463,ORD-001463,2025-06-30,payment,upi,9521.33,successful
PAY-0001464,ORD-001464,2026-06-26,payment,net_banking,11072.08,successful
PAY-0001465,ORD-001465,2026-02-15,payment,wallet,5537.28,successful
PAY-0001466,ORD-001466,2026-04-30,payment,upi,30130.3,failed
PAY-0001467,ORD-001467,2026-01-30,payment,credit_card,35518.29,successful
PAY-0001468,ORD-001468,2026-03-14,payment,debit_card,10736.83,successful
PAY-0001469,ORD-001469,2025-08-10,payment,credit_card,22320.46,successful
PAY-0001470,ORD-001470,2026-04-26,payment,credit_card,8598.72,failed
PAY-0001471,ORD-001471,2025-10-26,payment,net_banking,39694.5,successful
PAY-0001472,ORD-001472,2026-04-12,payment,debit_card,33007.95,successful
PAY-0001473,ORD-001473,2026-07-03,payment,net_banking,1201.15,successful
PAY-0001474,ORD-001474,2026-03-05,payment,debit_card,4842.73,failed
PAY-0001475,ORD-001475,2025-08-05,payment,credit_card,14712.82,successful
PAY-0001476,ORD-001476,2026-05-01,payment,debit_card,36996.72,successful
PAY-0001477,ORD-001477,2025-07-27,payment,upi,11386.92,successful
PAY-0001478,ORD-001478,2026-07-25,payment,net_banking,23918.77,successful
PAY-0001479,ORD-001479,2025-01-21,payment,credit_card,5190.29,successful
PAY-0001480,ORD-001480,2026-01-04,payment,debit_card,21128.73,successful
PAY-0001481,ORD-001481,2026-07-30,payment,debit_card,4241.71,successful
PAY-0001482,ORD-001482,2025-11-10,payment,debit_card,11325.49,successful
PAY-0001483,ORD-001483,2026-01-04,payment,debit_card,3370.46,successful
PAY-0001484,ORD-001484,2026-01-15,payment,debit_card,3896.22,successful
PAY-0001485,ORD-001485,2025-10-19,payment,upi,34899.79,successful
PAY-0001486,ORD-001486,2026-01-14,payment,upi,17997.22,failed
PAY-0001487,ORD-001487,2026-06-30,payment,credit_card,8328.77,successful
PAY-0001488,ORD-001488,2026-07-07,payment,wallet,34250.43,successful
PAY-0001489,ORD-001489,2026-05-20,payment,net_banking,17930.64,successful
PAY-0001490,ORD-001490,2025-11-16,payment,credit_card,9579.57,successful
PAY-0001491,ORD-001491,2026-03-23,payment,credit_card,33091.18,successful
PAY-0001492,ORD-001492,2026-05-21,payment,net_banking,29090.47,successful
PAY-0001493,ORD-001493,2025-06-28,payment,wallet,12337.32,successful
PAY-0001494,ORD-001494,2026-05-12,payment,credit_card,12931.74,successful
PAY-0001495,ORD-001495,2026-02-25,payment,debit_card,25312.9,successful
PAY-0001496,ORD-001496,2025-10-27,payment,credit_card,13868.96,successful
PAY-0001497,ORD-001497,2026-07-02,payment,net_banking,4866.2,successful
PAY-0001498,ORD-001498,2025-04-08,payment,net_banking,2102.66,successful
PAY-0001499,ORD-001499,2026-02-07,payment,credit_card,13348.2,successful
PAY-0001500,ORD-001500,2025-12-23,payment,upi,15933.09,successful
PAY-0001501,ORD-001501,2026-05-28,payment,net_banking,10151.71,successful
PAY-0001502,ORD-001502,2026-05-13,payment,wallet,2329.94,successful
PAY-0001503,ORD-001503,2025-10-31,payment,debit_card,25463.56,failed
PAY-0001504,ORD-001504,2026-07-11,payment,debit_card,9449.7,successful
PAY-0001505,ORD-001505,2025-11-17,payment,net_banking,4295.12,successful
PAY-0001506,ORD-001506,2026-07-23,payment,debit_card,4429.25,successful
PAY-0001507,ORD-001507,2026-05-26,payment,upi,16415.79,successful
PAY-0001508,ORD-001508,2025-02-23,payment,credit_card,23923.63,successful
PAY-0001509,ORD-001509,2025-12-13,payment,credit_card,42458.36,successful
PAY-0001510,ORD-001510,2026-01-24,payment,wallet,814.16,successful
PAY-0001511,ORD-001511,2025-04-05,payment,credit_card,22317.78,pending
PAY-0001512,ORD-001512,2026-06-03,payment,net_banking,25972.11,successful
PAY-0001513,ORD-001513,2026-06-16,payment,wallet,4557.34,successful
PAY-0001514,ORD-001514,2026-07-22,payment,debit_card,17147.03,pending
PAY-0001515,ORD-001515,2026-01-21,payment,upi,11363.05,successful
PAY-0001516,ORD-001516,2025-09-03,payment,credit_card,31678.7,successful
PAY-0001517,ORD-001517,2026-04-22,payment,net_banking,13601.54,successful
PAY-0001518,ORD-001518,2026-05-30,payment,credit_card,16019.81,successful
PAY-0001519,ORD-001519,2025-02-01,payment,upi,53700.44,pending
PAY-0001520,ORD-001520,2025-12-28,payment,credit_card,3340.66,successful
PAY-0001521,ORD-001521,2025-12-30,payment,net_banking,6758.93,successful
PAY-0001522,ORD-001522,2026-06-28,payment,credit_card,22576.96,successful
PAY-0001523,ORD-001523,2025-09-28,payment,debit_card,18830.35,successful
PAY-0001524,ORD-001524,2025-12-06,payment,debit_card,23797.47,successful
PAY-0001525,ORD-001525,2026-07-18,payment,debit_card,24667.32,successful
PAY-0001526,ORD-001526,2025-06-08,payment,credit_card,39996.86,successful
PAY-0001527,ORD-001527,2025-08-19,payment,upi,32939.0,successful
PAY-0001528,ORD-001528,2025-06-30,payment,net_banking,6647.54,successful
PAY-0001529,ORD-001529,2025-06-19,payment,debit_card,9560.1,successful
PAY-0001530,ORD-001530,2026-04-28,payment,credit_card,12169.38,successful
PAY-0001531,ORD-001531,2025-08-05,payment,debit_card,37160.38,successful
PAY-0001532,ORD-001532,2025-12-25,payment,upi,4699.04,pending
PAY-0001533,ORD-001533,2026-05-15,payment,debit_card,17385.86,successful
PAY-0001534,ORD-001534,2026-01-18,payment,credit_card,11779.75,successful
PAY-0001535,ORD-001535,2025-07-06,payment,net_banking,2760.03,failed
PAY-0001536,ORD-001536,2026-05-31,payment,upi,14748.56,successful
PAY-0001537,ORD-001537,2026-06-28,payment,wallet,2122.31,successful
PAY-0001538,ORD-001538,2025-10-29,payment,wallet,1184.38,successful
PAY-0001539,ORD-001539,2026-02-07,payment,credit_card,26335.05,failed
PAY-0001540,ORD-001540,2025-07-22,payment,wallet,14108.97,successful
PAY-0001541,ORD-001541,2026-07-08,payment,credit_card,27909.43,successful
PAY-0001542,ORD-001542,2026-07-03,payment,net_banking,5317.56,successful
PAY-0001543,ORD-001543,2026-07-03,payment,net_banking,10326.96,successful
PAY-0001544,ORD-001544,2025-08-17,payment,upi,1576.23,successful
PAY-0001545,ORD-001545,2026-04-02,payment,upi,12256.09,successful
PAY-0001546,ORD-001546,2026-01-02,payment,wallet,21643.36,failed
PAY-0001547,ORD-001547,2026-06-15,payment,debit_card,9262.85,successful
PAY-0001548,ORD-001548,2025-10-29,payment,net_banking,4402.66,successful
PAY-0001549,ORD-001549,2026-04-22,payment,upi,3654.59,failed
PAY-0001550,ORD-001550,2026-05-21,payment,wallet,20550.49,successful
PAY-0001551,ORD-001551,2026-03-10,payment,net_banking,42793.27,successful
PAY-0001552,ORD-001552,2025-08-01,payment,upi,14256.28,successful
PAY-0001553,ORD-001553,2025-12-07,payment,wallet,6959.84,successful
PAY-0001554,ORD-001554,2026-02-02,payment,net_banking,25716.2,successful
PAY-0001555,ORD-001555,2025-11-28,payment,wallet,9070.53,successful
PAY-0001556,ORD-001556,2026-07-17,payment,credit_card,7711.32,failed
PAY-0001557,ORD-001557,2025-11-24,payment,wallet,12930.02,failed
PAY-0001558,ORD-001558,2025-08-17,payment,wallet,39016.19,successful
PAY-0001559,ORD-001559,2026-01-09,payment,net_banking,13845.31,successful
PAY-0001560,ORD-001560,2025-12-09,payment,wallet,20748.15,successful
PAY-0001561,ORD-001561,2025-12-15,payment,upi,3855.45,successful
PAY-0001562,ORD-001562,2025-08-19,payment,debit_card,5596.01,successful
PAY-0001563,ORD-001563,2026-02-02,payment,wallet,38638.98,successful
PAY-0001564,ORD-001564,2026-07-23,payment,wallet,20660.44,successful
PAY-0001565,ORD-001565,2026-04-13,payment,upi,4492.01,successful
PAY-0001566,ORD-001566,2026-02-21,payment,credit_card,14319.41,successful
PAY-0001567,ORD-001567,2025-10-28,payment,wallet,7680.86,successful
PAY-0001568,ORD-001568,2026-06-20,payment,wallet,11060.07,successful
PAY-0001569,ORD-001569,2025-08-14,payment,wallet,19621.71,successful
PAY-0001570,ORD-001570,2026-04-30,payment,wallet,18427.02,failed
PAY-0001571,ORD-001571,2025-10-22,payment,upi,6887.26,successful
PAY-0001572,ORD-001572,2026-04-26,payment,credit_card,13203.22,successful
PAY-0001573,ORD-001573,2026-05-09,payment,net_banking,8028.15,successful
PAY-0001574,ORD-001574,2025-11-20,payment,net_banking,12412.63,successful
PAY-0001575,ORD-001575,2026-07-24,payment,debit_card,1197.2,successful
PAY-0001576,ORD-001576,2025-05-17,payment,credit_card,11899.29,successful
PAY-0001577,ORD-001577,2025-06-19,payment,net_banking,7575.89,successful
PAY-0001578,ORD-001578,2026-03-14,payment,debit_card,16037.13,successful
PAY-0001579,ORD-001579,2025-09-01,payment,credit_card,2261.08,successful
PAY-0001580,ORD-001580,2025-12-29,payment,wallet,5081.04,successful
PAY-0001581,ORD-001581,2026-06-20,payment,net_banking,19482.64,successful
PAY-0001582,ORD-001582,2025-10-23,payment,credit_card,16489.86,successful
PAY-0001583,ORD-001583,2026-04-29,payment,upi,5603.82,failed
PAY-0001584,ORD-001584,2026-06-07,payment,upi,1937.7,successful
PAY-0001585,ORD-001585,2026-01-26,payment,upi,14734.94,pending
PAY-0001586,ORD-001586,2026-03-11,payment,net_banking,26266.46,successful
PAY-0001587,ORD-001587,2025-08-05,payment,debit_card,8591.58,successful
PAY-0001588,ORD-001588,2026-06-04,payment,debit_card,16978.61,successful
PAY-0001589,ORD-001589,2026-04-17,payment,upi,37320.32,successful
PAY-0001590,ORD-001590,2025-05-24,payment,credit_card,5096.49,successful
PAY-0001591,ORD-001591,2025-12-19,payment,upi,14449.88,successful
PAY-0001592,ORD-001592,2026-02-12,payment,debit_card,11428.71,successful
PAY-0001593,ORD-001593,2025-10-19,payment,net_banking,3404.89,successful
PAY-0001594,ORD-001594,2025-01-28,payment,net_banking,2329.18,successful
PAY-0001595,ORD-001595,2026-06-02,payment,wallet,22021.35,successful
PAY-0001596,ORD-001596,2025-08-15,payment,wallet,14663.27,successful
PAY-0001597,ORD-001597,2026-01-10,payment,upi,14837.2,successful
PAY-0001598,ORD-001598,2025-04-10,payment,net_banking,18331.17,successful
PAY-0001599,ORD-001599,2026-05-22,payment,net_banking,569.3,successful
PAY-0001600,ORD-001600,2025-12-16,payment,upi,1506.53,successful
PAY-0001601,ORD-001601,2025-10-17,payment,wallet,16354.48,successful
PAY-0001602,ORD-001602,2026-01-08,payment,credit_card,4508.27,successful
PAY-0001603,ORD-001603,2026-07-10,payment,net_banking,11496.22,successful
PAY-0001604,ORD-001604,2026-03-22,payment,wallet,4266.92,successful
PAY-0001605,ORD-001605,2025-08-21,payment,debit_card,5643.24,successful
PAY-0001606,ORD-001606,2026-06-30,payment,wallet,8890.27,successful
PAY-0001607,ORD-001607,2025-03-22,payment,debit_card,7635.32,successful
PAY-0001608,ORD-001608,2025-11-17,payment,net_banking,12965.13,failed
PAY-0001609,ORD-001609,2026-03-02,payment,wallet,6303.44,successful
PAY-0001610,ORD-001610,2026-01-29,payment,debit_card,22000.04,pending
PAY-0001611,ORD-001611,2025-08-22,payment,net_banking,14212.16,successful
PAY-0001612,ORD-001612,2025-01-13,payment,wallet,5480.91,successful
PAY-0001613,ORD-001613,2025-05-11,payment,wallet,14949.63,successful
PAY-0001614,ORD-001614,2026-07-13,payment,wallet,13672.54,successful
PAY-0001615,ORD-001615,2025-09-24,payment,upi,23402.86,successful
PAY-0001616,ORD-001616,2025-08-13,payment,credit_card,4307.87,successful
PAY-0001617,ORD-001617,2025-02-10,payment,debit_card,3145.57,successful
PAY-0001618,ORD-001618,2026-06-06,payment,credit_card,10149.69,successful
PAY-0001619,ORD-001619,2025-08-02,payment,wallet,6583.28,successful
PAY-0001620,ORD-001620,2026-07-10,payment,net_banking,10811.53,successful
PAY-0001621,ORD-001621,2025-11-25,payment,wallet,30800.49,failed
PAY-0001622,ORD-001622,2025-05-10,payment,upi,4311.91,successful
PAY-0001623,ORD-001623,2026-06-16,payment,net_banking,6945.75,failed
PAY-0001624,ORD-001624,2026-07-13,payment,credit_card,17524.65,successful
PAY-0001625,ORD-001625,2026-06-21,payment,upi,21002.35,successful
PAY-0001626,ORD-001626,2026-06-04,payment,credit_card,9024.73,successful
PAY-0001627,ORD-001627,2026-02-01,payment,credit_card,37729.61,successful
PAY-0001628,ORD-001628,2026-01-22,payment,net_banking,8980.01,successful
PAY-0001629,ORD-001629,2026-06-09,payment,credit_card,32782.44,successful
PAY-0001630,ORD-001630,2026-07-10,payment,debit_card,49969.81,successful
PAY-0001631,ORD-001631,2026-07-23,payment,net_banking,11065.41,failed
PAY-0001632,ORD-001632,2026-07-12,payment,debit_card,5185.44,successful
PAY-0001633,ORD-001633,2026-03-12,payment,credit_card,30666.3,successful
PAY-0001634,ORD-001634,2025-11-23,payment,wallet,19358.02,successful
PAY-0001635,ORD-001635,2025-10-12,payment,upi,40375.94,successful
PAY-0001636,ORD-001636,2026-05-20,payment,upi,2368.53,successful
PAY-0001637,ORD-001637,2026-05-19,payment,upi,11355.09,failed
PAY-0001638,ORD-001638,2025-07-09,payment,net_banking,34855.01,failed
PAY-0001639,ORD-001639,2025-01-06,payment,debit_card,16123.73,failed
PAY-0001640,ORD-001640,2026-04-11,payment,debit_card,10621.52,successful
PAY-0001641,ORD-001641,2025-05-17,payment,net_banking,40612.44,pending
PAY-0001642,ORD-001642,2026-07-30,payment,upi,10096.6,successful
PAY-0001643,ORD-001643,2026-06-08,payment,credit_card,20358.13,successful
PAY-0001644,ORD-001644,2026-07-12,payment,upi,12808.31,successful
PAY-0001645,ORD-001645,2026-01-27,payment,upi,15427.63,successful
PAY-0001646,ORD-001646,2025-12-08,payment,upi,39282.19,successful
PAY-0001647,ORD-001647,2025-12-09,payment,debit_card,15037.83,successful
PAY-0001648,ORD-001648,2026-05-04,payment,net_banking,19120.59,successful
PAY-0001649,ORD-001649,2025-03-10,payment,credit_card,3112.77,successful
PAY-0001650,ORD-001650,2026-07-20,payment,wallet,30513.36,successful
PAY-0001651,ORD-001651,2026-05-23,payment,wallet,9179.99,successful
PAY-0001652,ORD-001652,2026-06-13,payment,debit_card,19239.81,successful
PAY-0001653,ORD-001653,2025-03-15,payment,debit_card,8771.72,failed
PAY-0001654,ORD-001654,2025-07-17,payment,credit_card,31219.92,failed
PAY-0001655,ORD-001655,2026-07-03,payment,debit_card,63772.66,successful
PAY-0001656,ORD-001656,2026-01-16,payment,credit_card,19455.39,successful
PAY-0001657,ORD-001657,2025-07-29,payment,wallet,12192.72,successful
PAY-0001658,ORD-001658,2026-03-26,payment,upi,63217.52,failed
PAY-0001659,ORD-001659,2026-06-28,payment,credit_card,20490.24,successful
PAY-0001660,ORD-001660,2025-04-09,payment,debit_card,12312.71,successful
PAY-0001661,ORD-001661,2026-07-13,payment,net_banking,34497.84,successful
PAY-0001662,ORD-001662,2026-04-22,payment,wallet,5204.47,successful
PAY-0001663,ORD-001663,2026-06-19,payment,debit_card,2299.9,successful
PAY-0001664,ORD-001664,2025-05-25,payment,debit_card,10178.21,successful
PAY-0001665,ORD-001665,2026-07-26,payment,upi,19302.75,successful
PAY-0001666,ORD-001666,2025-10-22,payment,credit_card,5063.18,successful
PAY-0001667,ORD-001667,2026-04-11,payment,debit_card,10893.5,successful
PAY-0001668,ORD-001668,2026-07-31,payment,credit_card,6537.61,successful
PAY-0001669,ORD-001669,2026-03-18,payment,wallet,27132.92,successful
PAY-0001670,ORD-001670,2026-07-22,payment,debit_card,8106.34,successful
PAY-0001671,ORD-001671,2026-05-28,payment,net_banking,19609.77,successful
PAY-0001672,ORD-001672,2026-04-01,payment,upi,38811.82,successful
PAY-0001673,ORD-001673,2026-07-08,payment,debit_card,24591.38,successful
PAY-0001674,ORD-001674,2026-05-26,payment,net_banking,17445.95,successful
PAY-0001675,ORD-001675,2026-02-24,payment,debit_card,7607.61,successful
PAY-0001676,ORD-001676,2026-06-10,payment,debit_card,24632.45,pending
PAY-0001677,ORD-001677,2026-03-04,payment,upi,13631.11,successful
PAY-0001678,ORD-001678,2025-10-19,payment,credit_card,10960.36,successful
PAY-0001679,ORD-001679,2025-03-16,payment,debit_card,21372.63,successful
PAY-0001680,ORD-001680,2025-10-21,payment,net_banking,13679.94,failed
PAY-0001681,ORD-001681,2026-06-09,payment,credit_card,31510.45,successful
PAY-0001682,ORD-001682,2025-03-07,payment,wallet,8390.73,successful
PAY-0001683,ORD-001683,2026-06-20,payment,wallet,32863.31,successful
PAY-0001684,ORD-001684,2025-12-22,payment,credit_card,7066.78,successful
PAY-0001685,ORD-001685,2025-01-28,payment,wallet,22333.06,successful
PAY-0001686,ORD-001686,2026-06-01,payment,wallet,14201.9,successful
PAY-0001687,ORD-001687,2025-02-17,payment,wallet,12961.0,successful
PAY-0001688,ORD-001688,2025-12-19,payment,net_banking,19422.26,successful
PAY-0001689,ORD-001689,2025-10-20,payment,wallet,24780.33,successful
PAY-0001690,ORD-001690,2026-07-14,payment,credit_card,17580.36,successful
PAY-0001691,ORD-001691,2026-03-03,payment,net_banking,1927.23,successful
PAY-0001692,ORD-001692,2025-03-10,payment,debit_card,24531.47,successful
PAY-0001693,ORD-001693,2025-09-27,payment,upi,16124.79,successful
PAY-0001694,ORD-001694,2026-05-31,payment,credit_card,58188.55,successful
PAY-0001695,ORD-001695,2026-07-14,payment,wallet,14010.9,successful
PAY-0001696,ORD-001696,2026-04-11,payment,wallet,2063.18,successful
PAY-0001697,ORD-001697,2026-04-28,payment,net_banking,30222.44,failed
PAY-0001698,ORD-001698,2026-07-01,payment,upi,10014.18,successful
PAY-0001699,ORD-001699,2026-04-08,payment,net_banking,9795.68,successful
PAY-0001700,ORD-001700,2025-07-14,payment,upi,35583.7,successful
PAY-0001701,ORD-001701,2026-04-25,payment,net_banking,2097.33,successful
PAY-0001702,ORD-001702,2025-10-11,payment,debit_card,21200.42,successful
PAY-0001703,ORD-001703,2025-12-03,payment,wallet,2101.23,successful
PAY-0001704,ORD-001704,2026-01-28,payment,wallet,16376.23,successful
PAY-0001705,ORD-001705,2025-12-14,payment,credit_card,22535.35,successful
PAY-0001706,ORD-001706,2025-06-05,payment,wallet,29364.11,successful
PAY-0001707,ORD-001707,2026-04-21,payment,upi,11942.79,successful
PAY-0001708,ORD-001708,2026-02-19,payment,debit_card,24074.48,successful
PAY-0001709,ORD-001709,2025-10-30,payment,upi,28475.98,successful
PAY-0001710,ORD-001710,2025-12-26,payment,wallet,19082.52,successful
PAY-0001711,ORD-001711,2025-10-30,payment,wallet,11251.35,failed
PAY-0001712,ORD-001712,2026-03-25,payment,credit_card,5592.35,successful
PAY-0001713,ORD-001713,2026-03-29,payment,wallet,20498.25,successful
PAY-0001714,ORD-001714,2026-06-16,payment,wallet,10301.01,successful
PAY-0001715,ORD-001715,2026-07-29,payment,upi,24584.98,successful
PAY-0001716,ORD-001716,2026-07-12,payment,net_banking,17535.33,successful
PAY-0001717,ORD-001717,2025-06-16,payment,credit_card,17247.02,successful
PAY-0001718,ORD-001718,2025-10-21,payment,net_banking,30476.47,successful
PAY-0001719,ORD-001719,2025-06-21,payment,credit_card,36780.67,successful
PAY-0001720,ORD-001720,2026-07-07,payment,net_banking,3150.89,successful
PAY-0001721,ORD-001721,2025-04-21,payment,credit_card,1876.48,successful
PAY-0001722,ORD-001722,2025-09-19,payment,upi,2504.75,successful
PAY-0001723,ORD-001723,2026-07-30,payment,net_banking,9318.97,failed
PAY-0001724,ORD-001724,2026-06-19,payment,upi,47577.56,failed
PAY-0001725,ORD-001725,2025-03-25,payment,credit_card,16372.43,failed
PAY-0001726,ORD-001726,2025-09-15,payment,net_banking,3904.12,successful
PAY-0001727,ORD-001727,2026-04-26,payment,upi,13522.45,successful
PAY-0001728,ORD-001728,2025-09-12,payment,net_banking,10802.3,successful
PAY-0001729,ORD-001729,2025-10-24,payment,credit_card,5325.53,successful
PAY-0001730,ORD-001730,2025-04-01,payment,debit_card,6043.84,successful
PAY-0001731,ORD-001731,2025-12-15,payment,upi,2455.16,successful
PAY-0001732,ORD-001732,2025-03-14,payment,credit_card,689.96,successful
PAY-0001733,ORD-001733,2025-10-03,payment,credit_card,25980.58,successful
PAY-0001734,ORD-001734,2026-05-10,payment,wallet,26420.38,successful
PAY-0001735,ORD-001735,2025-09-03,payment,upi,8980.3,successful
PAY-0001736,ORD-001736,2026-06-18,payment,net_banking,17329.52,successful
PAY-0001737,ORD-001737,2026-05-14,payment,wallet,20361.3,successful
PAY-0001738,ORD-001738,2025-03-20,payment,upi,74374.21,successful
PAY-0001739,ORD-001739,2026-04-17,payment,wallet,7512.16,successful
PAY-0001740,ORD-001740,2026-06-10,payment,net_banking,16955.3,successful
PAY-0001741,ORD-001741,2026-07-26,payment,credit_card,18532.95,successful
PAY-0001742,ORD-001742,2025-07-27,payment,net_banking,9001.11,successful
PAY-0001743,ORD-001743,2025-08-17,payment,net_banking,22532.17,successful
PAY-0001744,ORD-001744,2025-09-03,payment,credit_card,11818.22,successful
PAY-0001745,ORD-001745,2026-01-10,payment,debit_card,11504.86,successful
PAY-0001746,ORD-001746,2026-07-17,payment,upi,22098.6,successful
PAY-0001747,ORD-001747,2026-01-11,payment,credit_card,5484.31,successful
PAY-0001748,ORD-001748,2026-06-05,payment,wallet,31860.13,successful
PAY-0001749,ORD-001749,2026-03-23,payment,wallet,15004.22,successful
PAY-0001750,ORD-001750,2025-12-19,payment,net_banking,9409.66,successful
PAY-0001751,ORD-001751,2025-11-03,payment,net_banking,4101.33,successful
PAY-0001752,ORD-001752,2026-03-16,payment,wallet,18746.95,successful
PAY-0001753,ORD-001753,2025-12-03,payment,upi,41004.22,failed
PAY-0001754,ORD-001754,2026-04-03,payment,debit_card,11192.54,successful
PAY-0001755,ORD-001755,2026-07-20,payment,wallet,4263.12,successful
PAY-0001756,ORD-001756,2026-01-27,payment,net_banking,23277.79,successful
PAY-0001757,ORD-001757,2025-09-18,payment,credit_card,2853.89,successful
PAY-0001758,ORD-001758,2026-04-26,payment,credit_card,24132.35,successful
PAY-0001759,ORD-001759,2026-03-25,payment,credit_card,39017.02,successful
PAY-0001760,ORD-001760,2025-07-07,payment,wallet,22186.63,successful
PAY-0001761,ORD-001761,2026-04-06,payment,upi,29136.54,successful
PAY-0001762,ORD-001762,2026-04-17,payment,debit_card,10561.31,successful
PAY-0001763,ORD-001763,2026-05-27,payment,upi,15348.35,successful
PAY-0001764,ORD-001764,2025-04-23,payment,net_banking,30420.05,successful
PAY-0001765,ORD-001765,2026-05-31,payment,wallet,32196.18,successful
PAY-0001766,ORD-001766,2025-10-31,payment,debit_card,19135.13,successful
PAY-0001767,ORD-001767,2026-07-10,payment,upi,14757.0,successful
PAY-0001768,ORD-001768,2026-03-28,payment,credit_card,9594.7,successful
PAY-0001769,ORD-001769,2025-12-03,payment,net_banking,12610.8,successful
PAY-0001770,ORD-001770,2026-07-13,payment,wallet,29583.52,successful
PAY-0001771,ORD-001771,2025-08-12,payment,debit_card,40142.67,successful
PAY-0001772,ORD-001772,2026-06-22,payment,credit_card,43146.25,successful
PAY-0001773,ORD-001773,2025-11-24,payment,credit_card,10962.24,successful
PAY-0001774,ORD-001774,2026-07-28,payment,upi,15719.33,successful
PAY-0001775,ORD-001775,2026-04-27,payment,wallet,14003.11,successful
PAY-0001776,ORD-001776,2026-07-17,payment,upi,15237.54,successful
PAY-0001777,ORD-001777,2025-12-10,payment,upi,10532.16,successful
PAY-0001778,ORD-001778,2026-03-29,payment,wallet,8110.61,successful
PAY-0001779,ORD-001779,2026-07-04,payment,debit_card,55282.95,successful
PAY-0001780,ORD-001780,2025-03-30,payment,credit_card,40429.42,successful
PAY-0001781,ORD-001781,2026-03-17,payment,wallet,6526.46,successful
PAY-0001782,ORD-001782,2026-07-20,payment,credit_card,27566.51,successful
PAY-0001783,ORD-001783,2026-06-26,payment,credit_card,9397.0,pending
PAY-0001784,ORD-001784,2026-06-11,payment,upi,58660.95,successful
PAY-0001785,ORD-001785,2026-03-09,payment,net_banking,10967.29,successful
PAY-0001786,ORD-001786,2026-05-27,payment,credit_card,12080.62,successful
PAY-0001787,ORD-001787,2026-01-05,payment,credit_card,9219.09,successful
PAY-0001788,ORD-001788,2025-10-04,payment,upi,18998.48,successful
PAY-0001789,ORD-001789,2025-05-19,payment,debit_card,32914.97,successful
PAY-0001790,ORD-001790,2026-07-23,payment,net_banking,29322.92,pending
PAY-0001791,ORD-001791,2026-02-20,payment,upi,5823.91,failed
PAY-0001792,ORD-001792,2026-03-12,payment,net_banking,29192.36,successful
PAY-0001793,ORD-001793,2026-07-26,payment,credit_card,3906.58,successful
PAY-0001794,ORD-001794,2025-08-13,payment,upi,23161.41,successful
PAY-0001795,ORD-001795,2026-05-05,payment,upi,2985.87,pending
PAY-0001796,ORD-001796,2025-07-18,payment,credit_card,30577.29,successful
PAY-0001797,ORD-001797,2026-04-11,payment,credit_card,26877.24,pending
PAY-0001798,ORD-001798,2025-08-14,payment,debit_card,19905.54,successful
PAY-0001799,ORD-001799,2026-01-30,payment,credit_card,22668.35,successful
PAY-0001800,ORD-001800,2025-11-19,payment,credit_card,20287.8,successful
PAY-0001801,ORD-001801,2026-01-08,payment,credit_card,16082.41,successful
PAY-0001802,ORD-001802,2026-07-06,payment,upi,16712.68,successful
PAY-0001803,ORD-001803,2026-06-01,payment,debit_card,39694.78,successful
PAY-0001804,ORD-001804,2026-03-07,payment,debit_card,6391.36,successful
PAY-0001805,ORD-001805,2025-12-01,payment,wallet,51846.99,successful
PAY-0001806,ORD-001806,2026-05-31,payment,upi,28943.72,successful
PAY-0001807,ORD-001807,2025-11-10,payment,credit_card,29119.54,successful
PAY-0001808,ORD-001808,2026-01-08,payment,upi,2858.03,failed
PAY-0001809,ORD-001809,2026-07-30,payment,credit_card,16566.83,successful
PAY-0001810,ORD-001810,2026-02-06,payment,credit_card,9338.1,failed
PAY-0001811,ORD-001811,2025-02-23,payment,net_banking,12398.85,successful
PAY-0001812,ORD-001812,2026-06-28,payment,wallet,11061.54,successful
PAY-0001813,ORD-001813,2026-06-02,payment,net_banking,15548.47,successful
PAY-0001814,ORD-001814,2025-08-26,payment,net_banking,32736.6,successful
PAY-0001815,ORD-001815,2025-11-08,payment,debit_card,12144.75,successful
PAY-0001816,ORD-001816,2025-09-17,payment,debit_card,17155.17,successful
PAY-0001817,ORD-001817,2026-07-30,payment,credit_card,27972.71,successful
PAY-0001818,ORD-001818,2025-09-21,payment,debit_card,11383.53,successful
PAY-0001819,ORD-001819,2026-05-28,payment,net_banking,23017.82,successful
PAY-0001820,ORD-001820,2025-07-30,payment,debit_card,17879.78,successful
PAY-0001821,ORD-001821,2026-02-24,payment,wallet,2446.41,failed
PAY-0001822,ORD-001822,2026-01-25,payment,upi,54619.69,successful
PAY-0001823,ORD-001823,2025-10-31,payment,credit_card,9196.48,successful
PAY-0001824,ORD-001824,2026-06-17,payment,credit_card,8925.96,failed
PAY-0001825,ORD-001825,2025-04-10,payment,wallet,10085.09,successful
PAY-0001826,ORD-001826,2026-05-20,payment,upi,5336.27,successful
PAY-0001827,ORD-001827,2026-04-28,payment,wallet,14907.31,successful
PAY-0001828,ORD-001828,2025-04-25,payment,wallet,20411.73,successful
PAY-0001829,ORD-001829,2026-07-11,payment,credit_card,10457.41,successful
PAY-0001830,ORD-001830,2026-07-31,payment,upi,5250.27,successful
PAY-0001831,ORD-001831,2025-12-28,payment,debit_card,10860.3,successful
PAY-0001832,ORD-001832,2026-06-03,payment,credit_card,8550.21,successful
PAY-0001833,ORD-001833,2026-03-12,payment,debit_card,5237.18,failed
PAY-0001834,ORD-001834,2025-07-05,payment,credit_card,27187.75,failed
PAY-0001835,ORD-001835,2025-07-01,payment,credit_card,10972.51,successful
PAY-0001836,ORD-001836,2025-11-21,payment,debit_card,11592.38,successful
PAY-0001837,ORD-001837,2026-01-28,payment,upi,32583.87,successful
PAY-0001838,ORD-001838,2025-07-11,payment,credit_card,19006.7,successful
PAY-0001839,ORD-001839,2026-02-05,payment,credit_card,23281.53,successful
PAY-0001840,ORD-001840,2026-07-04,payment,upi,23957.48,successful
PAY-0001841,ORD-001841,2026-03-04,payment,credit_card,29094.21,successful
PAY-0001842,ORD-001842,2026-03-12,payment,credit_card,2634.47,successful
PAY-0001843,ORD-001843,2026-06-13,payment,credit_card,17526.33,successful
PAY-0001844,ORD-001844,2025-10-20,payment,upi,1952.52,successful
PAY-0001845,ORD-001845,2026-06-19,payment,wallet,17101.16,successful
PAY-0001846,ORD-001846,2025-09-05,payment,debit_card,5362.89,successful
PAY-0001847,ORD-001847,2026-01-22,payment,net_banking,31421.02,successful
PAY-0001848,ORD-001848,2026-07-29,payment,credit_card,15803.86,failed
PAY-0001849,ORD-001849,2026-03-25,payment,credit_card,1640.03,successful
PAY-0001850,ORD-001850,2026-04-06,payment,net_banking,14625.96,pending
PAY-0001851,ORD-001851,2025-01-07,payment,credit_card,13754.65,successful
PAY-0001852,ORD-001852,2025-10-24,payment,credit_card,19304.75,successful
PAY-0001853,ORD-001853,2026-07-23,payment,upi,23739.63,successful
PAY-0001854,ORD-001854,2025-08-18,payment,upi,9467.21,successful
PAY-0001855,ORD-001855,2026-03-06,payment,debit_card,7718.73,successful
PAY-0001856,ORD-001856,2025-07-07,payment,wallet,474.36,failed
PAY-0001857,ORD-001857,2026-04-19,payment,debit_card,39052.18,successful
PAY-0001858,ORD-001858,2026-06-23,payment,wallet,24653.46,successful
PAY-0001859,ORD-001859,2026-06-26,payment,upi,20544.81,pending
PAY-0001860,ORD-001860,2026-01-16,payment,net_banking,22629.43,successful
PAY-0001861,ORD-001861,2026-02-01,payment,upi,2507.03,failed
PAY-0001862,ORD-001862,2026-07-11,payment,debit_card,40317.02,successful
PAY-0001863,ORD-001863,2026-07-15,payment,wallet,8180.88,successful
PAY-0001864,ORD-001864,2025-11-16,payment,debit_card,25333.31,successful
PAY-0001865,ORD-001865,2025-01-30,payment,net_banking,22183.36,failed
PAY-0001866,ORD-001866,2026-07-16,payment,net_banking,42175.77,failed
PAY-0001867,ORD-001867,2026-07-12,payment,wallet,9644.94,successful
PAY-0001868,ORD-001868,2025-10-03,payment,net_banking,4661.47,successful
PAY-0001869,ORD-001869,2026-04-21,payment,credit_card,42900.91,successful
PAY-0001870,ORD-001870,2026-03-17,payment,upi,9216.25,successful
PAY-0001871,ORD-001871,2025-09-11,payment,credit_card,54754.91,successful
PAY-0001872,ORD-001872,2025-08-28,payment,upi,4096.5,successful
PAY-0001873,ORD-001873,2026-06-25,payment,upi,26658.17,successful
PAY-0001874,ORD-001874,2026-06-02,payment,upi,13909.43,successful
PAY-0001875,ORD-001875,2025-10-09,payment,upi,28741.26,successful
PAY-0001876,ORD-001876,2025-07-08,payment,wallet,21269.57,successful
PAY-0001877,ORD-001877,2026-07-16,payment,debit_card,17286.23,successful
PAY-0001878,ORD-001878,2026-06-08,payment,net_banking,22840.27,successful
PAY-0001879,ORD-001879,2026-06-11,payment,wallet,43193.22,successful
PAY-0001880,ORD-001880,2026-05-31,payment,debit_card,23075.71,successful
PAY-0001881,ORD-001881,2026-03-28,payment,upi,917.86,successful
PAY-0001882,ORD-001882,2026-03-20,payment,debit_card,2899.38,successful
PAY-0001883,ORD-001883,2025-09-17,payment,debit_card,10977.91,successful
PAY-0001884,ORD-001884,2026-04-24,payment,wallet,3418.61,successful
PAY-0001885,ORD-001885,2025-11-21,payment,wallet,24367.98,successful
PAY-0001886,ORD-001886,2026-05-19,payment,credit_card,2002.65,successful
PAY-0001887,ORD-001887,2025-11-29,payment,wallet,4350.78,successful
PAY-0001888,ORD-001888,2025-08-15,payment,upi,6602.86,successful
PAY-0001889,ORD-001889,2025-01-09,payment,upi,15669.21,successful
PAY-0001890,ORD-001890,2025-02-03,payment,debit_card,1495.51,successful
PAY-0001891,ORD-001891,2025-09-03,payment,net_banking,14183.28,failed
PAY-0001892,ORD-001892,2026-06-21,payment,wallet,5825.31,successful
PAY-0001893,ORD-001893,2026-06-30,payment,wallet,8330.52,successful
PAY-0001894,ORD-001894,2026-05-24,payment,credit_card,9570.02,failed
PAY-0001895,ORD-001895,2026-07-03,payment,net_banking,11547.14,successful
PAY-0001896,ORD-001896,2025-01-14,payment,debit_card,21328.7,successful
PAY-0001897,ORD-001897,2026-07-12,payment,upi,23841.79,successful
PAY-0001898,ORD-001898,2026-07-23,payment,upi,33410.86,successful
PAY-0001899,ORD-001899,2026-05-06,payment,upi,4091.78,successful
PAY-0001900,ORD-001900,2026-03-26,payment,credit_card,2473.22,pending
PAY-0001901,ORD-001901,2025-05-04,payment,debit_card,31608.67,successful
PAY-0001902,ORD-001902,2026-06-07,payment,debit_card,12374.84,successful
PAY-0001903,ORD-001903,2025-04-17,payment,credit_card,17023.72,successful
PAY-0001904,ORD-001904,2026-03-31,payment,debit_card,11462.11,successful
PAY-0001905,ORD-001905,2026-07-29,payment,net_banking,9683.13,failed
PAY-0001906,ORD-001906,2026-06-04,payment,net_banking,6138.58,successful
PAY-0001907,ORD-001907,2026-05-24,payment,upi,20707.7,failed
PAY-0001908,ORD-001908,2026-05-10,payment,debit_card,7059.3,successful
PAY-0001909,ORD-001909,2026-04-25,payment,debit_card,6329.69,successful
PAY-0001910,ORD-001910,2026-07-16,payment,upi,7706.12,successful
PAY-0001911,ORD-001911,2025-07-27,payment,credit_card,11855.08,successful
PAY-0001912,ORD-001912,2026-01-13,payment,wallet,8059.16,successful
PAY-0001913,ORD-001913,2026-04-17,payment,credit_card,9829.54,successful
PAY-0001914,ORD-001914,2025-08-07,payment,net_banking,3778.1,pending
PAY-0001915,ORD-001915,2026-02-10,payment,net_banking,5981.7,failed
PAY-0001916,ORD-001916,2025-12-20,payment,credit_card,9031.13,successful
PAY-0001917,ORD-001917,2026-03-29,payment,debit_card,18165.69,successful
PAY-0001918,ORD-001918,2026-04-11,payment,net_banking,22780.64,successful
PAY-0001919,ORD-001919,2026-06-24,payment,net_banking,32389.17,successful
PAY-0001920,ORD-001920,2025-09-28,payment,credit_card,23208.36,successful
PAY-0001921,ORD-001921,2026-03-24,payment,debit_card,3259.04,successful
PAY-0001922,ORD-001922,2026-07-07,payment,debit_card,34558.99,successful
PAY-0001923,ORD-001923,2025-12-10,payment,credit_card,22669.98,successful
PAY-0001924,ORD-001924,2025-04-29,payment,upi,20098.68,successful
PAY-0001925,ORD-001925,2025-12-15,payment,net_banking,4124.17,successful
PAY-0001926,ORD-001926,2026-05-21,payment,net_banking,1141.87,successful
PAY-0001927,ORD-001927,2026-04-09,payment,wallet,8354.42,successful
PAY-0001928,ORD-001928,2025-10-07,payment,upi,18359.56,successful
PAY-0001929,ORD-001929,2025-12-21,payment,net_banking,22231.13,successful
PAY-0001930,ORD-001930,2026-05-10,payment,net_banking,1839.72,successful
PAY-0001931,ORD-001931,2025-11-30,payment,wallet,7762.91,successful
PAY-0001932,ORD-001932,2026-07-12,payment,wallet,13666.45,successful
PAY-0001933,ORD-001933,2026-03-23,payment,upi,5368.02,successful
PAY-0001934,ORD-001934,2025-11-19,payment,debit_card,5353.37,successful
PAY-0001935,ORD-001935,2026-04-16,payment,wallet,3933.34,successful
PAY-0001936,ORD-001936,2026-03-13,payment,net_banking,49154.09,failed
PAY-0001937,ORD-001937,2025-02-10,payment,net_banking,882.84,successful
PAY-0001938,ORD-001938,2026-01-29,payment,credit_card,14971.73,successful
PAY-0001939,ORD-001939,2025-05-18,payment,net_banking,29253.18,failed
PAY-0001940,ORD-001940,2026-07-17,payment,net_banking,11735.52,successful
PAY-0001941,ORD-001941,2026-04-20,payment,debit_card,7161.95,pending
PAY-0001942,ORD-001942,2026-04-19,payment,wallet,10852.72,successful
PAY-0001943,ORD-001943,2026-01-23,payment,net_banking,7424.8,successful
PAY-0001944,ORD-001944,2025-06-20,payment,net_banking,26936.95,successful
PAY-0001945,ORD-001945,2025-06-30,payment,debit_card,22470.47,successful
PAY-0001946,ORD-001946,2026-03-05,payment,debit_card,3496.38,successful
PAY-0001947,ORD-001947,2025-08-28,payment,upi,30077.28,failed
PAY-0001948,ORD-001948,2025-09-06,payment,net_banking,4358.86,successful
PAY-0001949,ORD-001949,2026-05-27,payment,wallet,9917.19,successful
PAY-0001950,ORD-001950,2025-04-09,payment,wallet,63324.04,successful
PAY-0001951,ORD-001951,2026-05-30,payment,credit_card,39514.58,failed
PAY-0001952,ORD-001952,2026-04-29,payment,upi,6524.7,successful
PAY-0001953,ORD-001953,2025-06-20,payment,wallet,51239.13,successful
PAY-0001954,ORD-001954,2026-04-26,payment,debit_card,15649.81,successful
PAY-0001955,ORD-001955,2025-09-22,payment,upi,43424.44,successful
PAY-0001956,ORD-001956,2026-07-28,payment,wallet,2778.37,successful
PAY-0001957,ORD-001957,2026-05-18,payment,debit_card,60974.79,failed
PAY-0001958,ORD-001958,2026-07-15,payment,debit_card,16872.47,successful
PAY-0001959,ORD-001959,2025-06-30,payment,wallet,10322.32,successful
PAY-0001960,ORD-001960,2026-06-18,payment,upi,14240.89,successful
PAY-0001961,ORD-001961,2026-07-06,payment,wallet,2824.09,successful
PAY-0001962,ORD-001962,2026-01-21,payment,wallet,3163.08,successful
PAY-0001963,ORD-001963,2026-07-01,payment,wallet,932.46,successful
PAY-0001964,ORD-001964,2026-06-11,payment,net_banking,8160.77,successful
PAY-0001965,ORD-001965,2026-01-18,payment,upi,16408.86,successful
PAY-0001966,ORD-001966,2026-06-04,payment,debit_card,24573.25,successful
PAY-0001967,ORD-001967,2025-06-30,payment,credit_card,1520.41,pending
PAY-0001968,ORD-001968,2026-05-12,payment,debit_card,36798.9,successful
PAY-0001969,ORD-001969,2026-06-14,payment,wallet,39016.23,successful
PAY-0001970,ORD-001970,2026-07-18,payment,credit_card,15501.22,successful
PAY-0001971,ORD-001971,2026-05-25,payment,net_banking,9818.23,successful
PAY-0001972,ORD-001972,2025-10-06,payment,upi,15088.25,successful
PAY-0001973,ORD-001973,2026-02-03,payment,wallet,27155.06,successful
PAY-0001974,ORD-001974,2025-06-05,payment,credit_card,28739.31,successful
PAY-0001975,ORD-001975,2025-03-20,payment,debit_card,10819.34,successful
PAY-0001976,ORD-001976,2026-07-31,payment,net_banking,2464.87,successful
PAY-0001977,ORD-001977,2026-06-27,payment,debit_card,10899.52,successful
PAY-0001978,ORD-001978,2026-07-22,payment,upi,5830.75,successful
PAY-0001979,ORD-001979,2026-07-30,payment,upi,12135.04,failed
PAY-0001980,ORD-001980,2025-05-08,payment,wallet,9178.5,successful
PAY-0001981,ORD-001981,2025-04-08,payment,net_banking,27398.6,successful
PAY-0001982,ORD-001982,2026-02-23,payment,net_banking,2385.56,successful
PAY-0001983,ORD-001983,2025-10-19,payment,net_banking,39190.58,successful
PAY-0001984,ORD-001984,2026-06-11,payment,upi,23110.61,successful
PAY-0001985,ORD-001985,2025-01-14,payment,debit_card,33570.08,successful
PAY-0001986,ORD-001986,2026-06-19,payment,debit_card,786.03,failed
PAY-0001987,ORD-001987,2026-05-24,payment,debit_card,17646.25,successful
PAY-0001988,ORD-001988,2025-07-29,payment,credit_card,13719.6,successful
PAY-0001989,ORD-001989,2026-07-31,payment,net_banking,6001.37,successful
PAY-0001990,ORD-001990,2025-10-26,payment,net_banking,10606.55,successful
PAY-0001991,ORD-001991,2026-06-17,payment,wallet,1895.92,successful
PAY-0001992,ORD-001992,2026-07-17,payment,upi,21371.26,successful
PAY-0001993,ORD-001993,2025-12-17,payment,net_banking,25017.18,successful
PAY-0001994,ORD-001994,2025-06-08,payment,wallet,13928.86,successful
PAY-0001995,ORD-001995,2026-03-26,payment,credit_card,12701.5,failed
PAY-0001996,ORD-001996,2025-12-11,payment,wallet,6542.96,successful
PAY-0001997,ORD-001997,2025-01-25,payment,wallet,6894.5,successful
PAY-0001998,ORD-001998,2025-09-03,payment,upi,32843.7,successful
PAY-0001999,ORD-001999,2026-03-09,payment,net_banking,5731.7,successful
PAY-0002000,ORD-002000,2025-10-07,payment,debit_card,16732.81,successful
PAY-0002001,ORD-002001,2025-06-05,payment,upi,26839.69,successful
PAY-0002002,ORD-002002,2026-01-18,payment,debit_card,5874.44,successful
PAY-0002003,ORD-002003,2026-07-25,payment,wallet,26710.94,pending
PAY-0002004,ORD-002004,2026-04-10,payment,net_banking,17190.19,successful
PAY-0002005,ORD-002005,2025-12-16,payment,credit_card,11950.52,successful
PAY-0002006,ORD-002006,2026-03-01,payment,debit_card,42020.05,successful
PAY-0002007,ORD-002007,2026-07-16,payment,net_banking,41923.77,failed
PAY-0002008,ORD-002008,2025-05-20,payment,debit_card,65322.27,successful
PAY-0002009,ORD-002009,2025-05-15,payment,credit_card,5558.67,successful
PAY-0002010,ORD-002010,2025-05-17,payment,wallet,9414.65,successful
PAY-0002011,ORD-002011,2026-06-04,payment,upi,10565.96,successful
PAY-0002012,ORD-002012,2026-04-26,payment,debit_card,3232.82,successful
PAY-0002013,ORD-002013,2026-01-23,payment,credit_card,23228.8,successful
PAY-0002014,ORD-002014,2026-05-27,payment,wallet,9621.07,successful
PAY-0002015,ORD-002015,2026-01-11,payment,net_banking,36561.47,successful
PAY-0002016,ORD-002016,2026-07-25,payment,debit_card,12497.19,successful
PAY-0002017,ORD-002017,2026-07-21,payment,wallet,19535.04,successful
PAY-0002018,ORD-002018,2026-07-08,payment,net_banking,33032.52,successful
PAY-0002019,ORD-002019,2026-04-28,payment,net_banking,24662.92,successful
PAY-0002020,ORD-002020,2026-01-01,payment,credit_card,10164.48,successful
PAY-0002021,ORD-002021,2025-04-07,payment,wallet,23237.24,successful
PAY-0002022,ORD-002022,2026-05-31,payment,debit_card,17707.25,failed
PAY-0002023,ORD-002023,2025-07-03,payment,upi,4682.44,successful
PAY-0002024,ORD-002024,2025-09-16,payment,net_banking,5251.92,successful
PAY-0002025,ORD-002025,2025-12-09,payment,net_banking,21401.64,successful
PAY-0002026,ORD-002026,2026-03-31,payment,upi,13372.86,failed
PAY-0002027,ORD-002027,2026-03-13,payment,debit_card,38213.97,successful
PAY-0002028,ORD-002028,2026-07-28,payment,credit_card,10063.78,successful
PAY-0002029,ORD-002029,2026-02-16,payment,net_banking,4623.88,successful
PAY-0002030,ORD-002030,2026-04-05,payment,upi,1935.51,successful
PAY-0002031,ORD-002031,2026-03-22,payment,credit_card,28181.64,failed
PAY-0002032,ORD-002032,2026-03-23,payment,debit_card,13731.39,successful
PAY-0002033,ORD-002033,2026-06-11,payment,upi,5783.85,successful
PAY-0002034,ORD-002034,2025-08-06,payment,debit_card,25516.52,successful
PAY-0002035,ORD-002035,2026-06-28,payment,net_banking,9914.28,failed
PAY-0002036,ORD-002036,2025-11-30,payment,wallet,8025.91,pending
PAY-0002037,ORD-002037,2026-06-23,payment,wallet,3079.15,successful
PAY-0002038,ORD-002038,2025-12-04,payment,upi,43479.8,successful
PAY-0002039,ORD-002039,2025-05-30,payment,net_banking,1243.16,successful
PAY-0002040,ORD-002040,2026-04-19,payment,credit_card,15536.22,successful
PAY-0002041,ORD-002041,2026-03-19,payment,upi,6229.51,failed
PAY-0002042,ORD-002042,2026-07-18,payment,net_banking,26709.91,successful
PAY-0002043,ORD-002043,2025-02-17,payment,upi,25136.15,successful
PAY-0002044,ORD-002044,2025-10-01,payment,debit_card,24578.16,successful
PAY-0002045,ORD-002045,2025-05-06,payment,net_banking,31277.16,successful
PAY-0002046,ORD-002046,2026-02-23,payment,wallet,20823.44,successful
PAY-0002047,ORD-002047,2026-05-30,payment,debit_card,6416.7,failed
PAY-0002048,ORD-002048,2025-08-07,payment,wallet,8411.63,successful
PAY-0002049,ORD-002049,2025-07-10,payment,wallet,2528.4,successful
PAY-0002050,ORD-002050,2026-04-04,payment,upi,2392.92,successful
PAY-0002051,ORD-002051,2026-07-24,payment,credit_card,15945.89,successful
PAY-0002052,ORD-002052,2025-08-02,payment,wallet,9764.22,successful
PAY-0002053,ORD-002053,2026-06-29,payment,debit_card,19429.88,successful
PAY-0002054,ORD-002054,2025-10-28,payment,wallet,19861.96,successful
PAY-0002055,ORD-002055,2026-07-29,payment,net_banking,10975.01,successful
PAY-0002056,ORD-002056,2026-07-10,payment,debit_card,11987.25,successful
PAY-0002057,ORD-002057,2026-07-24,payment,upi,16015.1,successful
PAY-0002058,ORD-002058,2026-04-14,payment,debit_card,22412.38,successful
PAY-0002059,ORD-002059,2025-01-09,payment,wallet,26984.74,successful
PAY-0002060,ORD-002060,2026-06-05,payment,wallet,13639.48,successful
PAY-0002061,ORD-002061,2025-02-26,payment,credit_card,15730.67,successful
PAY-0002062,ORD-002062,2026-06-09,payment,wallet,6930.71,successful
PAY-0002063,ORD-002063,2025-07-21,payment,credit_card,5172.29,failed
PAY-0002064,ORD-002064,2026-02-03,payment,debit_card,11691.88,successful
PAY-0002065,ORD-002065,2025-06-03,payment,debit_card,7065.49,pending
PAY-0002066,ORD-002066,2025-05-18,payment,upi,29621.66,successful
PAY-0002067,ORD-002067,2026-05-26,payment,credit_card,40547.44,successful
PAY-0002068,ORD-002068,2025-11-05,payment,debit_card,2651.91,successful
PAY-0002069,ORD-002069,2026-07-08,payment,upi,27866.66,successful
PAY-0002070,ORD-002070,2025-12-03,payment,net_banking,35856.16,successful
PAY-0002071,ORD-002071,2025-12-24,payment,debit_card,9960.05,successful
PAY-0002072,ORD-002072,2026-06-16,payment,upi,27344.62,successful
PAY-0002073,ORD-002073,2026-05-05,payment,upi,43539.36,successful
PAY-0002074,ORD-002074,2026-06-11,payment,credit_card,17834.26,successful
PAY-0002075,ORD-002075,2026-07-10,payment,wallet,18144.08,pending
PAY-0002076,ORD-002076,2026-05-10,payment,upi,7735.75,successful
PAY-0002077,ORD-002077,2025-04-08,payment,debit_card,14411.67,successful
PAY-0002078,ORD-002078,2026-05-03,payment,wallet,44467.49,successful
PAY-0002079,ORD-002079,2025-08-03,payment,wallet,22866.64,successful
PAY-0002080,ORD-002080,2026-02-23,payment,wallet,11996.43,successful
PAY-0002081,ORD-002081,2025-03-06,payment,credit_card,36826.01,successful
PAY-0002082,ORD-002082,2025-12-08,payment,upi,5032.85,successful
PAY-0002083,ORD-002083,2025-10-23,payment,debit_card,15365.87,successful
PAY-0002084,ORD-002084,2026-07-25,payment,credit_card,28198.04,successful
PAY-0002085,ORD-002085,2026-04-09,payment,net_banking,2209.74,successful
PAY-0002086,ORD-002086,2026-03-14,payment,debit_card,7083.92,failed
PAY-0002087,ORD-002087,2026-07-02,payment,net_banking,728.62,successful
PAY-0002088,ORD-002088,2026-06-09,payment,net_banking,10284.69,successful
PAY-0002089,ORD-002089,2026-07-28,payment,debit_card,19179.76,successful
PAY-0002090,ORD-002090,2026-05-22,payment,wallet,42296.4,successful
PAY-0002091,ORD-002091,2025-07-20,payment,net_banking,12833.67,successful
PAY-0002092,ORD-002092,2026-06-02,payment,wallet,13050.01,failed
PAY-0002093,ORD-002093,2026-05-01,payment,net_banking,9912.35,successful
PAY-0002094,ORD-002094,2026-07-31,payment,credit_card,8672.99,successful
PAY-0002095,ORD-002095,2026-06-02,payment,net_banking,29749.33,successful
PAY-0002096,ORD-002096,2026-06-25,payment,net_banking,4616.74,successful
PAY-0002097,ORD-002097,2026-07-22,payment,debit_card,7708.35,successful
PAY-0002098,ORD-002098,2025-09-06,payment,upi,34133.01,successful
PAY-0002099,ORD-002099,2025-03-25,payment,debit_card,1657.95,successful
PAY-0002100,ORD-002100,2025-01-28,payment,upi,29027.23,successful
PAY-0002101,ORD-002101,2026-06-03,payment,upi,11216.54,successful
PAY-0002102,ORD-002102,2025-12-16,payment,upi,7484.94,successful
PAY-0002103,ORD-002103,2026-07-04,payment,debit_card,6261.95,successful
PAY-0002104,ORD-002104,2026-05-07,payment,credit_card,23014.64,successful
PAY-0002105,ORD-002105,2025-10-05,payment,wallet,6651.21,successful
PAY-0002106,ORD-002106,2026-07-31,payment,wallet,8756.69,successful
PAY-0002107,ORD-002107,2026-07-28,payment,upi,8275.01,successful
PAY-0002108,ORD-002108,2026-04-25,payment,debit_card,3935.23,successful
PAY-0002109,ORD-002109,2025-06-20,payment,debit_card,42559.58,successful
PAY-0002110,ORD-002110,2026-06-18,payment,wallet,1444.4,failed
PAY-0002111,ORD-002111,2025-10-06,payment,wallet,4868.95,successful
PAY-0002112,ORD-002112,2026-07-23,payment,credit_card,23508.43,successful
PAY-0002113,ORD-002113,2026-07-27,payment,upi,8108.28,successful
PAY-0002114,ORD-002114,2026-05-12,payment,wallet,19779.93,successful
PAY-0002115,ORD-002115,2025-07-24,payment,credit_card,9399.61,successful
PAY-0002116,ORD-002116,2025-08-27,payment,net_banking,2889.45,successful
PAY-0002117,ORD-002117,2026-04-25,payment,debit_card,20574.04,successful
PAY-0002118,ORD-002118,2025-05-02,payment,upi,3096.1,successful
PAY-0002119,ORD-002119,2026-06-12,payment,wallet,31550.96,successful
PAY-0002120,ORD-002120,2025-03-03,payment,net_banking,6202.36,successful
PAY-0002121,ORD-002121,2025-08-10,payment,credit_card,14850.41,successful
PAY-0002122,ORD-002122,2025-06-01,payment,credit_card,15370.57,successful
PAY-0002123,ORD-002123,2026-06-21,payment,net_banking,23816.93,successful
PAY-0002124,ORD-002124,2026-06-02,payment,net_banking,1245.76,pending
PAY-0002125,ORD-002125,2025-08-16,payment,upi,6666.47,successful
PAY-0002126,ORD-002126,2026-07-30,payment,net_banking,11002.25,successful
PAY-0002127,ORD-002127,2025-11-26,payment,net_banking,14225.09,failed
PAY-0002128,ORD-002128,2026-07-21,payment,credit_card,45362.65,successful
PAY-0002129,ORD-002129,2026-06-16,payment,net_banking,27330.97,successful
PAY-0002130,ORD-002130,2025-09-10,payment,upi,7134.4,successful
PAY-0002131,ORD-002131,2026-03-20,payment,wallet,26015.08,successful
PAY-0002132,ORD-002132,2026-01-31,payment,debit_card,44293.35,successful
PAY-0002133,ORD-002133,2025-09-03,payment,net_banking,3599.19,failed
PAY-0002134,ORD-002134,2026-07-21,payment,upi,11686.01,successful
PAY-0002135,ORD-002135,2026-05-07,payment,credit_card,9071.16,successful
PAY-0002136,ORD-002136,2026-03-14,payment,credit_card,36265.66,successful
PAY-0002137,ORD-002137,2025-05-16,payment,wallet,7259.58,failed
PAY-0002138,ORD-002138,2026-01-08,payment,net_banking,12044.66,failed
PAY-0002139,ORD-002139,2026-05-10,payment,upi,3217.57,failed
PAY-0002140,ORD-002140,2026-05-24,payment,credit_card,23570.35,successful
PAY-0002141,ORD-002141,2026-06-15,payment,wallet,30584.68,successful
PAY-0002142,ORD-002142,2026-02-20,payment,credit_card,11170.01,successful
PAY-0002143,ORD-002143,2025-05-05,payment,net_banking,2355.64,successful
PAY-0002144,ORD-002144,2026-06-27,payment,net_banking,28261.57,successful
PAY-0002145,ORD-002145,2026-06-20,payment,debit_card,5684.33,failed
PAY-0002146,ORD-002146,2025-10-14,payment,upi,12497.6,successful
PAY-0002147,ORD-002147,2026-06-26,payment,debit_card,2032.84,successful
PAY-0002148,ORD-002148,2025-11-24,payment,debit_card,11208.35,successful
PAY-0002149,ORD-002149,2026-04-09,payment,wallet,20173.29,failed
PAY-0002150,ORD-002150,2025-09-24,payment,net_banking,7056.61,successful
PAY-0002151,ORD-002151,2025-07-04,payment,debit_card,32489.49,successful
PAY-0002152,ORD-002152,2025-10-13,payment,wallet,13736.04,successful
PAY-0002153,ORD-002153,2026-07-28,payment,wallet,17279.51,failed
PAY-0002154,ORD-002154,2025-06-06,payment,debit_card,24381.24,successful
PAY-0002155,ORD-002155,2026-02-21,payment,debit_card,28702.1,successful
PAY-0002156,ORD-002156,2025-10-21,payment,debit_card,4434.57,pending
PAY-0002157,ORD-002157,2026-06-18,payment,upi,3476.59,successful
PAY-0002158,ORD-002158,2025-09-26,payment,upi,27010.79,successful
PAY-0002159,ORD-002159,2026-04-18,payment,net_banking,12080.86,failed
PAY-0002160,ORD-002160,2026-06-23,payment,debit_card,767.88,successful
PAY-0002161,ORD-002161,2026-02-02,payment,upi,21974.96,successful
PAY-0002162,ORD-002162,2025-12-02,payment,wallet,8382.93,successful
PAY-0002163,ORD-002163,2026-03-26,payment,upi,1933.16,failed
PAY-0002164,ORD-002164,2026-06-28,payment,upi,3502.96,successful
PAY-0002165,ORD-002165,2026-04-27,payment,upi,23558.9,successful
PAY-0002166,ORD-002166,2026-07-25,payment,credit_card,8318.86,successful
PAY-0002167,ORD-002167,2026-02-18,payment,wallet,7495.25,successful
PAY-0002168,ORD-002168,2025-08-06,payment,wallet,11772.12,failed
PAY-0002169,ORD-002169,2026-06-05,payment,upi,38048.45,successful
PAY-0002170,ORD-002170,2026-02-12,payment,credit_card,16591.85,failed
PAY-0002171,ORD-002171,2025-11-29,payment,debit_card,11281.96,successful
PAY-0002172,ORD-002172,2025-07-12,payment,net_banking,10847.7,failed
PAY-0002173,ORD-002173,2026-03-10,payment,debit_card,13248.56,successful
PAY-0002174,ORD-002174,2025-12-02,payment,debit_card,6514.26,successful
PAY-0002175,ORD-002175,2025-04-19,payment,net_banking,9623.05,successful
PAY-0002176,ORD-002176,2026-03-14,payment,credit_card,778.74,successful
PAY-0002177,ORD-002177,2025-08-16,payment,debit_card,36330.62,successful
PAY-0002178,ORD-002178,2026-07-19,payment,net_banking,20532.27,successful
PAY-0002179,ORD-002179,2025-06-18,payment,debit_card,17850.05,successful
PAY-0002180,ORD-002180,2025-05-23,payment,debit_card,22328.11,successful
PAY-0002181,ORD-002181,2025-11-08,payment,credit_card,8917.47,successful
PAY-0002182,ORD-002182,2025-12-21,payment,net_banking,9203.88,successful
PAY-0002183,ORD-002183,2026-03-29,payment,wallet,5184.9,successful
PAY-0002184,ORD-002184,2026-04-28,payment,wallet,7670.4,successful
PAY-0002185,ORD-002185,2026-07-26,payment,upi,17339.82,successful
PAY-0002186,ORD-002186,2026-06-23,payment,net_banking,12190.97,successful
PAY-0002187,ORD-002187,2026-07-31,payment,credit_card,24193.1,successful
PAY-0002188,ORD-002188,2026-01-14,payment,credit_card,3044.61,pending
PAY-0002189,ORD-002189,2026-06-01,payment,wallet,27782.29,failed
PAY-0002190,ORD-002190,2025-01-18,payment,debit_card,2379.36,successful
PAY-0002191,ORD-002191,2025-12-26,payment,upi,27395.53,successful
PAY-0002192,ORD-002192,2025-08-08,payment,upi,30226.5,successful
PAY-0002193,ORD-002193,2025-06-17,payment,upi,9039.72,successful
PAY-0002194,ORD-002194,2026-04-18,payment,debit_card,44572.31,successful
PAY-0002195,ORD-002195,2025-01-25,payment,upi,23407.61,failed
PAY-0002196,ORD-002196,2025-05-31,payment,net_banking,674.46,successful
PAY-0002197,ORD-002197,2026-04-14,payment,net_banking,11246.34,successful
PAY-0002198,ORD-002198,2026-06-18,payment,credit_card,417.83,successful
PAY-0002199,ORD-002199,2026-01-24,payment,credit_card,24377.29,successful
PAY-0002200,ORD-002200,2026-07-16,payment,debit_card,6412.46,successful
PAY-0002201,ORD-002201,2026-07-12,payment,debit_card,24917.98,successful
PAY-0002202,ORD-002202,2025-02-23,payment,credit_card,1221.16,successful
PAY-0002203,ORD-002203,2025-10-05,payment,credit_card,32362.34,successful
PAY-0002204,ORD-002204,2025-05-20,payment,credit_card,8704.86,successful
PAY-0002205,ORD-002205,2025-10-03,payment,net_banking,8183.51,successful
PAY-0002206,ORD-002206,2026-07-26,payment,upi,7515.15,successful
PAY-0002207,ORD-002207,2025-12-25,payment,debit_card,1459.54,failed
PAY-0002208,ORD-002208,2026-07-29,payment,credit_card,9095.89,successful
PAY-0002209,ORD-002209,2025-10-19,payment,credit_card,12957.7,failed
PAY-0002210,ORD-002210,2026-07-18,payment,upi,24353.26,successful
PAY-0002211,ORD-002211,2025-11-26,payment,net_banking,27922.21,pending
PAY-0002212,ORD-002212,2025-10-30,payment,debit_card,26314.08,successful
PAY-0002213,ORD-002213,2025-06-08,payment,net_banking,10010.73,successful
PAY-0002214,ORD-002214,2026-06-19,payment,debit_card,8928.46,pending
PAY-0002215,ORD-002215,2026-06-18,payment,wallet,31946.43,successful
PAY-0002216,ORD-002216,2025-05-09,payment,debit_card,8408.36,successful
PAY-0002217,ORD-002217,2025-04-10,payment,wallet,34340.78,successful
PAY-0002218,ORD-002218,2026-03-03,payment,wallet,11870.81,successful
PAY-0002219,ORD-002219,2025-10-19,payment,debit_card,19740.17,successful
PAY-0002220,ORD-002220,2026-02-07,payment,debit_card,24165.16,pending
PAY-0002221,ORD-002221,2026-05-08,payment,debit_card,25063.09,successful
PAY-0002222,ORD-002222,2026-07-18,payment,debit_card,14321.68,successful
PAY-0002223,ORD-002223,2025-08-09,payment,debit_card,9276.96,successful
PAY-0002224,ORD-002224,2026-04-18,payment,debit_card,29991.71,successful
PAY-0002225,ORD-002225,2025-10-18,payment,upi,12040.57,successful
PAY-0002226,ORD-002226,2025-10-14,payment,wallet,19253.22,successful
PAY-0002227,ORD-002227,2025-09-19,payment,upi,37672.49,successful
PAY-0002228,ORD-002228,2026-01-22,payment,debit_card,2029.87,successful
PAY-0002229,ORD-002229,2025-11-20,payment,net_banking,10977.8,successful
PAY-0002230,ORD-002230,2025-08-21,payment,wallet,19091.09,successful
PAY-0002231,ORD-002231,2025-02-23,payment,upi,9521.51,successful
PAY-0002232,ORD-002232,2025-02-06,payment,net_banking,9820.63,successful
PAY-0002233,ORD-002233,2026-03-09,payment,wallet,6712.15,successful
PAY-0002234,ORD-002234,2026-05-11,payment,debit_card,1622.32,successful
PAY-0002235,ORD-002235,2025-11-08,payment,debit_card,1565.98,successful
PAY-0002236,ORD-002236,2026-03-05,payment,upi,15624.96,pending
PAY-0002237,ORD-002237,2026-05-21,payment,debit_card,19197.22,successful
PAY-0002238,ORD-002238,2026-01-30,payment,upi,2816.58,successful
PAY-0002239,ORD-002239,2026-02-07,payment,net_banking,21773.45,successful
PAY-0002240,ORD-002240,2025-11-02,payment,credit_card,2554.79,successful
PAY-0002241,ORD-002241,2026-07-18,payment,upi,42726.64,successful
PAY-0002242,ORD-002242,2025-10-02,payment,debit_card,6388.69,successful
PAY-0002243,ORD-002243,2025-12-08,payment,upi,1985.87,failed
PAY-0002244,ORD-002244,2025-09-10,payment,debit_card,55374.34,successful
PAY-0002245,ORD-002245,2025-09-24,payment,credit_card,1146.14,failed
PAY-0002246,ORD-002246,2026-06-26,payment,debit_card,17612.69,successful
PAY-0002247,ORD-002247,2025-07-19,payment,net_banking,5898.22,successful
PAY-0002248,ORD-002248,2025-11-12,payment,upi,23480.57,successful
PAY-0002249,ORD-002249,2025-10-20,payment,upi,9452.73,successful
PAY-0002250,ORD-002250,2026-01-05,payment,wallet,21192.33,successful
PAY-0002251,ORD-002251,2026-04-02,payment,upi,54092.24,successful
PAY-0002252,ORD-002252,2026-07-22,payment,wallet,21035.95,successful
PAY-0002253,ORD-002253,2026-04-23,payment,debit_card,1888.44,successful
PAY-0002254,ORD-002254,2025-07-11,payment,upi,4711.75,successful
PAY-0002255,ORD-002255,2025-04-30,payment,wallet,21785.68,successful
PAY-0002256,ORD-002256,2026-01-30,payment,debit_card,32362.61,successful
PAY-0002257,ORD-002257,2026-07-30,payment,upi,31227.78,successful
PAY-0002258,ORD-002258,2026-06-07,payment,debit_card,8805.02,successful
PAY-0002259,ORD-002259,2025-08-23,payment,debit_card,909.99,successful
PAY-0002260,ORD-002260,2025-11-14,payment,debit_card,3136.94,successful
PAY-0002261,ORD-002261,2025-12-27,payment,wallet,13437.96,successful
PAY-0002262,ORD-002262,2026-06-08,payment,wallet,942.65,successful
PAY-0002263,ORD-002263,2025-05-18,payment,wallet,16516.42,successful
PAY-0002264,ORD-002264,2026-07-09,payment,upi,3295.14,successful
PAY-0002265,ORD-002265,2025-10-08,payment,credit_card,783.46,successful
PAY-0002266,ORD-002266,2026-05-05,payment,debit_card,4535.87,successful
PAY-0002267,ORD-002267,2026-03-30,payment,upi,39292.48,successful
PAY-0002268,ORD-002268,2025-11-25,payment,net_banking,14524.68,pending
PAY-0002269,ORD-002269,2026-05-30,payment,net_banking,4280.99,successful
PAY-0002270,ORD-002270,2026-02-21,payment,credit_card,10082.86,successful
PAY-0002271,ORD-002271,2026-01-10,payment,upi,9487.28,successful
PAY-0002272,ORD-002272,2026-06-26,payment,net_banking,10756.57,successful
PAY-0002273,ORD-002273,2025-09-22,payment,upi,2058.6,successful
PAY-0002274,ORD-002274,2026-04-08,payment,upi,5112.62,successful
PAY-0002275,ORD-002275,2025-11-27,payment,credit_card,26355.76,successful
PAY-0002276,ORD-002276,2026-07-17,payment,debit_card,35725.6,successful
PAY-0002277,ORD-002277,2025-01-24,payment,wallet,8728.68,successful
PAY-0002278,ORD-002278,2026-03-02,payment,debit_card,36948.08,successful
PAY-0002279,ORD-002279,2026-05-07,payment,debit_card,4264.98,successful
PAY-0002280,ORD-002280,2026-06-30,payment,credit_card,15120.89,successful
PAY-0002281,ORD-002281,2025-07-20,payment,wallet,9373.99,successful
PAY-0002282,ORD-002282,2026-04-23,payment,upi,24047.13,successful
PAY-0002283,ORD-002283,2025-01-16,payment,net_banking,7351.34,successful
PAY-0002284,ORD-002284,2025-04-13,payment,wallet,33240.32,successful
PAY-0002285,ORD-002285,2026-07-30,payment,upi,2845.52,successful
PAY-0002286,ORD-002286,2026-02-07,payment,debit_card,7392.66,successful
PAY-0002287,ORD-002287,2025-01-23,payment,debit_card,1644.35,failed
PAY-0002288,ORD-002288,2026-04-21,payment,upi,18449.89,successful
PAY-0002289,ORD-002289,2025-08-21,payment,net_banking,2427.77,successful
PAY-0002290,ORD-002290,2025-11-25,payment,credit_card,14213.93,successful
PAY-0002291,ORD-002291,2026-05-10,payment,credit_card,10281.04,successful
PAY-0002292,ORD-002292,2026-04-29,payment,debit_card,2438.95,successful
PAY-0002293,ORD-002293,2025-03-20,payment,debit_card,47332.77,failed
PAY-0002294,ORD-002294,2025-10-13,payment,upi,530.84,successful
PAY-0002295,ORD-002295,2026-01-22,payment,credit_card,23459.41,successful
PAY-0002296,ORD-002296,2026-06-25,payment,net_banking,42337.85,successful
PAY-0002297,ORD-002297,2026-03-27,payment,upi,5769.49,successful
PAY-0002298,ORD-002298,2026-06-13,payment,credit_card,8047.73,successful
PAY-0002299,ORD-002299,2026-06-26,payment,credit_card,37406.55,successful
PAY-0002300,ORD-002300,2026-04-10,payment,wallet,2910.6,successful
PAY-0002301,ORD-002301,2025-12-16,payment,debit_card,20718.65,successful
PAY-0002302,ORD-002302,2025-11-10,payment,wallet,6788.02,successful
PAY-0002303,ORD-002303,2026-07-23,payment,wallet,5285.82,successful
PAY-0002304,ORD-002304,2025-09-15,payment,credit_card,11301.51,failed
PAY-0002305,ORD-002305,2025-07-01,payment,wallet,11109.44,successful
PAY-0002306,ORD-002306,2026-07-12,payment,wallet,28227.92,pending
PAY-0002307,ORD-002307,2026-06-14,payment,net_banking,7409.07,successful
PAY-0002308,ORD-002308,2025-11-26,payment,net_banking,14305.82,successful
PAY-0002309,ORD-002309,2026-06-25,payment,net_banking,23563.51,successful
PAY-0002310,ORD-002310,2025-08-22,payment,wallet,18407.69,successful
PAY-0002311,ORD-002311,2026-04-07,payment,wallet,14750.0,successful
PAY-0002312,ORD-002312,2026-06-04,payment,credit_card,1182.39,successful
PAY-0002313,ORD-002313,2025-12-12,payment,debit_card,7804.57,failed
PAY-0002314,ORD-002314,2026-03-06,payment,wallet,20518.58,failed
PAY-0002315,ORD-002315,2026-03-05,payment,credit_card,59533.63,successful
PAY-0002316,ORD-002316,2026-05-07,payment,wallet,32242.41,successful
PAY-0002317,ORD-002317,2026-05-13,payment,upi,15445.17,successful
PAY-0002318,ORD-002318,2026-05-15,payment,debit_card,52612.09,successful
PAY-0002319,ORD-002319,2026-07-22,payment,upi,33842.31,successful
PAY-0002320,ORD-002320,2026-07-01,payment,credit_card,20233.11,successful
PAY-0002321,ORD-002321,2026-06-27,payment,credit_card,11946.18,successful
PAY-0002322,ORD-002322,2026-07-09,payment,credit_card,6846.88,successful
PAY-0002323,ORD-002323,2025-11-11,payment,credit_card,37541.44,successful
PAY-0002324,ORD-002324,2025-12-27,payment,wallet,3291.35,successful
PAY-0002325,ORD-002325,2026-02-04,payment,upi,23855.62,successful
PAY-0002326,ORD-002326,2026-07-26,payment,credit_card,21700.46,pending
PAY-0002327,ORD-002327,2025-11-04,payment,net_banking,3550.76,successful
PAY-0002328,ORD-002328,2026-02-18,payment,wallet,3223.75,successful
PAY-0002329,ORD-002329,2026-07-10,payment,upi,60347.51,successful
PAY-0002330,ORD-002330,2025-02-28,payment,credit_card,19857.17,successful
PAY-0002331,ORD-002331,2026-01-06,payment,debit_card,18554.12,pending
PAY-0002332,ORD-002332,2025-07-31,payment,net_banking,18631.59,successful
PAY-0002333,ORD-002333,2026-07-06,payment,debit_card,2432.56,successful
PAY-0002334,ORD-002334,2026-03-16,payment,debit_card,16024.44,successful
PAY-0002335,ORD-002335,2025-12-14,payment,net_banking,20582.78,successful
PAY-0002336,ORD-002336,2026-03-12,payment,credit_card,14523.69,failed
PAY-0002337,ORD-002337,2025-10-01,payment,net_banking,1959.07,successful
PAY-0002338,ORD-002338,2025-11-10,payment,net_banking,20859.0,failed
PAY-0002339,ORD-002339,2026-03-23,payment,net_banking,2520.88,successful
PAY-0002340,ORD-002340,2026-03-25,payment,net_banking,9868.1,failed
PAY-0002341,ORD-002341,2026-02-22,payment,net_banking,2633.42,successful
PAY-0002342,ORD-002342,2026-05-17,payment,net_banking,43761.76,successful
PAY-0002343,ORD-002343,2025-04-04,payment,wallet,15339.03,successful
PAY-0002344,ORD-002344,2025-12-25,payment,debit_card,6047.09,successful
PAY-0002345,ORD-002345,2026-06-01,payment,debit_card,21767.7,failed
PAY-0002346,ORD-002346,2026-05-09,payment,upi,31040.68,successful
PAY-0002347,ORD-002347,2025-11-09,payment,debit_card,15061.41,successful
PAY-0002348,ORD-002348,2025-11-18,payment,debit_card,6896.1,failed
PAY-0002349,ORD-002349,2026-07-26,payment,net_banking,9769.04,successful
PAY-0002350,ORD-002350,2025-05-19,payment,upi,16975.42,failed
PAY-0002351,ORD-002351,2026-05-25,payment,upi,18750.83,failed
PAY-0002352,ORD-002352,2025-10-25,payment,credit_card,9300.18,successful
PAY-0002353,ORD-002353,2026-06-29,payment,wallet,3168.24,successful
PAY-0002354,ORD-002354,2025-11-13,payment,net_banking,562.3,successful
PAY-0002355,ORD-002355,2026-06-24,payment,upi,43196.45,successful
PAY-0002356,ORD-002356,2026-07-06,payment,upi,1966.1,pending
PAY-0002357,ORD-002357,2026-07-26,payment,credit_card,52039.17,successful
PAY-0002358,ORD-002358,2025-10-28,payment,debit_card,48317.8,successful
PAY-0002359,ORD-002359,2025-10-08,payment,wallet,18041.27,successful
PAY-0002360,ORD-002360,2025-02-16,payment,upi,3979.13,failed
PAY-0002361,ORD-002361,2025-11-05,payment,wallet,10713.81,successful
PAY-0002362,ORD-002362,2026-07-25,payment,debit_card,12017.64,failed
PAY-0002363,ORD-002363,2026-03-09,payment,net_banking,6436.18,pending
PAY-0002364,ORD-002364,2026-05-07,payment,upi,2779.3,successful
PAY-0002365,ORD-002365,2025-08-24,payment,net_banking,13310.31,successful
PAY-0002366,ORD-002366,2025-11-26,payment,wallet,27024.51,successful
PAY-0002367,ORD-002367,2026-04-14,payment,credit_card,12749.59,failed
PAY-0002368,ORD-002368,2025-12-10,payment,net_banking,9611.67,successful
PAY-0002369,ORD-002369,2025-04-02,payment,net_banking,19618.67,successful
PAY-0002370,ORD-002370,2026-07-19,payment,upi,7473.9,successful
PAY-0002371,ORD-002371,2025-11-12,payment,net_banking,11725.98,successful
PAY-0002372,ORD-002372,2025-03-31,payment,net_banking,4269.1,successful
PAY-0002373,ORD-002373,2025-05-26,payment,wallet,23914.47,pending
PAY-0002374,ORD-002374,2025-07-08,payment,net_banking,3661.71,successful
PAY-0002375,ORD-002375,2025-04-27,payment,credit_card,5791.96,successful
PAY-0002376,ORD-002376,2026-03-05,payment,credit_card,18538.59,successful
PAY-0002377,ORD-002377,2026-06-23,payment,net_banking,5139.99,successful
PAY-0002378,ORD-002378,2026-03-02,payment,net_banking,8897.09,successful
PAY-0002379,ORD-002379,2026-06-20,payment,wallet,27622.22,successful
PAY-0002380,ORD-002380,2026-04-28,payment,debit_card,16172.67,successful
PAY-0002381,ORD-002381,2026-03-29,payment,credit_card,2132.76,failed
PAY-0002382,ORD-002382,2026-04-10,payment,upi,13588.44,successful
PAY-0002383,ORD-002383,2025-03-29,payment,wallet,11934.23,failed
PAY-0002384,ORD-002384,2026-04-11,payment,net_banking,7258.4,successful
PAY-0002385,ORD-002385,2025-07-16,payment,upi,20868.69,successful
PAY-0002386,ORD-002386,2026-06-24,payment,net_banking,25408.57,successful
PAY-0002387,ORD-002387,2026-05-13,payment,net_banking,19454.83,successful
PAY-0002388,ORD-002388,2026-07-23,payment,wallet,5707.29,successful
PAY-0002389,ORD-002389,2025-10-21,payment,credit_card,14032.3,successful
PAY-0002390,ORD-002390,2026-06-04,payment,net_banking,43281.31,successful
PAY-0002391,ORD-002391,2025-12-16,payment,upi,22980.97,successful
PAY-0002392,ORD-002392,2026-03-25,payment,upi,46378.94,successful
PAY-0002393,ORD-002393,2026-01-08,payment,net_banking,27764.5,successful
PAY-0002394,ORD-002394,2025-04-20,payment,wallet,12918.7,successful
PAY-0002395,ORD-002395,2025-05-16,payment,wallet,9063.96,successful
PAY-0002396,ORD-002396,2025-10-16,payment,debit_card,10636.23,successful
PAY-0002397,ORD-002397,2025-03-31,payment,debit_card,7550.54,successful
PAY-0002398,ORD-002398,2026-07-05,payment,wallet,16433.38,successful
PAY-0002399,ORD-002399,2025-05-03,payment,debit_card,13783.52,successful
PAY-0002400,ORD-002400,2025-12-12,payment,upi,5090.78,failed
PAY-0002401,ORD-002401,2025-11-26,payment,wallet,8294.72,successful
PAY-0002402,ORD-002402,2026-03-23,payment,debit_card,11328.02,successful
PAY-0002403,ORD-002403,2025-12-29,payment,debit_card,6029.35,successful
PAY-0002404,ORD-002404,2026-07-08,payment,debit_card,1349.36,successful
PAY-0002405,ORD-002405,2026-07-13,payment,wallet,5408.93,successful
PAY-0002406,ORD-002406,2026-07-21,payment,wallet,12866.91,successful
PAY-0002407,ORD-002407,2025-11-29,payment,upi,25253.39,failed
PAY-0002408,ORD-002408,2026-04-13,payment,wallet,10076.06,failed
PAY-0002409,ORD-002409,2026-02-07,payment,upi,14779.64,successful
PAY-0002410,ORD-002410,2026-05-25,payment,wallet,23856.45,successful
PAY-0002411,ORD-002411,2026-07-07,payment,credit_card,22006.79,failed
PAY-0002412,ORD-002412,2025-12-13,payment,debit_card,7295.34,failed
PAY-0002413,ORD-002413,2026-04-24,payment,net_banking,43196.07,successful
PAY-0002414,ORD-002414,2026-06-25,payment,net_banking,67188.36,successful
PAY-0002415,ORD-002415,2025-03-21,payment,wallet,14003.24,successful
PAY-0002416,ORD-002416,2026-07-12,payment,credit_card,56763.24,successful
PAY-0002417,ORD-002417,2025-09-18,payment,net_banking,7362.36,successful
PAY-0002418,ORD-002418,2026-04-16,payment,credit_card,12513.0,successful
PAY-0002419,ORD-002419,2026-07-13,payment,upi,13335.47,successful
PAY-0002420,ORD-002420,2025-08-12,payment,credit_card,15538.95,successful
PAY-0002421,ORD-002421,2025-05-16,payment,wallet,38395.97,failed
PAY-0002422,ORD-002422,2026-06-30,payment,credit_card,25168.86,failed
PAY-0002423,ORD-002423,2026-03-25,payment,credit_card,31886.27,failed
PAY-0002424,ORD-002424,2026-05-26,payment,credit_card,15555.31,successful
PAY-0002425,ORD-002425,2026-07-30,payment,debit_card,11043.04,pending
PAY-0002426,ORD-002426,2026-03-31,payment,credit_card,25700.05,successful
PAY-0002427,ORD-002427,2026-07-24,payment,credit_card,20845.51,successful
PAY-0002428,ORD-002428,2025-06-17,payment,credit_card,21300.81,failed
PAY-0002429,ORD-002429,2025-12-26,payment,debit_card,3017.48,successful
PAY-0002430,ORD-002430,2025-07-06,payment,net_banking,36656.26,successful
PAY-0002431,ORD-002431,2026-02-05,payment,credit_card,12325.7,pending
PAY-0002432,ORD-002432,2026-04-20,payment,wallet,14905.82,successful
PAY-0002433,ORD-002433,2025-12-26,payment,debit_card,37697.68,successful
PAY-0002434,ORD-002434,2026-05-22,payment,credit_card,24710.85,successful
PAY-0002435,ORD-002435,2026-05-11,payment,debit_card,14687.13,successful
PAY-0002436,ORD-002436,2026-01-17,payment,wallet,43592.47,failed
PAY-0002437,ORD-002437,2026-05-12,payment,upi,17063.61,successful
PAY-0002438,ORD-002438,2026-03-01,payment,net_banking,39755.12,successful
PAY-0002439,ORD-002439,2026-07-28,payment,net_banking,19437.96,successful
PAY-0002440,ORD-002440,2025-08-11,payment,upi,13731.41,successful
PAY-0002441,ORD-002441,2026-05-02,payment,credit_card,17385.07,successful
PAY-0002442,ORD-002442,2026-06-02,payment,debit_card,24144.35,successful
PAY-0002443,ORD-002443,2025-11-06,payment,debit_card,8041.59,successful
PAY-0002444,ORD-002444,2025-07-03,payment,debit_card,15923.45,successful
PAY-0002445,ORD-002445,2026-03-27,payment,wallet,16143.86,successful
PAY-0002446,ORD-002446,2026-06-17,payment,debit_card,19807.48,successful
PAY-0002447,ORD-002447,2026-04-12,payment,credit_card,6427.26,successful
PAY-0002448,ORD-002448,2026-07-13,payment,net_banking,4004.28,successful
PAY-0002449,ORD-002449,2025-04-24,payment,debit_card,12042.04,successful
PAY-0002450,ORD-002450,2025-09-17,payment,credit_card,19506.4,successful
PAY-0002451,ORD-002451,2026-04-30,payment,debit_card,5763.05,pending
PAY-0002452,ORD-002452,2026-07-25,payment,debit_card,5611.37,failed
PAY-0002453,ORD-002453,2026-03-18,payment,net_banking,18410.58,successful
PAY-0002454,ORD-002454,2025-04-14,payment,wallet,20206.97,successful
PAY-0002455,ORD-002455,2026-03-08,payment,debit_card,14538.45,successful
PAY-0002456,ORD-002456,2026-04-09,payment,net_banking,1058.46,successful
PAY-0002457,ORD-002457,2026-05-12,payment,net_banking,3824.92,successful
PAY-0002458,ORD-002458,2026-03-24,payment,credit_card,26386.53,successful
PAY-0002459,ORD-002459,2026-07-07,payment,debit_card,2377.64,successful
PAY-0002460,ORD-002460,2026-04-29,payment,upi,484.64,successful
PAY-0002461,ORD-002461,2026-04-24,payment,credit_card,20854.6,successful
PAY-0002462,ORD-002462,2026-07-31,payment,upi,1224.08,successful
PAY-0002463,ORD-002463,2025-12-15,payment,upi,2763.23,failed
PAY-0002464,ORD-002464,2025-05-07,payment,wallet,27669.38,successful
PAY-0002465,ORD-002465,2025-08-13,payment,net_banking,2375.92,successful
PAY-0002466,ORD-002466,2026-04-05,payment,upi,18379.68,successful
PAY-0002467,ORD-002467,2026-05-22,payment,wallet,50398.07,pending
PAY-0002468,ORD-002468,2026-03-05,payment,credit_card,11665.8,successful
PAY-0002469,ORD-002469,2025-08-07,payment,debit_card,50652.72,pending
PAY-0002470,ORD-002470,2025-04-24,payment,net_banking,11630.53,successful
PAY-0002471,ORD-002471,2025-09-28,payment,net_banking,25244.8,successful
PAY-0002472,ORD-002472,2026-06-23,payment,net_banking,12731.96,successful
PAY-0002473,ORD-002473,2025-12-23,payment,net_banking,75622.85,failed
PAY-0002474,ORD-002474,2026-06-30,payment,net_banking,1825.73,successful
PAY-0002475,ORD-002475,2026-01-18,payment,upi,17122.17,successful
PAY-0002476,ORD-002476,2026-07-19,payment,upi,8519.1,successful
PAY-0002477,ORD-002477,2025-09-28,payment,net_banking,3032.41,failed
PAY-0002478,ORD-002478,2026-01-02,payment,upi,16679.56,successful
PAY-0002479,ORD-002479,2026-07-09,payment,net_banking,20131.21,successful
PAY-0002480,ORD-002480,2025-05-05,payment,upi,20201.1,successful
PAY-0002481,ORD-002481,2025-12-22,payment,wallet,16452.1,successful
PAY-0002482,ORD-002482,2025-09-17,payment,wallet,8132.29,failed
PAY-0002483,ORD-002483,2025-04-28,payment,debit_card,5190.01,successful
PAY-0002484,ORD-002484,2025-02-08,payment,net_banking,48969.62,pending
PAY-0002485,ORD-002485,2025-12-08,payment,wallet,30187.99,failed
PAY-0002486,ORD-002486,2026-06-28,payment,credit_card,11076.39,successful
PAY-0002487,ORD-002487,2026-06-27,payment,net_banking,354.27,successful
PAY-0002488,ORD-002488,2026-01-15,payment,credit_card,5216.26,successful
PAY-0002489,ORD-002489,2026-02-21,payment,debit_card,19132.31,successful
PAY-0002490,ORD-002490,2025-07-09,payment,debit_card,8684.88,successful
PAY-0002491,ORD-002491,2026-04-21,payment,credit_card,6026.84,successful
PAY-0002492,ORD-002492,2025-12-18,payment,debit_card,6123.02,successful
PAY-0002493,ORD-002493,2026-03-12,payment,upi,15120.7,failed
PAY-0002494,ORD-002494,2026-06-21,payment,net_banking,9346.99,successful
PAY-0002495,ORD-002495,2025-02-27,payment,upi,5076.73,successful
PAY-0002496,ORD-002496,2025-08-25,payment,upi,13966.02,pending
PAY-0002497,ORD-002497,2026-03-15,payment,upi,10746.55,successful
PAY-0002498,ORD-002498,2025-03-27,payment,debit_card,3716.58,successful
PAY-0002499,ORD-002499,2025-01-24,payment,net_banking,7116.17,failed
PAY-0002500,ORD-002500,2025-09-17,payment,credit_card,23549.91,successful
PAY-0002501,ORD-002501,2025-07-27,payment,net_banking,18493.15,successful
PAY-0002502,ORD-002502,2026-03-03,payment,debit_card,31283.22,successful
PAY-0002503,ORD-002503,2025-06-24,payment,net_banking,24449.31,successful
PAY-0002504,ORD-002504,2026-03-21,payment,net_banking,17392.03,successful
PAY-0002505,ORD-002505,2026-07-23,payment,credit_card,35506.62,pending
PAY-0002506,ORD-002506,2026-02-13,payment,upi,3179.86,successful
PAY-0002507,ORD-002507,2025-11-18,payment,debit_card,5436.26,successful
PAY-0002508,ORD-002508,2025-01-09,payment,upi,9116.9,successful
PAY-0002509,ORD-002509,2025-01-26,payment,credit_card,18244.15,successful
PAY-0002510,ORD-002510,2026-07-22,payment,upi,19151.32,successful
PAY-0002511,ORD-002511,2026-04-07,payment,wallet,7104.71,successful
PAY-0002512,ORD-002512,2026-07-03,payment,debit_card,7408.72,successful
PAY-0002513,ORD-002513,2026-04-12,payment,wallet,5110.25,successful
PAY-0002514,ORD-002514,2025-01-02,payment,credit_card,15978.5,successful
PAY-0002515,ORD-002515,2026-04-15,payment,debit_card,15198.78,failed
PAY-0002516,ORD-002516,2026-02-11,payment,debit_card,16927.47,successful
PAY-0002517,ORD-002517,2026-05-08,payment,upi,27228.24,successful
PAY-0002518,ORD-002518,2025-08-27,payment,credit_card,5843.7,successful
PAY-0002519,ORD-002519,2026-02-21,payment,upi,18876.92,successful
PAY-0002520,ORD-002520,2026-06-04,payment,wallet,13676.44,pending
PAY-0002521,ORD-002521,2026-07-19,payment,credit_card,7599.99,successful
PAY-0002522,ORD-002522,2026-04-18,payment,upi,3342.98,successful
PAY-0002523,ORD-002523,2025-07-27,payment,upi,17201.45,pending
PAY-0002524,ORD-002524,2026-05-31,payment,debit_card,19876.52,successful
PAY-0002525,ORD-002525,2026-05-24,payment,net_banking,44532.35,successful
PAY-0002526,ORD-002526,2025-04-27,payment,debit_card,31700.87,failed
PAY-0002527,ORD-002527,2026-02-23,payment,upi,19751.71,failed
PAY-0002528,ORD-002528,2025-02-14,payment,net_banking,60490.3,successful
PAY-0002529,ORD-002529,2026-02-22,payment,debit_card,5680.59,successful
PAY-0002530,ORD-002530,2026-05-28,payment,upi,2492.55,successful
PAY-0002531,ORD-002531,2026-06-16,payment,upi,30473.84,successful
PAY-0002532,ORD-002532,2026-05-28,payment,wallet,1008.33,successful
PAY-0002533,ORD-002533,2026-07-31,payment,debit_card,33912.85,failed
PAY-0002534,ORD-002534,2026-07-27,payment,debit_card,10888.05,successful
PAY-0002535,ORD-002535,2025-05-17,payment,credit_card,1193.34,successful
PAY-0002536,ORD-002536,2026-05-03,payment,upi,4056.38,successful
PAY-0002537,ORD-002537,2025-07-13,payment,upi,23904.63,failed
PAY-0002538,ORD-002538,2025-12-31,payment,upi,2920.11,failed
PAY-0002539,ORD-002539,2025-04-26,payment,wallet,10733.56,successful
PAY-0002540,ORD-002540,2025-11-07,payment,upi,2049.29,successful
PAY-0002541,ORD-002541,2026-01-28,payment,credit_card,30846.67,successful
PAY-0002542,ORD-002542,2026-07-11,payment,upi,14947.91,successful
PAY-0002543,ORD-002543,2026-07-12,payment,debit_card,27258.15,successful
PAY-0002544,ORD-002544,2026-04-08,payment,net_banking,28550.63,successful
PAY-0002545,ORD-002545,2025-12-06,payment,wallet,11843.45,successful
PAY-0002546,ORD-002546,2026-06-30,payment,credit_card,8560.19,successful
PAY-0002547,ORD-002547,2025-03-03,payment,net_banking,27124.88,successful
PAY-0002548,ORD-002548,2026-07-29,payment,upi,31854.1,successful
PAY-0002549,ORD-002549,2025-08-26,payment,debit_card,12190.82,successful
PAY-0002550,ORD-002550,2025-08-21,payment,credit_card,853.9,successful
PAY-0002551,ORD-002551,2026-06-15,payment,wallet,9914.44,successful
PAY-0002552,ORD-002552,2026-04-19,payment,upi,1305.53,successful
PAY-0002553,ORD-002553,2026-05-06,payment,net_banking,14980.7,successful
PAY-0002554,ORD-002554,2026-02-02,payment,upi,6551.19,successful
PAY-0002555,ORD-002555,2026-04-01,payment,upi,8491.57,successful
PAY-0002556,ORD-002556,2025-06-07,payment,net_banking,40288.15,successful
PAY-0002557,ORD-002557,2026-07-30,payment,wallet,33772.82,successful
PAY-0002558,ORD-002558,2026-06-07,payment,debit_card,17929.38,successful
PAY-0002559,ORD-002559,2026-01-21,payment,credit_card,10371.94,successful
PAY-0002560,ORD-002560,2025-10-18,payment,upi,22539.79,failed
PAY-0002561,ORD-002561,2026-07-16,payment,wallet,38524.3,successful
PAY-0002562,ORD-002562,2025-09-18,payment,credit_card,7254.3,successful
PAY-0002563,ORD-002563,2026-07-06,payment,wallet,15516.88,failed
PAY-0002564,ORD-002564,2026-06-14,payment,debit_card,29945.33,successful
PAY-0002565,ORD-002565,2026-07-06,payment,wallet,17134.36,successful
PAY-0002566,ORD-002566,2026-04-12,payment,upi,25044.87,successful
PAY-0002567,ORD-002567,2025-09-06,payment,debit_card,5653.92,successful
PAY-0002568,ORD-002568,2026-02-07,payment,upi,39271.38,pending
PAY-0002569,ORD-002569,2026-07-31,payment,upi,29601.31,successful
PAY-0002570,ORD-002570,2025-11-04,payment,credit_card,16313.72,pending
PAY-0002571,ORD-002571,2026-07-14,payment,credit_card,12181.65,failed
PAY-0002572,ORD-002572,2025-04-01,payment,debit_card,14016.38,pending
PAY-0002573,ORD-002573,2025-08-21,payment,upi,7738.42,successful
PAY-0002574,ORD-002574,2025-11-18,payment,upi,21231.11,failed
PAY-0002575,ORD-002575,2025-07-26,payment,net_banking,17751.97,successful
PAY-0002576,ORD-002576,2026-06-23,payment,wallet,5036.79,failed
PAY-0002577,ORD-002577,2026-07-05,payment,upi,17096.6,successful
PAY-0002578,ORD-002578,2026-07-07,payment,credit_card,3748.08,successful
PAY-0002579,ORD-002579,2025-06-13,payment,debit_card,18455.96,successful
PAY-0002580,ORD-002580,2025-10-05,payment,credit_card,1528.03,successful
PAY-0002581,ORD-002581,2025-08-30,payment,upi,1486.13,successful
PAY-0002582,ORD-002582,2026-07-13,payment,net_banking,25125.57,successful
PAY-0002583,ORD-002583,2025-10-11,payment,upi,12638.61,successful
PAY-0002584,ORD-002584,2026-05-17,payment,debit_card,14056.35,successful
PAY-0002585,ORD-002585,2026-05-02,payment,wallet,13395.64,successful
PAY-0002586,ORD-002586,2026-06-20,payment,debit_card,1117.57,successful
PAY-0002587,ORD-002587,2026-06-27,payment,upi,17507.08,successful
PAY-0002588,ORD-002588,2026-05-20,payment,net_banking,13863.61,successful
PAY-0002589,ORD-002589,2025-09-14,payment,net_banking,19173.4,successful
PAY-0002590,ORD-002590,2026-01-25,payment,credit_card,1433.22,successful
PAY-0002591,ORD-002591,2026-02-06,payment,credit_card,9097.85,successful
PAY-0002592,ORD-002592,2026-07-01,payment,wallet,23705.23,successful
PAY-0002593,ORD-002593,2025-09-29,payment,wallet,43240.82,pending
PAY-0002594,ORD-002594,2025-03-20,payment,wallet,36835.47,successful
PAY-0002595,ORD-002595,2025-04-09,payment,upi,4977.43,successful
PAY-0002596,ORD-002596,2026-04-15,payment,debit_card,2201.76,successful
PAY-0002597,ORD-002597,2026-04-22,payment,credit_card,8570.09,failed
PAY-0002598,ORD-002598,2025-02-24,payment,net_banking,5216.93,successful
PAY-0002599,ORD-002599,2025-06-14,payment,credit_card,7463.11,successful
PAY-0002600,ORD-002600,2026-01-30,payment,upi,15916.39,successful
PAY-0002601,ORD-002601,2026-06-13,payment,net_banking,8948.95,successful
PAY-0002602,ORD-002602,2026-07-16,payment,debit_card,7477.65,successful
PAY-0002603,ORD-002603,2026-03-10,payment,net_banking,17970.37,pending
PAY-0002604,ORD-002604,2026-02-14,payment,upi,17957.53,pending
PAY-0002605,ORD-002605,2026-02-17,payment,upi,3896.7,successful
PAY-0002606,ORD-002606,2026-02-24,payment,upi,17007.88,successful
PAY-0002607,ORD-002607,2025-12-10,payment,net_banking,10857.52,successful
PAY-0002608,ORD-002608,2025-06-10,payment,debit_card,1170.49,pending
PAY-0002609,ORD-002609,2025-10-21,payment,debit_card,12539.98,successful
PAY-0002610,ORD-002610,2026-06-22,payment,debit_card,6177.44,successful
PAY-0002611,ORD-002611,2026-01-16,payment,credit_card,5575.38,successful
PAY-0002612,ORD-002612,2026-01-25,payment,credit_card,26180.52,successful
PAY-0002613,ORD-002613,2026-04-05,payment,net_banking,7369.51,failed
PAY-0002614,ORD-002614,2026-04-10,payment,credit_card,11423.75,successful
PAY-0002615,ORD-002615,2026-07-04,payment,debit_card,2033.74,successful
PAY-0002616,ORD-002616,2026-07-29,payment,net_banking,16760.21,successful
PAY-0002617,ORD-002617,2026-05-15,payment,upi,1742.59,successful
PAY-0002618,ORD-002618,2025-09-02,payment,upi,2081.8,successful
PAY-0002619,ORD-002619,2026-07-26,payment,debit_card,8376.94,successful
PAY-0002620,ORD-002620,2026-07-25,payment,debit_card,21198.36,successful
PAY-0002621,ORD-002621,2026-03-21,payment,debit_card,15254.87,successful
PAY-0002622,ORD-002622,2025-04-02,payment,upi,29977.44,successful
PAY-0002623,ORD-002623,2026-02-24,payment,net_banking,13854.2,successful
PAY-0002624,ORD-002624,2025-09-03,payment,debit_card,21786.62,failed
PAY-0002625,ORD-002625,2025-05-20,payment,upi,10941.15,successful
PAY-0002626,ORD-002626,2026-04-12,payment,wallet,26003.6,successful
PAY-0002627,ORD-002627,2025-08-10,payment,credit_card,20814.93,successful
PAY-0002628,ORD-002628,2025-10-06,payment,upi,13084.61,successful
PAY-0002629,ORD-002629,2026-06-19,payment,wallet,16354.6,successful
PAY-0002630,ORD-002630,2026-07-05,payment,credit_card,9726.22,successful
PAY-0002631,ORD-002631,2026-04-09,payment,net_banking,16244.05,failed
PAY-0002632,ORD-002632,2025-02-18,payment,debit_card,52728.24,successful
PAY-0002633,ORD-002633,2025-06-15,payment,debit_card,75581.29,pending
PAY-0002634,ORD-002634,2026-07-07,payment,net_banking,8163.2,successful
PAY-0002635,ORD-002635,2025-07-14,payment,wallet,4424.88,successful
PAY-0002636,ORD-002636,2026-03-20,payment,upi,24424.74,successful
PAY-0002637,ORD-002637,2026-07-28,payment,upi,42288.13,failed
PAY-0002638,ORD-002638,2025-12-25,payment,credit_card,28990.82,successful
PAY-0002639,ORD-002639,2025-12-27,payment,debit_card,1903.45,failed
PAY-0002640,ORD-002640,2026-05-28,payment,debit_card,22596.4,successful
PAY-0002641,ORD-002641,2025-04-18,payment,net_banking,13786.49,successful
PAY-0002642,ORD-002642,2025-11-30,payment,upi,14353.27,successful
PAY-0002643,ORD-002643,2026-07-26,payment,credit_card,6848.19,successful
PAY-0002644,ORD-002644,2026-02-02,payment,debit_card,12663.03,successful
PAY-0002645,ORD-002645,2026-07-29,payment,net_banking,35721.09,successful
PAY-0002646,ORD-002646,2026-07-26,payment,credit_card,5950.39,successful
PAY-0002647,ORD-002647,2026-07-27,payment,credit_card,12486.13,successful
PAY-0002648,ORD-002648,2025-11-13,payment,credit_card,4797.37,successful
PAY-0002649,ORD-002649,2026-07-14,payment,wallet,9367.83,successful
PAY-0002650,ORD-002650,2025-12-23,payment,upi,2404.86,successful
PAY-0002651,ORD-002651,2026-02-28,payment,credit_card,18775.33,successful
PAY-0002652,ORD-002652,2026-01-02,payment,debit_card,5774.11,successful
PAY-0002653,ORD-002653,2026-02-05,payment,net_banking,17477.79,successful
PAY-0002654,ORD-002654,2026-03-27,payment,upi,14740.54,successful
PAY-0002655,ORD-002655,2025-07-08,payment,wallet,22941.93,successful
PAY-0002656,ORD-002656,2025-04-14,payment,credit_card,16628.49,successful
PAY-0002657,ORD-002657,2026-04-26,payment,credit_card,20865.56,successful
PAY-0002658,ORD-002658,2026-07-24,payment,wallet,3048.95,successful
PAY-0002659,ORD-002659,2026-07-12,payment,wallet,9634.69,successful
PAY-0002660,ORD-002660,2025-04-23,payment,credit_card,6134.44,successful
PAY-0002661,ORD-002661,2025-11-11,payment,wallet,23215.39,successful
PAY-0002662,ORD-002662,2026-06-26,payment,upi,29153.88,successful
PAY-0002663,ORD-002663,2025-07-15,payment,upi,27825.23,successful
PAY-0002664,ORD-002664,2026-05-11,payment,upi,13781.98,successful
PAY-0002665,ORD-002665,2026-06-27,payment,net_banking,23587.03,successful
PAY-0002666,ORD-002666,2025-02-14,payment,net_banking,11863.07,successful
PAY-0002667,ORD-002667,2026-07-19,payment,net_banking,30887.4,successful
PAY-0002668,ORD-002668,2026-01-17,payment,credit_card,5990.82,successful
PAY-0002669,ORD-002669,2026-05-02,payment,upi,784.88,successful
PAY-0002670,ORD-002670,2025-12-20,payment,credit_card,31962.22,successful
PAY-0002671,ORD-002671,2026-02-22,payment,credit_card,36626.99,successful
PAY-0002672,ORD-002672,2026-03-27,payment,net_banking,5437.52,successful
PAY-0002673,ORD-002673,2026-02-08,payment,wallet,13894.85,successful
PAY-0002674,ORD-002674,2025-09-05,payment,wallet,26525.69,successful
PAY-0002675,ORD-002675,2026-01-10,payment,upi,14221.58,successful
PAY-0002676,ORD-002676,2026-06-19,payment,debit_card,7250.75,successful
PAY-0002677,ORD-002677,2026-07-29,payment,upi,32929.4,successful
PAY-0002678,ORD-002678,2025-08-14,payment,credit_card,6635.48,successful
PAY-0002679,ORD-002679,2026-06-22,payment,upi,1613.0,successful
PAY-0002680,ORD-002680,2025-12-07,payment,credit_card,4489.09,successful
PAY-0002681,ORD-002681,2025-09-12,payment,upi,38715.68,successful
PAY-0002682,ORD-002682,2025-12-13,payment,credit_card,18521.28,successful
PAY-0002683,ORD-002683,2026-02-22,payment,upi,13298.03,successful
PAY-0002684,ORD-002684,2025-11-15,payment,wallet,14013.9,successful
PAY-0002685,ORD-002685,2025-12-07,payment,credit_card,3735.83,successful
PAY-0002686,ORD-002686,2026-05-16,payment,upi,14335.24,successful
PAY-0002687,ORD-002687,2026-06-06,payment,credit_card,23070.1,successful
PAY-0002688,ORD-002688,2025-08-11,payment,upi,16551.91,successful
PAY-0002689,ORD-002689,2025-09-04,payment,credit_card,500.38,successful
PAY-0002690,ORD-002690,2025-07-17,payment,net_banking,30323.76,successful
PAY-0002691,ORD-002691,2026-06-13,payment,debit_card,16335.06,successful
PAY-0002692,ORD-002692,2026-07-22,payment,debit_card,14929.86,successful
PAY-0002693,ORD-002693,2025-12-28,payment,credit_card,20782.82,successful
PAY-0002694,ORD-002694,2025-01-07,payment,debit_card,9579.07,successful
PAY-0002695,ORD-002695,2026-01-07,payment,net_banking,18938.09,successful
PAY-0002696,ORD-002696,2026-06-24,payment,debit_card,15312.95,failed
PAY-0002697,ORD-002697,2026-06-03,payment,wallet,25066.01,successful
PAY-0002698,ORD-002698,2026-07-18,payment,net_banking,23613.66,successful
PAY-0002699,ORD-002699,2025-02-02,payment,upi,44099.23,successful
PAY-0002700,ORD-002700,2026-07-12,payment,credit_card,23195.44,successful
PAY-0002701,ORD-002701,2025-06-04,payment,debit_card,27341.69,successful
PAY-0002702,ORD-002702,2026-05-13,payment,wallet,19876.44,successful
PAY-0002703,ORD-002703,2025-02-23,payment,net_banking,18528.99,successful
PAY-0002704,ORD-002704,2026-04-26,payment,upi,5890.37,successful
PAY-0002705,ORD-002705,2026-01-10,payment,debit_card,5166.72,successful
PAY-0002706,ORD-002706,2025-11-27,payment,wallet,9951.79,successful
PAY-0002707,ORD-002707,2026-06-23,payment,net_banking,14987.92,successful
PAY-0002708,ORD-002708,2026-04-05,payment,wallet,19230.99,successful
PAY-0002709,ORD-002709,2025-12-26,payment,upi,10883.35,failed
PAY-0002710,ORD-002710,2026-06-28,payment,wallet,3258.0,successful
PAY-0002711,ORD-002711,2026-07-28,payment,debit_card,24985.47,failed
PAY-0002712,ORD-002712,2026-03-24,payment,net_banking,2798.52,successful
PAY-0002713,ORD-002713,2026-04-08,payment,credit_card,16860.96,successful
PAY-0002714,ORD-002714,2025-03-25,payment,net_banking,2396.6,successful
PAY-0002715,ORD-002715,2026-04-04,payment,wallet,25438.96,successful
PAY-0002716,ORD-002716,2026-07-13,payment,credit_card,10921.64,successful
PAY-0002717,ORD-002717,2025-06-06,payment,credit_card,19313.15,successful
PAY-0002718,ORD-002718,2025-12-25,payment,net_banking,7945.85,failed
PAY-0002719,ORD-002719,2025-07-20,payment,debit_card,11301.32,successful
PAY-0002720,ORD-002720,2026-05-21,payment,debit_card,8925.11,pending
PAY-0002721,ORD-002721,2026-06-05,payment,net_banking,14841.98,successful
PAY-0002722,ORD-002722,2025-04-02,payment,wallet,2514.0,successful
PAY-0002723,ORD-002723,2026-07-16,payment,credit_card,19803.53,failed
PAY-0002724,ORD-002724,2026-07-22,payment,credit_card,16075.71,successful
PAY-0002725,ORD-002725,2026-06-01,payment,credit_card,49406.61,successful
PAY-0002726,ORD-002726,2026-07-13,payment,debit_card,11132.89,successful
PAY-0002727,ORD-002727,2026-05-07,payment,upi,7799.0,successful
PAY-0002728,ORD-002728,2025-11-27,payment,wallet,13228.78,successful
PAY-0002729,ORD-002729,2025-09-28,payment,credit_card,11090.06,successful
PAY-0002730,ORD-002730,2025-07-02,payment,wallet,4018.1,successful
PAY-0002731,ORD-002731,2025-10-20,payment,wallet,20382.43,successful
PAY-0002732,ORD-002732,2026-07-16,payment,wallet,27429.89,successful
PAY-0002733,ORD-002733,2025-07-09,payment,net_banking,36192.35,successful
PAY-0002734,ORD-002734,2026-06-19,payment,wallet,3553.94,successful
PAY-0002735,ORD-002735,2025-04-17,payment,upi,14506.48,pending
PAY-0002736,ORD-002736,2026-06-19,payment,net_banking,45667.09,successful
PAY-0002737,ORD-002737,2026-07-10,payment,upi,8086.32,successful
PAY-0002738,ORD-002738,2026-07-02,payment,net_banking,12864.05,successful
PAY-0002739,ORD-002739,2026-03-11,payment,upi,31776.92,pending
PAY-0002740,ORD-002740,2026-06-22,payment,wallet,1813.61,successful
PAY-0002741,ORD-002741,2026-06-27,payment,debit_card,4755.34,successful
PAY-0002742,ORD-002742,2026-05-03,payment,debit_card,17102.47,successful
PAY-0002743,ORD-002743,2026-06-20,payment,net_banking,18494.09,failed
PAY-0002744,ORD-002744,2025-12-15,payment,net_banking,37970.91,successful
PAY-0002745,ORD-002745,2026-04-27,payment,credit_card,6822.17,successful
PAY-0002746,ORD-002746,2026-07-11,payment,wallet,39266.46,successful
PAY-0002747,ORD-002747,2026-01-31,payment,net_banking,38807.27,successful
PAY-0002748,ORD-002748,2025-09-08,payment,net_banking,28644.17,successful
PAY-0002749,ORD-002749,2026-04-01,payment,wallet,31637.62,successful
PAY-0002750,ORD-002750,2025-04-08,payment,upi,11045.79,successful
PAY-0002751,ORD-002751,2025-11-04,payment,upi,13088.27,successful
PAY-0002752,ORD-002752,2026-05-14,payment,debit_card,11025.09,successful
PAY-0002753,ORD-002753,2026-04-28,payment,net_banking,16895.87,successful
PAY-0002754,ORD-002754,2025-06-26,payment,net_banking,11336.26,successful
PAY-0002755,ORD-002755,2025-10-17,payment,credit_card,2865.3,successful
PAY-0002756,ORD-002756,2026-07-29,payment,upi,61165.78,successful
PAY-0002757,ORD-002757,2025-03-22,payment,debit_card,10343.84,successful
PAY-0002758,ORD-002758,2026-06-07,payment,net_banking,39973.85,successful
PAY-0002759,ORD-002759,2025-07-12,payment,net_banking,1529.79,successful
PAY-0002760,ORD-002760,2025-11-06,payment,debit_card,6411.19,successful
PAY-0002761,ORD-002761,2026-07-05,payment,net_banking,27093.56,successful
PAY-0002762,ORD-002762,2025-11-16,payment,upi,39462.27,failed
PAY-0002763,ORD-002763,2026-04-12,payment,net_banking,11045.13,successful
PAY-0002764,ORD-002764,2025-09-02,payment,wallet,19063.4,successful
PAY-0002765,ORD-002765,2026-07-30,payment,wallet,17035.53,failed
PAY-0002766,ORD-002766,2026-02-13,payment,upi,62921.08,successful
PAY-0002767,ORD-002767,2025-10-24,payment,credit_card,10649.02,successful
PAY-0002768,ORD-002768,2025-03-22,payment,debit_card,14628.44,successful
PAY-0002769,ORD-002769,2026-07-29,payment,net_banking,23532.5,successful
PAY-0002770,ORD-002770,2025-01-29,payment,credit_card,1545.89,failed
PAY-0002771,ORD-002771,2025-11-06,payment,upi,48025.33,successful
PAY-0002772,ORD-002772,2026-01-06,payment,credit_card,35652.89,successful
PAY-0002773,ORD-002773,2026-03-20,payment,net_banking,11571.39,successful
PAY-0002774,ORD-002774,2025-11-05,payment,wallet,17162.63,successful
PAY-0002775,ORD-002775,2026-05-24,payment,wallet,37886.99,successful
PAY-0002776,ORD-002776,2026-07-23,payment,debit_card,942.65,successful
PAY-0002777,ORD-002777,2026-07-24,payment,wallet,21884.61,successful
PAY-0002778,ORD-002778,2025-07-12,payment,upi,13933.39,successful
PAY-0002779,ORD-002779,2026-05-09,payment,debit_card,13782.79,successful
PAY-0002780,ORD-002780,2025-01-30,payment,debit_card,7564.57,successful
PAY-0002781,ORD-002781,2026-02-21,payment,debit_card,10572.42,successful
PAY-0002782,ORD-002782,2026-01-28,payment,debit_card,5126.97,failed
PAY-0002783,ORD-002783,2026-05-11,payment,credit_card,2533.51,successful
PAY-0002784,ORD-002784,2026-03-22,payment,debit_card,7023.61,successful
PAY-0002785,ORD-002785,2026-07-26,payment,wallet,21434.72,successful
PAY-0002786,ORD-002786,2025-10-07,payment,debit_card,45495.58,successful
PAY-0002787,ORD-002787,2026-06-05,payment,debit_card,22329.2,successful
PAY-0002788,ORD-002788,2026-05-31,payment,credit_card,3362.42,successful
PAY-0002789,ORD-002789,2026-03-28,payment,credit_card,1045.11,successful
PAY-0002790,ORD-002790,2026-03-02,payment,credit_card,2905.79,successful
PAY-0002791,ORD-002791,2026-07-15,payment,credit_card,9066.88,successful
PAY-0002792,ORD-002792,2026-04-12,payment,debit_card,31025.8,successful
PAY-0002793,ORD-002793,2025-12-06,payment,debit_card,27096.53,successful
PAY-0002794,ORD-002794,2026-02-11,payment,net_banking,1116.12,successful
PAY-0002795,ORD-002795,2026-04-24,payment,net_banking,16143.62,successful
PAY-0002796,ORD-002796,2026-03-10,payment,upi,12189.13,failed
PAY-0002797,ORD-002797,2026-04-11,payment,credit_card,12992.41,successful
PAY-0002798,ORD-002798,2025-04-22,payment,net_banking,7051.35,successful
PAY-0002799,ORD-002799,2025-08-25,payment,upi,44555.7,successful
PAY-0002800,ORD-002800,2026-02-17,payment,debit_card,25285.63,successful
PAY-0002801,ORD-002801,2025-06-01,payment,wallet,14588.2,successful
PAY-0002802,ORD-002802,2025-03-14,payment,credit_card,1301.68,successful
PAY-0002803,ORD-002803,2026-01-25,payment,debit_card,55800.49,successful
PAY-0002804,ORD-002804,2025-06-11,payment,upi,33977.93,successful
PAY-0002805,ORD-002805,2026-04-22,payment,debit_card,16176.96,successful
PAY-0002806,ORD-002806,2026-07-12,payment,upi,25084.71,successful
PAY-0002807,ORD-002807,2025-07-21,payment,debit_card,13197.07,successful
PAY-0002808,ORD-002808,2026-07-11,payment,debit_card,10139.85,successful
PAY-0002809,ORD-002809,2025-05-10,payment,credit_card,10515.37,successful
PAY-0002810,ORD-002810,2026-06-29,payment,credit_card,924.36,successful
PAY-0002811,ORD-002811,2025-10-11,payment,credit_card,1585.83,successful
PAY-0002812,ORD-002812,2026-07-07,payment,credit_card,11837.58,successful
PAY-0002813,ORD-002813,2026-05-18,payment,wallet,27028.31,pending
PAY-0002814,ORD-002814,2025-10-17,payment,upi,11594.8,successful
PAY-0002815,ORD-002815,2026-04-21,payment,net_banking,2513.12,successful
PAY-0002816,ORD-002816,2026-03-06,payment,credit_card,33425.81,successful
PAY-0002817,ORD-002817,2026-01-22,payment,debit_card,8481.78,successful
PAY-0002818,ORD-002818,2026-07-03,payment,net_banking,20993.71,successful
PAY-0002819,ORD-002819,2026-07-11,payment,net_banking,21270.09,successful
PAY-0002820,ORD-002820,2026-02-07,payment,net_banking,26381.96,failed
PAY-0002821,ORD-002821,2025-10-21,payment,credit_card,13990.74,successful
PAY-0002822,ORD-002822,2025-07-21,payment,credit_card,29433.18,successful
PAY-0002823,ORD-002823,2025-03-23,payment,wallet,8379.5,successful
PAY-0002824,ORD-002824,2025-02-24,payment,debit_card,52289.23,successful
PAY-0002825,ORD-002825,2025-01-05,payment,debit_card,8846.12,failed
PAY-0002826,ORD-002826,2025-08-13,payment,upi,5866.91,successful
PAY-0002827,ORD-002827,2026-06-27,payment,upi,17564.91,successful
PAY-0002828,ORD-002828,2026-07-10,payment,credit_card,20767.85,pending
PAY-0002829,ORD-002829,2026-07-25,payment,debit_card,36046.37,successful
PAY-0002830,ORD-002830,2025-02-18,payment,upi,24620.97,successful
PAY-0002831,ORD-002831,2026-07-31,payment,credit_card,14043.76,failed
PAY-0002832,ORD-002832,2026-01-17,payment,debit_card,15770.03,successful
PAY-0002833,ORD-002833,2026-05-02,payment,net_banking,14885.31,successful
PAY-0002834,ORD-002834,2026-07-20,payment,debit_card,5240.79,successful
PAY-0002835,ORD-002835,2025-06-01,payment,wallet,20908.47,successful
PAY-0002836,ORD-002836,2026-03-04,payment,upi,23237.35,failed
PAY-0002837,ORD-002837,2026-01-09,payment,credit_card,5990.53,successful
PAY-0002838,ORD-002838,2025-08-27,payment,net_banking,27657.93,successful
PAY-0002839,ORD-002839,2025-10-11,payment,wallet,29854.06,successful
PAY-0002840,ORD-002840,2025-05-01,payment,wallet,22268.63,successful
PAY-0002841,ORD-002841,2025-04-17,payment,debit_card,55195.6,successful
PAY-0002842,ORD-002842,2026-06-26,payment,debit_card,2325.05,successful
PAY-0002843,ORD-002843,2026-04-08,payment,credit_card,45062.22,pending
PAY-0002844,ORD-002844,2025-11-23,payment,debit_card,20477.74,pending
PAY-0002845,ORD-002845,2026-06-13,payment,debit_card,7586.75,successful
PAY-0002846,ORD-002846,2025-08-22,payment,wallet,1803.96,pending
PAY-0002847,ORD-002847,2026-05-28,payment,credit_card,1061.09,successful
PAY-0002848,ORD-002848,2026-07-27,payment,upi,19395.8,failed
PAY-0002849,ORD-002849,2026-07-25,payment,credit_card,18613.71,successful
PAY-0002850,ORD-002850,2026-01-27,payment,net_banking,17395.71,successful
PAY-0002851,ORD-002851,2026-05-07,payment,upi,4301.16,successful
PAY-0002852,ORD-002852,2025-09-29,payment,debit_card,10759.96,successful
PAY-0002853,ORD-002853,2026-02-21,payment,net_banking,11204.58,failed
PAY-0002854,ORD-002854,2025-11-25,payment,wallet,18590.48,successful
PAY-0002855,ORD-002855,2025-11-09,payment,upi,45743.16,failed
PAY-0002856,ORD-002856,2026-07-18,payment,net_banking,21555.63,successful
PAY-0002857,ORD-002857,2026-07-16,payment,upi,16779.86,successful
PAY-0002858,ORD-002858,2026-04-09,payment,wallet,19091.2,successful
PAY-0002859,ORD-002859,2025-06-02,payment,net_banking,6898.95,successful
PAY-0002860,ORD-002860,2026-03-27,payment,wallet,12327.53,successful
PAY-0002861,ORD-002861,2026-07-23,payment,net_banking,9398.22,successful
PAY-0002862,ORD-002862,2026-01-23,payment,credit_card,34942.33,successful
PAY-0002863,ORD-002863,2026-02-19,payment,wallet,38686.62,successful
PAY-0002864,ORD-002864,2026-02-02,payment,debit_card,1062.51,successful
PAY-0002865,ORD-002865,2025-10-10,payment,upi,28514.43,pending
PAY-0002866,ORD-002866,2026-04-10,payment,upi,76404.85,failed
PAY-0002867,ORD-002867,2025-04-03,payment,debit_card,1394.2,successful
PAY-0002868,ORD-002868,2026-05-22,payment,wallet,24802.79,failed
PAY-0002869,ORD-002869,2026-06-22,payment,credit_card,14769.0,successful
PAY-0002870,ORD-002870,2026-02-03,payment,net_banking,1539.82,successful
PAY-0002871,ORD-002871,2026-07-25,payment,wallet,16496.39,successful
PAY-0002872,ORD-002872,2026-03-23,payment,net_banking,8658.63,successful
PAY-0002873,ORD-002873,2026-04-16,payment,net_banking,40367.33,successful
PAY-0002874,ORD-002874,2025-03-26,payment,credit_card,13097.46,failed
PAY-0002875,ORD-002875,2026-06-15,payment,net_banking,18495.19,successful
PAY-0002876,ORD-002876,2026-07-03,payment,credit_card,5482.67,successful
PAY-0002877,ORD-002877,2026-07-11,payment,upi,10994.25,successful
PAY-0002878,ORD-002878,2025-08-03,payment,net_banking,7143.19,pending
PAY-0002879,ORD-002879,2026-07-21,payment,credit_card,44038.52,successful
PAY-0002880,ORD-002880,2026-07-06,payment,upi,7248.55,successful
PAY-0002881,ORD-002881,2026-01-05,payment,net_banking,49263.84,successful
PAY-0002882,ORD-002882,2026-07-06,payment,debit_card,12478.59,successful
PAY-0002883,ORD-002883,2026-07-31,payment,upi,12342.1,successful
PAY-0002884,ORD-002884,2026-07-14,payment,credit_card,3778.99,successful
PAY-0002885,ORD-002885,2025-04-16,payment,debit_card,37986.04,successful
PAY-0002886,ORD-002886,2025-03-14,payment,debit_card,37989.25,successful
PAY-0002887,ORD-002887,2026-04-23,payment,credit_card,4874.76,successful
PAY-0002888,ORD-002888,2025-04-08,payment,debit_card,24382.52,successful
PAY-0002889,ORD-002889,2025-12-30,payment,wallet,39110.78,successful
PAY-0002890,ORD-002890,2025-12-21,payment,upi,20694.63,successful
PAY-0002891,ORD-002891,2026-07-17,payment,debit_card,17400.02,successful
PAY-0002892,ORD-002892,2025-07-14,payment,credit_card,29116.56,successful
PAY-0002893,ORD-002893,2026-05-11,payment,wallet,39266.67,successful
PAY-0002894,ORD-002894,2026-05-04,payment,credit_card,11052.02,failed
PAY-0002895,ORD-002895,2026-07-09,payment,wallet,18130.77,successful
PAY-0002896,ORD-002896,2026-01-31,payment,debit_card,6288.03,successful
PAY-0002897,ORD-002897,2025-05-12,payment,debit_card,24383.52,failed
PAY-0002898,ORD-002898,2025-12-25,payment,credit_card,24723.47,successful
PAY-0002899,ORD-002899,2025-01-03,payment,debit_card,6727.46,successful
PAY-0002900,ORD-002900,2026-05-11,payment,upi,6976.12,successful
PAY-0002901,ORD-002901,2026-06-04,payment,upi,13126.49,successful
PAY-0002902,ORD-002902,2026-04-04,payment,net_banking,10594.04,successful
PAY-0002903,ORD-002903,2025-12-16,payment,upi,28025.64,successful
PAY-0002904,ORD-002904,2026-06-27,payment,upi,25324.52,pending
PAY-0002905,ORD-002905,2025-11-26,payment,wallet,31006.08,successful
PAY-0002906,ORD-002906,2025-02-16,payment,wallet,34359.44,successful
PAY-0002907,ORD-002907,2026-05-19,payment,credit_card,15316.71,pending
PAY-0002908,ORD-002908,2026-06-11,payment,wallet,15743.63,successful
PAY-0002909,ORD-002909,2026-04-04,payment,wallet,43952.65,successful
PAY-0002910,ORD-002910,2026-06-13,payment,wallet,5184.39,pending
PAY-0002911,ORD-002911,2025-11-10,payment,net_banking,3937.39,successful
PAY-0002912,ORD-002912,2025-05-06,payment,credit_card,18438.69,successful
PAY-0002913,ORD-002913,2026-01-22,payment,wallet,12258.55,successful
PAY-0002914,ORD-002914,2025-06-02,payment,wallet,12848.65,successful
PAY-0002915,ORD-002915,2025-03-10,payment,debit_card,1597.8,failed
PAY-0002916,ORD-002916,2025-06-04,payment,credit_card,18267.6,successful
PAY-0002917,ORD-002917,2026-06-27,payment,wallet,34802.22,failed
PAY-0002918,ORD-002918,2026-04-10,payment,upi,15981.88,successful
PAY-0002919,ORD-002919,2026-06-09,payment,debit_card,9174.29,successful
PAY-0002920,ORD-002920,2025-08-14,payment,debit_card,27219.7,successful
PAY-0002921,ORD-002921,2026-07-11,payment,credit_card,11467.48,successful
PAY-0002922,ORD-002922,2026-01-20,payment,debit_card,14740.08,successful
PAY-0002923,ORD-002923,2026-06-17,payment,debit_card,20848.39,successful
PAY-0002924,ORD-002924,2026-06-20,payment,net_banking,3722.13,failed
PAY-0002925,ORD-002925,2026-07-27,payment,wallet,11605.72,successful
PAY-0002926,ORD-002926,2026-01-15,payment,debit_card,10354.63,successful
PAY-0002927,ORD-002927,2026-05-04,payment,debit_card,27987.94,successful
PAY-0002928,ORD-002928,2025-05-26,payment,upi,37352.65,successful
PAY-0002929,ORD-002929,2025-01-27,payment,net_banking,24587.54,successful
PAY-0002930,ORD-002930,2026-05-16,payment,net_banking,19791.23,successful
PAY-0002931,ORD-002931,2026-07-22,payment,net_banking,16527.02,pending
PAY-0002932,ORD-002932,2026-03-06,payment,wallet,24929.57,pending
PAY-0002933,ORD-002933,2026-02-03,payment,credit_card,18522.22,successful
PAY-0002934,ORD-002934,2025-05-31,payment,debit_card,5832.01,successful
PAY-0002935,ORD-002935,2026-01-28,payment,net_banking,18774.65,successful
PAY-0002936,ORD-002936,2025-04-26,payment,debit_card,19959.45,successful
PAY-0002937,ORD-002937,2025-12-25,payment,net_banking,12291.77,pending
PAY-0002938,ORD-002938,2026-06-22,payment,upi,35859.31,successful
PAY-0002939,ORD-002939,2026-07-27,payment,net_banking,7304.98,successful
PAY-0002940,ORD-002940,2026-07-31,payment,credit_card,29797.58,successful
PAY-0002941,ORD-002941,2025-11-10,payment,wallet,23401.22,successful
PAY-0002942,ORD-002942,2026-03-29,payment,wallet,1619.13,pending
PAY-0002943,ORD-002943,2026-07-12,payment,credit_card,4229.64,successful
PAY-0002944,ORD-002944,2025-05-24,payment,net_banking,13624.68,successful
PAY-0002945,ORD-002945,2026-04-23,payment,credit_card,32843.2,successful
PAY-0002946,ORD-002946,2026-03-05,payment,wallet,9477.8,successful
PAY-0002947,ORD-002947,2025-09-07,payment,upi,44993.19,successful
PAY-0002948,ORD-002948,2025-11-23,payment,debit_card,3242.92,successful
PAY-0002949,ORD-002949,2025-11-15,payment,debit_card,12419.02,successful
PAY-0002950,ORD-002950,2025-08-21,payment,net_banking,11675.58,successful
PAY-0002951,ORD-002951,2025-02-04,payment,debit_card,16584.19,successful
PAY-0002952,ORD-002952,2026-05-08,payment,upi,9994.23,failed
PAY-0002953,ORD-002953,2026-02-01,payment,credit_card,22169.01,successful
PAY-0002954,ORD-002954,2025-09-17,payment,credit_card,26922.33,successful
PAY-0002955,ORD-002955,2026-03-28,payment,debit_card,24012.34,pending
PAY-0002956,ORD-002956,2026-07-07,payment,net_banking,17930.71,successful
PAY-0002957,ORD-002957,2026-05-07,payment,debit_card,9734.17,pending
PAY-0002958,ORD-002958,2025-08-05,payment,debit_card,10291.97,successful
PAY-0002959,ORD-002959,2026-01-31,payment,net_banking,12851.59,successful
PAY-0002960,ORD-002960,2025-09-29,payment,wallet,29077.91,successful
PAY-0002961,ORD-002961,2026-03-28,payment,net_banking,30555.63,failed
PAY-0002962,ORD-002962,2026-03-31,payment,wallet,66319.82,successful
PAY-0002963,ORD-002963,2026-02-13,payment,net_banking,18274.68,successful
PAY-0002964,ORD-002964,2026-01-25,payment,net_banking,39190.82,pending
PAY-0002965,ORD-002965,2026-07-08,payment,upi,21714.08,pending
PAY-0002966,ORD-002966,2026-05-08,payment,upi,13016.0,successful
PAY-0002967,ORD-002967,2026-02-09,payment,upi,20635.89,successful
PAY-0002968,ORD-002968,2026-04-25,payment,debit_card,3647.55,successful
PAY-0002969,ORD-002969,2026-06-06,payment,credit_card,2010.08,successful
PAY-0002970,ORD-002970,2025-10-16,payment,net_banking,14493.23,successful
PAY-0002971,ORD-002971,2025-12-01,payment,credit_card,7425.86,successful
PAY-0002972,ORD-002972,2026-01-26,payment,debit_card,26409.46,successful
PAY-0002973,ORD-002973,2025-08-23,payment,debit_card,27076.04,failed
PAY-0002974,ORD-002974,2025-04-08,payment,upi,12115.66,successful
PAY-0002975,ORD-002975,2025-12-02,payment,debit_card,1762.47,successful
PAY-0002976,ORD-002976,2026-04-16,payment,upi,20605.9,successful
PAY-0002977,ORD-002977,2026-04-25,payment,upi,338.99,successful
PAY-0002978,ORD-002978,2026-04-10,payment,upi,15629.02,successful
PAY-0002979,ORD-002979,2026-04-05,payment,credit_card,16044.01,successful
PAY-0002980,ORD-002980,2026-06-03,payment,upi,7387.17,successful
PAY-0002981,ORD-002981,2026-07-22,payment,wallet,18469.78,successful
PAY-0002982,ORD-002982,2026-04-19,payment,wallet,33811.02,successful
PAY-0002983,ORD-002983,2026-07-16,payment,net_banking,19418.28,successful
PAY-0002984,ORD-002984,2026-02-11,payment,upi,26707.77,successful
PAY-0002985,ORD-002985,2026-07-07,payment,credit_card,29026.24,successful
PAY-0002986,ORD-002986,2026-06-10,payment,upi,13430.65,successful
PAY-0002987,ORD-002987,2026-04-17,payment,wallet,28205.88,successful
PAY-0002988,ORD-002988,2026-07-05,payment,net_banking,10762.59,failed
PAY-0002989,ORD-002989,2026-06-07,payment,wallet,34844.64,successful
PAY-0002990,ORD-002990,2025-06-10,payment,credit_card,13593.32,successful
PAY-0002991,ORD-002991,2025-09-07,payment,upi,31460.0,successful
PAY-0002992,ORD-002992,2026-01-06,payment,wallet,16058.15,successful
PAY-0002993,ORD-002993,2026-02-17,payment,wallet,497.43,successful
PAY-0002994,ORD-002994,2026-07-31,payment,net_banking,18549.89,successful
PAY-0002995,ORD-002995,2026-07-06,payment,debit_card,13671.49,successful
PAY-0002996,ORD-002996,2026-07-19,payment,upi,16330.3,failed
PAY-0002997,ORD-002997,2025-10-16,payment,wallet,6615.48,failed
PAY-0002998,ORD-002998,2025-09-30,payment,debit_card,18202.59,successful
PAY-0002999,ORD-002999,2026-02-05,payment,wallet,4980.11,failed
PAY-0003000,ORD-003000,2026-06-10,payment,net_banking,9850.62,successful
PAY-0003001,ORD-003001,2025-05-19,payment,wallet,24876.1,successful
PAY-0003002,ORD-003002,2025-03-27,payment,wallet,19439.83,successful
PAY-0003003,ORD-003003,2026-01-25,payment,upi,536.0,pending
PAY-0003004,ORD-003004,2026-07-18,payment,debit_card,1455.29,successful
PAY-0003005,ORD-003005,2025-12-22,payment,debit_card,17961.25,successful
PAY-0003006,ORD-003006,2026-01-30,payment,upi,51060.79,successful
PAY-0003007,ORD-003007,2026-07-16,payment,credit_card,12755.17,successful
PAY-0003008,ORD-003008,2026-07-06,payment,upi,6680.0,successful
PAY-0003009,ORD-003009,2025-11-25,payment,credit_card,6016.89,successful
PAY-0003010,ORD-003010,2025-12-25,payment,net_banking,17841.92,failed
PAY-0003011,ORD-003011,2026-04-28,payment,wallet,49665.19,successful
PAY-0003012,ORD-003012,2026-05-13,payment,net_banking,4327.21,successful
PAY-0003013,ORD-003013,2026-07-09,payment,net_banking,2265.56,failed
PAY-0003014,ORD-003014,2026-03-25,payment,credit_card,9012.17,successful
PAY-0003015,ORD-003015,2025-09-19,payment,net_banking,18830.18,successful
PAY-0003016,ORD-003016,2025-02-08,payment,debit_card,37251.79,successful
PAY-0003017,ORD-003017,2026-02-19,payment,wallet,45855.5,successful
PAY-0003018,ORD-003018,2026-06-22,payment,wallet,13739.37,successful
PAY-0003019,ORD-003019,2026-05-07,payment,net_banking,10620.14,successful
PAY-0003020,ORD-003020,2026-06-30,payment,credit_card,24253.15,successful
PAY-0003021,ORD-003021,2025-07-14,payment,credit_card,15051.41,successful
PAY-0003022,ORD-003022,2026-07-06,payment,upi,9899.16,successful
PAY-0003023,ORD-003023,2025-01-06,payment,credit_card,64034.45,failed
PAY-0003024,ORD-003024,2026-07-15,payment,wallet,6751.55,successful
PAY-0003025,ORD-003025,2026-07-09,payment,upi,3370.01,successful
PAY-0003026,ORD-003026,2026-01-08,payment,credit_card,30676.21,failed
PAY-0003027,ORD-003027,2026-01-30,payment,net_banking,25197.8,successful
PAY-0003028,ORD-003028,2026-05-15,payment,debit_card,31785.15,successful
PAY-0003029,ORD-003029,2026-07-26,payment,net_banking,6990.31,successful
PAY-0003030,ORD-003030,2025-11-15,payment,credit_card,3695.11,successful
PAY-0003031,ORD-003031,2025-11-28,payment,credit_card,11074.3,successful
PAY-0003032,ORD-003032,2026-02-02,payment,credit_card,11172.16,successful
PAY-0003033,ORD-003033,2025-06-17,payment,net_banking,1418.77,successful
PAY-0003034,ORD-003034,2026-01-19,payment,upi,4382.45,successful
PAY-0003035,ORD-003035,2026-07-29,payment,credit_card,23045.8,successful
PAY-0003036,ORD-003036,2025-01-25,payment,upi,18606.58,successful
PAY-0003037,ORD-003037,2026-01-03,payment,net_banking,20829.78,successful
PAY-0003038,ORD-003038,2025-02-21,payment,net_banking,1297.56,successful
PAY-0003039,ORD-003039,2025-07-23,payment,upi,30988.19,successful
PAY-0003040,ORD-003040,2025-12-24,payment,credit_card,21641.98,successful
PAY-0003041,ORD-003041,2026-05-24,payment,upi,13069.41,successful
PAY-0003042,ORD-003042,2026-01-01,payment,credit_card,34082.54,successful
PAY-0003043,ORD-003043,2025-07-07,payment,debit_card,32770.31,successful
PAY-0003044,ORD-003044,2025-08-15,payment,net_banking,26970.79,pending
PAY-0003045,ORD-003045,2025-11-28,payment,net_banking,11400.39,successful
PAY-0003046,ORD-003046,2025-04-22,payment,upi,21523.65,successful
PAY-0003047,ORD-003047,2025-11-01,payment,debit_card,7727.12,successful
PAY-0003048,ORD-003048,2026-04-08,payment,wallet,52128.51,failed
PAY-0003049,ORD-003049,2025-02-16,payment,upi,26172.91,successful
PAY-0003050,ORD-003050,2026-07-11,payment,upi,28066.49,successful
PAY-0003051,ORD-003051,2025-11-03,payment,wallet,9943.97,successful
PAY-0003052,ORD-003052,2026-06-05,payment,net_banking,9725.81,successful
PAY-0003053,ORD-003053,2026-04-28,payment,credit_card,11785.56,successful
PAY-0003054,ORD-003054,2026-06-30,payment,credit_card,20445.53,failed
PAY-0003055,ORD-003055,2026-01-19,payment,wallet,32753.7,successful
PAY-0003056,ORD-003056,2026-06-19,payment,upi,3213.36,failed
PAY-0003057,ORD-003057,2025-06-15,payment,wallet,3595.77,successful
PAY-0003058,ORD-003058,2025-06-19,payment,debit_card,22905.71,successful
PAY-0003059,ORD-003059,2026-01-07,payment,debit_card,24198.11,pending
PAY-0003060,ORD-003060,2025-03-30,payment,net_banking,19899.81,successful
PAY-0003061,ORD-003061,2025-04-24,payment,wallet,12229.59,pending
PAY-0003062,ORD-003062,2025-08-15,payment,wallet,18799.24,failed
PAY-0003063,ORD-003063,2025-11-10,payment,wallet,39625.89,successful
PAY-0003064,ORD-003064,2025-07-26,payment,credit_card,41815.27,successful
PAY-0003065,ORD-003065,2026-02-25,payment,wallet,16597.41,successful
PAY-0003066,ORD-003066,2026-05-07,payment,net_banking,3471.24,successful
PAY-0003067,ORD-003067,2025-04-26,payment,debit_card,42714.17,successful
PAY-0003068,ORD-003068,2025-06-13,payment,net_banking,7168.44,successful
PAY-0003069,ORD-003069,2026-07-05,payment,net_banking,24844.13,successful
PAY-0003070,ORD-003070,2026-06-11,payment,debit_card,14616.12,successful
PAY-0003071,ORD-003071,2025-03-13,payment,credit_card,4157.67,successful
PAY-0003072,ORD-003072,2026-04-21,payment,debit_card,14951.19,successful
PAY-0003073,ORD-003073,2026-07-01,payment,net_banking,27292.11,pending
PAY-0003074,ORD-003074,2025-10-27,payment,wallet,6505.03,successful
PAY-0003075,ORD-003075,2025-12-13,payment,net_banking,23085.47,successful
PAY-0003076,ORD-003076,2026-07-29,payment,debit_card,7405.7,successful
PAY-0003077,ORD-003077,2026-07-24,payment,debit_card,24291.15,pending
PAY-0003078,ORD-003078,2026-07-04,payment,credit_card,21317.6,successful
PAY-0003079,ORD-003079,2026-06-24,payment,credit_card,5179.73,successful
PAY-0003080,ORD-003080,2026-06-15,payment,net_banking,5734.01,successful
PAY-0003081,ORD-003081,2026-04-07,payment,net_banking,15893.41,successful
PAY-0003082,ORD-003082,2026-04-02,payment,upi,2756.94,successful
PAY-0003083,ORD-003083,2025-05-28,payment,debit_card,2400.14,successful
PAY-0003084,ORD-003084,2026-07-31,payment,upi,25789.42,successful
PAY-0003085,ORD-003085,2026-06-29,payment,credit_card,15877.96,successful
PAY-0003086,ORD-003086,2025-12-13,payment,credit_card,27183.05,pending
PAY-0003087,ORD-003087,2026-06-21,payment,wallet,26627.07,successful
PAY-0003088,ORD-003088,2026-06-15,payment,credit_card,12746.94,pending
PAY-0003089,ORD-003089,2026-05-25,payment,wallet,5513.57,successful
PAY-0003090,ORD-003090,2025-02-07,payment,upi,10753.78,successful
PAY-0003091,ORD-003091,2026-07-29,payment,wallet,18410.3,successful
PAY-0003092,ORD-003092,2026-01-11,payment,net_banking,30793.15,successful
PAY-0003093,ORD-003093,2026-07-12,payment,debit_card,21202.84,successful
PAY-0003094,ORD-003094,2025-10-17,payment,upi,6273.67,successful
PAY-0003095,ORD-003095,2026-03-02,payment,net_banking,2200.55,successful
PAY-0003096,ORD-003096,2025-06-13,payment,net_banking,21842.05,successful
PAY-0003097,ORD-003097,2026-04-06,payment,net_banking,2040.28,successful
PAY-0003098,ORD-003098,2025-02-20,payment,upi,13964.76,failed
PAY-0003099,ORD-003099,2026-03-22,payment,credit_card,3883.08,successful
PAY-0003100,ORD-003100,2025-01-13,payment,net_banking,28983.41,successful
PAY-0003101,ORD-003101,2026-04-09,payment,net_banking,36652.59,successful
PAY-0003102,ORD-003102,2025-06-19,payment,net_banking,62495.23,successful
PAY-0003103,ORD-003103,2026-04-25,payment,debit_card,16433.4,pending
PAY-0003104,ORD-003104,2025-01-31,payment,credit_card,16960.38,successful
PAY-0003105,ORD-003105,2025-01-20,payment,net_banking,14328.53,successful
PAY-0003106,ORD-003106,2025-09-02,payment,debit_card,3768.39,successful
PAY-0003107,ORD-003107,2026-04-12,payment,upi,12379.47,successful
PAY-0003108,ORD-003108,2026-04-14,payment,debit_card,5567.31,successful
PAY-0003109,ORD-003109,2025-11-11,payment,upi,25592.01,successful
PAY-0003110,ORD-003110,2026-04-16,payment,upi,9251.39,successful
PAY-0003111,ORD-003111,2026-02-02,payment,credit_card,5360.76,successful
PAY-0003112,ORD-003112,2026-03-16,payment,upi,21909.64,successful
PAY-0003113,ORD-003113,2026-07-15,payment,debit_card,18644.08,successful
PAY-0003114,ORD-003114,2025-06-10,payment,debit_card,11729.02,successful
PAY-0003115,ORD-003115,2026-01-14,payment,debit_card,25327.0,successful
PAY-0003116,ORD-003116,2026-04-30,payment,wallet,16076.11,successful
PAY-0003117,ORD-003117,2025-09-11,payment,wallet,7252.54,successful
PAY-0003118,ORD-003118,2025-03-26,payment,upi,19343.34,successful
PAY-0003119,ORD-003119,2026-03-18,payment,wallet,17918.21,successful
PAY-0003120,ORD-003120,2025-09-19,payment,credit_card,8523.26,successful
PAY-0003121,ORD-003121,2025-10-23,payment,upi,14239.34,successful
PAY-0003122,ORD-003122,2026-02-16,payment,wallet,11168.83,failed
PAY-0003123,ORD-003123,2026-06-27,payment,debit_card,2367.29,successful
PAY-0003124,ORD-003124,2026-06-21,payment,wallet,21328.26,pending
PAY-0003125,ORD-003125,2026-04-06,payment,upi,14479.39,successful
PAY-0003126,ORD-003126,2026-07-30,payment,upi,17282.35,successful
PAY-0003127,ORD-003127,2025-01-11,payment,upi,25551.02,successful
PAY-0003128,ORD-003128,2026-03-28,payment,credit_card,25718.36,successful
PAY-0003129,ORD-003129,2025-08-29,payment,credit_card,17045.63,successful
PAY-0003130,ORD-003130,2026-04-09,payment,upi,59057.84,successful
PAY-0003131,ORD-003131,2026-02-11,payment,net_banking,36785.41,successful
PAY-0003132,ORD-003132,2026-06-29,payment,net_banking,1818.26,successful
PAY-0003133,ORD-003133,2026-05-23,payment,wallet,44528.27,successful
PAY-0003134,ORD-003134,2026-01-20,payment,net_banking,952.15,failed
PAY-0003135,ORD-003135,2025-05-05,payment,credit_card,16392.47,successful
PAY-0003136,ORD-003136,2025-03-25,payment,upi,2747.9,successful
PAY-0003137,ORD-003137,2026-06-10,payment,debit_card,43028.9,successful
PAY-0003138,ORD-003138,2026-04-18,payment,net_banking,6088.45,successful
PAY-0003139,ORD-003139,2026-07-08,payment,net_banking,41080.67,successful
PAY-0003140,ORD-003140,2026-07-23,payment,debit_card,13682.8,successful
PAY-0003141,ORD-003141,2026-06-15,payment,credit_card,16939.63,successful
PAY-0003142,ORD-003142,2026-07-20,payment,credit_card,18040.24,successful
PAY-0003143,ORD-003143,2025-12-06,payment,wallet,930.02,successful
PAY-0003144,ORD-003144,2025-07-06,payment,credit_card,2400.86,successful
PAY-0003145,ORD-003145,2026-07-30,payment,wallet,20172.58,failed
PAY-0003146,ORD-003146,2025-05-20,payment,debit_card,19091.86,successful
PAY-0003147,ORD-003147,2025-06-24,payment,upi,6433.49,successful
PAY-0003148,ORD-003148,2025-05-13,payment,wallet,3018.52,successful
PAY-0003149,ORD-003149,2026-02-04,payment,credit_card,6563.9,successful
PAY-0003150,ORD-003150,2025-12-18,payment,debit_card,11800.05,successful
PAY-0003151,ORD-003151,2025-10-06,payment,net_banking,20645.17,successful
PAY-0003152,ORD-003152,2025-07-29,payment,net_banking,28338.46,successful
PAY-0003153,ORD-003153,2026-01-23,payment,credit_card,5967.11,successful
PAY-0003154,ORD-003154,2026-06-12,payment,net_banking,4820.98,failed
PAY-0003155,ORD-003155,2026-06-19,payment,wallet,20784.92,failed
PAY-0003156,ORD-003156,2026-05-13,payment,net_banking,10539.16,successful
PAY-0003157,ORD-003157,2025-12-30,payment,wallet,5442.22,failed
PAY-0003158,ORD-003158,2025-03-01,payment,debit_card,4047.07,successful
PAY-0003159,ORD-003159,2026-07-27,payment,debit_card,29583.74,successful
PAY-0003160,ORD-003160,2026-01-23,payment,net_banking,9717.26,successful
PAY-0003161,ORD-003161,2026-07-25,payment,net_banking,12132.97,failed
PAY-0003162,ORD-003162,2026-05-13,payment,net_banking,29635.87,successful
PAY-0003163,ORD-003163,2026-07-23,payment,credit_card,5002.16,successful
PAY-0003164,ORD-003164,2025-07-06,payment,credit_card,1426.9,successful
PAY-0003165,ORD-003165,2025-07-02,payment,wallet,7231.72,successful
PAY-0003166,ORD-003166,2025-09-29,payment,credit_card,75134.66,successful
PAY-0003167,ORD-003167,2025-10-28,payment,net_banking,12030.74,successful
PAY-0003168,ORD-003168,2026-02-07,payment,debit_card,16500.44,successful
PAY-0003169,ORD-003169,2026-07-27,payment,debit_card,28688.31,successful
PAY-0003170,ORD-003170,2026-03-31,payment,wallet,15027.06,successful
PAY-0003171,ORD-003171,2025-09-27,payment,net_banking,7617.96,successful
PAY-0003172,ORD-003172,2025-08-08,payment,net_banking,38042.53,successful
PAY-0003173,ORD-003173,2026-06-22,payment,debit_card,35122.28,pending
PAY-0003174,ORD-003174,2026-05-24,payment,net_banking,8321.32,successful
PAY-0003175,ORD-003175,2025-08-31,payment,debit_card,1866.14,successful
PAY-0003176,ORD-003176,2025-06-15,payment,upi,36904.64,successful
PAY-0003177,ORD-003177,2026-02-12,payment,wallet,10258.34,successful
PAY-0003178,ORD-003178,2026-05-20,payment,wallet,14856.85,successful
PAY-0003179,ORD-003179,2025-06-08,payment,debit_card,5884.27,failed
PAY-0003180,ORD-003180,2026-04-03,payment,net_banking,15915.77,successful
PAY-0003181,ORD-003181,2026-06-21,payment,upi,10860.21,successful
PAY-0003182,ORD-003182,2026-06-19,payment,debit_card,38794.06,successful
PAY-0003183,ORD-003183,2025-09-10,payment,upi,3050.91,successful
PAY-0003184,ORD-003184,2026-07-21,payment,credit_card,26370.12,successful
PAY-0003185,ORD-003185,2026-07-10,payment,net_banking,18857.21,successful
PAY-0003186,ORD-003186,2026-07-25,payment,net_banking,4826.84,successful
PAY-0003187,ORD-003187,2025-09-20,payment,net_banking,19141.32,failed
PAY-0003188,ORD-003188,2026-06-13,payment,wallet,10529.74,successful
PAY-0003189,ORD-003189,2025-09-22,payment,debit_card,14075.26,successful
PAY-0003190,ORD-003190,2025-03-20,payment,net_banking,22498.2,successful
PAY-0003191,ORD-003191,2025-02-15,payment,credit_card,34486.49,successful
PAY-0003192,ORD-003192,2026-05-18,payment,upi,36548.56,successful
PAY-0003193,ORD-003193,2025-12-29,payment,credit_card,19233.37,successful
PAY-0003194,ORD-003194,2025-08-29,payment,wallet,10567.9,successful
PAY-0003195,ORD-003195,2026-07-28,payment,upi,3413.59,successful
PAY-0003196,ORD-003196,2025-06-09,payment,credit_card,34081.66,successful
PAY-0003197,ORD-003197,2026-05-27,payment,net_banking,20289.6,successful
PAY-0003198,ORD-003198,2025-10-29,payment,debit_card,49117.48,successful
PAY-0003199,ORD-003199,2026-07-17,payment,upi,5966.49,successful
PAY-0003200,ORD-003200,2026-03-05,payment,net_banking,21227.2,successful
PAY-0003201,ORD-003201,2026-06-26,payment,upi,20971.97,successful
PAY-0003202,ORD-003202,2026-02-21,payment,wallet,27177.26,successful
PAY-0003203,ORD-003203,2026-07-28,payment,wallet,13290.34,successful
PAY-0003204,ORD-003204,2026-07-15,payment,debit_card,4976.66,successful
PAY-0003205,ORD-003205,2025-07-27,payment,upi,7687.77,failed
PAY-0003206,ORD-003206,2026-05-11,payment,wallet,38476.87,successful
PAY-0003207,ORD-003207,2026-02-02,payment,upi,3036.36,failed
PAY-0003208,ORD-003208,2026-06-21,payment,net_banking,2683.56,pending
PAY-0003209,ORD-003209,2026-07-12,payment,wallet,33582.68,successful
PAY-0003210,ORD-003210,2026-07-07,payment,debit_card,2162.87,successful
PAY-0003211,ORD-003211,2026-06-15,payment,net_banking,9740.23,successful
PAY-0003212,ORD-003212,2026-05-12,payment,net_banking,11416.11,successful
PAY-0003213,ORD-003213,2026-04-04,payment,upi,19065.32,successful
PAY-0003214,ORD-003214,2025-08-26,payment,wallet,31941.08,successful
PAY-0003215,ORD-003215,2025-06-02,payment,debit_card,17097.95,successful
PAY-0003216,ORD-003216,2025-11-03,payment,credit_card,16922.47,successful
PAY-0003217,ORD-003217,2026-07-14,payment,net_banking,2502.98,successful
PAY-0003218,ORD-003218,2026-05-29,payment,upi,6632.79,pending
PAY-0003219,ORD-003219,2026-04-25,payment,net_banking,9210.05,successful
PAY-0003220,ORD-003220,2026-07-18,payment,debit_card,5828.14,failed
PAY-0003221,ORD-003221,2026-05-12,payment,net_banking,8026.29,successful
PAY-0003222,ORD-003222,2026-05-31,payment,debit_card,9980.29,successful
PAY-0003223,ORD-003223,2025-11-08,payment,credit_card,17666.94,failed
PAY-0003224,ORD-003224,2026-05-24,payment,net_banking,19046.91,successful
PAY-0003225,ORD-003225,2026-01-01,payment,net_banking,21655.74,failed
PAY-0003226,ORD-003226,2025-11-14,payment,debit_card,9134.45,successful
PAY-0003227,ORD-003227,2026-07-22,payment,upi,8544.01,failed
PAY-0003228,ORD-003228,2025-08-24,payment,credit_card,15587.72,failed
PAY-0003229,ORD-003229,2025-09-10,payment,credit_card,7695.97,failed
PAY-0003230,ORD-003230,2026-07-31,payment,debit_card,2677.35,successful
PAY-0003231,ORD-003231,2026-04-06,payment,net_banking,24847.07,successful
PAY-0003232,ORD-003232,2025-12-07,payment,net_banking,11090.93,successful
PAY-0003233,ORD-003233,2026-07-06,payment,credit_card,32661.42,failed
PAY-0003234,ORD-003234,2026-04-17,payment,upi,12223.89,successful
PAY-0003235,ORD-003235,2026-06-22,payment,debit_card,20874.73,successful
PAY-0003236,ORD-003236,2026-02-15,payment,credit_card,35471.34,successful
PAY-0003237,ORD-003237,2025-11-13,payment,net_banking,15541.7,successful
PAY-0003238,ORD-003238,2025-11-11,payment,net_banking,1893.42,successful
PAY-0003239,ORD-003239,2025-12-15,payment,net_banking,14150.12,pending
PAY-0003240,ORD-003240,2025-03-25,payment,wallet,22581.86,failed
PAY-0003241,ORD-003241,2025-04-15,payment,net_banking,28364.19,successful
PAY-0003242,ORD-003242,2026-01-21,payment,credit_card,37102.94,failed
PAY-0003243,ORD-003243,2026-05-15,payment,debit_card,8609.17,successful
PAY-0003244,ORD-003244,2026-05-25,payment,net_banking,25793.18,successful
PAY-0003245,ORD-003245,2025-03-01,payment,wallet,5138.16,successful
PAY-0003246,ORD-003246,2026-07-21,payment,upi,21683.87,successful
PAY-0003247,ORD-003247,2026-03-07,payment,debit_card,10707.61,successful
PAY-0003248,ORD-003248,2026-03-08,payment,net_banking,7659.91,successful
PAY-0003249,ORD-003249,2026-06-02,payment,wallet,19302.68,successful
PAY-0003250,ORD-003250,2026-07-24,payment,wallet,27642.23,successful
PAY-0003251,ORD-003251,2026-07-24,payment,wallet,9622.39,successful
PAY-0003252,ORD-003252,2025-04-18,payment,debit_card,33957.98,successful
PAY-0003253,ORD-003253,2026-01-08,payment,wallet,9695.48,successful
PAY-0003254,ORD-003254,2026-05-10,payment,debit_card,18611.61,successful
PAY-0003255,ORD-003255,2026-05-08,payment,wallet,15199.95,successful
PAY-0003256,ORD-003256,2026-04-23,payment,net_banking,1994.52,successful
PAY-0003257,ORD-003257,2025-11-12,payment,credit_card,28835.9,successful
PAY-0003258,ORD-003258,2026-02-16,payment,net_banking,19773.2,successful
PAY-0003259,ORD-003259,2026-01-21,payment,credit_card,10912.42,successful
PAY-0003260,ORD-003260,2025-09-27,payment,credit_card,41517.79,successful
PAY-0003261,ORD-003261,2026-05-16,payment,upi,20709.22,successful
PAY-0003262,ORD-003262,2025-09-04,payment,wallet,12327.35,failed
PAY-0003263,ORD-003263,2026-06-30,payment,net_banking,53708.16,successful
PAY-0003264,ORD-003264,2025-07-18,payment,upi,34697.49,successful
PAY-0003265,ORD-003265,2026-06-21,payment,credit_card,38696.74,failed
PAY-0003266,ORD-003266,2026-06-30,payment,net_banking,2391.85,successful
PAY-0003267,ORD-003267,2026-06-11,payment,upi,250.83,successful
PAY-0003268,ORD-003268,2026-07-23,payment,debit_card,26746.78,successful
PAY-0003269,ORD-003269,2026-07-01,payment,upi,32027.37,failed
PAY-0003270,ORD-003270,2026-06-07,payment,debit_card,12625.4,successful
PAY-0003271,ORD-003271,2025-12-07,payment,debit_card,6933.89,successful
PAY-0003272,ORD-003272,2026-07-29,payment,wallet,21713.13,successful
PAY-0003273,ORD-003273,2026-06-28,payment,debit_card,36632.24,successful
PAY-0003274,ORD-003274,2026-04-12,payment,wallet,36745.21,successful
PAY-0003275,ORD-003275,2025-12-09,payment,wallet,15236.75,successful
PAY-0003276,ORD-003276,2025-11-18,payment,upi,19310.7,failed
PAY-0003277,ORD-003277,2025-04-10,payment,net_banking,14992.96,successful
PAY-0003278,ORD-003278,2025-07-03,payment,wallet,906.65,successful
PAY-0003279,ORD-003279,2025-10-13,payment,net_banking,18077.73,successful
PAY-0003280,ORD-003280,2026-05-24,payment,wallet,12350.12,successful
PAY-0003281,ORD-003281,2026-07-03,payment,wallet,6617.91,failed
PAY-0003282,ORD-003282,2026-03-25,payment,upi,9965.93,successful
PAY-0003283,ORD-003283,2025-08-14,payment,upi,17120.22,successful
PAY-0003284,ORD-003284,2026-05-27,payment,upi,8558.19,successful
PAY-0003285,ORD-003285,2026-01-23,payment,credit_card,3360.93,successful
PAY-0003286,ORD-003286,2026-05-05,payment,wallet,5309.99,successful
PAY-0003287,ORD-003287,2025-09-07,payment,upi,23244.37,successful
PAY-0003288,ORD-003288,2026-07-24,payment,debit_card,18275.46,failed
PAY-0003289,ORD-003289,2025-05-06,payment,wallet,18372.94,failed
PAY-0003290,ORD-003290,2025-11-12,payment,debit_card,12549.77,failed
PAY-0003291,ORD-003291,2026-01-26,payment,debit_card,7256.22,successful
PAY-0003292,ORD-003292,2026-07-21,payment,upi,11274.73,failed
PAY-0003293,ORD-003293,2026-06-25,payment,debit_card,20711.09,successful
PAY-0003294,ORD-003294,2025-11-21,payment,net_banking,10876.13,successful
PAY-0003295,ORD-003295,2026-05-11,payment,upi,23181.41,successful
PAY-0003296,ORD-003296,2026-04-28,payment,wallet,6295.68,successful
PAY-0003297,ORD-003297,2025-07-27,payment,net_banking,30663.93,successful
PAY-0003298,ORD-003298,2026-06-21,payment,upi,23411.08,successful
PAY-0003299,ORD-003299,2026-07-25,payment,net_banking,11637.58,successful
PAY-0003300,ORD-003300,2026-05-10,payment,credit_card,2042.9,pending
PAY-0003301,ORD-003301,2026-04-12,payment,debit_card,16188.44,successful
PAY-0003302,ORD-003302,2025-12-12,payment,credit_card,9404.95,successful
PAY-0003303,ORD-003303,2026-01-22,payment,credit_card,8896.48,successful
PAY-0003304,ORD-003304,2025-03-04,payment,debit_card,7770.61,successful
PAY-0003305,ORD-003305,2026-05-12,payment,upi,15465.3,pending
PAY-0003306,ORD-003306,2026-05-29,payment,upi,10629.23,successful
PAY-0003307,ORD-003307,2026-05-04,payment,wallet,9103.33,successful
PAY-0003308,ORD-003308,2026-02-25,payment,debit_card,2087.99,successful
PAY-0003309,ORD-003309,2026-05-19,payment,wallet,29944.25,successful
PAY-0003310,ORD-003310,2025-08-31,payment,net_banking,13836.97,successful
PAY-0003311,ORD-003311,2026-01-12,payment,credit_card,14717.97,successful
PAY-0003312,ORD-003312,2025-05-02,payment,wallet,13427.08,successful
PAY-0003313,ORD-003313,2026-05-20,payment,credit_card,2679.95,successful
PAY-0003314,ORD-003314,2026-07-29,payment,credit_card,6975.66,successful
PAY-0003315,ORD-003315,2026-07-31,payment,wallet,10199.85,successful
PAY-0003316,ORD-003316,2025-09-17,payment,upi,50409.08,successful
PAY-0003317,ORD-003317,2025-08-27,payment,upi,33989.11,successful
PAY-0003318,ORD-003318,2025-07-21,payment,debit_card,28487.31,successful
PAY-0003319,ORD-003319,2026-04-17,payment,credit_card,33491.73,successful
PAY-0003320,ORD-003320,2025-06-04,payment,debit_card,13044.51,successful
PAY-0003321,ORD-003321,2026-04-08,payment,upi,3821.62,successful
PAY-0003322,ORD-003322,2026-07-28,payment,credit_card,20662.24,successful
PAY-0003323,ORD-003323,2026-07-07,payment,debit_card,13283.81,failed
PAY-0003324,ORD-003324,2025-09-30,payment,net_banking,12904.69,failed
PAY-0003325,ORD-003325,2026-01-19,payment,wallet,5718.55,successful
PAY-0003326,ORD-003326,2026-05-21,payment,wallet,8238.82,successful
PAY-0003327,ORD-003327,2025-04-20,payment,credit_card,11666.54,failed
PAY-0003328,ORD-003328,2025-10-23,payment,wallet,11721.91,successful
PAY-0003329,ORD-003329,2026-07-15,payment,credit_card,18443.12,successful
PAY-0003330,ORD-003330,2025-01-09,payment,upi,5405.78,failed
PAY-0003331,ORD-003331,2026-04-29,payment,credit_card,513.99,failed
PAY-0003332,ORD-003332,2026-05-24,payment,net_banking,27020.67,successful
PAY-0003333,ORD-003333,2025-12-16,payment,debit_card,31145.19,successful
PAY-0003334,ORD-003334,2026-03-14,payment,upi,10819.73,successful
PAY-0003335,ORD-003335,2026-06-30,payment,net_banking,24680.66,successful
PAY-0003336,ORD-003336,2026-07-19,payment,wallet,45106.05,successful
PAY-0003337,ORD-003337,2026-06-29,payment,net_banking,14438.61,successful
PAY-0003338,ORD-003338,2026-01-02,payment,upi,5740.88,successful
PAY-0003339,ORD-003339,2025-01-09,payment,upi,26500.0,successful
PAY-0003340,ORD-003340,2025-05-06,payment,upi,38838.31,successful
PAY-0003341,ORD-003341,2025-11-21,payment,net_banking,47360.06,successful
PAY-0003342,ORD-003342,2025-09-23,payment,credit_card,3091.98,successful
PAY-0003343,ORD-003343,2026-02-13,payment,debit_card,39092.61,failed
PAY-0003344,ORD-003344,2025-04-23,payment,debit_card,27468.37,successful
PAY-0003345,ORD-003345,2025-12-21,payment,net_banking,29427.49,successful
PAY-0003346,ORD-003346,2026-06-29,payment,debit_card,5856.6,failed
PAY-0003347,ORD-003347,2025-07-03,payment,upi,2801.74,successful
PAY-0003348,ORD-003348,2025-09-23,payment,wallet,4028.04,successful
PAY-0003349,ORD-003349,2025-12-07,payment,credit_card,1832.33,pending
PAY-0003350,ORD-003350,2026-07-26,payment,credit_card,10874.97,successful
PAY-0003351,ORD-003351,2026-02-10,payment,net_banking,4264.4,successful
PAY-0003352,ORD-003352,2025-11-06,payment,credit_card,6566.45,failed
PAY-0003353,ORD-003353,2026-05-17,payment,credit_card,4625.48,successful
PAY-0003354,ORD-003354,2025-11-29,payment,net_banking,1053.84,successful
PAY-0003355,ORD-003355,2026-02-09,payment,debit_card,21447.39,successful
PAY-0003356,ORD-003356,2026-03-30,payment,net_banking,6885.97,successful
PAY-0003357,ORD-003357,2026-07-31,payment,wallet,24001.32,successful
PAY-0003358,ORD-003358,2026-06-28,payment,wallet,29793.19,successful
PAY-0003359,ORD-003359,2026-07-26,payment,wallet,24845.41,pending
PAY-0003360,ORD-003360,2026-01-03,payment,upi,372.66,successful
PAY-0003361,ORD-003361,2026-04-06,payment,credit_card,12954.48,failed
PAY-0003362,ORD-003362,2026-05-14,payment,upi,29037.42,successful
PAY-0003363,ORD-003363,2026-03-12,payment,debit_card,2779.07,successful
PAY-0003364,ORD-003364,2026-03-31,payment,debit_card,12842.02,successful
PAY-0003365,ORD-003365,2025-12-15,payment,wallet,2130.51,successful
PAY-0003366,ORD-003366,2026-06-24,payment,debit_card,12722.9,successful
PAY-0003367,ORD-003367,2025-09-27,payment,upi,23820.46,failed
PAY-0003368,ORD-003368,2026-03-14,payment,net_banking,5369.85,successful
PAY-0003369,ORD-003369,2026-06-08,payment,upi,3508.64,successful
PAY-0003370,ORD-003370,2025-12-10,payment,wallet,16775.41,pending
PAY-0003371,ORD-003371,2025-08-05,payment,upi,12470.45,successful
PAY-0003372,ORD-003372,2026-07-08,payment,net_banking,4162.75,successful
PAY-0003373,ORD-003373,2026-04-29,payment,credit_card,5273.69,successful
PAY-0003374,ORD-003374,2025-05-11,payment,wallet,10936.74,successful
PAY-0003375,ORD-003375,2026-06-06,payment,upi,1620.33,successful
PAY-0003376,ORD-003376,2026-07-27,payment,net_banking,9238.21,successful
PAY-0003377,ORD-003377,2025-03-02,payment,credit_card,29853.86,successful
PAY-0003378,ORD-003378,2026-03-18,payment,net_banking,8046.57,successful
PAY-0003379,ORD-003379,2026-02-24,payment,net_banking,29812.2,failed
PAY-0003380,ORD-003380,2026-07-22,payment,credit_card,36584.42,successful
PAY-0003381,ORD-003381,2025-09-20,payment,net_banking,8430.92,successful
PAY-0003382,ORD-003382,2026-07-09,payment,wallet,28728.75,successful
PAY-0003383,ORD-003383,2026-02-01,payment,credit_card,19703.13,successful
PAY-0003384,ORD-003384,2025-02-19,payment,net_banking,30243.47,successful
PAY-0003385,ORD-003385,2026-03-19,payment,wallet,3238.79,failed
PAY-0003386,ORD-003386,2026-02-23,payment,debit_card,7510.35,successful
PAY-0003387,ORD-003387,2026-03-17,payment,credit_card,6920.95,successful
PAY-0003388,ORD-003388,2025-08-06,payment,credit_card,35060.86,pending
PAY-0003389,ORD-003389,2026-05-18,payment,net_banking,38092.25,successful
PAY-0003390,ORD-003390,2026-04-25,payment,debit_card,9091.71,successful
PAY-0003391,ORD-003391,2026-03-06,payment,upi,12317.02,successful
PAY-0003392,ORD-003392,2026-05-09,payment,upi,19108.68,successful
PAY-0003393,ORD-003393,2025-08-17,payment,debit_card,41845.03,failed
PAY-0003394,ORD-003394,2025-07-17,payment,debit_card,11080.87,successful
PAY-0003395,ORD-003395,2026-04-26,payment,upi,5050.66,successful
PAY-0003396,ORD-003396,2026-07-26,payment,upi,8874.87,successful
PAY-0003397,ORD-003397,2026-07-18,payment,credit_card,2038.26,pending
PAY-0003398,ORD-003398,2025-09-24,payment,debit_card,6697.57,successful
PAY-0003399,ORD-003399,2026-04-06,payment,upi,30588.53,pending
PAY-0003400,ORD-003400,2025-11-10,payment,upi,20394.98,successful
PAY-0003401,ORD-003401,2026-05-13,payment,net_banking,18428.39,successful
PAY-0003402,ORD-003402,2026-07-15,payment,wallet,5113.97,successful
PAY-0003403,ORD-003403,2025-05-01,payment,net_banking,1673.3,successful
PAY-0003404,ORD-003404,2026-06-09,payment,wallet,5172.64,successful
PAY-0003405,ORD-003405,2025-10-23,payment,wallet,33151.0,successful
PAY-0003406,ORD-003406,2025-12-27,payment,debit_card,14831.99,successful
PAY-0003407,ORD-003407,2026-06-06,payment,wallet,17403.02,successful
PAY-0003408,ORD-003408,2025-01-29,payment,net_banking,6075.63,successful
PAY-0003409,ORD-003409,2025-12-16,payment,upi,24261.05,successful
PAY-0003410,ORD-003410,2025-04-25,payment,credit_card,1501.89,successful
PAY-0003411,ORD-003411,2025-12-21,payment,credit_card,42750.57,successful
PAY-0003412,ORD-003412,2025-01-16,payment,upi,33723.33,successful
PAY-0003413,ORD-003413,2026-04-29,payment,credit_card,31182.44,successful
PAY-0003414,ORD-003414,2026-07-24,payment,net_banking,21905.28,successful
PAY-0003415,ORD-003415,2025-09-18,payment,wallet,37511.22,successful
PAY-0003416,ORD-003416,2025-09-13,payment,debit_card,67244.35,successful
PAY-0003417,ORD-003417,2025-10-02,payment,wallet,9036.99,successful
PAY-0003418,ORD-003418,2026-05-30,payment,debit_card,29543.44,failed
PAY-0003419,ORD-003419,2026-06-23,payment,debit_card,20713.74,successful
PAY-0003420,ORD-003420,2026-03-06,payment,net_banking,28166.03,successful
PAY-0003421,ORD-003421,2026-07-29,payment,wallet,19759.88,successful
PAY-0003422,ORD-003422,2025-10-10,payment,upi,12329.32,successful
PAY-0003423,ORD-003423,2026-06-29,payment,debit_card,1468.03,successful
PAY-0003424,ORD-003424,2025-12-14,payment,credit_card,6524.5,failed
PAY-0003425,ORD-003425,2026-07-18,payment,credit_card,1667.03,successful
PAY-0003426,ORD-003426,2026-07-02,payment,upi,14594.37,failed
PAY-0003427,ORD-003427,2026-02-20,payment,wallet,14052.82,successful
PAY-0003428,ORD-003428,2025-04-17,payment,credit_card,13229.39,failed
PAY-0003429,ORD-003429,2026-06-29,payment,upi,15311.3,failed
PAY-0003430,ORD-003430,2026-01-16,payment,upi,3289.72,successful
PAY-0003431,ORD-003431,2026-04-10,payment,wallet,57048.2,successful
PAY-0003432,ORD-003432,2026-05-05,payment,credit_card,17776.77,successful
PAY-0003433,ORD-003433,2026-02-04,payment,credit_card,14482.86,successful
PAY-0003434,ORD-003434,2026-05-20,payment,net_banking,22495.1,successful
PAY-0003435,ORD-003435,2026-07-25,payment,wallet,20923.39,successful
PAY-0003436,ORD-003436,2026-03-04,payment,debit_card,972.62,successful
PAY-0003437,ORD-003437,2026-07-19,payment,net_banking,11779.22,successful
PAY-0003438,ORD-003438,2025-01-20,payment,upi,10761.65,failed
PAY-0003439,ORD-003439,2026-05-30,payment,debit_card,10132.94,successful
PAY-0003440,ORD-003440,2025-12-16,payment,wallet,15870.53,successful
PAY-0003441,ORD-003441,2026-03-26,payment,debit_card,14849.77,successful
PAY-0003442,ORD-003442,2026-07-30,payment,debit_card,15259.36,successful
PAY-0003443,ORD-003443,2026-05-17,payment,upi,25626.77,failed
PAY-0003444,ORD-003444,2026-03-02,payment,credit_card,33604.87,successful
PAY-0003445,ORD-003445,2026-07-28,payment,debit_card,44800.34,successful
PAY-0003446,ORD-003446,2026-03-15,payment,debit_card,15358.14,successful
PAY-0003447,ORD-003447,2026-05-22,payment,upi,39799.83,successful
PAY-0003448,ORD-003448,2025-12-20,payment,wallet,5066.22,successful
PAY-0003449,ORD-003449,2026-03-20,payment,credit_card,2966.5,successful
PAY-0003450,ORD-003450,2025-04-05,payment,credit_card,8464.52,failed
PAY-0003451,ORD-003451,2026-03-09,payment,wallet,31213.15,successful
PAY-0003452,ORD-003452,2026-07-30,payment,net_banking,37013.72,failed
PAY-0003453,ORD-003453,2026-06-26,payment,upi,7773.54,successful
PAY-0003454,ORD-003454,2026-07-11,payment,upi,8588.18,successful
PAY-0003455,ORD-003455,2025-09-04,payment,net_banking,16642.02,successful
PAY-0003456,ORD-003456,2025-10-15,payment,credit_card,17543.11,successful
PAY-0003457,ORD-003457,2026-05-21,payment,debit_card,28250.73,successful
PAY-0003458,ORD-003458,2026-07-06,payment,debit_card,12605.59,successful
PAY-0003459,ORD-003459,2026-01-21,payment,net_banking,10695.06,successful
PAY-0003460,ORD-003460,2025-10-11,payment,wallet,18244.72,failed
PAY-0003461,ORD-003461,2025-08-06,payment,upi,16307.58,failed
PAY-0003462,ORD-003462,2026-03-18,payment,debit_card,14547.35,failed
PAY-0003463,ORD-003463,2026-07-16,payment,upi,11655.43,successful
PAY-0003464,ORD-003464,2026-03-03,payment,wallet,9592.73,successful
PAY-0003465,ORD-003465,2026-07-06,payment,wallet,13288.74,successful
PAY-0003466,ORD-003466,2026-04-09,payment,wallet,15961.15,successful
PAY-0003467,ORD-003467,2026-04-27,payment,debit_card,41872.04,successful
PAY-0003468,ORD-003468,2026-03-04,payment,upi,8093.48,successful
PAY-0003469,ORD-003469,2025-04-04,payment,upi,28641.42,successful
PAY-0003470,ORD-003470,2026-06-25,payment,credit_card,16067.52,pending
PAY-0003471,ORD-003471,2025-11-06,payment,upi,14772.74,successful
PAY-0003472,ORD-003472,2025-09-20,payment,upi,11951.49,successful
PAY-0003473,ORD-003473,2025-03-29,payment,net_banking,7182.79,pending
PAY-0003474,ORD-003474,2026-06-24,payment,upi,13832.72,successful
PAY-0003475,ORD-003475,2026-05-02,payment,net_banking,17257.48,successful
PAY-0003476,ORD-003476,2026-06-05,payment,net_banking,43492.7,failed
PAY-0003477,ORD-003477,2026-06-07,payment,debit_card,4138.12,successful
PAY-0003478,ORD-003478,2026-06-21,payment,credit_card,18102.56,pending
PAY-0003479,ORD-003479,2025-12-18,payment,debit_card,12152.43,successful
PAY-0003480,ORD-003480,2026-06-09,payment,net_banking,2690.42,successful
PAY-0003481,ORD-003481,2026-04-16,payment,wallet,6254.21,successful
PAY-0003482,ORD-003482,2025-12-22,payment,wallet,16691.63,successful
PAY-0003483,ORD-003483,2025-07-10,payment,upi,44317.86,successful
PAY-0003484,ORD-003484,2026-01-27,payment,credit_card,17915.89,successful
PAY-0003485,ORD-003485,2026-05-06,payment,net_banking,29595.36,successful
PAY-0003486,ORD-003486,2026-03-23,payment,upi,68834.07,failed
PAY-0003487,ORD-003487,2026-04-05,payment,debit_card,5135.07,successful
PAY-0003488,ORD-003488,2026-02-19,payment,upi,7768.18,pending
PAY-0003489,ORD-003489,2025-12-24,payment,net_banking,32996.8,successful
PAY-0003490,ORD-003490,2026-07-08,payment,wallet,3137.43,successful
PAY-0003491,ORD-003491,2026-04-24,payment,debit_card,25468.51,successful
PAY-0003492,ORD-003492,2026-06-15,payment,wallet,9226.88,successful
PAY-0003493,ORD-003493,2026-07-09,payment,credit_card,16336.29,successful
PAY-0003494,ORD-003494,2025-08-21,payment,wallet,38984.67,successful
PAY-0003495,ORD-003495,2025-08-06,payment,debit_card,20272.35,successful
PAY-0003496,ORD-003496,2025-12-25,payment,debit_card,8038.04,successful
PAY-0003497,ORD-003497,2025-10-11,payment,wallet,40922.41,failed
PAY-0003498,ORD-003498,2026-07-16,payment,wallet,18545.66,successful
PAY-0003499,ORD-003499,2026-05-25,payment,debit_card,39672.12,successful
PAY-0003500,ORD-003500,2026-07-25,payment,net_banking,5415.48,successful
PAY-0003501,ORD-003501,2025-12-17,payment,credit_card,45046.03,successful
PAY-0003502,ORD-003502,2025-04-21,payment,wallet,29769.19,pending
PAY-0003503,ORD-003503,2025-03-24,payment,net_banking,1032.38,successful
PAY-0003504,ORD-003504,2025-10-29,payment,upi,22180.5,successful
PAY-0003505,ORD-003505,2026-03-06,payment,upi,8826.34,pending
PAY-0003506,ORD-003506,2025-07-30,payment,net_banking,410.62,failed
PAY-0003507,ORD-003507,2026-07-05,payment,debit_card,12652.41,successful
PAY-0003508,ORD-003508,2026-07-19,payment,debit_card,17701.17,successful
PAY-0003509,ORD-003509,2025-07-12,payment,debit_card,14709.8,successful
PAY-0003510,ORD-003510,2026-07-06,payment,credit_card,27561.59,failed
PAY-0003511,ORD-003511,2025-10-23,payment,upi,29492.72,successful
PAY-0003512,ORD-003512,2026-06-06,payment,upi,30260.44,successful
PAY-0003513,ORD-003513,2025-02-04,payment,wallet,20990.15,successful
PAY-0003514,ORD-003514,2025-09-03,payment,debit_card,38851.5,successful
PAY-0003515,ORD-003515,2026-07-17,payment,debit_card,15711.44,successful
PAY-0003516,ORD-003516,2026-05-27,payment,debit_card,20249.74,failed
PAY-0003517,ORD-003517,2026-07-31,payment,credit_card,22381.35,successful
PAY-0003518,ORD-003518,2025-12-02,payment,wallet,35275.33,successful
PAY-0003519,ORD-003519,2025-02-04,payment,debit_card,3258.76,pending
PAY-0003520,ORD-003520,2025-09-01,payment,wallet,19918.2,pending
PAY-0003521,ORD-003521,2026-07-19,payment,upi,2656.96,successful
PAY-0003522,ORD-003522,2025-08-06,payment,net_banking,13311.01,successful
PAY-0003523,ORD-003523,2026-07-26,payment,credit_card,12683.09,successful
PAY-0003524,ORD-003524,2025-12-02,payment,net_banking,4284.6,successful
PAY-0003525,ORD-003525,2026-07-20,payment,net_banking,48197.16,successful
PAY-0003526,ORD-003526,2026-04-04,payment,credit_card,20266.28,successful
PAY-0003527,ORD-003527,2026-07-03,payment,debit_card,16389.59,failed
PAY-0003528,ORD-003528,2025-05-11,payment,wallet,5061.17,failed
PAY-0003529,ORD-003529,2026-06-10,payment,upi,36251.42,successful
PAY-0003530,ORD-003530,2025-04-29,payment,wallet,8063.85,successful
PAY-0003531,ORD-003531,2026-06-07,payment,wallet,3308.44,pending
PAY-0003532,ORD-003532,2026-07-01,payment,upi,20298.81,successful
PAY-0003533,ORD-003533,2026-06-05,payment,debit_card,9464.06,successful
PAY-0003534,ORD-003534,2026-05-28,payment,credit_card,24276.73,successful
PAY-0003535,ORD-003535,2026-07-25,payment,net_banking,13182.85,successful
PAY-0003536,ORD-003536,2026-04-27,payment,net_banking,3447.49,successful
PAY-0003537,ORD-003537,2026-06-23,payment,wallet,10376.87,successful
PAY-0003538,ORD-003538,2026-01-13,payment,upi,4555.0,successful
PAY-0003539,ORD-003539,2026-05-19,payment,net_banking,29882.44,successful
PAY-0003540,ORD-003540,2025-07-04,payment,credit_card,6454.05,successful
PAY-0003541,ORD-003541,2026-03-18,payment,upi,3919.97,successful
PAY-0003542,ORD-003542,2026-05-28,payment,debit_card,57171.73,successful
PAY-0003543,ORD-003543,2026-07-01,payment,debit_card,9488.76,successful
PAY-0003544,ORD-003544,2026-06-14,payment,wallet,15337.18,successful
PAY-0003545,ORD-003545,2026-04-05,payment,credit_card,18727.92,failed
PAY-0003546,ORD-003546,2025-09-21,payment,credit_card,14877.58,successful
PAY-0003547,ORD-003547,2025-01-01,payment,credit_card,8411.49,successful
PAY-0003548,ORD-003548,2025-11-30,payment,wallet,4430.01,successful
PAY-0003549,ORD-003549,2026-04-01,payment,credit_card,14898.11,successful
PAY-0003550,ORD-003550,2026-04-25,payment,upi,4609.01,successful
PAY-0003551,ORD-003551,2026-07-31,payment,upi,14697.93,pending
PAY-0003552,ORD-003552,2026-06-20,payment,credit_card,7338.6,successful
PAY-0003553,ORD-003553,2025-08-08,payment,wallet,28290.7,successful
PAY-0003554,ORD-003554,2026-03-19,payment,upi,10020.54,successful
PAY-0003555,ORD-003555,2026-02-01,payment,net_banking,11542.59,successful
PAY-0003556,ORD-003556,2025-06-21,payment,debit_card,24179.09,successful
PAY-0003557,ORD-003557,2026-04-04,payment,net_banking,17896.98,successful
PAY-0003558,ORD-003558,2026-06-14,payment,net_banking,9544.83,successful
PAY-0003559,ORD-003559,2026-05-10,payment,upi,7736.75,successful
PAY-0003560,ORD-003560,2025-01-04,payment,debit_card,7670.35,successful
PAY-0003561,ORD-003561,2026-07-26,payment,debit_card,7618.01,successful
PAY-0003562,ORD-003562,2026-02-05,payment,net_banking,5674.6,pending
PAY-0003563,ORD-003563,2026-05-03,payment,upi,10206.13,failed
PAY-0003564,ORD-003564,2026-01-31,payment,wallet,13791.57,successful
PAY-0003565,ORD-003565,2026-03-14,payment,net_banking,8421.02,pending
PAY-0003566,ORD-003566,2026-01-03,payment,credit_card,21142.04,failed
PAY-0003567,ORD-003567,2026-05-02,payment,upi,1566.01,successful
PAY-0003568,ORD-003568,2026-04-22,payment,credit_card,24586.73,successful
PAY-0003569,ORD-003569,2025-10-21,payment,wallet,28068.98,successful
PAY-0003570,ORD-003570,2025-03-06,payment,wallet,20232.94,successful
PAY-0003571,ORD-003571,2026-04-10,payment,credit_card,10955.71,successful
PAY-0003572,ORD-003572,2025-08-28,payment,upi,1931.89,successful
PAY-0003573,ORD-003573,2025-11-10,payment,credit_card,24703.29,successful
PAY-0003574,ORD-003574,2026-05-14,payment,wallet,10587.79,successful
PAY-0003575,ORD-003575,2025-01-20,payment,net_banking,22528.58,failed
PAY-0003576,ORD-003576,2026-05-31,payment,net_banking,6773.49,successful
PAY-0003577,ORD-003577,2025-03-17,payment,upi,17698.76,successful
PAY-0003578,ORD-003578,2026-06-25,payment,net_banking,13988.03,successful
PAY-0003579,ORD-003579,2025-12-08,payment,credit_card,14228.0,successful
PAY-0003580,ORD-003580,2026-01-18,payment,debit_card,8203.77,successful
PAY-0003581,ORD-003581,2025-12-05,payment,debit_card,971.42,successful
PAY-0003582,ORD-003582,2026-03-17,payment,credit_card,5110.16,successful
PAY-0003583,ORD-003583,2026-04-20,payment,wallet,38010.71,successful
PAY-0003584,ORD-003584,2026-03-26,payment,credit_card,10103.63,successful
PAY-0003585,ORD-003585,2026-01-23,payment,credit_card,1309.55,successful
PAY-0003586,ORD-003586,2026-05-28,payment,wallet,1667.6,successful
PAY-0003587,ORD-003587,2026-07-19,payment,debit_card,20286.96,successful
PAY-0003588,ORD-003588,2026-05-27,payment,wallet,4955.39,successful
PAY-0003589,ORD-003589,2025-12-07,payment,credit_card,19169.69,successful
PAY-0003590,ORD-003590,2025-08-28,payment,net_banking,20274.64,successful
PAY-0003591,ORD-003591,2026-06-29,payment,credit_card,31188.27,successful
PAY-0003592,ORD-003592,2026-05-01,payment,wallet,3336.12,successful
PAY-0003593,ORD-003593,2026-06-09,payment,debit_card,11824.28,successful
PAY-0003594,ORD-003594,2025-11-15,payment,debit_card,26841.11,successful
PAY-0003595,ORD-003595,2025-09-24,payment,credit_card,12574.92,pending
PAY-0003596,ORD-003596,2026-02-02,payment,credit_card,4653.15,successful
PAY-0003597,ORD-003597,2025-04-08,payment,debit_card,7986.72,successful
PAY-0003598,ORD-003598,2026-04-20,payment,credit_card,2287.85,successful
PAY-0003599,ORD-003599,2026-07-26,payment,credit_card,3652.34,successful
PAY-0003600,ORD-003600,2026-01-26,payment,debit_card,34553.74,failed
PAY-0003601,ORD-003601,2026-03-18,payment,upi,50685.09,successful
PAY-0003602,ORD-003602,2025-11-07,payment,wallet,15889.82,successful
PAY-0003603,ORD-003603,2025-07-30,payment,credit_card,5744.16,successful
PAY-0003604,ORD-003604,2026-02-07,payment,upi,36935.11,successful
PAY-0003605,ORD-003605,2026-05-29,payment,debit_card,14492.68,successful
PAY-0003606,ORD-003606,2025-06-13,payment,debit_card,30230.55,successful
PAY-0003607,ORD-003607,2025-08-17,payment,net_banking,2081.97,successful
PAY-0003608,ORD-003608,2025-10-01,payment,credit_card,5114.2,successful
PAY-0003609,ORD-003609,2026-04-28,payment,debit_card,20955.21,successful
PAY-0003610,ORD-003610,2026-01-19,payment,wallet,5829.8,successful
PAY-0003611,ORD-003611,2025-07-12,payment,upi,7137.32,successful
PAY-0003612,ORD-003612,2026-07-31,payment,wallet,32965.29,successful
PAY-0003613,ORD-003613,2026-07-16,payment,upi,1591.96,successful
PAY-0003614,ORD-003614,2026-05-17,payment,wallet,914.33,successful
PAY-0003615,ORD-003615,2025-06-14,payment,upi,1814.46,successful
PAY-0003616,ORD-003616,2025-10-13,payment,debit_card,4940.68,successful
PAY-0003617,ORD-003617,2026-06-08,payment,debit_card,33646.08,successful
PAY-0003618,ORD-003618,2026-05-29,payment,debit_card,16712.15,successful
PAY-0003619,ORD-003619,2026-04-13,payment,net_banking,9879.25,successful
PAY-0003620,ORD-003620,2025-01-04,payment,wallet,26448.76,successful
PAY-0003621,ORD-003621,2026-04-15,payment,upi,4885.21,successful
PAY-0003622,ORD-003622,2026-06-19,payment,upi,19508.67,successful
PAY-0003623,ORD-003623,2025-10-05,payment,debit_card,11272.01,successful
PAY-0003624,ORD-003624,2025-11-17,payment,upi,11617.22,successful
PAY-0003625,ORD-003625,2026-07-17,payment,credit_card,23645.88,successful
PAY-0003626,ORD-003626,2026-05-18,payment,credit_card,41923.91,successful
PAY-0003627,ORD-003627,2025-12-05,payment,wallet,13429.37,successful
PAY-0003628,ORD-003628,2025-01-07,payment,debit_card,5099.9,successful
PAY-0003629,ORD-003629,2026-05-06,payment,credit_card,24441.48,pending
PAY-0003630,ORD-003630,2025-05-28,payment,upi,29140.9,successful
PAY-0003631,ORD-003631,2026-04-08,payment,upi,42241.07,successful
PAY-0003632,ORD-003632,2025-09-28,payment,upi,14079.71,successful
PAY-0003633,ORD-003633,2026-06-21,payment,debit_card,20553.24,successful
PAY-0003634,ORD-003634,2026-03-14,payment,credit_card,5807.58,successful
PAY-0003635,ORD-003635,2025-03-06,payment,credit_card,4587.13,successful
PAY-0003636,ORD-003636,2026-06-28,payment,wallet,46093.08,successful
PAY-0003637,ORD-003637,2025-06-02,payment,upi,13840.4,successful
PAY-0003638,ORD-003638,2026-01-31,payment,net_banking,29088.17,successful
PAY-0003639,ORD-003639,2025-05-02,payment,wallet,10548.08,successful
PAY-0003640,ORD-003640,2026-01-17,payment,credit_card,8771.16,successful
PAY-0003641,ORD-003641,2026-07-27,payment,debit_card,1419.85,successful
PAY-0003642,ORD-003642,2025-01-26,payment,upi,7962.38,failed
PAY-0003643,ORD-003643,2025-10-06,payment,wallet,14245.89,pending
PAY-0003644,ORD-003644,2025-12-03,payment,wallet,26545.47,successful
PAY-0003645,ORD-003645,2025-11-25,payment,debit_card,14713.14,successful
PAY-0003646,ORD-003646,2025-09-25,payment,net_banking,7684.94,failed
PAY-0003647,ORD-003647,2025-12-26,payment,debit_card,11140.98,successful
PAY-0003648,ORD-003648,2026-07-29,payment,net_banking,5232.47,failed
PAY-0003649,ORD-003649,2025-07-31,payment,net_banking,2832.54,successful
PAY-0003650,ORD-003650,2026-06-07,payment,credit_card,31113.71,successful
PAY-0003651,ORD-003651,2025-07-30,payment,upi,4642.24,successful
PAY-0003652,ORD-003652,2026-04-19,payment,debit_card,7751.22,successful
PAY-0003653,ORD-003653,2026-05-26,payment,net_banking,13214.97,successful
PAY-0003654,ORD-003654,2026-05-05,payment,upi,8799.8,successful
PAY-0003655,ORD-003655,2025-08-24,payment,credit_card,19981.09,successful
PAY-0003656,ORD-003656,2025-06-03,payment,upi,32148.32,successful
PAY-0003657,ORD-003657,2025-08-05,payment,upi,53862.92,successful
PAY-0003658,ORD-003658,2026-07-11,payment,wallet,16989.26,failed
PAY-0003659,ORD-003659,2026-03-07,payment,upi,22080.1,successful
PAY-0003660,ORD-003660,2026-07-13,payment,net_banking,7376.09,successful
PAY-0003661,ORD-003661,2026-07-15,payment,wallet,20206.43,successful
PAY-0003662,ORD-003662,2026-05-18,payment,credit_card,1903.92,successful
PAY-0003663,ORD-003663,2026-07-04,payment,wallet,6038.82,successful
PAY-0003664,ORD-003664,2026-03-02,payment,net_banking,47617.55,successful
PAY-0003665,ORD-003665,2026-05-22,payment,debit_card,4257.26,successful
PAY-0003666,ORD-003666,2026-05-19,payment,credit_card,25231.89,successful
PAY-0003667,ORD-003667,2026-06-07,payment,wallet,23807.35,failed
PAY-0003668,ORD-003668,2026-07-05,payment,net_banking,19137.53,pending
PAY-0003669,ORD-003669,2026-07-10,payment,wallet,17545.66,pending
PAY-0003670,ORD-003670,2026-06-01,payment,wallet,4741.25,successful
PAY-0003671,ORD-003671,2025-12-08,payment,wallet,4407.78,successful
PAY-0003672,ORD-003672,2025-11-21,payment,wallet,8148.83,successful
PAY-0003673,ORD-003673,2025-01-17,payment,debit_card,47901.97,successful
PAY-0003674,ORD-003674,2026-07-30,payment,wallet,9860.61,pending
PAY-0003675,ORD-003675,2026-01-31,payment,wallet,5199.99,successful
PAY-0003676,ORD-003676,2025-11-13,payment,upi,24662.86,successful
PAY-0003677,ORD-003677,2026-07-29,payment,wallet,10332.3,successful
PAY-0003678,ORD-003678,2026-02-25,payment,upi,13647.74,successful
PAY-0003679,ORD-003679,2025-05-11,payment,credit_card,19247.31,successful
PAY-0003680,ORD-003680,2025-01-29,payment,credit_card,23227.16,successful
PAY-0003681,ORD-003681,2025-08-13,payment,upi,2999.81,successful
PAY-0003682,ORD-003682,2025-02-07,payment,upi,4695.86,successful
PAY-0003683,ORD-003683,2026-06-13,payment,credit_card,15779.38,successful
PAY-0003684,ORD-003684,2025-08-28,payment,wallet,18355.62,successful
PAY-0003685,ORD-003685,2026-05-23,payment,credit_card,39267.27,failed
PAY-0003686,ORD-003686,2026-03-06,payment,credit_card,37361.68,successful
PAY-0003687,ORD-003687,2025-12-30,payment,credit_card,12194.06,successful
PAY-0003688,ORD-003688,2026-05-11,payment,credit_card,4537.05,pending
PAY-0003689,ORD-003689,2026-01-04,payment,wallet,31746.4,successful
PAY-0003690,ORD-003690,2025-01-22,payment,credit_card,30844.66,successful
PAY-0003691,ORD-003691,2025-02-18,payment,upi,19679.6,successful
PAY-0003692,ORD-003692,2025-10-31,payment,credit_card,26130.63,successful
PAY-0003693,ORD-003693,2026-06-06,payment,wallet,9076.98,successful
PAY-0003694,ORD-003694,2026-02-27,payment,upi,1230.95,successful
PAY-0003695,ORD-003695,2026-07-27,payment,net_banking,19138.42,failed
PAY-0003696,ORD-003696,2026-02-26,payment,credit_card,13368.54,successful
PAY-0003697,ORD-003697,2026-06-23,payment,net_banking,49972.56,successful
PAY-0003698,ORD-003698,2026-04-13,payment,wallet,9616.16,successful
PAY-0003699,ORD-003699,2025-09-02,payment,net_banking,26582.8,successful
PAY-0003700,ORD-003700,2025-03-21,payment,wallet,7162.62,successful
PAY-0003701,ORD-003701,2026-06-23,payment,debit_card,22539.44,successful
PAY-0003702,ORD-003702,2026-04-12,payment,wallet,19566.91,successful
PAY-0003703,ORD-003703,2026-02-04,payment,wallet,16520.17,pending
PAY-0003704,ORD-003704,2026-05-10,payment,wallet,40279.84,successful
PAY-0003705,ORD-003705,2026-06-20,payment,debit_card,67811.07,successful
PAY-0003706,ORD-003706,2026-06-22,payment,wallet,11747.93,successful
PAY-0003707,ORD-003707,2026-04-16,payment,credit_card,12021.23,failed
PAY-0003708,ORD-003708,2025-06-09,payment,net_banking,20064.2,successful
PAY-0003709,ORD-003709,2026-03-16,payment,wallet,28201.32,successful
PAY-0003710,ORD-003710,2026-07-15,payment,upi,10974.22,successful
PAY-0003711,ORD-003711,2025-12-17,payment,net_banking,4294.28,successful
PAY-0003712,ORD-003712,2025-12-20,payment,upi,18077.69,failed
PAY-0003713,ORD-003713,2026-03-19,payment,wallet,2448.63,successful
PAY-0003714,ORD-003714,2026-07-04,payment,net_banking,13068.04,successful
PAY-0003715,ORD-003715,2025-05-04,payment,debit_card,29616.83,successful
PAY-0003716,ORD-003716,2025-06-18,payment,credit_card,3983.24,failed
PAY-0003717,ORD-003717,2026-03-26,payment,wallet,10234.36,successful
PAY-0003718,ORD-003718,2025-10-15,payment,wallet,43075.11,successful
PAY-0003719,ORD-003719,2026-03-24,payment,credit_card,13093.79,successful
PAY-0003720,ORD-003720,2026-01-22,payment,wallet,20261.04,pending
PAY-0003721,ORD-003721,2026-07-05,payment,wallet,9697.58,successful
PAY-0003722,ORD-003722,2025-05-18,payment,net_banking,9488.47,successful
PAY-0003723,ORD-003723,2025-06-29,payment,credit_card,15812.57,successful
PAY-0003724,ORD-003724,2026-04-06,payment,debit_card,11355.42,successful
PAY-0003725,ORD-003725,2025-12-29,payment,credit_card,9081.02,successful
PAY-0003726,ORD-003726,2025-11-23,payment,upi,1393.55,successful
PAY-0003727,ORD-003727,2026-07-30,payment,credit_card,9966.29,successful
PAY-0003728,ORD-003728,2026-07-07,payment,wallet,8247.36,successful
PAY-0003729,ORD-003729,2026-06-29,payment,net_banking,11304.92,successful
PAY-0003730,ORD-003730,2025-05-16,payment,debit_card,5746.4,pending
PAY-0003731,ORD-003731,2026-07-05,payment,credit_card,26413.97,successful
PAY-0003732,ORD-003732,2025-03-15,payment,credit_card,12253.21,failed
PAY-0003733,ORD-003733,2026-05-23,payment,upi,25442.46,successful
PAY-0003734,ORD-003734,2026-06-12,payment,credit_card,19344.58,failed
PAY-0003735,ORD-003735,2026-02-04,payment,wallet,52655.28,failed
PAY-0003736,ORD-003736,2025-01-02,payment,debit_card,6751.76,successful
PAY-0003737,ORD-003737,2025-10-25,payment,upi,19674.69,successful
PAY-0003738,ORD-003738,2025-11-09,payment,net_banking,1888.42,successful
PAY-0003739,ORD-003739,2025-08-03,payment,credit_card,13315.77,successful
PAY-0003740,ORD-003740,2025-06-22,payment,upi,832.59,failed
PAY-0003741,ORD-003741,2026-03-16,payment,credit_card,471.63,successful
PAY-0003742,ORD-003742,2025-11-15,payment,debit_card,35665.78,successful
PAY-0003743,ORD-003743,2026-01-06,payment,credit_card,26727.05,pending
PAY-0003744,ORD-003744,2026-07-04,payment,net_banking,10429.61,successful
PAY-0003745,ORD-003745,2025-08-22,payment,debit_card,9675.87,successful
PAY-0003746,ORD-003746,2026-05-17,payment,wallet,18528.47,successful
PAY-0003747,ORD-003747,2026-07-30,payment,net_banking,12223.35,pending
PAY-0003748,ORD-003748,2025-11-29,payment,upi,9306.79,successful
PAY-0003749,ORD-003749,2026-02-16,payment,upi,8445.07,successful
PAY-0003750,ORD-003750,2025-09-26,payment,wallet,4329.82,successful
PAY-0003751,ORD-003751,2026-02-05,payment,debit_card,9946.87,successful
PAY-0003752,ORD-003752,2026-06-20,payment,upi,1480.86,successful
PAY-0003753,ORD-003753,2025-06-07,payment,debit_card,8643.33,pending
PAY-0003754,ORD-003754,2026-07-29,payment,net_banking,3819.11,successful
PAY-0003755,ORD-003755,2026-06-01,payment,wallet,2194.72,successful
PAY-0003756,ORD-003756,2025-10-10,payment,upi,2565.21,successful
PAY-0003757,ORD-003757,2025-04-18,payment,net_banking,10726.46,successful
PAY-0003758,ORD-003758,2026-06-21,payment,upi,5433.12,successful
PAY-0003759,ORD-003759,2026-03-25,payment,upi,12789.01,successful
PAY-0003760,ORD-003760,2026-07-30,payment,debit_card,27929.4,successful
PAY-0003761,ORD-003761,2025-06-03,payment,wallet,18304.48,successful
PAY-0003762,ORD-003762,2025-11-09,payment,debit_card,10945.53,successful
PAY-0003763,ORD-003763,2026-03-15,payment,net_banking,17367.98,successful
PAY-0003764,ORD-003764,2026-05-14,payment,upi,14799.77,successful
PAY-0003765,ORD-003765,2026-02-27,payment,debit_card,43781.34,successful
PAY-0003766,ORD-003766,2026-02-23,payment,credit_card,16403.26,successful
PAY-0003767,ORD-003767,2025-05-15,payment,upi,28355.87,pending
PAY-0003768,ORD-003768,2025-10-11,payment,wallet,24070.28,failed
PAY-0003769,ORD-003769,2026-04-16,payment,wallet,14003.31,successful
PAY-0003770,ORD-003770,2026-06-11,payment,upi,30443.02,successful
PAY-0003771,ORD-003771,2025-08-27,payment,net_banking,16139.13,failed
PAY-0003772,ORD-003772,2026-02-02,payment,upi,2235.98,successful
PAY-0003773,ORD-003773,2025-01-13,payment,debit_card,1962.29,successful
PAY-0003774,ORD-003774,2025-12-02,payment,credit_card,53125.87,failed
PAY-0003775,ORD-003775,2025-08-10,payment,wallet,43623.73,successful
PAY-0003776,ORD-003776,2026-07-25,payment,credit_card,17043.41,successful
PAY-0003777,ORD-003777,2025-11-04,payment,wallet,16906.13,successful
PAY-0003778,ORD-003778,2026-05-30,payment,upi,11284.63,successful
PAY-0003779,ORD-003779,2025-11-21,payment,credit_card,43726.3,failed
PAY-0003780,ORD-003780,2025-10-18,payment,upi,2000.43,successful
PAY-0003781,ORD-003781,2026-07-01,payment,wallet,10479.78,failed
PAY-0003782,ORD-003782,2026-07-29,payment,debit_card,40842.37,successful
PAY-0003783,ORD-003783,2025-09-20,payment,net_banking,9392.14,successful
PAY-0003784,ORD-003784,2026-03-30,payment,credit_card,6323.05,pending
PAY-0003785,ORD-003785,2026-01-08,payment,debit_card,55747.74,successful
PAY-0003786,ORD-003786,2025-05-13,payment,upi,11098.28,successful
PAY-0003787,ORD-003787,2025-08-24,payment,upi,16101.89,successful
PAY-0003788,ORD-003788,2026-05-04,payment,net_banking,16117.23,successful
PAY-0003789,ORD-003789,2026-06-02,payment,debit_card,18420.86,successful
PAY-0003790,ORD-003790,2025-10-03,payment,credit_card,37091.05,pending
PAY-0003791,ORD-003791,2025-08-14,payment,wallet,2096.44,successful
PAY-0003792,ORD-003792,2026-05-20,payment,net_banking,10257.79,successful
PAY-0003793,ORD-003793,2025-06-24,payment,credit_card,2284.07,successful
PAY-0003794,ORD-003794,2025-09-05,payment,wallet,5019.41,successful
PAY-0003795,ORD-003795,2025-02-11,payment,net_banking,37342.67,successful
PAY-0003796,ORD-003796,2025-03-06,payment,upi,24510.46,successful
PAY-0003797,ORD-003797,2026-05-23,payment,upi,10111.56,successful
PAY-0003798,ORD-003798,2026-07-05,payment,wallet,4198.94,successful
PAY-0003799,ORD-003799,2026-04-28,payment,debit_card,24746.22,successful
PAY-0003800,ORD-003800,2025-12-14,payment,net_banking,18671.93,successful
PAY-0003801,ORD-003801,2025-12-18,payment,debit_card,6671.27,successful
PAY-0003802,ORD-003802,2026-07-18,payment,upi,26565.4,successful
PAY-0003803,ORD-003803,2026-07-26,payment,wallet,14986.19,pending
PAY-0003804,ORD-003804,2025-12-21,payment,credit_card,23051.43,successful
PAY-0003805,ORD-003805,2025-06-07,payment,debit_card,11041.52,successful
PAY-0003806,ORD-003806,2026-01-24,payment,net_banking,8004.2,successful
PAY-0003807,ORD-003807,2026-05-30,payment,net_banking,13760.45,pending
PAY-0003808,ORD-003808,2026-03-27,payment,net_banking,4205.08,successful
PAY-0003809,ORD-003809,2026-06-03,payment,wallet,5389.07,pending
PAY-0003810,ORD-003810,2026-06-20,payment,wallet,13215.22,successful
PAY-0003811,ORD-003811,2026-03-15,payment,debit_card,43517.34,successful
PAY-0003812,ORD-003812,2026-01-07,payment,debit_card,39864.53,successful
PAY-0003813,ORD-003813,2026-02-18,payment,net_banking,46416.9,successful
PAY-0003814,ORD-003814,2026-02-17,payment,debit_card,10499.31,successful
PAY-0003815,ORD-003815,2026-02-06,payment,net_banking,10277.94,successful
PAY-0003816,ORD-003816,2026-05-02,payment,credit_card,7988.56,successful
PAY-0003817,ORD-003817,2025-01-07,payment,debit_card,19616.8,pending
PAY-0003818,ORD-003818,2025-08-31,payment,credit_card,8178.49,failed
PAY-0003819,ORD-003819,2026-05-30,payment,credit_card,30896.29,successful
PAY-0003820,ORD-003820,2026-02-21,payment,debit_card,62164.39,successful
PAY-0003821,ORD-003821,2026-07-08,payment,upi,16585.9,successful
PAY-0003822,ORD-003822,2026-06-26,payment,debit_card,34061.69,successful
PAY-0003823,ORD-003823,2026-04-16,payment,wallet,18752.14,successful
PAY-0003824,ORD-003824,2025-08-23,payment,net_banking,6857.49,successful
PAY-0003825,ORD-003825,2025-09-06,payment,debit_card,15481.6,successful
PAY-0003826,ORD-003826,2026-06-26,payment,wallet,5200.28,successful
PAY-0003827,ORD-003827,2025-07-29,payment,upi,11325.79,successful
PAY-0003828,ORD-003828,2025-12-24,payment,net_banking,2414.04,failed
PAY-0003829,ORD-003829,2025-12-11,payment,debit_card,21433.76,failed
PAY-0003830,ORD-003830,2025-01-18,payment,credit_card,15225.45,successful
PAY-0003831,ORD-003831,2026-06-27,payment,upi,26421.44,successful
PAY-0003832,ORD-003832,2025-05-09,payment,debit_card,4686.71,successful
PAY-0003833,ORD-003833,2026-01-27,payment,net_banking,18189.25,successful
PAY-0003834,ORD-003834,2026-03-24,payment,credit_card,604.61,successful
PAY-0003835,ORD-003835,2026-04-26,payment,credit_card,7764.09,successful
PAY-0003836,ORD-003836,2025-11-16,payment,wallet,10042.6,successful
PAY-0003837,ORD-003837,2026-03-06,payment,upi,30581.05,successful
PAY-0003838,ORD-003838,2026-07-13,payment,debit_card,19462.79,failed
PAY-0003839,ORD-003839,2026-01-26,payment,credit_card,35480.81,successful
PAY-0003840,ORD-003840,2026-02-08,payment,wallet,8396.74,successful
PAY-0003841,ORD-003841,2026-06-26,payment,upi,1251.47,pending
PAY-0003842,ORD-003842,2025-09-30,payment,upi,16854.98,successful
PAY-0003843,ORD-003843,2026-05-27,payment,debit_card,11451.36,successful
PAY-0003844,ORD-003844,2026-05-21,payment,upi,15216.49,successful
PAY-0003845,ORD-003845,2025-04-10,payment,net_banking,17986.94,successful
PAY-0003846,ORD-003846,2025-08-10,payment,credit_card,6719.77,successful
PAY-0003847,ORD-003847,2025-01-15,payment,net_banking,8400.89,successful
PAY-0003848,ORD-003848,2025-05-18,payment,upi,2903.44,successful
PAY-0003849,ORD-003849,2025-06-30,payment,debit_card,429.77,successful
PAY-0003850,ORD-003850,2026-05-10,payment,debit_card,15142.8,successful
PAY-0003851,ORD-003851,2025-01-03,payment,upi,5104.59,successful
PAY-0003852,ORD-003852,2026-01-23,payment,wallet,2497.91,successful
PAY-0003853,ORD-003853,2026-06-25,payment,debit_card,55036.2,failed
PAY-0003854,ORD-003854,2025-11-19,payment,wallet,9898.58,successful
PAY-0003855,ORD-003855,2026-06-30,payment,credit_card,4832.52,successful
PAY-0003856,ORD-003856,2026-04-13,payment,wallet,28798.5,successful
PAY-0003857,ORD-003857,2025-11-04,payment,debit_card,27660.01,successful
PAY-0003858,ORD-003858,2026-05-31,payment,credit_card,30029.91,successful
PAY-0003859,ORD-003859,2026-06-22,payment,net_banking,3172.36,successful
PAY-0003860,ORD-003860,2025-12-22,payment,net_banking,28179.6,successful
PAY-0003861,ORD-003861,2025-09-13,payment,upi,19191.5,successful
PAY-0003862,ORD-003862,2025-06-22,payment,net_banking,3756.7,successful
PAY-0003863,ORD-003863,2025-04-20,payment,net_banking,14882.62,failed
PAY-0003864,ORD-003864,2026-03-01,payment,wallet,13875.75,successful
PAY-0003865,ORD-003865,2026-01-23,payment,credit_card,2254.0,successful
PAY-0003866,ORD-003866,2026-04-25,payment,debit_card,3549.81,successful
PAY-0003867,ORD-003867,2026-02-18,payment,wallet,1438.41,successful
PAY-0003868,ORD-003868,2025-02-24,payment,net_banking,20259.77,successful
PAY-0003869,ORD-003869,2025-12-19,payment,debit_card,1559.63,successful
PAY-0003870,ORD-003870,2026-06-05,payment,upi,18812.83,successful
PAY-0003871,ORD-003871,2025-11-01,payment,upi,30895.77,pending
PAY-0003872,ORD-003872,2025-02-10,payment,upi,8763.69,successful
PAY-0003873,ORD-003873,2025-06-22,payment,net_banking,34950.67,successful
PAY-0003874,ORD-003874,2025-10-29,payment,credit_card,11265.96,successful
PAY-0003875,ORD-003875,2026-05-13,payment,credit_card,19510.77,successful
PAY-0003876,ORD-003876,2025-09-12,payment,upi,6327.56,successful
PAY-0003877,ORD-003877,2026-04-30,payment,upi,3496.55,successful
PAY-0003878,ORD-003878,2026-07-18,payment,credit_card,11245.4,successful
PAY-0003879,ORD-003879,2025-06-28,payment,net_banking,729.01,successful
PAY-0003880,ORD-003880,2025-05-03,payment,credit_card,6285.27,successful
PAY-0003881,ORD-003881,2025-01-03,payment,credit_card,8472.9,successful
PAY-0003882,ORD-003882,2025-11-27,payment,credit_card,11358.09,successful
PAY-0003883,ORD-003883,2025-04-11,payment,wallet,8629.28,successful
PAY-0003884,ORD-003884,2026-06-24,payment,upi,4883.31,failed
PAY-0003885,ORD-003885,2026-05-21,payment,net_banking,7732.34,successful
PAY-0003886,ORD-003886,2026-07-14,payment,wallet,6929.63,successful
PAY-0003887,ORD-003887,2026-07-16,payment,debit_card,8047.95,successful
PAY-0003888,ORD-003888,2025-04-13,payment,credit_card,7050.33,successful
PAY-0003889,ORD-003889,2026-07-17,payment,credit_card,24255.1,successful
PAY-0003890,ORD-003890,2026-04-09,payment,debit_card,15723.06,successful
PAY-0003891,ORD-003891,2025-02-23,payment,net_banking,21045.1,successful
PAY-0003892,ORD-003892,2025-11-26,payment,debit_card,17011.64,successful
PAY-0003893,ORD-003893,2026-02-11,payment,credit_card,17714.96,successful
PAY-0003894,ORD-003894,2025-05-26,payment,credit_card,15519.24,successful
PAY-0003895,ORD-003895,2025-10-03,payment,wallet,18449.21,failed
PAY-0003896,ORD-003896,2026-01-29,payment,net_banking,4933.64,successful
PAY-0003897,ORD-003897,2025-11-06,payment,wallet,28899.46,successful
PAY-0003898,ORD-003898,2026-04-14,payment,credit_card,17598.86,successful
PAY-0003899,ORD-003899,2026-06-26,payment,net_banking,3492.86,successful
PAY-0003900,ORD-003900,2026-06-22,payment,upi,19571.21,successful
PAY-0003901,ORD-003901,2025-06-22,payment,wallet,17377.21,successful
PAY-0003902,ORD-003902,2026-05-04,payment,net_banking,4643.47,successful
PAY-0003903,ORD-003903,2025-11-18,payment,debit_card,20161.69,successful
PAY-0003904,ORD-003904,2026-02-12,payment,debit_card,40245.45,successful
PAY-0003905,ORD-003905,2026-07-15,payment,credit_card,24375.89,successful
PAY-0003906,ORD-003906,2025-09-21,payment,upi,11056.08,successful
PAY-0003907,ORD-003907,2025-11-11,payment,wallet,11912.83,successful
PAY-0003908,ORD-003908,2025-07-06,payment,net_banking,15798.63,failed
PAY-0003909,ORD-003909,2026-07-02,payment,wallet,1019.26,failed
PAY-0003910,ORD-003910,2026-02-28,payment,upi,34355.24,successful
PAY-0003911,ORD-003911,2025-03-24,payment,debit_card,29481.89,successful
PAY-0003912,ORD-003912,2025-08-01,payment,wallet,16410.63,successful
PAY-0003913,ORD-003913,2026-05-18,payment,debit_card,3566.21,successful
PAY-0003914,ORD-003914,2026-04-05,payment,net_banking,17630.24,successful
PAY-0003915,ORD-003915,2026-03-13,payment,wallet,12890.86,failed
PAY-0003916,ORD-003916,2025-12-08,payment,credit_card,28316.91,successful
PAY-0003917,ORD-003917,2026-03-30,payment,net_banking,8749.17,successful
PAY-0003918,ORD-003918,2026-06-21,payment,upi,4954.43,failed
PAY-0003919,ORD-003919,2026-05-06,payment,net_banking,8940.46,successful
PAY-0003920,ORD-003920,2025-06-13,payment,wallet,12050.33,successful
PAY-0003921,ORD-003921,2026-06-01,payment,net_banking,20538.68,successful
PAY-0003922,ORD-003922,2025-09-22,payment,net_banking,5029.73,successful
PAY-0003923,ORD-003923,2026-05-26,payment,credit_card,9895.23,successful
PAY-0003924,ORD-003924,2025-03-18,payment,credit_card,21873.0,successful
PAY-0003925,ORD-003925,2026-05-24,payment,wallet,11797.78,successful
PAY-0003926,ORD-003926,2025-02-01,payment,wallet,3601.38,successful
PAY-0003927,ORD-003927,2026-03-18,payment,upi,3683.23,successful
PAY-0003928,ORD-003928,2026-07-21,payment,net_banking,18212.3,successful
PAY-0003929,ORD-003929,2025-07-13,payment,upi,10262.05,successful
PAY-0003930,ORD-003930,2026-04-16,payment,debit_card,34780.25,successful
PAY-0003931,ORD-003931,2025-12-18,payment,credit_card,20926.86,successful
PAY-0003932,ORD-003932,2026-07-29,payment,wallet,11996.26,failed
PAY-0003933,ORD-003933,2026-07-26,payment,credit_card,19231.52,successful
PAY-0003934,ORD-003934,2026-03-23,payment,net_banking,28624.06,failed
PAY-0003935,ORD-003935,2026-02-16,payment,debit_card,25904.32,successful
PAY-0003936,ORD-003936,2025-07-23,payment,net_banking,11621.44,successful
PAY-0003937,ORD-003937,2026-06-19,payment,credit_card,3927.18,successful
PAY-0003938,ORD-003938,2026-07-13,payment,wallet,14638.27,successful
PAY-0003939,ORD-003939,2025-11-18,payment,debit_card,37548.74,pending
PAY-0003940,ORD-003940,2026-07-31,payment,wallet,5252.83,successful
PAY-0003941,ORD-003941,2025-04-28,payment,net_banking,14581.11,successful
PAY-0003942,ORD-003942,2026-07-12,payment,net_banking,4541.68,failed
PAY-0003943,ORD-003943,2025-10-14,payment,net_banking,30161.33,successful
PAY-0003944,ORD-003944,2026-02-15,payment,wallet,36362.82,successful
PAY-0003945,ORD-003945,2026-06-04,payment,net_banking,3526.7,successful
PAY-0003946,ORD-003946,2026-06-09,payment,wallet,21804.64,successful
PAY-0003947,ORD-003947,2026-04-25,payment,upi,14963.91,successful
PAY-0003948,ORD-003948,2026-05-01,payment,upi,19729.94,successful
PAY-0003949,ORD-003949,2026-04-17,payment,wallet,19282.59,successful
PAY-0003950,ORD-003950,2025-06-03,payment,credit_card,33384.81,successful
PAY-0003951,ORD-003951,2026-06-22,payment,net_banking,1939.38,successful
PAY-0003952,ORD-003952,2026-06-12,payment,net_banking,7692.14,pending
PAY-0003953,ORD-003953,2026-06-09,payment,upi,19398.28,successful
PAY-0003954,ORD-003954,2025-07-28,payment,upi,27457.25,pending
PAY-0003955,ORD-003955,2026-06-24,payment,credit_card,27572.22,successful
PAY-0003956,ORD-003956,2025-11-27,payment,upi,2150.76,successful
PAY-0003957,ORD-003957,2025-05-08,payment,upi,12011.11,successful
PAY-0003958,ORD-003958,2026-05-31,payment,debit_card,17415.24,successful
PAY-0003959,ORD-003959,2025-09-14,payment,credit_card,20294.06,successful
PAY-0003960,ORD-003960,2025-12-16,payment,net_banking,7535.63,successful
PAY-0003961,ORD-003961,2025-06-16,payment,net_banking,22718.34,successful
PAY-0003962,ORD-003962,2025-11-21,payment,credit_card,1863.77,successful
PAY-0003963,ORD-003963,2025-09-19,payment,net_banking,10334.22,successful
PAY-0003964,ORD-003964,2026-06-17,payment,upi,12657.07,successful
PAY-0003965,ORD-003965,2025-07-08,payment,upi,1178.34,successful
PAY-0003966,ORD-003966,2026-06-21,payment,wallet,10942.88,successful
PAY-0003967,ORD-003967,2026-03-09,payment,credit_card,69038.01,successful
PAY-0003968,ORD-003968,2026-01-06,payment,wallet,5576.85,successful
PAY-0003969,ORD-003969,2026-06-02,payment,upi,897.96,successful
PAY-0003970,ORD-003970,2026-06-08,payment,upi,6951.45,successful
PAY-0003971,ORD-003971,2026-04-13,payment,net_banking,9833.77,successful
PAY-0003972,ORD-003972,2026-05-08,payment,net_banking,34406.68,successful
PAY-0003973,ORD-003973,2026-04-14,payment,wallet,4670.95,successful
PAY-0003974,ORD-003974,2026-06-25,payment,credit_card,6061.62,successful
PAY-0003975,ORD-003975,2025-06-08,payment,debit_card,14085.54,successful
PAY-0003976,ORD-003976,2026-07-27,payment,upi,10629.3,pending
PAY-0003977,ORD-003977,2026-07-28,payment,credit_card,3449.09,failed
PAY-0003978,ORD-003978,2026-01-11,payment,upi,2284.95,successful
PAY-0003979,ORD-003979,2025-02-28,payment,wallet,43273.35,successful
PAY-0003980,ORD-003980,2026-05-05,payment,upi,28765.46,successful
PAY-0003981,ORD-003981,2026-01-14,payment,upi,5968.35,failed
PAY-0003982,ORD-003982,2026-07-15,payment,credit_card,13634.2,pending
PAY-0003983,ORD-003983,2025-01-10,payment,debit_card,4444.79,successful
PAY-0003984,ORD-003984,2025-05-31,payment,net_banking,27904.44,failed
PAY-0003985,ORD-003985,2026-07-23,payment,wallet,7423.21,successful
PAY-0003986,ORD-003986,2025-04-15,payment,debit_card,50860.77,successful
PAY-0003987,ORD-003987,2026-06-27,payment,upi,2747.37,successful
PAY-0003988,ORD-003988,2026-05-25,payment,debit_card,20339.83,successful
PAY-0003989,ORD-003989,2026-04-21,payment,net_banking,30065.34,successful
PAY-0003990,ORD-003990,2026-03-21,payment,credit_card,18269.66,successful
PAY-0003991,ORD-003991,2025-07-01,payment,debit_card,30774.82,successful
PAY-0003992,ORD-003992,2026-05-20,payment,upi,27868.83,successful
PAY-0003993,ORD-003993,2025-11-10,payment,net_banking,8273.66,successful
PAY-0003994,ORD-003994,2025-12-01,payment,wallet,791.81,successful
PAY-0003995,ORD-003995,2026-07-28,payment,wallet,2167.58,failed
PAY-0003996,ORD-003996,2025-03-07,payment,debit_card,9049.5,successful
PAY-0003997,ORD-003997,2026-07-16,payment,net_banking,46173.57,successful
PAY-0003998,ORD-003998,2026-03-23,payment,net_banking,8676.48,successful
PAY-0003999,ORD-003999,2026-07-25,payment,wallet,25271.09,failed
PAY-0004000,ORD-004000,2026-05-10,payment,debit_card,6995.22,failed
PAY-0004001,ORD-004001,2025-05-14,payment,net_banking,13129.61,successful
PAY-0004002,ORD-004002,2026-05-25,payment,wallet,14469.34,successful
PAY-0004003,ORD-004003,2026-06-21,payment,net_banking,28946.65,successful
PAY-0004004,ORD-004004,2025-04-11,payment,wallet,2367.47,failed
PAY-0004005,ORD-004005,2026-01-27,payment,credit_card,6561.58,failed
PAY-0004006,ORD-004006,2025-10-23,payment,debit_card,3044.52,successful
PAY-0004007,ORD-004007,2025-12-15,payment,net_banking,1507.43,successful
PAY-0004008,ORD-004008,2026-05-11,payment,credit_card,1258.1,successful
PAY-0004009,ORD-004009,2026-03-13,payment,debit_card,6356.51,successful
PAY-0004010,ORD-004010,2025-10-25,payment,debit_card,28208.67,successful
PAY-0004011,ORD-004011,2026-06-17,payment,wallet,26793.23,successful
PAY-0004012,ORD-004012,2025-10-13,payment,debit_card,31845.3,successful
PAY-0004013,ORD-004013,2026-07-01,payment,upi,9558.22,successful
PAY-0004014,ORD-004014,2025-06-30,payment,upi,24142.66,failed
PAY-0004015,ORD-004015,2025-06-09,payment,upi,17067.23,successful
PAY-0004016,ORD-004016,2026-07-29,payment,credit_card,11800.18,successful
PAY-0004017,ORD-004017,2026-01-08,payment,debit_card,10651.56,successful
PAY-0004018,ORD-004018,2025-09-07,payment,debit_card,9636.27,successful
PAY-0004019,ORD-004019,2026-01-14,payment,debit_card,8786.63,failed
PAY-0004020,ORD-004020,2025-09-12,payment,debit_card,19080.49,successful
PAY-0004021,ORD-004021,2026-04-02,payment,debit_card,10937.63,successful
PAY-0004022,ORD-004022,2025-11-10,payment,wallet,23676.56,successful
PAY-0004023,ORD-004023,2025-08-01,payment,wallet,27623.39,pending
PAY-0004024,ORD-004024,2026-04-30,payment,credit_card,11655.97,successful
PAY-0004025,ORD-004025,2026-03-10,payment,net_banking,15869.29,successful
PAY-0004026,ORD-004026,2026-05-11,payment,upi,13218.82,successful
PAY-0004027,ORD-004027,2025-09-05,payment,upi,12347.61,successful
PAY-0004028,ORD-004028,2026-04-27,payment,upi,32457.15,successful
PAY-0004029,ORD-004029,2026-07-03,payment,net_banking,16206.43,successful
PAY-0004030,ORD-004030,2026-06-16,payment,upi,18930.48,failed
PAY-0004031,ORD-004031,2026-07-29,payment,credit_card,11171.47,successful
PAY-0004032,ORD-004032,2026-07-25,payment,debit_card,10924.16,pending
PAY-0004033,ORD-004033,2026-04-05,payment,net_banking,27054.41,failed
PAY-0004034,ORD-004034,2025-08-08,payment,credit_card,30168.45,successful
PAY-0004035,ORD-004035,2025-10-11,payment,credit_card,7669.69,failed
PAY-0004036,ORD-004036,2026-05-14,payment,credit_card,26270.93,successful
PAY-0004037,ORD-004037,2025-09-12,payment,wallet,49968.61,successful
PAY-0004038,ORD-004038,2025-01-19,payment,wallet,2662.27,successful
PAY-0004039,ORD-004039,2026-02-18,payment,upi,6202.81,successful
PAY-0004040,ORD-004040,2025-08-27,payment,debit_card,14700.77,successful
PAY-0004041,ORD-004041,2026-07-06,payment,credit_card,30792.35,successful
PAY-0004042,ORD-004042,2026-07-21,payment,credit_card,25478.15,successful
PAY-0004043,ORD-004043,2026-07-31,payment,wallet,15592.56,successful
PAY-0004044,ORD-004044,2026-01-20,payment,upi,30427.2,successful
PAY-0004045,ORD-004045,2026-06-05,payment,net_banking,8621.14,successful
PAY-0004046,ORD-004046,2026-07-02,payment,wallet,1710.86,failed
PAY-0004047,ORD-004047,2026-03-13,payment,wallet,10246.19,failed
PAY-0004048,ORD-004048,2025-06-08,payment,net_banking,17358.33,successful
PAY-0004049,ORD-004049,2026-07-02,payment,debit_card,2146.13,successful
PAY-0004050,ORD-004050,2026-05-26,payment,credit_card,1676.46,successful
PAY-0004051,ORD-004051,2026-04-16,payment,net_banking,14447.54,successful
PAY-0004052,ORD-004052,2025-09-06,payment,credit_card,15068.67,successful
PAY-0004053,ORD-004053,2026-02-13,payment,net_banking,6532.82,successful
PAY-0004054,ORD-004054,2025-08-11,payment,credit_card,11287.1,failed
PAY-0004055,ORD-004055,2025-05-31,payment,upi,17715.78,successful
PAY-0004056,ORD-004056,2026-01-24,payment,wallet,41280.98,successful
PAY-0004057,ORD-004057,2025-09-27,payment,wallet,5336.34,successful
PAY-0004058,ORD-004058,2025-05-10,payment,credit_card,45624.61,failed
PAY-0004059,ORD-004059,2026-05-15,payment,wallet,12437.92,successful
PAY-0004060,ORD-004060,2026-06-24,payment,wallet,13622.62,successful
PAY-0004061,ORD-004061,2025-12-06,payment,credit_card,18717.6,successful
PAY-0004062,ORD-004062,2025-08-27,payment,credit_card,14836.05,successful
PAY-0004063,ORD-004063,2026-05-26,payment,credit_card,16544.18,successful
PAY-0004064,ORD-004064,2026-07-21,payment,wallet,1686.42,successful
PAY-0004065,ORD-004065,2025-10-01,payment,upi,14094.83,successful
PAY-0004066,ORD-004066,2026-03-26,payment,net_banking,14327.06,successful
PAY-0004067,ORD-004067,2025-04-13,payment,debit_card,8724.34,successful
PAY-0004068,ORD-004068,2026-07-31,payment,upi,21055.88,successful
PAY-0004069,ORD-004069,2025-05-04,payment,net_banking,5766.58,successful
PAY-0004070,ORD-004070,2026-07-25,payment,debit_card,4102.53,successful
PAY-0004071,ORD-004071,2026-07-05,payment,credit_card,4120.62,successful
PAY-0004072,ORD-004072,2025-04-13,payment,upi,37566.53,successful
PAY-0004073,ORD-004073,2025-01-06,payment,net_banking,14799.38,successful
PAY-0004074,ORD-004074,2026-07-07,payment,wallet,3978.65,failed
PAY-0004075,ORD-004075,2026-05-17,payment,wallet,14711.39,failed
PAY-0004076,ORD-004076,2026-02-18,payment,wallet,15814.14,successful
PAY-0004077,ORD-004077,2025-06-30,payment,net_banking,1070.65,successful
PAY-0004078,ORD-004078,2026-01-08,payment,credit_card,12517.33,successful
PAY-0004079,ORD-004079,2026-03-28,payment,credit_card,11125.29,successful
PAY-0004080,ORD-004080,2026-07-06,payment,wallet,28117.17,successful
PAY-0004081,ORD-004081,2026-06-21,payment,debit_card,1036.14,successful
PAY-0004082,ORD-004082,2026-07-22,payment,debit_card,15978.84,successful
PAY-0004083,ORD-004083,2026-07-20,payment,debit_card,21227.89,successful
PAY-0004084,ORD-004084,2026-03-04,payment,net_banking,30839.18,successful
PAY-0004085,ORD-004085,2026-04-20,payment,net_banking,3315.45,successful
PAY-0004086,ORD-004086,2025-03-13,payment,net_banking,7206.28,successful
PAY-0004087,ORD-004087,2025-02-27,payment,net_banking,26217.25,successful
PAY-0004088,ORD-004088,2026-06-16,payment,credit_card,18585.5,successful
PAY-0004089,ORD-004089,2026-04-14,payment,wallet,7973.15,successful
PAY-0004090,ORD-004090,2025-07-07,payment,net_banking,13647.28,pending
PAY-0004091,ORD-004091,2026-02-19,payment,upi,17474.69,successful
PAY-0004092,ORD-004092,2025-04-07,payment,net_banking,8387.76,successful
PAY-0004093,ORD-004093,2026-05-30,payment,credit_card,14601.11,pending
PAY-0004094,ORD-004094,2025-09-07,payment,net_banking,15396.44,successful
PAY-0004095,ORD-004095,2025-04-17,payment,wallet,23427.78,successful
PAY-0004096,ORD-004096,2026-02-05,payment,debit_card,896.93,successful
PAY-0004097,ORD-004097,2025-07-15,payment,wallet,17321.72,successful
PAY-0004098,ORD-004098,2026-05-22,payment,credit_card,14515.63,pending
PAY-0004099,ORD-004099,2026-01-16,payment,net_banking,7861.67,successful
PAY-0004100,ORD-004100,2026-07-12,payment,credit_card,28404.35,successful
PAY-0004101,ORD-004101,2026-07-20,payment,debit_card,23801.79,successful
PAY-0004102,ORD-004102,2025-10-10,payment,credit_card,22851.56,successful
PAY-0004103,ORD-004103,2026-05-12,payment,wallet,7114.13,successful
PAY-0004104,ORD-004104,2025-11-18,payment,credit_card,39743.38,successful
PAY-0004105,ORD-004105,2026-05-04,payment,debit_card,11221.94,successful
PAY-0004106,ORD-004106,2026-06-28,payment,net_banking,25285.11,successful
PAY-0004107,ORD-004107,2026-04-03,payment,net_banking,13432.23,successful
PAY-0004108,ORD-004108,2025-10-29,payment,upi,20434.66,pending
PAY-0004109,ORD-004109,2025-11-22,payment,net_banking,35397.03,successful
PAY-0004110,ORD-004110,2025-02-12,payment,upi,5954.81,successful
PAY-0004111,ORD-004111,2026-05-11,payment,debit_card,2141.98,successful
PAY-0004112,ORD-004112,2026-03-02,payment,credit_card,32357.65,successful
PAY-0004113,ORD-004113,2026-06-28,payment,upi,3878.86,successful
PAY-0004114,ORD-004114,2025-12-26,payment,wallet,2385.84,successful
PAY-0004115,ORD-004115,2026-04-12,payment,upi,3486.27,successful
PAY-0004116,ORD-004116,2026-04-27,payment,upi,8804.68,successful
PAY-0004117,ORD-004117,2026-07-06,payment,credit_card,6888.06,successful
PAY-0004118,ORD-004118,2026-07-28,payment,debit_card,2214.59,successful
PAY-0004119,ORD-004119,2026-05-23,payment,debit_card,10156.83,successful
PAY-0004120,ORD-004120,2026-06-14,payment,net_banking,13394.99,successful
PAY-0004121,ORD-004121,2026-05-07,payment,wallet,8641.27,successful
PAY-0004122,ORD-004122,2025-07-09,payment,credit_card,40901.12,successful
PAY-0004123,ORD-004123,2026-06-08,payment,upi,9089.13,successful
PAY-0004124,ORD-004124,2026-06-20,payment,credit_card,32313.73,successful
PAY-0004125,ORD-004125,2026-07-24,payment,wallet,23602.68,successful
PAY-0004126,ORD-004126,2026-05-11,payment,credit_card,36297.38,successful
PAY-0004127,ORD-004127,2025-11-11,payment,wallet,24125.58,failed
PAY-0004128,ORD-004128,2026-04-29,payment,upi,4555.9,successful
PAY-0004129,ORD-004129,2025-11-07,payment,debit_card,29029.24,successful
PAY-0004130,ORD-004130,2026-02-18,payment,net_banking,20869.85,successful
PAY-0004131,ORD-004131,2025-10-18,payment,wallet,21088.09,successful
PAY-0004132,ORD-004132,2026-07-28,payment,net_banking,13480.32,failed
PAY-0004133,ORD-004133,2026-01-08,payment,wallet,7226.69,successful
PAY-0004134,ORD-004134,2026-04-30,payment,net_banking,16170.79,successful
PAY-0004135,ORD-004135,2026-04-23,payment,debit_card,23568.54,successful
PAY-0004136,ORD-004136,2026-06-28,payment,debit_card,58798.53,successful
PAY-0004137,ORD-004137,2026-04-14,payment,credit_card,14432.97,successful
PAY-0004138,ORD-004138,2026-04-10,payment,debit_card,18512.5,successful
PAY-0004139,ORD-004139,2025-01-29,payment,net_banking,14168.58,successful
PAY-0004140,ORD-004140,2026-07-22,payment,debit_card,22609.67,successful
PAY-0004141,ORD-004141,2026-03-21,payment,net_banking,28647.98,pending
PAY-0004142,ORD-004142,2026-01-01,payment,wallet,4822.97,successful
PAY-0004143,ORD-004143,2025-06-06,payment,credit_card,11300.91,successful
PAY-0004144,ORD-004144,2026-06-08,payment,net_banking,14891.61,successful
PAY-0004145,ORD-004145,2026-06-18,payment,debit_card,2280.08,successful
PAY-0004146,ORD-004146,2026-06-20,payment,debit_card,51788.13,failed
PAY-0004147,ORD-004147,2025-06-01,payment,debit_card,4912.28,successful
PAY-0004148,ORD-004148,2026-05-26,payment,wallet,20102.19,successful
PAY-0004149,ORD-004149,2025-12-27,payment,net_banking,9106.53,successful
PAY-0004150,ORD-004150,2026-02-02,payment,credit_card,28235.87,successful
PAY-0004151,ORD-004151,2026-02-22,payment,credit_card,16573.04,successful
PAY-0004152,ORD-004152,2026-03-24,payment,debit_card,5005.29,successful
PAY-0004153,ORD-004153,2026-05-16,payment,net_banking,13222.22,pending
PAY-0004154,ORD-004154,2026-02-20,payment,debit_card,19209.39,failed
PAY-0004155,ORD-004155,2026-07-06,payment,debit_card,28648.41,successful
PAY-0004156,ORD-004156,2026-05-03,payment,upi,6834.85,successful
PAY-0004157,ORD-004157,2026-02-17,payment,upi,3441.45,successful
PAY-0004158,ORD-004158,2026-04-26,payment,credit_card,3642.12,successful
PAY-0004159,ORD-004159,2025-12-28,payment,credit_card,423.94,successful
PAY-0004160,ORD-004160,2026-02-09,payment,net_banking,37244.47,pending
PAY-0004161,ORD-004161,2025-02-22,payment,credit_card,49957.98,successful
PAY-0004162,ORD-004162,2026-07-13,payment,wallet,76474.45,successful
PAY-0004163,ORD-004163,2025-07-31,payment,debit_card,20087.1,successful
PAY-0004164,ORD-004164,2025-12-09,payment,net_banking,38415.35,successful
PAY-0004165,ORD-004165,2025-11-12,payment,net_banking,1074.66,successful
PAY-0004166,ORD-004166,2026-07-18,payment,upi,2630.14,successful
PAY-0004167,ORD-004167,2026-03-02,payment,net_banking,5522.72,successful
PAY-0004168,ORD-004168,2025-09-08,payment,net_banking,2067.33,successful
PAY-0004169,ORD-004169,2026-03-31,payment,debit_card,62169.24,failed
PAY-0004170,ORD-004170,2026-01-02,payment,upi,5071.07,successful
PAY-0004171,ORD-004171,2026-06-20,payment,net_banking,9636.26,successful
PAY-0004172,ORD-004172,2026-07-27,payment,wallet,30546.64,successful
PAY-0004173,ORD-004173,2026-07-30,payment,credit_card,13527.26,failed
PAY-0004174,ORD-004174,2026-04-28,payment,wallet,7462.53,successful
PAY-0004175,ORD-004175,2026-04-30,payment,upi,39676.27,successful
PAY-0004176,ORD-004176,2025-12-21,payment,wallet,21052.85,successful
PAY-0004177,ORD-004177,2026-03-20,payment,upi,69790.97,successful
PAY-0004178,ORD-004178,2026-04-07,payment,net_banking,6962.33,successful
PAY-0004179,ORD-004179,2025-04-16,payment,credit_card,11962.78,failed
PAY-0004180,ORD-004180,2025-04-02,payment,debit_card,16001.54,successful
PAY-0004181,ORD-004181,2026-04-22,payment,wallet,6893.87,failed
PAY-0004182,ORD-004182,2025-09-18,payment,debit_card,2871.95,successful
PAY-0004183,ORD-004183,2025-11-05,payment,upi,26928.36,successful
PAY-0004184,ORD-004184,2025-10-06,payment,net_banking,9024.53,failed
PAY-0004185,ORD-004185,2026-03-08,payment,net_banking,3062.41,successful
PAY-0004186,ORD-004186,2026-04-11,payment,net_banking,13662.75,successful
PAY-0004187,ORD-004187,2025-05-07,payment,debit_card,26548.6,successful
PAY-0004188,ORD-004188,2026-01-20,payment,wallet,21506.46,successful
PAY-0004189,ORD-004189,2026-05-22,payment,net_banking,8211.81,failed
PAY-0004190,ORD-004190,2025-11-18,payment,wallet,11091.1,successful
PAY-0004191,ORD-004191,2026-01-28,payment,debit_card,3412.02,successful
PAY-0004192,ORD-004192,2025-04-07,payment,upi,2622.67,successful
PAY-0004193,ORD-004193,2026-07-07,payment,net_banking,13379.12,successful
PAY-0004194,ORD-004194,2026-07-06,payment,upi,6139.74,successful
PAY-0004195,ORD-004195,2026-05-22,payment,upi,6953.75,successful
PAY-0004196,ORD-004196,2026-06-05,payment,net_banking,18327.08,successful
PAY-0004197,ORD-004197,2026-07-30,payment,upi,10559.02,successful
PAY-0004198,ORD-004198,2026-01-17,payment,upi,28936.14,successful
PAY-0004199,ORD-004199,2026-07-22,payment,credit_card,10091.88,failed
PAY-0004200,ORD-004200,2025-10-30,payment,debit_card,62144.81,successful
PAY-0004201,ORD-004201,2025-05-07,payment,wallet,6445.62,successful
PAY-0004202,ORD-004202,2025-05-17,payment,net_banking,10932.22,successful
PAY-0004203,ORD-004203,2026-06-05,payment,credit_card,2757.49,successful
PAY-0004204,ORD-004204,2025-05-20,payment,net_banking,38927.75,failed
PAY-0004205,ORD-004205,2025-08-14,payment,wallet,12245.11,successful
PAY-0004206,ORD-004206,2025-12-21,payment,debit_card,78774.26,successful
PAY-0004207,ORD-004207,2026-03-26,payment,wallet,12164.9,successful
PAY-0004208,ORD-004208,2026-07-18,payment,net_banking,6192.68,successful
PAY-0004209,ORD-004209,2026-04-15,payment,net_banking,24318.97,successful
PAY-0004210,ORD-004210,2026-06-02,payment,net_banking,45928.95,successful
PAY-0004211,ORD-004211,2026-03-13,payment,upi,3962.53,successful
PAY-0004212,ORD-004212,2025-03-07,payment,credit_card,31433.35,successful
PAY-0004213,ORD-004213,2026-01-12,payment,wallet,12677.65,successful
PAY-0004214,ORD-004214,2026-01-12,payment,wallet,14477.33,successful
PAY-0004215,ORD-004215,2025-09-23,payment,upi,29022.86,successful
PAY-0004216,ORD-004216,2026-07-13,payment,upi,17819.95,successful
PAY-0004217,ORD-004217,2025-05-18,payment,upi,5806.53,successful
PAY-0004218,ORD-004218,2026-05-26,payment,wallet,11607.38,successful
PAY-0004219,ORD-004219,2025-11-06,payment,debit_card,21292.68,failed
PAY-0004220,ORD-004220,2026-06-23,payment,net_banking,3353.97,successful
PAY-0004221,ORD-004221,2026-05-06,payment,wallet,15462.87,successful
PAY-0004222,ORD-004222,2026-07-29,payment,net_banking,10584.0,successful
PAY-0004223,ORD-004223,2025-04-30,payment,upi,13363.65,successful
PAY-0004224,ORD-004224,2026-06-27,payment,wallet,18682.65,successful
PAY-0004225,ORD-004225,2025-12-02,payment,debit_card,24245.72,pending
PAY-0004226,ORD-004226,2026-06-15,payment,credit_card,6390.27,failed
PAY-0004227,ORD-004227,2026-07-27,payment,net_banking,38367.83,successful
PAY-0004228,ORD-004228,2026-07-24,payment,wallet,2441.69,successful
PAY-0004229,ORD-004229,2026-06-11,payment,debit_card,30294.49,successful
PAY-0004230,ORD-004230,2026-06-15,payment,net_banking,18898.49,successful
PAY-0004231,ORD-004231,2025-07-24,payment,wallet,2206.49,successful
PAY-0004232,ORD-004232,2026-06-05,payment,debit_card,12050.69,successful
PAY-0004233,ORD-004233,2025-11-03,payment,upi,6764.75,successful
PAY-0004234,ORD-004234,2025-01-26,payment,wallet,10915.07,successful
PAY-0004235,ORD-004235,2025-02-07,payment,net_banking,7731.69,successful
PAY-0004236,ORD-004236,2026-05-20,payment,net_banking,49603.85,successful
PAY-0004237,ORD-004237,2026-06-21,payment,wallet,21878.52,successful
PAY-0004238,ORD-004238,2026-05-17,payment,wallet,23805.66,successful
PAY-0004239,ORD-004239,2026-07-06,payment,debit_card,38981.57,successful
PAY-0004240,ORD-004240,2025-06-27,payment,wallet,19275.82,successful
PAY-0004241,ORD-004241,2026-02-04,payment,upi,48432.52,pending
PAY-0004242,ORD-004242,2025-08-26,payment,wallet,23372.2,successful
PAY-0004243,ORD-004243,2025-06-07,payment,net_banking,525.33,successful
PAY-0004244,ORD-004244,2025-05-30,payment,net_banking,21317.53,successful
PAY-0004245,ORD-004245,2026-06-27,payment,wallet,32195.32,successful
PAY-0004246,ORD-004246,2025-07-25,payment,wallet,7189.33,successful
PAY-0004247,ORD-004247,2026-04-09,payment,upi,22854.98,successful
PAY-0004248,ORD-004248,2025-07-11,payment,credit_card,53599.07,pending
PAY-0004249,ORD-004249,2026-06-10,payment,debit_card,47605.59,successful
PAY-0004250,ORD-004250,2025-11-27,payment,upi,6893.48,successful
PAY-0004251,ORD-004251,2026-02-13,payment,debit_card,29177.4,failed
PAY-0004252,ORD-004252,2026-04-21,payment,debit_card,33792.26,successful
PAY-0004253,ORD-004253,2026-01-26,payment,debit_card,8314.91,successful
PAY-0004254,ORD-004254,2025-11-25,payment,debit_card,31904.73,failed
PAY-0004255,ORD-004255,2026-05-01,payment,net_banking,28633.43,successful
PAY-0004256,ORD-004256,2026-05-07,payment,debit_card,10165.18,successful
PAY-0004257,ORD-004257,2025-06-19,payment,wallet,8047.02,successful
PAY-0004258,ORD-004258,2026-04-17,payment,net_banking,8802.61,successful
PAY-0004259,ORD-004259,2026-06-30,payment,wallet,13949.69,pending
PAY-0004260,ORD-004260,2025-02-15,payment,wallet,13424.59,successful
PAY-0004261,ORD-004261,2025-08-31,payment,upi,4153.66,successful
PAY-0004262,ORD-004262,2025-08-15,payment,upi,26206.73,successful
PAY-0004263,ORD-004263,2026-07-17,payment,net_banking,16802.31,successful
PAY-0004264,ORD-004264,2026-02-06,payment,upi,27125.37,successful
PAY-0004265,ORD-004265,2025-07-29,payment,net_banking,2418.05,successful
PAY-0004266,ORD-004266,2026-06-11,payment,wallet,2989.51,successful
PAY-0004267,ORD-004267,2026-06-11,payment,net_banking,10997.05,successful
PAY-0004268,ORD-004268,2026-02-28,payment,upi,50838.92,failed
PAY-0004269,ORD-004269,2025-10-16,payment,credit_card,18464.35,successful
PAY-0004270,ORD-004270,2025-12-22,payment,debit_card,28240.89,successful
PAY-0004271,ORD-004271,2026-03-02,payment,wallet,4670.84,successful
PAY-0004272,ORD-004272,2026-01-20,payment,credit_card,26093.51,successful
PAY-0004273,ORD-004273,2025-11-22,payment,upi,42762.2,successful
PAY-0004274,ORD-004274,2026-05-10,payment,net_banking,3042.37,failed
PAY-0004275,ORD-004275,2025-12-04,payment,upi,6019.31,successful
PAY-0004276,ORD-004276,2026-04-29,payment,wallet,27816.14,successful
PAY-0004277,ORD-004277,2025-05-25,payment,upi,2120.47,failed
PAY-0004278,ORD-004278,2026-07-05,payment,debit_card,5521.1,successful
PAY-0004279,ORD-004279,2026-03-31,payment,net_banking,20537.51,successful
PAY-0004280,ORD-004280,2025-08-13,payment,credit_card,10318.9,successful
PAY-0004281,ORD-004281,2025-08-26,payment,upi,2361.56,failed
PAY-0004282,ORD-004282,2026-05-23,payment,credit_card,9018.34,successful
PAY-0004283,ORD-004283,2025-12-18,payment,credit_card,34578.14,successful
PAY-0004284,ORD-004284,2025-12-30,payment,debit_card,3034.19,pending
PAY-0004285,ORD-004285,2026-07-09,payment,net_banking,8656.43,successful
PAY-0004286,ORD-004286,2026-01-11,payment,upi,7832.8,failed
PAY-0004287,ORD-004287,2025-01-27,payment,debit_card,2491.61,successful
PAY-0004288,ORD-004288,2025-05-09,payment,wallet,12677.9,successful
PAY-0004289,ORD-004289,2026-03-18,payment,credit_card,13889.14,successful
PAY-0004290,ORD-004290,2025-10-26,payment,upi,10693.8,successful
PAY-0004291,ORD-004291,2026-06-07,payment,upi,4746.72,successful
PAY-0004292,ORD-004292,2025-04-17,payment,wallet,4217.4,successful
PAY-0004293,ORD-004293,2025-07-30,payment,net_banking,6400.0,successful
PAY-0004294,ORD-004294,2026-01-17,payment,net_banking,6187.78,successful
PAY-0004295,ORD-004295,2026-07-03,payment,upi,15836.6,successful
PAY-0004296,ORD-004296,2025-08-17,payment,debit_card,15487.43,successful
PAY-0004297,ORD-004297,2026-07-09,payment,credit_card,20634.02,successful
PAY-0004298,ORD-004298,2025-08-19,payment,debit_card,12163.11,successful
PAY-0004299,ORD-004299,2025-06-29,payment,net_banking,33562.5,successful
PAY-0004300,ORD-004300,2025-10-10,payment,net_banking,23574.8,successful
PAY-0004301,ORD-004301,2026-07-01,payment,net_banking,14064.88,successful
PAY-0004302,ORD-004302,2025-11-21,payment,debit_card,3049.67,successful
PAY-0004303,ORD-004303,2025-02-07,payment,debit_card,18348.79,successful
PAY-0004304,ORD-004304,2026-06-29,payment,wallet,20545.0,successful
PAY-0004305,ORD-004305,2026-07-28,payment,wallet,19019.29,pending
PAY-0004306,ORD-004306,2025-12-23,payment,credit_card,6866.4,successful
PAY-0004307,ORD-004307,2026-04-28,payment,net_banking,11369.77,successful
PAY-0004308,ORD-004308,2026-06-20,payment,upi,30477.94,failed
PAY-0004309,ORD-004309,2025-05-04,payment,credit_card,11425.48,successful
PAY-0004310,ORD-004310,2026-07-31,payment,upi,7802.35,pending
PAY-0004311,ORD-004311,2025-12-18,payment,net_banking,1411.25,successful
PAY-0004312,ORD-004312,2026-06-22,payment,upi,5154.68,successful
PAY-0004313,ORD-004313,2026-04-14,payment,credit_card,3923.84,successful
PAY-0004314,ORD-004314,2025-09-26,payment,wallet,38737.72,failed
PAY-0004315,ORD-004315,2025-11-05,payment,debit_card,20000.23,successful
PAY-0004316,ORD-004316,2026-07-11,payment,wallet,12759.15,failed
PAY-0004317,ORD-004317,2025-07-24,payment,upi,23977.42,successful
PAY-0004318,ORD-004318,2026-02-19,payment,credit_card,7073.47,successful
PAY-0004319,ORD-004319,2025-12-29,payment,credit_card,5168.65,successful
PAY-0004320,ORD-004320,2025-09-30,payment,upi,12309.12,successful
PAY-0004321,ORD-004321,2025-03-26,payment,upi,17697.33,successful
PAY-0004322,ORD-004322,2026-06-13,payment,credit_card,17692.22,failed
PAY-0004323,ORD-004323,2025-05-17,payment,debit_card,55814.11,successful
PAY-0004324,ORD-004324,2026-07-27,payment,credit_card,2948.78,successful
PAY-0004325,ORD-004325,2026-03-30,payment,credit_card,15191.18,successful
PAY-0004326,ORD-004326,2025-03-03,payment,upi,20380.37,successful
PAY-0004327,ORD-004327,2026-03-04,payment,upi,31921.58,failed
PAY-0004328,ORD-004328,2026-04-04,payment,debit_card,18547.42,successful
PAY-0004329,ORD-004329,2025-12-24,payment,upi,20176.76,failed
PAY-0004330,ORD-004330,2025-07-22,payment,credit_card,27705.49,successful
PAY-0004331,ORD-004331,2025-10-20,payment,net_banking,16147.97,successful
PAY-0004332,ORD-004332,2025-10-01,payment,debit_card,8627.15,successful
PAY-0004333,ORD-004333,2025-04-23,payment,net_banking,4437.3,successful
PAY-0004334,ORD-004334,2025-05-16,payment,credit_card,19752.49,pending
PAY-0004335,ORD-004335,2026-02-26,payment,net_banking,8136.97,successful
PAY-0004336,ORD-004336,2025-04-13,payment,credit_card,14979.05,successful
PAY-0004337,ORD-004337,2026-01-11,payment,credit_card,34024.18,successful
PAY-0004338,ORD-004338,2025-09-29,payment,upi,10991.48,successful
PAY-0004339,ORD-004339,2025-03-04,payment,net_banking,7020.42,successful
PAY-0004340,ORD-004340,2025-07-11,payment,wallet,5716.11,failed
PAY-0004341,ORD-004341,2026-02-09,payment,wallet,12834.19,successful
PAY-0004342,ORD-004342,2025-06-28,payment,credit_card,12766.38,failed
PAY-0004343,ORD-004343,2025-08-20,payment,net_banking,23222.28,successful
PAY-0004344,ORD-004344,2026-03-18,payment,wallet,773.58,successful
PAY-0004345,ORD-004345,2026-06-14,payment,debit_card,4826.57,successful
PAY-0004346,ORD-004346,2026-02-09,payment,wallet,31851.46,failed
PAY-0004347,ORD-004347,2026-07-05,payment,wallet,12241.58,successful
PAY-0004348,ORD-004348,2026-04-14,payment,upi,16035.0,successful
PAY-0004349,ORD-004349,2026-05-16,payment,wallet,2435.93,successful
PAY-0004350,ORD-004350,2026-06-11,payment,net_banking,26976.48,successful
PAY-0004351,ORD-004351,2025-09-11,payment,upi,41397.65,successful
PAY-0004352,ORD-004352,2026-04-29,payment,upi,31418.85,successful
PAY-0004353,ORD-004353,2026-05-31,payment,net_banking,18690.82,successful
PAY-0004354,ORD-004354,2026-07-30,payment,wallet,10223.33,successful
PAY-0004355,ORD-004355,2025-11-05,payment,debit_card,30229.23,successful
PAY-0004356,ORD-004356,2025-10-17,payment,wallet,52693.09,successful
PAY-0004357,ORD-004357,2025-01-25,payment,upi,26654.83,successful
PAY-0004358,ORD-004358,2025-03-05,payment,wallet,6109.87,successful
PAY-0004359,ORD-004359,2026-03-12,payment,upi,3008.81,successful
PAY-0004360,ORD-004360,2025-10-20,payment,wallet,23803.76,successful
PAY-0004361,ORD-004361,2026-05-13,payment,upi,20967.88,successful
PAY-0004362,ORD-004362,2025-11-06,payment,debit_card,3699.56,successful
PAY-0004363,ORD-004363,2026-06-23,payment,credit_card,4641.2,failed
PAY-0004364,ORD-004364,2025-03-30,payment,debit_card,2620.14,successful
PAY-0004365,ORD-004365,2026-04-08,payment,upi,682.75,successful
PAY-0004366,ORD-004366,2026-01-21,payment,credit_card,16259.05,successful
PAY-0004367,ORD-004367,2026-07-25,payment,credit_card,10770.27,failed
PAY-0004368,ORD-004368,2026-06-19,payment,net_banking,3967.47,successful
PAY-0004369,ORD-004369,2026-04-13,payment,credit_card,5806.83,successful
PAY-0004370,ORD-004370,2025-11-05,payment,debit_card,15320.13,successful
PAY-0004371,ORD-004371,2026-07-25,payment,wallet,29583.59,pending
PAY-0004372,ORD-004372,2025-11-23,payment,upi,16857.77,successful
PAY-0004373,ORD-004373,2026-02-11,payment,debit_card,3729.12,successful
PAY-0004374,ORD-004374,2025-08-29,payment,debit_card,14500.87,failed
PAY-0004375,ORD-004375,2026-05-30,payment,credit_card,9510.15,successful
PAY-0004376,ORD-004376,2026-07-27,payment,wallet,14644.17,successful
PAY-0004377,ORD-004377,2026-06-06,payment,wallet,13458.12,successful
PAY-0004378,ORD-004378,2026-02-08,payment,upi,15681.46,pending
PAY-0004379,ORD-004379,2025-05-08,payment,credit_card,8890.36,successful
PAY-0004380,ORD-004380,2026-07-03,payment,net_banking,3711.31,successful
PAY-0004381,ORD-004381,2025-07-09,payment,debit_card,6957.82,successful
PAY-0004382,ORD-004382,2025-05-20,payment,wallet,34759.39,successful
PAY-0004383,ORD-004383,2025-02-19,payment,wallet,43505.1,successful
PAY-0004384,ORD-004384,2025-08-25,payment,wallet,7368.33,successful
PAY-0004385,ORD-004385,2026-07-28,payment,net_banking,3763.47,successful
PAY-0004386,ORD-004386,2026-04-04,payment,wallet,2799.27,successful
PAY-0004387,ORD-004387,2025-07-08,payment,wallet,16182.48,successful
PAY-0004388,ORD-004388,2026-07-07,payment,net_banking,2917.29,failed
PAY-0004389,ORD-004389,2025-09-15,payment,wallet,5502.54,successful
PAY-0004390,ORD-004390,2025-12-26,payment,credit_card,23424.91,failed
PAY-0004391,ORD-004391,2026-02-10,payment,debit_card,13045.4,successful
PAY-0004392,ORD-004392,2026-05-21,payment,wallet,19530.73,successful
PAY-0004393,ORD-004393,2026-03-10,payment,wallet,2758.88,successful
PAY-0004394,ORD-004394,2026-06-06,payment,debit_card,10025.75,successful
PAY-0004395,ORD-004395,2026-06-26,payment,net_banking,4039.21,successful
PAY-0004396,ORD-004396,2025-03-09,payment,credit_card,26767.31,successful
PAY-0004397,ORD-004397,2025-11-19,payment,credit_card,25550.89,successful
PAY-0004398,ORD-004398,2025-09-17,payment,net_banking,20334.05,successful
PAY-0004399,ORD-004399,2026-01-24,payment,debit_card,10669.57,successful
PAY-0004400,ORD-004400,2025-10-12,payment,upi,17121.99,successful
PAY-0004401,ORD-004401,2025-12-09,payment,debit_card,4891.86,successful
PAY-0004402,ORD-004402,2026-05-22,payment,upi,27460.76,successful
PAY-0004403,ORD-004403,2025-02-26,payment,credit_card,31799.23,successful
PAY-0004404,ORD-004404,2026-07-11,payment,wallet,18529.21,successful
PAY-0004405,ORD-004405,2025-08-02,payment,debit_card,26463.03,successful
PAY-0004406,ORD-004406,2026-06-07,payment,upi,9421.72,successful
PAY-0004407,ORD-004407,2025-12-27,payment,upi,40256.2,successful
PAY-0004408,ORD-004408,2026-01-18,payment,debit_card,8433.25,successful
PAY-0004409,ORD-004409,2026-04-17,payment,debit_card,2382.63,pending
PAY-0004410,ORD-004410,2025-12-10,payment,debit_card,33314.35,successful
PAY-0004411,ORD-004411,2025-05-06,payment,wallet,17213.56,successful
PAY-0004412,ORD-004412,2026-07-30,payment,wallet,8560.97,pending
PAY-0004413,ORD-004413,2026-01-21,payment,wallet,34721.15,failed
PAY-0004414,ORD-004414,2025-06-18,payment,debit_card,6717.15,failed
PAY-0004415,ORD-004415,2026-04-09,payment,credit_card,11776.65,successful
PAY-0004416,ORD-004416,2025-08-16,payment,credit_card,24640.74,successful
PAY-0004417,ORD-004417,2026-05-11,payment,credit_card,21361.49,successful
PAY-0004418,ORD-004418,2025-10-21,payment,credit_card,24842.1,successful
PAY-0004419,ORD-004419,2025-07-01,payment,credit_card,10925.14,failed
PAY-0004420,ORD-004420,2026-02-03,payment,upi,22059.73,successful
PAY-0004421,ORD-004421,2026-05-11,payment,upi,9173.7,pending
PAY-0004422,ORD-004422,2026-07-14,payment,debit_card,31200.69,pending
PAY-0004423,ORD-004423,2026-03-24,payment,net_banking,9055.06,successful
PAY-0004424,ORD-004424,2026-04-14,payment,net_banking,14331.52,successful
PAY-0004425,ORD-004425,2025-05-19,payment,upi,3104.54,failed
PAY-0004426,ORD-004426,2026-05-28,payment,upi,11547.9,successful
PAY-0004427,ORD-004427,2026-03-31,payment,wallet,20926.25,successful
PAY-0004428,ORD-004428,2026-01-16,payment,credit_card,13976.43,successful
PAY-0004429,ORD-004429,2026-01-25,payment,upi,59651.74,failed
PAY-0004430,ORD-004430,2025-12-29,payment,net_banking,14005.03,pending
PAY-0004431,ORD-004431,2025-06-08,payment,upi,1869.83,successful
PAY-0004432,ORD-004432,2026-02-16,payment,upi,21588.96,successful
PAY-0004433,ORD-004433,2026-03-09,payment,net_banking,9274.52,failed
PAY-0004434,ORD-004434,2026-07-08,payment,net_banking,11686.55,successful
PAY-0004435,ORD-004435,2026-06-02,payment,debit_card,63559.78,successful
PAY-0004436,ORD-004436,2026-06-19,payment,upi,27490.32,successful
PAY-0004437,ORD-004437,2026-04-24,payment,credit_card,27126.77,failed
PAY-0004438,ORD-004438,2025-11-10,payment,upi,30925.1,successful
PAY-0004439,ORD-004439,2025-01-01,payment,credit_card,8546.26,successful
PAY-0004440,ORD-004440,2025-12-31,payment,credit_card,9015.92,successful
PAY-0004441,ORD-004441,2026-02-25,payment,wallet,19788.46,successful
PAY-0004442,ORD-004442,2026-03-07,payment,debit_card,34755.64,successful
PAY-0004443,ORD-004443,2026-02-24,payment,debit_card,27747.1,successful
PAY-0004444,ORD-004444,2025-12-12,payment,net_banking,37619.23,successful
PAY-0004445,ORD-004445,2026-05-13,payment,credit_card,21877.05,failed
PAY-0004446,ORD-004446,2026-01-26,payment,upi,20839.8,successful
PAY-0004447,ORD-004447,2026-01-28,payment,net_banking,10340.95,failed
PAY-0004448,ORD-004448,2026-07-30,payment,debit_card,9882.32,successful
PAY-0004449,ORD-004449,2026-05-02,payment,credit_card,14242.41,successful
PAY-0004450,ORD-004450,2025-09-06,payment,upi,14244.45,failed
PAY-0004451,ORD-004451,2026-02-18,payment,wallet,7222.71,successful
PAY-0004452,ORD-004452,2025-07-09,payment,net_banking,7963.68,successful
PAY-0004453,ORD-004453,2025-07-01,payment,wallet,11747.91,successful
PAY-0004454,ORD-004454,2026-05-02,payment,debit_card,22002.72,successful
PAY-0004455,ORD-004455,2026-01-04,payment,upi,8447.66,successful
PAY-0004456,ORD-004456,2026-03-09,payment,wallet,51375.3,successful
PAY-0004457,ORD-004457,2026-03-06,payment,net_banking,5318.55,failed
PAY-0004458,ORD-004458,2026-07-20,payment,wallet,24561.51,successful
PAY-0004459,ORD-004459,2026-04-27,payment,net_banking,10857.05,pending
PAY-0004460,ORD-004460,2025-08-11,payment,credit_card,3849.95,successful
PAY-0004461,ORD-004461,2026-03-22,payment,net_banking,32209.29,successful
PAY-0004462,ORD-004462,2025-10-20,payment,upi,4572.39,successful
PAY-0004463,ORD-004463,2026-01-13,payment,net_banking,24549.97,failed
PAY-0004464,ORD-004464,2026-03-01,payment,net_banking,15686.42,successful
PAY-0004465,ORD-004465,2026-05-26,payment,wallet,13316.22,successful
PAY-0004466,ORD-004466,2025-07-11,payment,net_banking,18445.89,successful
PAY-0004467,ORD-004467,2026-06-02,payment,credit_card,61278.71,successful
PAY-0004468,ORD-004468,2025-09-29,payment,credit_card,11865.9,failed
PAY-0004469,ORD-004469,2026-07-27,payment,debit_card,13989.87,failed
PAY-0004470,ORD-004470,2026-06-07,payment,net_banking,18527.64,failed
PAY-0004471,ORD-004471,2026-01-06,payment,net_banking,3456.1,successful
PAY-0004472,ORD-004472,2025-07-04,payment,credit_card,3362.62,successful
PAY-0004473,ORD-004473,2026-07-23,payment,upi,13533.31,successful
PAY-0004474,ORD-004474,2026-04-30,payment,upi,14858.87,successful
PAY-0004475,ORD-004475,2026-01-25,payment,debit_card,36448.63,successful
PAY-0004476,ORD-004476,2025-05-25,payment,credit_card,13719.51,successful
PAY-0004477,ORD-004477,2026-05-18,payment,net_banking,10164.07,successful
PAY-0004478,ORD-004478,2025-08-19,payment,debit_card,9486.53,successful
PAY-0004479,ORD-004479,2026-02-27,payment,wallet,12423.33,successful
PAY-0004480,ORD-004480,2025-03-19,payment,net_banking,28429.72,pending
PAY-0004481,ORD-004481,2025-06-14,payment,credit_card,12342.32,successful
PAY-0004482,ORD-004482,2026-01-07,payment,credit_card,57032.11,successful
PAY-0004483,ORD-004483,2025-12-15,payment,wallet,22209.95,failed
PAY-0004484,ORD-004484,2026-05-26,payment,net_banking,6142.61,successful
PAY-0004485,ORD-004485,2026-07-03,payment,credit_card,31991.89,successful
PAY-0004486,ORD-004486,2025-11-28,payment,upi,14884.19,successful
PAY-0004487,ORD-004487,2025-06-15,payment,debit_card,31868.4,successful
PAY-0004488,ORD-004488,2025-07-24,payment,debit_card,9551.25,successful
PAY-0004489,ORD-004489,2026-07-17,payment,upi,35894.53,successful
PAY-0004490,ORD-004490,2026-01-13,payment,net_banking,4051.9,successful
PAY-0004491,ORD-004491,2026-05-30,payment,upi,6504.22,successful
PAY-0004492,ORD-004492,2025-06-19,payment,net_banking,5409.89,successful
PAY-0004493,ORD-004493,2026-07-10,payment,net_banking,27347.55,successful
PAY-0004494,ORD-004494,2025-04-16,payment,net_banking,6646.53,successful
PAY-0004495,ORD-004495,2026-04-12,payment,credit_card,33217.58,successful
PAY-0004496,ORD-004496,2026-06-27,payment,debit_card,6960.28,successful
PAY-0004497,ORD-004497,2025-07-08,payment,upi,24580.08,successful
PAY-0004498,ORD-004498,2025-06-23,payment,upi,52876.2,successful
PAY-0004499,ORD-004499,2025-12-02,payment,debit_card,9634.48,successful
PAY-0004500,ORD-004500,2026-06-02,payment,net_banking,11507.68,successful
PAY-0004501,ORD-004501,2026-03-30,payment,debit_card,854.39,successful
PAY-0004502,ORD-004502,2026-06-23,payment,debit_card,21635.17,successful
PAY-0004503,ORD-004503,2026-07-08,payment,net_banking,6383.92,successful
PAY-0004504,ORD-004504,2026-04-11,payment,debit_card,3630.2,successful
PAY-0004505,ORD-004505,2025-10-12,payment,upi,2539.74,failed
PAY-0004506,ORD-004506,2026-05-29,payment,debit_card,11325.38,successful
PAY-0004507,ORD-004507,2026-06-06,payment,debit_card,7480.43,successful
PAY-0004508,ORD-004508,2026-05-16,payment,upi,1998.07,successful
PAY-0004509,ORD-004509,2025-05-19,payment,wallet,35004.23,successful
PAY-0004510,ORD-004510,2026-07-15,payment,net_banking,30235.79,successful
PAY-0004511,ORD-004511,2025-12-13,payment,net_banking,14231.98,successful
PAY-0004512,ORD-004512,2025-04-24,payment,net_banking,328.03,pending
PAY-0004513,ORD-004513,2025-02-10,payment,wallet,16915.11,successful
PAY-0004514,ORD-004514,2026-05-16,payment,wallet,36718.37,successful
PAY-0004515,ORD-004515,2026-05-23,payment,credit_card,7366.67,successful
PAY-0004516,ORD-004516,2025-09-12,payment,debit_card,13864.43,successful
PAY-0004517,ORD-004517,2026-01-29,payment,upi,6137.98,successful
PAY-0004518,ORD-004518,2025-06-09,payment,debit_card,18266.13,successful
PAY-0004519,ORD-004519,2025-12-20,payment,wallet,26904.17,failed
PAY-0004520,ORD-004520,2026-05-20,payment,credit_card,7258.91,successful
PAY-0004521,ORD-004521,2025-08-23,payment,wallet,15374.63,successful
PAY-0004522,ORD-004522,2025-06-10,payment,wallet,5464.18,successful
PAY-0004523,ORD-004523,2025-07-29,payment,net_banking,23522.89,successful
PAY-0004524,ORD-004524,2025-04-27,payment,debit_card,8032.87,successful
PAY-0004525,ORD-004525,2026-06-28,payment,credit_card,12660.42,pending
PAY-0004526,ORD-004526,2026-07-24,payment,debit_card,32859.8,failed
PAY-0004527,ORD-004527,2025-10-08,payment,wallet,12477.93,successful
PAY-0004528,ORD-004528,2025-11-23,payment,credit_card,2441.82,successful
PAY-0004529,ORD-004529,2026-01-31,payment,upi,2384.92,failed
PAY-0004530,ORD-004530,2025-11-10,payment,upi,45542.56,successful
PAY-0004531,ORD-004531,2025-04-09,payment,credit_card,18652.63,successful
PAY-0004532,ORD-004532,2026-07-11,payment,upi,48140.05,pending
PAY-0004533,ORD-004533,2025-09-06,payment,credit_card,17019.12,successful
PAY-0004534,ORD-004534,2025-09-11,payment,upi,1560.04,successful
PAY-0004535,ORD-004535,2025-07-30,payment,wallet,17741.54,successful
PAY-0004536,ORD-004536,2025-08-30,payment,upi,34962.08,successful
PAY-0004537,ORD-004537,2025-06-24,payment,credit_card,7088.4,successful
PAY-0004538,ORD-004538,2026-07-31,payment,debit_card,3068.21,successful
PAY-0004539,ORD-004539,2025-01-16,payment,wallet,14371.24,successful
PAY-0004540,ORD-004540,2025-11-01,payment,net_banking,34962.7,successful
PAY-0004541,ORD-004541,2025-05-19,payment,debit_card,24192.99,successful
PAY-0004542,ORD-004542,2026-07-27,payment,net_banking,23805.99,successful
PAY-0004543,ORD-004543,2025-10-20,payment,net_banking,17385.54,successful
PAY-0004544,ORD-004544,2026-07-04,payment,wallet,11691.17,successful
PAY-0004545,ORD-004545,2026-03-10,payment,upi,12947.36,successful
PAY-0004546,ORD-004546,2025-01-30,payment,upi,634.3,successful
PAY-0004547,ORD-004547,2025-09-14,payment,net_banking,10106.68,successful
PAY-0004548,ORD-004548,2025-04-16,payment,upi,12230.16,successful
PAY-0004549,ORD-004549,2026-01-27,payment,debit_card,9036.38,successful
PAY-0004550,ORD-004550,2026-07-23,payment,credit_card,9603.3,successful
PAY-0004551,ORD-004551,2026-01-26,payment,credit_card,12241.65,successful
PAY-0004552,ORD-004552,2026-05-19,payment,credit_card,1108.5,successful
PAY-0004553,ORD-004553,2026-06-12,payment,wallet,2271.88,successful
PAY-0004554,ORD-004554,2025-11-09,payment,debit_card,7529.57,pending
PAY-0004555,ORD-004555,2025-04-17,payment,net_banking,2789.2,successful
PAY-0004556,ORD-004556,2025-04-03,payment,wallet,7752.35,successful
PAY-0004557,ORD-004557,2026-04-10,payment,debit_card,14020.63,successful
PAY-0004558,ORD-004558,2026-05-23,payment,upi,15899.79,successful
PAY-0004559,ORD-004559,2026-07-04,payment,net_banking,13898.68,successful
PAY-0004560,ORD-004560,2026-04-22,payment,wallet,34552.08,successful
PAY-0004561,ORD-004561,2026-07-24,payment,credit_card,1886.98,successful
PAY-0004562,ORD-004562,2026-07-01,payment,credit_card,14913.21,successful
PAY-0004563,ORD-004563,2026-07-08,payment,debit_card,11011.65,failed
PAY-0004564,ORD-004564,2026-04-09,payment,debit_card,50105.66,successful
PAY-0004565,ORD-004565,2025-03-13,payment,credit_card,34308.36,successful
PAY-0004566,ORD-004566,2026-07-04,payment,net_banking,38099.79,successful
PAY-0004567,ORD-004567,2026-07-01,payment,credit_card,15587.34,successful
PAY-0004568,ORD-004568,2025-07-19,payment,net_banking,9476.27,successful
PAY-0004569,ORD-004569,2026-04-16,payment,wallet,29101.4,successful
PAY-0004570,ORD-004570,2026-03-20,payment,net_banking,9393.57,successful
PAY-0004571,ORD-004571,2026-06-11,payment,upi,30492.26,successful
PAY-0004572,ORD-004572,2026-04-14,payment,net_banking,16081.49,successful
PAY-0004573,ORD-004573,2025-10-02,payment,net_banking,21759.31,successful
PAY-0004574,ORD-004574,2026-05-07,payment,net_banking,7411.49,successful
PAY-0004575,ORD-004575,2026-07-08,payment,upi,28053.28,successful
PAY-0004576,ORD-004576,2025-04-01,payment,wallet,5092.79,successful
PAY-0004577,ORD-004577,2025-03-31,payment,wallet,27369.24,successful
PAY-0004578,ORD-004578,2026-07-02,payment,wallet,18191.49,successful
PAY-0004579,ORD-004579,2026-03-25,payment,net_banking,4061.27,successful
PAY-0004580,ORD-004580,2026-01-27,payment,wallet,12476.01,successful
PAY-0004581,ORD-004581,2026-05-01,payment,debit_card,16487.07,successful
PAY-0004582,ORD-004582,2026-07-22,payment,net_banking,8761.85,successful
PAY-0004583,ORD-004583,2026-06-17,payment,net_banking,26817.84,failed
PAY-0004584,ORD-004584,2026-07-18,payment,net_banking,32033.38,pending
PAY-0004585,ORD-004585,2025-11-01,payment,wallet,31686.34,successful
PAY-0004586,ORD-004586,2025-11-03,payment,debit_card,1546.74,successful
PAY-0004587,ORD-004587,2026-02-23,payment,net_banking,29904.43,successful
PAY-0004588,ORD-004588,2025-01-21,payment,debit_card,13794.59,successful
PAY-0004589,ORD-004589,2026-05-18,payment,net_banking,14436.83,successful
PAY-0004590,ORD-004590,2025-02-02,payment,credit_card,8028.38,failed
PAY-0004591,ORD-004591,2026-06-07,payment,wallet,16217.88,successful
PAY-0004592,ORD-004592,2026-01-28,payment,upi,15481.6,successful
PAY-0004593,ORD-004593,2026-01-22,payment,net_banking,39636.15,successful
PAY-0004594,ORD-004594,2025-10-28,payment,wallet,3492.16,successful
PAY-0004595,ORD-004595,2025-09-15,payment,upi,6695.61,successful
PAY-0004596,ORD-004596,2026-05-24,payment,net_banking,56574.57,successful
PAY-0004597,ORD-004597,2025-04-24,payment,debit_card,26056.9,successful
PAY-0004598,ORD-004598,2025-12-17,payment,net_banking,32860.32,successful
PAY-0004599,ORD-004599,2025-03-01,payment,debit_card,21224.19,successful
PAY-0004600,ORD-004600,2025-04-02,payment,credit_card,6118.19,successful
PAY-0004601,ORD-004601,2026-07-21,payment,upi,12363.45,successful
PAY-0004602,ORD-004602,2026-04-11,payment,upi,12082.61,successful
PAY-0004603,ORD-004603,2025-03-12,payment,upi,19647.73,successful
PAY-0004604,ORD-004604,2026-02-08,payment,upi,17851.78,failed
PAY-0004605,ORD-004605,2026-06-17,payment,net_banking,7865.87,successful
PAY-0004606,ORD-004606,2025-12-31,payment,wallet,16998.49,successful
PAY-0004607,ORD-004607,2026-06-25,payment,net_banking,24768.32,failed
PAY-0004608,ORD-004608,2026-01-30,payment,debit_card,25739.09,successful
PAY-0004609,ORD-004609,2025-05-23,payment,upi,34415.77,successful
PAY-0004610,ORD-004610,2025-05-17,payment,net_banking,3881.82,successful
PAY-0004611,ORD-004611,2026-07-04,payment,credit_card,2920.55,successful
PAY-0004612,ORD-004612,2026-03-10,payment,net_banking,14737.39,successful
PAY-0004613,ORD-004613,2026-02-20,payment,upi,10486.51,successful
PAY-0004614,ORD-004614,2026-01-29,payment,net_banking,9710.62,successful
PAY-0004615,ORD-004615,2025-08-19,payment,wallet,38637.88,successful
PAY-0004616,ORD-004616,2026-06-01,payment,upi,27402.61,successful
PAY-0004617,ORD-004617,2026-06-13,payment,wallet,14225.01,successful
PAY-0004618,ORD-004618,2026-01-16,payment,net_banking,17864.91,successful
PAY-0004619,ORD-004619,2026-02-01,payment,debit_card,26351.26,successful
PAY-0004620,ORD-004620,2025-08-25,payment,net_banking,22778.2,successful
PAY-0004621,ORD-004621,2025-06-16,payment,upi,2593.64,successful
PAY-0004622,ORD-004622,2025-06-25,payment,net_banking,29591.37,failed
PAY-0004623,ORD-004623,2025-12-12,payment,net_banking,22779.98,successful
PAY-0004624,ORD-004624,2026-03-31,payment,credit_card,2309.19,successful
PAY-0004625,ORD-004625,2026-06-03,payment,upi,41042.95,successful
PAY-0004626,ORD-004626,2025-10-29,payment,credit_card,2486.89,successful
PAY-0004627,ORD-004627,2025-07-30,payment,wallet,2635.74,successful
PAY-0004628,ORD-004628,2025-08-24,payment,net_banking,1208.25,successful
PAY-0004629,ORD-004629,2026-04-25,payment,credit_card,3566.54,failed
PAY-0004630,ORD-004630,2026-03-11,payment,credit_card,38337.37,successful
PAY-0004631,ORD-004631,2026-03-21,payment,upi,41291.6,successful
PAY-0004632,ORD-004632,2026-04-23,payment,upi,29216.68,successful
PAY-0004633,ORD-004633,2025-12-14,payment,upi,27436.77,successful
PAY-0004634,ORD-004634,2026-01-07,payment,upi,51223.98,failed
PAY-0004635,ORD-004635,2026-02-28,payment,credit_card,10082.0,successful
PAY-0004636,ORD-004636,2025-09-29,payment,wallet,9810.2,successful
PAY-0004637,ORD-004637,2025-02-24,payment,net_banking,25358.13,successful
PAY-0004638,ORD-004638,2026-03-31,payment,debit_card,7358.98,successful
PAY-0004639,ORD-004639,2025-09-20,payment,credit_card,20464.76,successful
PAY-0004640,ORD-004640,2025-07-23,payment,credit_card,14745.13,successful
PAY-0004641,ORD-004641,2025-09-11,payment,wallet,13263.11,successful
PAY-0004642,ORD-004642,2026-06-19,payment,upi,19745.81,failed
PAY-0004643,ORD-004643,2026-05-14,payment,wallet,6280.79,successful
PAY-0004644,ORD-004644,2025-06-08,payment,wallet,22050.98,successful
PAY-0004645,ORD-004645,2025-12-17,payment,wallet,43248.92,successful
PAY-0004646,ORD-004646,2026-05-13,payment,wallet,59919.48,successful
PAY-0004647,ORD-004647,2025-07-08,payment,credit_card,25283.67,successful
PAY-0004648,ORD-004648,2025-09-21,payment,net_banking,7623.81,failed
PAY-0004649,ORD-004649,2026-05-08,payment,upi,15561.7,successful
PAY-0004650,ORD-004650,2026-07-17,payment,net_banking,23339.4,successful
PAY-0004651,ORD-004651,2026-07-14,payment,wallet,8532.69,successful
PAY-0004652,ORD-004652,2026-05-18,payment,net_banking,27978.73,failed
PAY-0004653,ORD-004653,2025-07-01,payment,net_banking,10659.58,successful
PAY-0004654,ORD-004654,2026-07-30,payment,credit_card,4935.76,successful
PAY-0004655,ORD-004655,2025-06-08,payment,wallet,28932.94,failed
PAY-0004656,ORD-004656,2026-06-23,payment,debit_card,5184.47,successful
PAY-0004657,ORD-004657,2025-02-28,payment,debit_card,59294.73,successful
PAY-0004658,ORD-004658,2025-06-29,payment,wallet,19898.88,successful
PAY-0004659,ORD-004659,2026-06-15,payment,net_banking,2937.09,successful
PAY-0004660,ORD-004660,2026-07-14,payment,upi,20663.23,successful
PAY-0004661,ORD-004661,2025-11-08,payment,wallet,23511.37,failed
PAY-0004662,ORD-004662,2025-09-07,payment,credit_card,8609.87,successful
PAY-0004663,ORD-004663,2026-05-02,payment,net_banking,41875.69,pending
PAY-0004664,ORD-004664,2026-04-12,payment,wallet,10136.98,successful
PAY-0004665,ORD-004665,2026-01-29,payment,wallet,4186.9,successful
PAY-0004666,ORD-004666,2026-02-06,payment,wallet,25197.58,successful
PAY-0004667,ORD-004667,2026-02-25,payment,net_banking,13408.98,successful
PAY-0004668,ORD-004668,2025-06-13,payment,wallet,22994.26,successful
PAY-0004669,ORD-004669,2025-11-23,payment,debit_card,29195.5,successful
PAY-0004670,ORD-004670,2026-01-17,payment,net_banking,28172.79,successful
PAY-0004671,ORD-004671,2025-10-25,payment,upi,28279.09,successful
PAY-0004672,ORD-004672,2026-07-22,payment,upi,18712.61,successful
PAY-0004673,ORD-004673,2025-02-20,payment,debit_card,33071.59,successful
PAY-0004674,ORD-004674,2025-10-25,payment,credit_card,18079.68,successful
PAY-0004675,ORD-004675,2025-12-24,payment,credit_card,4555.34,successful
PAY-0004676,ORD-004676,2025-11-27,payment,debit_card,18090.36,successful
PAY-0004677,ORD-004677,2026-04-24,payment,net_banking,3931.3,failed
PAY-0004678,ORD-004678,2026-03-09,payment,upi,12991.65,failed
PAY-0004679,ORD-004679,2026-06-04,payment,net_banking,12216.08,successful
PAY-0004680,ORD-004680,2025-11-14,payment,credit_card,21665.12,successful
PAY-0004681,ORD-004681,2026-07-10,payment,credit_card,53928.08,successful
PAY-0004682,ORD-004682,2026-07-04,payment,debit_card,29929.54,successful
PAY-0004683,ORD-004683,2025-09-29,payment,wallet,24373.01,failed
PAY-0004684,ORD-004684,2025-02-12,payment,wallet,17915.35,successful
PAY-0004685,ORD-004685,2026-07-19,payment,upi,9185.59,failed
PAY-0004686,ORD-004686,2026-03-21,payment,debit_card,23530.38,successful
PAY-0004687,ORD-004687,2025-11-12,payment,debit_card,15409.69,pending
PAY-0004688,ORD-004688,2026-01-28,payment,debit_card,8674.77,successful
PAY-0004689,ORD-004689,2025-04-06,payment,wallet,19404.11,successful
PAY-0004690,ORD-004690,2026-07-29,payment,wallet,21508.98,successful
PAY-0004691,ORD-004691,2025-10-26,payment,upi,1874.48,successful
PAY-0004692,ORD-004692,2025-10-26,payment,net_banking,7504.46,successful
PAY-0004693,ORD-004693,2026-07-15,payment,credit_card,25789.5,successful
PAY-0004694,ORD-004694,2025-04-18,payment,wallet,14207.0,failed
PAY-0004695,ORD-004695,2026-06-05,payment,upi,9453.85,failed
PAY-0004696,ORD-004696,2025-06-02,payment,credit_card,7455.97,successful
PAY-0004697,ORD-004697,2026-03-04,payment,upi,28733.61,successful
PAY-0004698,ORD-004698,2026-07-18,payment,debit_card,37048.38,successful
PAY-0004699,ORD-004699,2025-10-08,payment,wallet,8374.68,successful
PAY-0004700,ORD-004700,2026-07-18,payment,credit_card,22524.9,successful
PAY-0004701,ORD-004701,2025-08-24,payment,debit_card,7733.25,successful
PAY-0004702,ORD-004702,2025-10-05,payment,net_banking,1906.08,successful
PAY-0004703,ORD-004703,2025-04-04,payment,wallet,44800.03,successful
PAY-0004704,ORD-004704,2026-06-10,payment,wallet,19072.54,successful
PAY-0004705,ORD-004705,2025-12-01,payment,credit_card,3865.73,successful
PAY-0004706,ORD-004706,2026-07-30,payment,wallet,30919.83,successful
PAY-0004707,ORD-004707,2026-05-31,payment,net_banking,4324.51,successful
PAY-0004708,ORD-004708,2025-04-03,payment,wallet,19019.35,successful
PAY-0004709,ORD-004709,2026-03-01,payment,debit_card,11057.8,failed
PAY-0004710,ORD-004710,2026-06-15,payment,credit_card,6070.31,successful
PAY-0004711,ORD-004711,2025-02-25,payment,wallet,8711.6,failed
PAY-0004712,ORD-004712,2026-05-26,payment,net_banking,17042.1,failed
PAY-0004713,ORD-004713,2025-08-20,payment,upi,5044.65,failed
PAY-0004714,ORD-004714,2026-07-30,payment,credit_card,7288.95,successful
PAY-0004715,ORD-004715,2025-01-04,payment,upi,17462.14,successful
PAY-0004716,ORD-004716,2026-02-01,payment,net_banking,33107.14,failed
PAY-0004717,ORD-004717,2025-06-27,payment,net_banking,2574.7,successful
PAY-0004718,ORD-004718,2026-07-31,payment,credit_card,10540.8,successful
PAY-0004719,ORD-004719,2026-05-10,payment,upi,9263.55,successful
PAY-0004720,ORD-004720,2026-06-05,payment,debit_card,13482.44,successful
PAY-0004721,ORD-004721,2025-06-17,payment,wallet,67144.77,successful
PAY-0004722,ORD-004722,2026-06-01,payment,credit_card,6495.23,successful
PAY-0004723,ORD-004723,2026-05-12,payment,wallet,14972.96,successful
PAY-0004724,ORD-004724,2026-07-06,payment,credit_card,2764.91,successful
PAY-0004725,ORD-004725,2026-05-31,payment,wallet,2240.5,pending
PAY-0004726,ORD-004726,2026-07-27,payment,wallet,38887.56,successful
PAY-0004727,ORD-004727,2026-07-08,payment,credit_card,16546.51,successful
PAY-0004728,ORD-004728,2026-01-22,payment,net_banking,13427.36,failed
PAY-0004729,ORD-004729,2026-06-04,payment,upi,22758.37,pending
PAY-0004730,ORD-004730,2025-01-13,payment,debit_card,27001.11,successful
PAY-0004731,ORD-004731,2026-01-29,payment,net_banking,10586.77,successful
PAY-0004732,ORD-004732,2025-06-04,payment,wallet,20296.54,successful
PAY-0004733,ORD-004733,2026-06-02,payment,wallet,25348.9,failed
PAY-0004734,ORD-004734,2026-03-30,payment,upi,11161.36,successful
PAY-0004735,ORD-004735,2026-04-12,payment,debit_card,24444.57,successful
PAY-0004736,ORD-004736,2026-05-18,payment,net_banking,10645.96,failed
PAY-0004737,ORD-004737,2025-12-18,payment,upi,6770.76,successful
PAY-0004738,ORD-004738,2026-07-09,payment,wallet,19304.95,successful
PAY-0004739,ORD-004739,2026-04-18,payment,debit_card,18001.8,successful
PAY-0004740,ORD-004740,2026-07-28,payment,net_banking,25196.09,successful
PAY-0004741,ORD-004741,2025-10-18,payment,debit_card,4765.32,successful
PAY-0004742,ORD-004742,2025-03-07,payment,wallet,3908.8,successful
PAY-0004743,ORD-004743,2026-05-21,payment,upi,26430.44,successful
PAY-0004744,ORD-004744,2025-11-11,payment,wallet,20888.15,successful
PAY-0004745,ORD-004745,2026-05-01,payment,debit_card,5496.05,failed
PAY-0004746,ORD-004746,2026-04-22,payment,wallet,19884.2,successful
PAY-0004747,ORD-004747,2026-06-28,payment,wallet,4427.96,successful
PAY-0004748,ORD-004748,2026-01-19,payment,debit_card,2795.05,successful
PAY-0004749,ORD-004749,2025-07-21,payment,debit_card,3126.37,failed
PAY-0004750,ORD-004750,2026-06-04,payment,upi,25024.01,successful
PAY-0004751,ORD-004751,2026-07-02,payment,credit_card,11927.86,successful
PAY-0004752,ORD-004752,2025-10-11,payment,credit_card,4163.46,successful
PAY-0004753,ORD-004753,2025-07-10,payment,credit_card,32679.71,successful
PAY-0004754,ORD-004754,2026-07-31,payment,wallet,8462.58,successful
PAY-0004755,ORD-004755,2026-07-05,payment,net_banking,6962.02,successful
PAY-0004756,ORD-004756,2026-05-25,payment,net_banking,12334.99,successful
PAY-0004757,ORD-004757,2025-01-22,payment,net_banking,2980.03,successful
PAY-0004758,ORD-004758,2025-08-21,payment,debit_card,13311.19,successful
PAY-0004759,ORD-004759,2025-10-03,payment,upi,30332.31,successful
PAY-0004760,ORD-004760,2025-11-06,payment,credit_card,24664.82,successful
PAY-0004761,ORD-004761,2026-05-16,payment,net_banking,8762.09,failed
PAY-0004762,ORD-004762,2026-06-15,payment,debit_card,7607.25,successful
PAY-0004763,ORD-004763,2025-07-07,payment,debit_card,17422.35,successful
PAY-0004764,ORD-004764,2025-03-04,payment,credit_card,3982.58,successful
PAY-0004765,ORD-004765,2025-06-30,payment,debit_card,11877.01,successful
PAY-0004766,ORD-004766,2026-02-26,payment,net_banking,3382.47,failed
PAY-0004767,ORD-004767,2026-06-21,payment,upi,3349.1,successful
PAY-0004768,ORD-004768,2026-05-23,payment,debit_card,33083.97,successful
PAY-0004769,ORD-004769,2026-04-25,payment,debit_card,12644.95,successful
PAY-0004770,ORD-004770,2026-06-16,payment,upi,10424.72,pending
PAY-0004771,ORD-004771,2026-07-05,payment,net_banking,1544.18,successful
PAY-0004772,ORD-004772,2026-06-22,payment,wallet,7702.98,pending
PAY-0004773,ORD-004773,2025-12-01,payment,upi,28088.96,successful
PAY-0004774,ORD-004774,2025-01-03,payment,net_banking,8446.3,successful
PAY-0004775,ORD-004775,2025-10-26,payment,credit_card,15743.35,successful
PAY-0004776,ORD-004776,2025-07-20,payment,net_banking,6676.35,successful
PAY-0004777,ORD-004777,2025-05-05,payment,debit_card,13627.73,successful
PAY-0004778,ORD-004778,2026-07-17,payment,credit_card,4962.96,successful
PAY-0004779,ORD-004779,2026-06-19,payment,upi,9825.33,successful
PAY-0004780,ORD-004780,2025-04-21,payment,debit_card,11063.92,successful
PAY-0004781,ORD-004781,2025-03-13,payment,wallet,10219.53,successful
PAY-0004782,ORD-004782,2026-01-14,payment,net_banking,30655.85,successful
PAY-0004783,ORD-004783,2025-09-29,payment,wallet,4418.5,successful
PAY-0004784,ORD-004784,2025-06-02,payment,wallet,28495.17,successful
PAY-0004785,ORD-004785,2026-01-10,payment,upi,43689.95,failed
PAY-0004786,ORD-004786,2025-01-23,payment,debit_card,24928.59,failed
PAY-0004787,ORD-004787,2026-05-08,payment,wallet,37447.31,failed
PAY-0004788,ORD-004788,2026-07-09,payment,debit_card,2365.6,successful
PAY-0004789,ORD-004789,2025-11-16,payment,debit_card,23751.11,successful
PAY-0004790,ORD-004790,2025-09-01,payment,debit_card,11012.5,failed
PAY-0004791,ORD-004791,2025-10-09,payment,wallet,5272.98,successful
PAY-0004792,ORD-004792,2025-06-27,payment,wallet,9498.17,successful
PAY-0004793,ORD-004793,2026-06-19,payment,debit_card,31557.99,successful
PAY-0004794,ORD-004794,2025-02-21,payment,wallet,23702.31,successful
PAY-0004795,ORD-004795,2026-07-03,payment,wallet,2426.25,pending
PAY-0004796,ORD-004796,2025-06-25,payment,wallet,2719.75,successful
PAY-0004797,ORD-004797,2026-01-11,payment,net_banking,5700.7,successful
PAY-0004798,ORD-004798,2026-04-22,payment,upi,10377.17,failed
PAY-0004799,ORD-004799,2026-07-09,payment,wallet,529.26,successful
PAY-0004800,ORD-004800,2026-07-27,payment,debit_card,9849.91,successful
PAY-0004801,ORD-004801,2025-09-01,payment,wallet,61291.76,successful
PAY-0004802,ORD-004802,2026-05-20,payment,credit_card,6945.14,successful
PAY-0004803,ORD-004803,2025-12-15,payment,credit_card,11428.74,successful
PAY-0004804,ORD-004804,2025-07-03,payment,net_banking,31764.97,failed
PAY-0004805,ORD-004805,2026-06-21,payment,wallet,9064.47,successful
PAY-0004806,ORD-004806,2025-06-26,payment,net_banking,26675.06,successful
PAY-0004807,ORD-004807,2026-02-08,payment,upi,12318.72,successful
PAY-0004808,ORD-004808,2025-12-10,payment,upi,12599.51,successful
PAY-0004809,ORD-004809,2026-02-01,payment,credit_card,45785.27,successful
PAY-0004810,ORD-004810,2025-06-06,payment,credit_card,5368.17,successful
PAY-0004811,ORD-004811,2025-11-25,payment,credit_card,7712.03,successful
PAY-0004812,ORD-004812,2026-04-01,payment,credit_card,1881.4,failed
PAY-0004813,ORD-004813,2026-06-16,payment,debit_card,37996.24,successful
PAY-0004814,ORD-004814,2025-11-26,payment,debit_card,15725.74,failed
PAY-0004815,ORD-004815,2025-05-19,payment,upi,21480.28,successful
PAY-0004816,ORD-004816,2026-06-06,payment,net_banking,29022.25,successful
PAY-0004817,ORD-004817,2025-11-27,payment,net_banking,41280.61,successful
PAY-0004818,ORD-004818,2025-03-22,payment,upi,10325.79,successful
PAY-0004819,ORD-004819,2025-07-26,payment,credit_card,5367.21,failed
PAY-0004820,ORD-004820,2025-07-09,payment,debit_card,13338.98,successful
PAY-0004821,ORD-004821,2025-03-26,payment,credit_card,2471.63,pending
PAY-0004822,ORD-004822,2025-10-06,payment,net_banking,9995.07,successful
PAY-0004823,ORD-004823,2026-06-30,payment,wallet,5932.83,successful
PAY-0004824,ORD-004824,2026-01-26,payment,credit_card,2004.51,successful
PAY-0004825,ORD-004825,2026-02-18,payment,wallet,19880.19,successful
PAY-0004826,ORD-004826,2025-02-08,payment,wallet,59238.84,successful
PAY-0004827,ORD-004827,2026-04-30,payment,wallet,9794.47,successful
PAY-0004828,ORD-004828,2025-12-23,payment,wallet,22728.11,successful
PAY-0004829,ORD-004829,2026-03-08,payment,wallet,33799.45,successful
PAY-0004830,ORD-004830,2025-10-10,payment,net_banking,40507.17,successful
PAY-0004831,ORD-004831,2025-05-21,payment,wallet,20528.14,successful
PAY-0004832,ORD-004832,2025-07-26,payment,net_banking,56085.88,successful
PAY-0004833,ORD-004833,2025-03-27,payment,upi,4987.45,successful
PAY-0004834,ORD-004834,2026-04-24,payment,debit_card,30676.63,successful
PAY-0004835,ORD-004835,2025-11-26,payment,credit_card,1461.99,successful
PAY-0004836,ORD-004836,2026-03-27,payment,debit_card,17552.5,successful
PAY-0004837,ORD-004837,2026-04-24,payment,net_banking,13105.6,successful
PAY-0004838,ORD-004838,2025-08-30,payment,wallet,6305.73,successful
PAY-0004839,ORD-004839,2026-02-11,payment,wallet,15408.56,failed
PAY-0004840,ORD-004840,2025-09-18,payment,upi,20138.07,successful
PAY-0004841,ORD-004841,2025-06-14,payment,net_banking,37291.42,pending
PAY-0004842,ORD-004842,2026-07-24,payment,upi,39749.7,successful
PAY-0004843,ORD-004843,2026-03-20,payment,net_banking,24367.24,pending
PAY-0004844,ORD-004844,2026-03-07,payment,wallet,11770.98,successful
PAY-0004845,ORD-004845,2026-06-01,payment,net_banking,30109.34,successful
PAY-0004846,ORD-004846,2026-04-07,payment,debit_card,60539.1,successful
PAY-0004847,ORD-004847,2026-05-28,payment,debit_card,9287.83,successful
PAY-0004848,ORD-004848,2025-05-09,payment,credit_card,2101.66,successful
PAY-0004849,ORD-004849,2025-09-28,payment,net_banking,5823.84,successful
PAY-0004850,ORD-004850,2025-10-21,payment,net_banking,46529.59,successful
PAY-0004851,ORD-004851,2025-12-20,payment,wallet,17113.17,successful
PAY-0004852,ORD-004852,2026-04-06,payment,net_banking,3263.08,successful
PAY-0004853,ORD-004853,2026-04-27,payment,net_banking,908.58,successful
PAY-0004854,ORD-004854,2025-12-10,payment,upi,4599.51,successful
PAY-0004855,ORD-004855,2026-05-23,payment,net_banking,25786.78,successful
PAY-0004856,ORD-004856,2026-03-02,payment,wallet,2111.73,successful
PAY-0004857,ORD-004857,2026-06-30,payment,debit_card,1198.57,failed
PAY-0004858,ORD-004858,2026-02-21,payment,net_banking,46442.1,successful
PAY-0004859,ORD-004859,2026-06-15,payment,upi,14889.39,successful
PAY-0004860,ORD-004860,2025-01-20,payment,debit_card,724.18,successful
PAY-0004861,ORD-004861,2026-06-14,payment,credit_card,33396.55,pending
PAY-0004862,ORD-004862,2026-07-24,payment,debit_card,18044.58,successful
PAY-0004863,ORD-004863,2026-07-19,payment,credit_card,10236.65,failed
PAY-0004864,ORD-004864,2026-07-21,payment,credit_card,23213.72,successful
PAY-0004865,ORD-004865,2026-03-15,payment,net_banking,21357.04,successful
PAY-0004866,ORD-004866,2026-07-31,payment,upi,29024.61,successful
PAY-0004867,ORD-004867,2026-06-21,payment,net_banking,48730.32,successful
PAY-0004868,ORD-004868,2026-05-09,payment,debit_card,11415.92,failed
PAY-0004869,ORD-004869,2026-04-21,payment,credit_card,13205.43,successful
PAY-0004870,ORD-004870,2026-02-19,payment,credit_card,24697.86,successful
PAY-0004871,ORD-004871,2026-07-30,payment,credit_card,387.29,successful
PAY-0004872,ORD-004872,2026-03-14,payment,net_banking,46554.73,failed
PAY-0004873,ORD-004873,2025-12-17,payment,credit_card,7143.67,successful
PAY-0004874,ORD-004874,2025-10-02,payment,debit_card,14357.15,successful
PAY-0004875,ORD-004875,2026-07-12,payment,debit_card,7132.53,failed
PAY-0004876,ORD-004876,2026-03-23,payment,wallet,9718.42,successful
PAY-0004877,ORD-004877,2026-05-19,payment,net_banking,18630.83,successful
PAY-0004878,ORD-004878,2025-10-15,payment,debit_card,33541.26,successful
PAY-0004879,ORD-004879,2026-07-29,payment,upi,9715.35,successful
PAY-0004880,ORD-004880,2026-07-05,payment,wallet,870.82,successful
PAY-0004881,ORD-004881,2026-04-26,payment,wallet,12552.51,successful
PAY-0004882,ORD-004882,2026-07-11,payment,wallet,24341.16,successful
PAY-0004883,ORD-004883,2025-06-30,payment,debit_card,17790.09,successful
PAY-0004884,ORD-004884,2026-07-20,payment,wallet,3870.75,successful
PAY-0004885,ORD-004885,2026-07-11,payment,credit_card,12655.62,failed
PAY-0004886,ORD-004886,2025-03-14,payment,debit_card,12509.14,successful
PAY-0004887,ORD-004887,2026-04-19,payment,upi,4067.28,successful
PAY-0004888,ORD-004888,2025-09-22,payment,wallet,15822.22,successful
PAY-0004889,ORD-004889,2025-12-01,payment,upi,14186.61,successful
PAY-0004890,ORD-004890,2025-10-23,payment,debit_card,8312.37,successful
PAY-0004891,ORD-004891,2026-06-08,payment,upi,18002.41,successful
PAY-0004892,ORD-004892,2026-06-18,payment,credit_card,20184.9,successful
PAY-0004893,ORD-004893,2025-07-18,payment,debit_card,8160.88,failed
PAY-0004894,ORD-004894,2025-12-14,payment,upi,19095.41,successful
PAY-0004895,ORD-004895,2026-04-01,payment,debit_card,17413.3,successful
PAY-0004896,ORD-004896,2026-05-29,payment,upi,9918.44,pending
PAY-0004897,ORD-004897,2025-10-04,payment,credit_card,13431.79,failed
PAY-0004898,ORD-004898,2026-07-20,payment,wallet,6349.29,successful
PAY-0004899,ORD-004899,2026-06-17,payment,net_banking,44916.83,successful
PAY-0004900,ORD-004900,2026-04-05,payment,wallet,13081.11,successful
PAY-0004901,ORD-004901,2026-07-03,payment,upi,1744.51,failed
PAY-0004902,ORD-004902,2026-02-02,payment,credit_card,14111.02,successful
PAY-0004903,ORD-004903,2026-04-10,payment,net_banking,7675.97,successful
PAY-0004904,ORD-004904,2025-11-19,payment,debit_card,48542.05,successful
PAY-0004905,ORD-004905,2026-06-15,payment,net_banking,8548.9,successful
PAY-0004906,ORD-004906,2025-03-19,payment,credit_card,38915.66,successful
PAY-0004907,ORD-004907,2026-06-11,payment,wallet,21487.52,successful
PAY-0004908,ORD-004908,2026-01-13,payment,net_banking,23098.32,successful
PAY-0004909,ORD-004909,2026-04-18,payment,upi,36719.3,successful
PAY-0004910,ORD-004910,2026-06-12,payment,net_banking,14455.68,successful
PAY-0004911,ORD-004911,2025-07-06,payment,credit_card,2638.09,successful
PAY-0004912,ORD-004912,2026-05-22,payment,credit_card,2266.33,successful
PAY-0004913,ORD-004913,2026-07-02,payment,upi,7765.06,successful
PAY-0004914,ORD-004914,2026-04-25,payment,wallet,2567.04,successful
PAY-0004915,ORD-004915,2026-04-21,payment,upi,17878.06,successful
PAY-0004916,ORD-004916,2026-04-18,payment,wallet,39609.3,successful
PAY-0004917,ORD-004917,2025-11-05,payment,upi,46326.09,successful
PAY-0004918,ORD-004918,2026-07-23,payment,net_banking,3978.49,successful
PAY-0004919,ORD-004919,2025-07-26,payment,wallet,57483.15,successful
PAY-0004920,ORD-004920,2026-06-06,payment,upi,14030.06,successful
PAY-0004921,ORD-004921,2026-06-15,payment,net_banking,10146.69,pending
PAY-0004922,ORD-004922,2026-02-17,payment,credit_card,7457.88,successful
PAY-0004923,ORD-004923,2026-01-24,payment,net_banking,38147.32,successful
PAY-0004924,ORD-004924,2025-04-20,payment,wallet,8500.05,failed
PAY-0004925,ORD-004925,2026-07-23,payment,upi,17270.77,successful
PAY-0004926,ORD-004926,2026-05-16,payment,wallet,25102.32,successful
PAY-0004927,ORD-004927,2026-03-24,payment,net_banking,10489.47,successful
PAY-0004928,ORD-004928,2025-05-10,payment,debit_card,11490.04,successful
PAY-0004929,ORD-004929,2025-02-01,payment,upi,23474.72,successful
PAY-0004930,ORD-004930,2025-04-23,payment,wallet,8893.0,successful
PAY-0004931,ORD-004931,2026-06-07,payment,debit_card,47057.73,successful
PAY-0004932,ORD-004932,2026-02-27,payment,wallet,14003.44,successful
PAY-0004933,ORD-004933,2025-07-24,payment,net_banking,10125.06,successful
PAY-0004934,ORD-004934,2026-06-03,payment,debit_card,5729.42,successful
PAY-0004935,ORD-004935,2026-05-24,payment,wallet,6511.85,successful
PAY-0004936,ORD-004936,2025-08-13,payment,upi,37650.67,successful
PAY-0004937,ORD-004937,2025-01-25,payment,upi,23285.42,failed
PAY-0004938,ORD-004938,2026-05-09,payment,credit_card,18510.28,successful
PAY-0004939,ORD-004939,2025-03-15,payment,debit_card,15491.72,successful
PAY-0004940,ORD-004940,2025-04-29,payment,wallet,8199.3,successful
PAY-0004941,ORD-004941,2026-01-09,payment,credit_card,40669.12,successful
PAY-0004942,ORD-004942,2026-01-03,payment,credit_card,2640.52,successful
PAY-0004943,ORD-004943,2026-05-05,payment,debit_card,20295.33,successful
PAY-0004944,ORD-004944,2026-07-14,payment,net_banking,768.39,successful
PAY-0004945,ORD-004945,2025-08-20,payment,credit_card,36083.8,successful
PAY-0004946,ORD-004946,2026-01-13,payment,wallet,23927.44,successful
PAY-0004947,ORD-004947,2026-07-08,payment,debit_card,17177.6,failed
PAY-0004948,ORD-004948,2025-12-16,payment,debit_card,1230.23,pending
PAY-0004949,ORD-004949,2026-07-15,payment,debit_card,19282.37,successful
PAY-0004950,ORD-004950,2025-11-20,payment,upi,34903.2,successful
PAY-0004951,ORD-004951,2026-01-12,payment,upi,704.05,failed
PAY-0004952,ORD-004952,2026-01-28,payment,upi,4885.91,successful
PAY-0004953,ORD-004953,2026-04-09,payment,wallet,7267.37,successful
PAY-0004954,ORD-004954,2025-03-22,payment,wallet,8500.59,successful
PAY-0004955,ORD-004955,2025-07-04,payment,wallet,2680.41,successful
PAY-0004956,ORD-004956,2026-07-12,payment,upi,16413.23,successful
PAY-0004957,ORD-004957,2026-07-11,payment,upi,957.42,successful
PAY-0004958,ORD-004958,2026-01-28,payment,debit_card,13966.86,successful
PAY-0004959,ORD-004959,2025-03-05,payment,net_banking,5811.92,successful
PAY-0004960,ORD-004960,2026-06-25,payment,wallet,17634.88,successful
PAY-0004961,ORD-004961,2025-12-01,payment,debit_card,25862.24,successful
PAY-0004962,ORD-004962,2025-08-28,payment,upi,14915.66,successful
PAY-0004963,ORD-004963,2025-04-29,payment,credit_card,3155.92,successful
PAY-0004964,ORD-004964,2025-06-16,payment,debit_card,12009.04,successful
PAY-0004965,ORD-004965,2026-06-24,payment,debit_card,34368.79,successful
PAY-0004966,ORD-004966,2025-02-14,payment,upi,14802.93,successful
PAY-0004967,ORD-004967,2026-06-02,payment,credit_card,1188.21,successful
PAY-0004968,ORD-004968,2026-07-22,payment,wallet,8980.54,successful
PAY-0004969,ORD-004969,2025-03-14,payment,wallet,18945.44,successful
PAY-0004970,ORD-004970,2025-06-12,payment,upi,5522.02,successful
PAY-0004971,ORD-004971,2025-02-28,payment,upi,7328.93,successful
PAY-0004972,ORD-004972,2025-12-02,payment,credit_card,17771.28,successful
PAY-0004973,ORD-004973,2026-04-22,payment,upi,41062.5,successful
PAY-0004974,ORD-004974,2026-06-22,payment,net_banking,15616.88,successful
PAY-0004975,ORD-004975,2026-01-05,payment,credit_card,18708.3,successful
PAY-0004976,ORD-004976,2025-12-25,payment,credit_card,5024.94,failed
PAY-0004977,ORD-004977,2025-12-17,payment,debit_card,27177.97,successful
PAY-0004978,ORD-004978,2025-07-25,payment,wallet,10868.08,successful
PAY-0004979,ORD-004979,2025-07-23,payment,debit_card,7670.05,successful
PAY-0004980,ORD-004980,2025-05-18,payment,net_banking,18650.32,successful
PAY-0004981,ORD-004981,2026-06-02,payment,upi,18797.72,successful
PAY-0004982,ORD-004982,2025-08-05,payment,debit_card,24933.62,successful
PAY-0004983,ORD-004983,2026-07-21,payment,upi,18216.84,successful
PAY-0004984,ORD-004984,2026-03-24,payment,debit_card,5827.8,pending
PAY-0004985,ORD-004985,2025-08-28,payment,upi,51990.8,failed
PAY-0004986,ORD-004986,2025-09-13,payment,debit_card,25780.24,successful
PAY-0004987,ORD-004987,2026-07-23,payment,debit_card,14230.81,successful
PAY-0004988,ORD-004988,2026-06-21,payment,debit_card,6677.3,successful
PAY-0004989,ORD-004989,2025-08-27,payment,debit_card,9865.25,successful
PAY-0004990,ORD-004990,2026-05-20,payment,net_banking,40935.5,successful
PAY-0004991,ORD-004991,2025-12-17,payment,debit_card,33674.55,successful
PAY-0004992,ORD-004992,2026-07-18,payment,wallet,22402.64,successful
PAY-0004993,ORD-004993,2026-06-12,payment,upi,7694.11,successful
PAY-0004994,ORD-004994,2025-02-13,payment,upi,16283.08,successful
PAY-0004995,ORD-004995,2026-07-08,payment,net_banking,22284.41,successful
PAY-0004996,ORD-004996,2026-06-06,payment,upi,12861.94,pending
PAY-0004997,ORD-004997,2025-09-17,payment,net_banking,13898.28,successful
PAY-0004998,ORD-004998,2026-06-25,payment,upi,22999.11,successful
PAY-0004999,ORD-004999,2025-07-22,payment,net_banking,27270.57,successful
PAY-0005000,ORD-005000,2026-05-03,payment,debit_card,7916.24,successful
PAY-0005001,ORD-005001,2025-04-01,payment,net_banking,1683.32,successful
PAY-0005002,ORD-005002,2026-05-22,payment,net_banking,33261.62,successful
PAY-0005003,ORD-005003,2026-06-24,payment,upi,14880.25,successful
PAY-0005004,ORD-005004,2026-04-09,payment,debit_card,7016.92,successful
PAY-0005005,ORD-005005,2026-07-22,payment,upi,27046.38,successful
PAY-0005006,ORD-005006,2026-03-01,payment,wallet,18178.02,successful
PAY-0005007,ORD-005007,2025-08-29,payment,debit_card,27497.85,successful
PAY-0005008,ORD-005008,2026-07-03,payment,upi,18427.4,successful
PAY-0005009,ORD-005009,2026-07-31,payment,wallet,1143.62,successful
PAY-0005010,ORD-005010,2026-05-04,payment,wallet,374.08,successful
PAY-0005011,ORD-005011,2025-04-12,payment,wallet,47114.57,successful
PAY-0005012,ORD-005012,2026-07-01,payment,credit_card,10709.6,successful
PAY-0005013,ORD-005013,2026-04-05,payment,upi,12169.81,successful
PAY-0005014,ORD-005014,2025-10-17,payment,upi,14085.27,successful
PAY-0005015,ORD-005015,2026-07-08,payment,net_banking,37692.19,successful
PAY-0005016,ORD-005016,2026-03-27,payment,credit_card,25337.76,successful
PAY-0005017,ORD-005017,2026-03-31,payment,credit_card,2211.89,successful
PAY-0005018,ORD-005018,2025-07-25,payment,net_banking,25122.94,successful
PAY-0005019,ORD-005019,2026-07-18,payment,wallet,6902.67,successful
PAY-0005020,ORD-005020,2025-12-04,payment,debit_card,19598.71,failed
PAY-0005021,ORD-005021,2025-11-17,payment,debit_card,27757.73,successful
PAY-0005022,ORD-005022,2026-07-21,payment,wallet,11095.48,successful
PAY-0005023,ORD-005023,2025-04-24,payment,net_banking,18110.59,successful
PAY-0005024,ORD-005024,2026-03-17,payment,upi,28246.31,successful
PAY-0005025,ORD-005025,2026-02-09,payment,wallet,34177.22,pending
PAY-0005026,ORD-005026,2026-07-31,payment,debit_card,4541.61,successful
PAY-0005027,ORD-005027,2026-07-30,payment,wallet,14627.83,successful
PAY-0005028,ORD-005028,2026-07-02,payment,debit_card,18522.34,successful
PAY-0005029,ORD-005029,2025-08-05,payment,debit_card,20590.96,successful
PAY-0005030,ORD-005030,2026-02-06,payment,wallet,10194.29,failed
PAY-0005031,ORD-005031,2025-04-05,payment,upi,10778.7,successful
PAY-0005032,ORD-005032,2025-10-08,payment,net_banking,3575.74,failed
PAY-0005033,ORD-005033,2025-07-04,payment,wallet,3015.96,successful
PAY-0005034,ORD-005034,2025-12-19,payment,upi,37698.27,failed
PAY-0005035,ORD-005035,2025-11-26,payment,wallet,10624.7,successful
PAY-0005036,ORD-005036,2026-06-01,payment,net_banking,15184.78,successful
PAY-0005037,ORD-005037,2025-11-25,payment,wallet,39998.91,successful
PAY-0005038,ORD-005038,2026-02-25,payment,net_banking,11687.24,successful
PAY-0005039,ORD-005039,2025-05-13,payment,debit_card,7302.94,successful
PAY-0005040,ORD-005040,2026-01-22,payment,debit_card,31639.28,successful
PAY-0005041,ORD-005041,2026-05-18,payment,wallet,27048.9,successful
PAY-0005042,ORD-005042,2026-07-30,payment,credit_card,2861.84,successful
PAY-0005043,ORD-005043,2025-09-09,payment,net_banking,12644.31,successful
PAY-0005044,ORD-005044,2026-04-01,payment,debit_card,8885.78,successful
PAY-0005045,ORD-005045,2025-12-26,payment,net_banking,4704.91,successful
PAY-0005046,ORD-005046,2026-05-15,payment,debit_card,27505.3,failed
PAY-0005047,ORD-005047,2026-02-06,payment,debit_card,6333.34,successful
PAY-0005048,ORD-005048,2025-02-24,payment,debit_card,13746.86,successful
PAY-0005049,ORD-005049,2025-12-31,payment,upi,37121.33,successful
PAY-0005050,ORD-005050,2026-07-16,payment,debit_card,13235.6,successful
PAY-0005051,ORD-005051,2026-07-21,payment,debit_card,9776.67,successful
PAY-0005052,ORD-005052,2026-03-09,payment,credit_card,25091.17,failed
PAY-0005053,ORD-005053,2026-07-08,payment,wallet,4080.49,successful
PAY-0005054,ORD-005054,2025-06-30,payment,upi,25781.54,successful
PAY-0005055,ORD-005055,2026-03-07,payment,upi,20504.45,successful
PAY-0005056,ORD-005056,2026-06-25,payment,upi,7063.65,successful
PAY-0005057,ORD-005057,2026-07-08,payment,credit_card,16058.42,successful
PAY-0005058,ORD-005058,2025-07-23,payment,net_banking,1222.57,pending
PAY-0005059,ORD-005059,2025-10-21,payment,wallet,3787.3,failed
PAY-0005060,ORD-005060,2026-01-31,payment,net_banking,34619.82,successful
PAY-0005061,ORD-005061,2025-06-14,payment,net_banking,11615.08,failed
PAY-0005062,ORD-005062,2025-09-11,payment,debit_card,5423.49,successful
PAY-0005063,ORD-005063,2026-07-05,payment,wallet,21436.78,successful
PAY-0005064,ORD-005064,2025-03-10,payment,upi,21707.11,successful
PAY-0005065,ORD-005065,2026-07-05,payment,credit_card,12914.55,successful
PAY-0005066,ORD-005066,2025-03-07,payment,net_banking,31544.5,successful
PAY-0005067,ORD-005067,2025-02-25,payment,credit_card,2380.44,successful
PAY-0005068,ORD-005068,2026-06-22,payment,upi,39372.12,successful
PAY-0005069,ORD-005069,2026-07-20,payment,debit_card,16039.15,successful
PAY-0005070,ORD-005070,2026-07-04,payment,net_banking,22088.1,successful
PAY-0005071,ORD-005071,2026-07-15,payment,upi,12737.05,successful
PAY-0005072,ORD-005072,2026-04-25,payment,debit_card,22940.67,successful
PAY-0005073,ORD-005073,2025-04-13,payment,net_banking,5168.28,successful
PAY-0005074,ORD-005074,2025-12-08,payment,credit_card,17578.68,successful
PAY-0005075,ORD-005075,2026-05-01,payment,wallet,8509.37,successful
PAY-0005076,ORD-005076,2026-03-01,payment,wallet,19724.14,successful
PAY-0005077,ORD-005077,2025-05-30,payment,upi,3439.71,successful
PAY-0005078,ORD-005078,2025-08-18,payment,upi,36387.27,failed
PAY-0005079,ORD-005079,2026-04-21,payment,wallet,15290.65,successful
PAY-0005080,ORD-005080,2026-05-09,payment,wallet,24153.0,pending
PAY-0005081,ORD-005081,2026-07-30,payment,net_banking,2136.4,failed
PAY-0005082,ORD-005082,2025-11-25,payment,upi,11347.59,successful
PAY-0005083,ORD-005083,2026-05-30,payment,wallet,9702.41,successful
PAY-0005084,ORD-005084,2025-09-30,payment,debit_card,80329.27,failed
PAY-0005085,ORD-005085,2025-10-21,payment,wallet,9677.32,successful
PAY-0005086,ORD-005086,2026-06-07,payment,net_banking,2476.54,successful
PAY-0005087,ORD-005087,2026-03-18,payment,credit_card,1756.61,successful
PAY-0005088,ORD-005088,2025-08-17,payment,upi,38547.86,successful
PAY-0005089,ORD-005089,2026-04-10,payment,wallet,19862.54,successful
PAY-0005090,ORD-005090,2026-06-22,payment,credit_card,28970.84,successful
PAY-0005091,ORD-005091,2026-04-09,payment,net_banking,4950.47,failed
PAY-0005092,ORD-005092,2026-04-13,payment,credit_card,29156.3,successful
PAY-0005093,ORD-005093,2025-11-21,payment,credit_card,1001.71,successful
PAY-0005094,ORD-005094,2025-08-23,payment,credit_card,6329.01,failed
PAY-0005095,ORD-005095,2025-11-16,payment,debit_card,13067.12,successful
PAY-0005096,ORD-005096,2026-07-13,payment,credit_card,22673.78,failed
PAY-0005097,ORD-005097,2025-08-26,payment,net_banking,34969.16,successful
PAY-0005098,ORD-005098,2026-07-18,payment,credit_card,8685.59,successful
PAY-0005099,ORD-005099,2026-06-18,payment,debit_card,12184.64,pending
PAY-0005100,ORD-005100,2026-04-09,payment,credit_card,17589.85,successful
PAY-0005101,ORD-005101,2026-03-07,payment,debit_card,17197.17,successful
PAY-0005102,ORD-005102,2026-04-03,payment,debit_card,30587.52,failed
PAY-0005103,ORD-005103,2026-06-03,payment,upi,6836.15,successful
PAY-0005104,ORD-005104,2026-01-24,payment,wallet,12733.43,successful
PAY-0005105,ORD-005105,2025-09-15,payment,upi,8846.37,successful
PAY-0005106,ORD-005106,2025-09-27,payment,credit_card,4854.4,successful
PAY-0005107,ORD-005107,2026-07-16,payment,net_banking,36055.1,failed
PAY-0005108,ORD-005108,2026-05-02,payment,wallet,25143.4,successful
PAY-0005109,ORD-005109,2026-01-18,payment,credit_card,3175.52,successful
PAY-0005110,ORD-005110,2026-07-30,payment,net_banking,10819.6,failed
PAY-0005111,ORD-005111,2026-05-14,payment,wallet,11461.29,failed
PAY-0005112,ORD-005112,2025-08-24,payment,wallet,5349.73,successful
PAY-0005113,ORD-005113,2025-11-28,payment,upi,59021.29,successful
PAY-0005114,ORD-005114,2026-07-08,payment,net_banking,7260.96,successful
PAY-0005115,ORD-005115,2026-07-10,payment,upi,23724.42,successful
PAY-0005116,ORD-005116,2026-03-31,payment,upi,35668.45,successful
PAY-0005117,ORD-005117,2025-05-28,payment,upi,21721.68,successful
PAY-0005118,ORD-005118,2026-06-27,payment,debit_card,35671.48,successful
PAY-0005119,ORD-005119,2025-12-11,payment,net_banking,56419.16,successful
PAY-0005120,ORD-005120,2026-01-25,payment,upi,49201.68,failed
PAY-0005121,ORD-005121,2026-07-24,payment,upi,16684.72,successful
PAY-0005122,ORD-005122,2025-12-21,payment,net_banking,21836.54,successful
PAY-0005123,ORD-005123,2025-02-05,payment,debit_card,33339.04,successful
PAY-0005124,ORD-005124,2026-07-25,payment,debit_card,17186.44,failed
PAY-0005125,ORD-005125,2026-06-06,payment,debit_card,4754.47,successful
PAY-0005126,ORD-005126,2025-03-25,payment,upi,942.05,successful
PAY-0005127,ORD-005127,2026-05-09,payment,net_banking,13244.83,successful
PAY-0005128,ORD-005128,2025-09-12,payment,credit_card,8258.29,successful
PAY-0005129,ORD-005129,2026-07-11,payment,debit_card,23724.54,successful
PAY-0005130,ORD-005130,2025-10-24,payment,net_banking,38589.3,successful
PAY-0005131,ORD-005131,2025-11-22,payment,wallet,3989.9,failed
PAY-0005132,ORD-005132,2026-06-02,payment,net_banking,17699.13,successful
PAY-0005133,ORD-005133,2026-04-19,payment,wallet,27462.21,successful
PAY-0005134,ORD-005134,2025-10-25,payment,upi,3265.82,successful
PAY-0005135,ORD-005135,2026-07-06,payment,debit_card,9855.8,successful
PAY-0005136,ORD-005136,2026-05-26,payment,net_banking,8426.72,successful
PAY-0005137,ORD-005137,2025-10-30,payment,credit_card,16062.15,successful
PAY-0005138,ORD-005138,2026-06-12,payment,wallet,17875.93,pending
PAY-0005139,ORD-005139,2026-04-27,payment,wallet,7920.87,successful
PAY-0005140,ORD-005140,2025-07-24,payment,debit_card,3957.17,successful
PAY-0005141,ORD-005141,2025-04-07,payment,upi,1527.25,successful
PAY-0005142,ORD-005142,2026-01-24,payment,debit_card,21907.03,successful
PAY-0005143,ORD-005143,2025-05-25,payment,wallet,41621.35,successful
PAY-0005144,ORD-005144,2026-07-01,payment,credit_card,54142.11,successful
PAY-0005145,ORD-005145,2026-07-22,payment,wallet,20911.87,successful
PAY-0005146,ORD-005146,2026-05-21,payment,credit_card,21971.27,successful
PAY-0005147,ORD-005147,2025-06-08,payment,debit_card,8226.41,successful
PAY-0005148,ORD-005148,2026-01-12,payment,net_banking,27682.0,failed
PAY-0005149,ORD-005149,2026-03-10,payment,net_banking,5215.67,successful
PAY-0005150,ORD-005150,2026-02-28,payment,debit_card,6363.27,successful
PAY-0005151,ORD-005151,2026-01-06,payment,net_banking,16157.01,successful
PAY-0005152,ORD-005152,2026-01-02,payment,net_banking,12352.89,failed
PAY-0005153,ORD-005153,2025-08-09,payment,upi,6345.56,failed
PAY-0005154,ORD-005154,2026-06-29,payment,debit_card,42613.95,successful
PAY-0005155,ORD-005155,2026-07-26,payment,debit_card,26457.45,failed
PAY-0005156,ORD-005156,2025-05-07,payment,debit_card,4909.09,successful
PAY-0005157,ORD-005157,2025-01-28,payment,upi,10968.12,successful
PAY-0005158,ORD-005158,2025-10-15,payment,net_banking,14471.76,successful
PAY-0005159,ORD-005159,2025-12-02,payment,credit_card,32480.2,successful
PAY-0005160,ORD-005160,2025-11-20,payment,net_banking,39582.27,successful
PAY-0005161,ORD-005161,2026-06-22,payment,upi,9995.67,successful
PAY-0005162,ORD-005162,2026-07-22,payment,wallet,45076.7,successful
PAY-0005163,ORD-005163,2025-02-14,payment,net_banking,18098.39,successful
PAY-0005164,ORD-005164,2025-04-11,payment,upi,41842.67,successful
PAY-0005165,ORD-005165,2025-05-04,payment,credit_card,34126.8,successful
PAY-0005166,ORD-005166,2025-11-19,payment,upi,22220.73,successful
PAY-0005167,ORD-005167,2026-02-18,payment,wallet,16163.78,successful
PAY-0005168,ORD-005168,2026-02-12,payment,upi,3715.45,successful
PAY-0005169,ORD-005169,2025-03-04,payment,wallet,14526.93,successful
PAY-0005170,ORD-005170,2026-05-09,payment,net_banking,1727.14,pending
PAY-0005171,ORD-005171,2026-05-09,payment,credit_card,63528.26,successful
PAY-0005172,ORD-005172,2025-01-18,payment,wallet,15131.78,successful
PAY-0005173,ORD-005173,2025-12-27,payment,upi,22078.25,successful
PAY-0005174,ORD-005174,2026-01-27,payment,debit_card,27514.85,successful
PAY-0005175,ORD-005175,2025-02-28,payment,net_banking,11005.21,successful
PAY-0005176,ORD-005176,2025-12-05,payment,debit_card,13925.78,successful
PAY-0005177,ORD-005177,2025-06-15,payment,debit_card,12227.53,successful
PAY-0005178,ORD-005178,2025-10-25,payment,wallet,14928.32,failed
PAY-0005179,ORD-005179,2025-06-25,payment,net_banking,9156.07,successful
PAY-0005180,ORD-005180,2026-01-21,payment,wallet,17815.09,successful
PAY-0005181,ORD-005181,2026-04-06,payment,upi,17699.06,successful
PAY-0005182,ORD-005182,2025-01-02,payment,credit_card,15374.82,pending
PAY-0005183,ORD-005183,2025-12-09,payment,net_banking,28350.3,successful
PAY-0005184,ORD-005184,2026-02-05,payment,wallet,7738.03,successful
PAY-0005185,ORD-005185,2026-06-13,payment,net_banking,14539.43,successful
PAY-0005186,ORD-005186,2026-03-12,payment,debit_card,15047.45,successful
PAY-0005187,ORD-005187,2026-03-27,payment,debit_card,15471.11,successful
PAY-0005188,ORD-005188,2025-06-26,payment,net_banking,1067.15,successful
PAY-0005189,ORD-005189,2026-04-26,payment,wallet,62549.69,successful
PAY-0005190,ORD-005190,2026-01-29,payment,wallet,7926.02,successful
PAY-0005191,ORD-005191,2026-01-29,payment,wallet,42334.91,successful
PAY-0005192,ORD-005192,2026-05-06,payment,debit_card,32443.45,successful
PAY-0005193,ORD-005193,2025-01-21,payment,upi,11201.45,successful
PAY-0005194,ORD-005194,2026-05-03,payment,credit_card,1350.89,successful
PAY-0005195,ORD-005195,2026-06-25,payment,debit_card,13662.25,successful
PAY-0005196,ORD-005196,2026-03-26,payment,upi,2191.31,successful
PAY-0005197,ORD-005197,2026-03-19,payment,upi,14525.36,successful
PAY-0005198,ORD-005198,2026-05-06,payment,upi,18190.2,successful
PAY-0005199,ORD-005199,2026-02-02,payment,credit_card,1263.96,successful
PAY-0005200,ORD-005200,2026-06-19,payment,wallet,20661.07,successful
PAY-0005201,ORD-005201,2026-04-01,payment,wallet,47389.38,failed
PAY-0005202,ORD-005202,2025-08-05,payment,upi,15598.28,failed
PAY-0005203,ORD-005203,2026-07-24,payment,net_banking,6960.91,successful
PAY-0005204,ORD-005204,2025-12-27,payment,credit_card,10685.27,successful
PAY-0005205,ORD-005205,2025-05-05,payment,debit_card,23891.64,successful
PAY-0005206,ORD-005206,2026-04-14,payment,upi,24488.69,successful
PAY-0005207,ORD-005207,2026-04-21,payment,upi,11152.22,failed
PAY-0005208,ORD-005208,2026-07-31,payment,credit_card,24405.89,successful
PAY-0005209,ORD-005209,2025-10-07,payment,debit_card,29014.63,successful
PAY-0005210,ORD-005210,2025-12-04,payment,debit_card,18177.84,successful
PAY-0005211,ORD-005211,2026-01-24,payment,upi,8815.43,failed
PAY-0005212,ORD-005212,2026-05-25,payment,debit_card,13418.32,successful
PAY-0005213,ORD-005213,2026-06-17,payment,debit_card,3227.54,failed
PAY-0005214,ORD-005214,2026-07-11,payment,upi,5536.09,successful
PAY-0005215,ORD-005215,2025-05-18,payment,net_banking,37033.82,failed
PAY-0005216,ORD-005216,2026-05-08,payment,net_banking,8393.95,successful
PAY-0005217,ORD-005217,2026-03-19,payment,credit_card,17958.44,successful
PAY-0005218,ORD-005218,2026-07-15,payment,upi,14988.03,failed
PAY-0005219,ORD-005219,2026-02-15,payment,wallet,20487.71,successful
PAY-0005220,ORD-005220,2026-01-01,payment,wallet,23345.57,successful
PAY-0005221,ORD-005221,2026-04-03,payment,wallet,13732.25,successful
PAY-0005222,ORD-005222,2026-01-03,payment,debit_card,7658.7,successful
PAY-0005223,ORD-005223,2025-03-27,payment,credit_card,10179.53,successful
PAY-0005224,ORD-005224,2026-01-11,payment,credit_card,11699.0,successful
PAY-0005225,ORD-005225,2026-02-22,payment,upi,21302.65,successful
PAY-0005226,ORD-005226,2025-03-29,payment,credit_card,39032.02,successful
PAY-0005227,ORD-005227,2026-03-27,payment,debit_card,29397.22,successful
PAY-0005228,ORD-005228,2026-02-07,payment,net_banking,6636.56,successful
PAY-0005229,ORD-005229,2025-09-28,payment,debit_card,19100.35,successful
PAY-0005230,ORD-005230,2026-07-22,payment,net_banking,21322.29,successful
PAY-0005231,ORD-005231,2025-12-19,payment,debit_card,9943.21,successful
PAY-0005232,ORD-005232,2025-07-30,payment,credit_card,6974.57,successful
PAY-0005233,ORD-005233,2026-04-04,payment,credit_card,1066.99,successful
PAY-0005234,ORD-005234,2026-06-06,payment,credit_card,1827.46,failed
PAY-0005235,ORD-005235,2026-07-17,payment,wallet,37721.19,successful
PAY-0005236,ORD-005236,2026-04-02,payment,credit_card,3842.54,successful
PAY-0005237,ORD-005237,2025-04-28,payment,credit_card,18427.32,successful
PAY-0005238,ORD-005238,2025-04-05,payment,net_banking,34596.63,successful
PAY-0005239,ORD-005239,2025-05-25,payment,wallet,11485.46,successful
PAY-0005240,ORD-005240,2026-06-22,payment,credit_card,15426.45,successful
PAY-0005241,ORD-005241,2025-11-01,payment,credit_card,754.31,successful
PAY-0005242,ORD-005242,2026-04-04,payment,wallet,2088.26,successful
PAY-0005243,ORD-005243,2026-07-16,payment,upi,15243.18,successful
PAY-0005244,ORD-005244,2026-07-28,payment,credit_card,6610.17,successful
PAY-0005245,ORD-005245,2025-11-07,payment,debit_card,11396.33,successful
PAY-0005246,ORD-005246,2025-10-05,payment,upi,9648.41,failed
PAY-0005247,ORD-005247,2025-06-24,payment,wallet,19662.78,successful
PAY-0005248,ORD-005248,2026-04-08,payment,upi,39629.65,successful
PAY-0005249,ORD-005249,2026-03-31,payment,net_banking,16159.42,successful
PAY-0005250,ORD-005250,2025-06-03,payment,debit_card,8621.08,successful
PAY-0005251,ORD-005251,2025-01-22,payment,debit_card,42125.14,successful
PAY-0005252,ORD-005252,2026-05-04,payment,wallet,29643.15,successful
PAY-0005253,ORD-005253,2025-11-13,payment,wallet,14907.33,failed
PAY-0005254,ORD-005254,2026-01-16,payment,wallet,4141.12,successful
PAY-0005255,ORD-005255,2026-01-14,payment,upi,7657.28,failed
PAY-0005256,ORD-005256,2026-04-23,payment,upi,781.35,successful
PAY-0005257,ORD-005257,2026-04-07,payment,wallet,2781.54,failed
PAY-0005258,ORD-005258,2026-05-17,payment,upi,37246.11,successful
PAY-0005259,ORD-005259,2026-06-01,payment,upi,5299.24,successful
PAY-0005260,ORD-005260,2025-10-14,payment,upi,37256.74,successful
PAY-0005261,ORD-005261,2025-12-11,payment,upi,3936.5,successful
PAY-0005262,ORD-005262,2026-01-14,payment,debit_card,15493.36,successful
PAY-0005263,ORD-005263,2026-01-03,payment,net_banking,2936.52,pending
PAY-0005264,ORD-005264,2026-02-06,payment,debit_card,1379.61,successful
PAY-0005265,ORD-005265,2026-03-16,payment,net_banking,10563.83,failed
PAY-0005266,ORD-005266,2025-07-17,payment,credit_card,13970.8,successful
PAY-0005267,ORD-005267,2025-03-19,payment,net_banking,14896.51,successful
PAY-0005268,ORD-005268,2026-02-04,payment,net_banking,26574.07,successful
PAY-0005269,ORD-005269,2026-05-24,payment,credit_card,44205.77,successful
PAY-0005270,ORD-005270,2026-02-18,payment,wallet,20304.94,successful
PAY-0005271,ORD-005271,2026-05-23,payment,net_banking,14720.37,successful
PAY-0005272,ORD-005272,2026-03-02,payment,credit_card,31908.96,successful
PAY-0005273,ORD-005273,2026-07-03,payment,wallet,10767.68,successful
PAY-0005274,ORD-005274,2025-12-15,payment,net_banking,14399.55,successful
PAY-0005275,ORD-005275,2026-07-14,payment,net_banking,60702.53,successful
PAY-0005276,ORD-005276,2025-04-28,payment,net_banking,13580.14,successful
PAY-0005277,ORD-005277,2025-08-09,payment,wallet,20740.87,successful
PAY-0005278,ORD-005278,2026-01-04,payment,debit_card,1552.19,successful
PAY-0005279,ORD-005279,2025-09-06,payment,credit_card,13920.2,failed
PAY-0005280,ORD-005280,2025-03-23,payment,net_banking,49019.01,successful
PAY-0005281,ORD-005281,2025-11-16,payment,wallet,6712.6,pending
PAY-0005282,ORD-005282,2025-03-19,payment,debit_card,23271.94,successful
PAY-0005283,ORD-005283,2025-01-21,payment,credit_card,36850.07,successful
PAY-0005284,ORD-005284,2025-10-03,payment,credit_card,12214.56,successful
PAY-0005285,ORD-005285,2025-08-25,payment,upi,12846.28,successful
PAY-0005286,ORD-005286,2025-08-29,payment,upi,11402.04,successful
PAY-0005287,ORD-005287,2025-07-19,payment,credit_card,43931.77,successful
PAY-0005288,ORD-005288,2026-03-04,payment,credit_card,9219.12,successful
PAY-0005289,ORD-005289,2025-04-01,payment,wallet,7992.91,successful
PAY-0005290,ORD-005290,2026-01-19,payment,debit_card,16003.25,successful
PAY-0005291,ORD-005291,2026-05-04,payment,debit_card,9142.71,successful
PAY-0005292,ORD-005292,2025-03-22,payment,debit_card,12742.34,successful
PAY-0005293,ORD-005293,2025-03-25,payment,net_banking,11281.47,successful
PAY-0005294,ORD-005294,2026-03-27,payment,credit_card,1701.97,successful
PAY-0005295,ORD-005295,2025-10-17,payment,wallet,8647.58,successful
PAY-0005296,ORD-005296,2025-05-29,payment,upi,10550.76,successful
PAY-0005297,ORD-005297,2026-06-05,payment,net_banking,13223.02,successful
PAY-0005298,ORD-005298,2025-07-07,payment,credit_card,2691.07,failed
PAY-0005299,ORD-005299,2025-12-15,payment,net_banking,8014.09,successful
PAY-0005300,ORD-005300,2026-01-17,payment,upi,6124.94,successful
PAY-0005301,ORD-005301,2025-09-11,payment,net_banking,16320.06,successful
PAY-0005302,ORD-005302,2026-03-12,payment,credit_card,3809.11,failed
PAY-0005303,ORD-005303,2026-06-04,payment,wallet,3581.17,successful
PAY-0005304,ORD-005304,2025-05-01,payment,net_banking,58192.35,successful
PAY-0005305,ORD-005305,2026-06-04,payment,wallet,9721.37,successful
PAY-0005306,ORD-005306,2026-06-05,payment,credit_card,37958.19,failed
PAY-0005307,ORD-005307,2026-07-08,payment,upi,12149.63,successful
PAY-0005308,ORD-005308,2026-07-05,payment,credit_card,2811.88,successful
PAY-0005309,ORD-005309,2026-04-26,payment,debit_card,1268.0,pending
PAY-0005310,ORD-005310,2026-07-23,payment,upi,3260.28,successful
PAY-0005311,ORD-005311,2025-05-02,payment,wallet,28339.03,successful
PAY-0005312,ORD-005312,2026-03-30,payment,credit_card,8898.64,successful
PAY-0005313,ORD-005313,2025-12-17,payment,debit_card,9960.77,successful
PAY-0005314,ORD-005314,2025-11-05,payment,upi,17134.44,successful
PAY-0005315,ORD-005315,2025-05-11,payment,debit_card,32059.92,failed
PAY-0005316,ORD-005316,2025-08-06,payment,credit_card,23689.49,successful
PAY-0005317,ORD-005317,2026-03-27,payment,wallet,4439.93,successful
PAY-0005318,ORD-005318,2026-05-21,payment,upi,14711.15,failed
PAY-0005319,ORD-005319,2026-01-28,payment,upi,12589.04,successful
PAY-0005320,ORD-005320,2025-11-02,payment,credit_card,24573.59,successful
PAY-0005321,ORD-005321,2026-03-23,payment,net_banking,4704.42,successful
PAY-0005322,ORD-005322,2025-05-19,payment,wallet,8333.25,failed
PAY-0005323,ORD-005323,2026-07-22,payment,upi,20374.98,successful
PAY-0005324,ORD-005324,2026-04-02,payment,net_banking,28302.78,successful
PAY-0005325,ORD-005325,2026-05-16,payment,wallet,30636.58,successful
PAY-0005326,ORD-005326,2026-02-19,payment,debit_card,7431.46,successful
PAY-0005327,ORD-005327,2026-06-06,payment,debit_card,6764.72,pending
PAY-0005328,ORD-005328,2026-06-27,payment,credit_card,28664.04,failed
PAY-0005329,ORD-005329,2026-07-19,payment,wallet,19777.09,successful
PAY-0005330,ORD-005330,2026-06-09,payment,net_banking,13112.57,successful
PAY-0005331,ORD-005331,2025-07-07,payment,upi,7990.36,successful
PAY-0005332,ORD-005332,2025-11-11,payment,upi,6779.27,successful
PAY-0005333,ORD-005333,2026-04-07,payment,credit_card,2060.87,successful
PAY-0005334,ORD-005334,2025-06-10,payment,credit_card,15535.48,successful
PAY-0005335,ORD-005335,2026-02-05,payment,wallet,6562.81,successful
PAY-0005336,ORD-005336,2025-11-26,payment,net_banking,19811.41,successful
PAY-0005337,ORD-005337,2026-07-31,payment,credit_card,4425.78,successful
PAY-0005338,ORD-005338,2025-06-23,payment,upi,7342.67,successful
PAY-0005339,ORD-005339,2026-04-18,payment,debit_card,9393.6,successful
PAY-0005340,ORD-005340,2026-06-07,payment,net_banking,26655.7,successful
PAY-0005341,ORD-005341,2025-12-01,payment,wallet,1975.47,successful
PAY-0005342,ORD-005342,2025-05-04,payment,net_banking,10196.91,successful
PAY-0005343,ORD-005343,2026-05-16,payment,debit_card,20415.72,successful
PAY-0005344,ORD-005344,2026-06-01,payment,credit_card,11110.41,successful
PAY-0005345,ORD-005345,2025-03-02,payment,debit_card,45719.82,failed
PAY-0005346,ORD-005346,2026-05-09,payment,credit_card,16244.54,successful
PAY-0005347,ORD-005347,2026-01-01,payment,debit_card,1959.08,failed
PAY-0005348,ORD-005348,2025-11-15,payment,credit_card,15221.01,successful
PAY-0005349,ORD-005349,2025-11-23,payment,credit_card,58442.87,successful
PAY-0005350,ORD-005350,2025-08-25,payment,debit_card,48645.91,successful
PAY-0005351,ORD-005351,2025-04-08,payment,debit_card,28032.56,successful
PAY-0005352,ORD-005352,2025-12-30,payment,net_banking,2423.43,successful
PAY-0005353,ORD-005353,2025-04-06,payment,debit_card,17528.88,successful
PAY-0005354,ORD-005354,2025-12-03,payment,wallet,20734.49,successful
PAY-0005355,ORD-005355,2026-07-01,payment,net_banking,46211.97,successful
PAY-0005356,ORD-005356,2025-10-08,payment,wallet,29546.79,successful
PAY-0005357,ORD-005357,2025-01-09,payment,upi,767.28,successful
PAY-0005358,ORD-005358,2025-11-15,payment,wallet,17193.9,successful
PAY-0005359,ORD-005359,2026-06-25,payment,credit_card,28212.9,successful
PAY-0005360,ORD-005360,2026-05-13,payment,upi,33226.55,successful
PAY-0005361,ORD-005361,2026-03-04,payment,net_banking,14790.91,successful
PAY-0005362,ORD-005362,2025-08-04,payment,debit_card,39088.72,successful
PAY-0005363,ORD-005363,2026-04-27,payment,upi,26551.63,successful
PAY-0005364,ORD-005364,2026-04-20,payment,credit_card,17005.32,successful
PAY-0005365,ORD-005365,2025-11-20,payment,wallet,8332.36,failed
PAY-0005366,ORD-005366,2026-05-04,payment,credit_card,27237.57,successful
PAY-0005367,ORD-005367,2025-03-09,payment,debit_card,6924.76,successful
PAY-0005368,ORD-005368,2025-01-09,payment,credit_card,6153.45,successful
PAY-0005369,ORD-005369,2026-04-13,payment,upi,4890.05,successful
PAY-0005370,ORD-005370,2026-06-16,payment,upi,9835.13,successful
PAY-0005371,ORD-005371,2026-06-27,payment,wallet,562.65,successful
PAY-0005372,ORD-005372,2026-05-14,payment,wallet,10801.84,successful
PAY-0005373,ORD-005373,2025-06-12,payment,debit_card,2689.4,successful
PAY-0005374,ORD-005374,2026-07-20,payment,debit_card,7666.25,successful
PAY-0005375,ORD-005375,2026-07-13,payment,net_banking,17818.17,successful
PAY-0005376,ORD-005376,2026-04-21,payment,wallet,10025.48,successful
PAY-0005377,ORD-005377,2026-04-28,payment,net_banking,14412.61,successful
PAY-0005378,ORD-005378,2026-05-21,payment,upi,20609.5,successful
PAY-0005379,ORD-005379,2025-11-09,payment,wallet,1076.21,failed
PAY-0005380,ORD-005380,2026-02-23,payment,upi,18547.24,successful
PAY-0005381,ORD-005381,2026-07-25,payment,credit_card,74539.34,successful
PAY-0005382,ORD-005382,2026-02-28,payment,credit_card,7163.63,successful
PAY-0005383,ORD-005383,2025-02-19,payment,debit_card,4071.02,successful
PAY-0005384,ORD-005384,2026-05-27,payment,debit_card,1905.82,successful
PAY-0005385,ORD-005385,2026-05-08,payment,credit_card,13040.35,successful
PAY-0005386,ORD-005386,2026-01-29,payment,upi,8741.69,pending
PAY-0005387,ORD-005387,2026-07-23,payment,debit_card,43655.55,successful
PAY-0005388,ORD-005388,2026-05-21,payment,net_banking,9712.31,successful
PAY-0005389,ORD-005389,2026-03-31,payment,debit_card,7120.07,successful
PAY-0005390,ORD-005390,2026-02-01,payment,net_banking,4630.23,successful
PAY-0005391,ORD-005391,2026-05-26,payment,credit_card,45214.91,failed
PAY-0005392,ORD-005392,2026-06-21,payment,wallet,4650.63,successful
PAY-0005393,ORD-005393,2026-03-13,payment,upi,10639.64,successful
PAY-0005394,ORD-005394,2026-07-18,payment,credit_card,8629.59,successful
PAY-0005395,ORD-005395,2026-07-18,payment,debit_card,8898.06,successful
PAY-0005396,ORD-005396,2026-03-24,payment,net_banking,8595.9,successful
PAY-0005397,ORD-005397,2025-01-10,payment,net_banking,30805.5,successful
PAY-0005398,ORD-005398,2025-07-19,payment,debit_card,6010.77,successful
PAY-0005399,ORD-005399,2026-05-30,payment,debit_card,33523.82,failed
PAY-0005400,ORD-005400,2026-07-25,payment,wallet,15484.0,successful
PAY-0005401,ORD-005401,2025-07-24,payment,debit_card,27032.76,successful
PAY-0005402,ORD-005402,2026-05-07,payment,upi,67121.11,successful
PAY-0005403,ORD-005403,2026-06-10,payment,credit_card,6607.22,successful
PAY-0005404,ORD-005404,2025-07-05,payment,credit_card,31377.79,successful
PAY-0005405,ORD-005405,2026-07-07,payment,wallet,3691.22,successful
PAY-0005406,ORD-005406,2026-04-09,payment,debit_card,9740.88,successful
PAY-0005407,ORD-005407,2025-06-24,payment,upi,17545.75,successful
PAY-0005408,ORD-005408,2026-04-13,payment,credit_card,6910.03,failed
PAY-0005409,ORD-005409,2026-07-04,payment,debit_card,23674.22,successful
PAY-0005410,ORD-005410,2026-05-15,payment,wallet,10933.89,successful
PAY-0005411,ORD-005411,2025-12-30,payment,debit_card,12203.55,successful
PAY-0005412,ORD-005412,2026-07-19,payment,upi,2742.36,successful
PAY-0005413,ORD-005413,2025-02-27,payment,debit_card,4511.21,failed
PAY-0005414,ORD-005414,2026-02-11,payment,net_banking,12669.42,failed
PAY-0005415,ORD-005415,2026-03-11,payment,credit_card,17004.53,failed
PAY-0005416,ORD-005416,2026-01-23,payment,net_banking,13125.62,successful
PAY-0005417,ORD-005417,2026-07-21,payment,debit_card,6445.73,successful
PAY-0005418,ORD-005418,2026-07-10,payment,net_banking,16265.18,successful
PAY-0005419,ORD-005419,2025-06-27,payment,net_banking,24982.61,successful
PAY-0005420,ORD-005420,2026-05-17,payment,wallet,23432.78,successful
PAY-0005421,ORD-005421,2025-10-19,payment,credit_card,21388.54,successful
PAY-0005422,ORD-005422,2025-12-08,payment,upi,12545.12,successful
PAY-0005423,ORD-005423,2026-07-18,payment,credit_card,3566.73,successful
PAY-0005424,ORD-005424,2025-04-08,payment,upi,11027.05,successful
PAY-0005425,ORD-005425,2025-08-27,payment,credit_card,10150.11,successful
PAY-0005426,ORD-005426,2026-04-22,payment,debit_card,4629.51,failed
PAY-0005427,ORD-005427,2026-07-24,payment,wallet,19229.08,failed
PAY-0005428,ORD-005428,2026-01-11,payment,net_banking,13629.13,successful
PAY-0005429,ORD-005429,2026-02-16,payment,net_banking,38379.69,successful
PAY-0005430,ORD-005430,2026-07-16,payment,credit_card,40271.36,successful
PAY-0005431,ORD-005431,2025-12-15,payment,debit_card,18742.21,failed
PAY-0005432,ORD-005432,2026-02-14,payment,net_banking,33896.72,successful
PAY-0005433,ORD-005433,2025-06-24,payment,upi,16638.92,failed
PAY-0005434,ORD-005434,2025-03-29,payment,net_banking,16418.84,successful
PAY-0005435,ORD-005435,2025-07-04,payment,credit_card,1287.33,successful
PAY-0005436,ORD-005436,2025-10-13,payment,wallet,30580.67,successful
PAY-0005437,ORD-005437,2026-07-25,payment,debit_card,10919.71,successful
PAY-0005438,ORD-005438,2025-01-24,payment,upi,9057.04,successful
PAY-0005439,ORD-005439,2026-04-10,payment,upi,2548.99,successful
PAY-0005440,ORD-005440,2025-12-20,payment,net_banking,20204.13,successful
PAY-0005441,ORD-005441,2026-01-24,payment,net_banking,89211.61,successful
PAY-0005442,ORD-005442,2025-02-08,payment,credit_card,32817.78,successful
PAY-0005443,ORD-005443,2026-07-21,payment,net_banking,19794.22,successful
PAY-0005444,ORD-005444,2025-09-10,payment,net_banking,4721.57,successful
PAY-0005445,ORD-005445,2025-03-27,payment,wallet,28156.65,failed
PAY-0005446,ORD-005446,2025-03-18,payment,debit_card,8948.11,successful
PAY-0005447,ORD-005447,2026-05-21,payment,upi,21850.25,successful
PAY-0005448,ORD-005448,2026-07-12,payment,net_banking,8777.77,successful
PAY-0005449,ORD-005449,2026-03-10,payment,wallet,9890.57,failed
PAY-0005450,ORD-005450,2025-07-12,payment,debit_card,1019.54,successful
PAY-0005451,ORD-005451,2026-07-11,payment,upi,22438.35,successful
PAY-0005452,ORD-005452,2026-03-14,payment,net_banking,7267.53,successful
PAY-0005453,ORD-005453,2026-03-14,payment,debit_card,19084.71,successful
PAY-0005454,ORD-005454,2026-03-18,payment,debit_card,21025.96,successful
PAY-0005455,ORD-005455,2026-07-27,payment,upi,7892.61,successful
PAY-0005456,ORD-005456,2025-10-28,payment,net_banking,33806.28,successful
PAY-0005457,ORD-005457,2026-01-17,payment,credit_card,26601.26,failed
PAY-0005458,ORD-005458,2026-04-08,payment,net_banking,27413.55,successful
PAY-0005459,ORD-005459,2026-06-26,payment,net_banking,19704.75,successful
PAY-0005460,ORD-005460,2026-05-07,payment,wallet,1058.4,successful
PAY-0005461,ORD-005461,2026-07-27,payment,upi,11755.67,pending
PAY-0005462,ORD-005462,2026-05-09,payment,net_banking,10393.24,successful
PAY-0005463,ORD-005463,2026-02-28,payment,upi,4102.23,successful
PAY-0005464,ORD-005464,2025-09-21,payment,debit_card,2689.59,successful
PAY-0005465,ORD-005465,2025-11-08,payment,upi,3205.94,failed
PAY-0005466,ORD-005466,2025-01-01,payment,net_banking,888.5,successful
PAY-0005467,ORD-005467,2025-04-24,payment,net_banking,4494.93,failed
PAY-0005468,ORD-005468,2026-03-01,payment,upi,21497.05,failed
PAY-0005469,ORD-005469,2026-02-05,payment,credit_card,34141.44,successful
PAY-0005470,ORD-005470,2026-07-10,payment,upi,18183.41,successful
PAY-0005471,ORD-005471,2026-07-28,payment,upi,22064.76,successful
PAY-0005472,ORD-005472,2026-06-16,payment,net_banking,8520.46,successful
PAY-0005473,ORD-005473,2026-06-16,payment,debit_card,43412.44,successful
PAY-0005474,ORD-005474,2026-03-25,payment,wallet,22586.78,successful
PAY-0005475,ORD-005475,2025-07-19,payment,debit_card,6072.66,successful
PAY-0005476,ORD-005476,2026-06-17,payment,debit_card,25814.14,successful
PAY-0005477,ORD-005477,2026-07-10,payment,net_banking,1747.19,successful
PAY-0005478,ORD-005478,2026-05-21,payment,wallet,33314.73,successful
PAY-0005479,ORD-005479,2026-03-13,payment,wallet,28692.97,successful
PAY-0005480,ORD-005480,2025-10-08,payment,net_banking,15739.88,successful
PAY-0005481,ORD-005481,2026-01-23,payment,wallet,20935.01,successful
PAY-0005482,ORD-005482,2026-01-02,payment,wallet,4274.1,successful
PAY-0005483,ORD-005483,2025-11-17,payment,credit_card,9458.47,successful
PAY-0005484,ORD-005484,2026-07-14,payment,wallet,16513.68,successful
PAY-0005485,ORD-005485,2025-11-06,payment,wallet,8622.52,failed
PAY-0005486,ORD-005486,2026-06-06,payment,credit_card,16921.45,successful
PAY-0005487,ORD-005487,2026-06-02,payment,debit_card,24914.83,successful
PAY-0005488,ORD-005488,2026-06-01,payment,upi,14435.34,successful
PAY-0005489,ORD-005489,2026-02-09,payment,wallet,8933.04,successful
PAY-0005490,ORD-005490,2026-03-20,payment,debit_card,14354.97,successful
PAY-0005491,ORD-005491,2025-02-14,payment,upi,12132.29,successful
PAY-0005492,ORD-005492,2026-01-06,payment,upi,15930.9,successful
PAY-0005493,ORD-005493,2026-01-20,payment,debit_card,18839.82,successful
PAY-0005494,ORD-005494,2026-05-29,payment,wallet,15620.63,failed
PAY-0005495,ORD-005495,2026-03-03,payment,upi,14741.52,successful
PAY-0005496,ORD-005496,2025-02-17,payment,net_banking,8713.57,pending
PAY-0005497,ORD-005497,2026-07-26,payment,upi,6346.32,successful
PAY-0005498,ORD-005498,2025-06-11,payment,wallet,17179.84,successful
PAY-0005499,ORD-005499,2026-05-28,payment,upi,52044.05,successful
PAY-0005500,ORD-005500,2025-09-25,payment,debit_card,1685.19,successful
PAY-0005501,ORD-005501,2026-07-17,payment,net_banking,49659.32,successful
PAY-0005502,ORD-005502,2025-10-29,payment,debit_card,49521.96,successful
PAY-0005503,ORD-005503,2025-12-14,payment,upi,9422.28,successful
PAY-0005504,ORD-005504,2025-08-22,payment,upi,28313.21,successful
PAY-0005505,ORD-005505,2026-03-30,payment,net_banking,28383.32,successful
PAY-0005506,ORD-005506,2025-06-04,payment,credit_card,22012.05,successful
PAY-0005507,ORD-005507,2025-12-20,payment,upi,19581.84,successful
PAY-0005508,ORD-005508,2025-09-21,payment,upi,4379.57,successful
PAY-0005509,ORD-005509,2026-05-29,payment,net_banking,21074.08,failed
PAY-0005510,ORD-005510,2026-01-07,payment,upi,31555.91,successful
PAY-0005511,ORD-005511,2026-01-14,payment,upi,27259.1,successful
PAY-0005512,ORD-005512,2026-03-22,payment,upi,14979.96,successful
PAY-0005513,ORD-005513,2026-02-17,payment,upi,7618.63,pending
PAY-0005514,ORD-005514,2025-12-15,payment,credit_card,18788.16,successful
PAY-0005515,ORD-005515,2025-06-09,payment,debit_card,6143.1,failed
PAY-0005516,ORD-005516,2026-07-06,payment,credit_card,24208.37,successful
PAY-0005517,ORD-005517,2025-05-20,payment,net_banking,7281.5,successful
PAY-0005518,ORD-005518,2025-11-27,payment,net_banking,9567.04,successful
PAY-0005519,ORD-005519,2026-02-13,payment,upi,36701.37,successful
PAY-0005520,ORD-005520,2026-06-30,payment,debit_card,24645.08,successful
PAY-0005521,ORD-005521,2025-07-22,payment,debit_card,30026.89,successful
PAY-0005522,ORD-005522,2025-12-12,payment,net_banking,9306.57,successful
PAY-0005523,ORD-005523,2025-11-20,payment,upi,34328.05,pending
PAY-0005524,ORD-005524,2025-06-11,payment,net_banking,16906.01,successful
PAY-0005525,ORD-005525,2026-07-28,payment,wallet,8252.37,successful
PAY-0005526,ORD-005526,2026-01-11,payment,credit_card,11942.41,successful
PAY-0005527,ORD-005527,2025-10-04,payment,wallet,5591.34,successful
PAY-0005528,ORD-005528,2026-05-16,payment,credit_card,2749.65,successful
PAY-0005529,ORD-005529,2025-10-22,payment,credit_card,6265.65,successful
PAY-0005530,ORD-005530,2025-11-16,payment,debit_card,15493.78,successful
PAY-0005531,ORD-005531,2026-04-22,payment,credit_card,21104.0,successful
PAY-0005532,ORD-005532,2026-07-22,payment,upi,5795.11,successful
PAY-0005533,ORD-005533,2025-06-17,payment,debit_card,27052.53,successful
PAY-0005534,ORD-005534,2026-01-01,payment,debit_card,33132.84,successful
PAY-0005535,ORD-005535,2025-04-19,payment,upi,15877.95,successful
PAY-0005536,ORD-005536,2026-03-01,payment,credit_card,8802.49,failed
PAY-0005537,ORD-005537,2026-05-09,payment,debit_card,7436.12,successful
PAY-0005538,ORD-005538,2026-07-31,payment,wallet,6242.14,successful
PAY-0005539,ORD-005539,2025-10-01,payment,net_banking,17800.06,successful
PAY-0005540,ORD-005540,2025-10-31,payment,wallet,20746.18,successful
PAY-0005541,ORD-005541,2026-06-03,payment,net_banking,11936.71,pending
PAY-0005542,ORD-005542,2026-03-03,payment,net_banking,13017.88,successful
PAY-0005543,ORD-005543,2026-07-12,payment,credit_card,5369.77,failed
PAY-0005544,ORD-005544,2025-10-19,payment,credit_card,23616.23,successful
PAY-0005545,ORD-005545,2025-01-02,payment,credit_card,26325.56,successful
PAY-0005546,ORD-005546,2026-07-28,payment,wallet,4867.57,successful
PAY-0005547,ORD-005547,2026-01-25,payment,wallet,22702.69,successful
PAY-0005548,ORD-005548,2026-06-01,payment,upi,10735.72,successful
PAY-0005549,ORD-005549,2025-03-10,payment,wallet,12101.36,successful
PAY-0005550,ORD-005550,2025-11-17,payment,debit_card,4985.69,successful
PAY-0005551,ORD-005551,2025-09-22,payment,wallet,22843.16,successful
PAY-0005552,ORD-005552,2026-02-15,payment,net_banking,22758.9,successful
PAY-0005553,ORD-005553,2026-05-04,payment,wallet,28960.33,successful
PAY-0005554,ORD-005554,2025-05-28,payment,debit_card,14774.36,successful
PAY-0005555,ORD-005555,2025-10-01,payment,net_banking,23359.96,successful
PAY-0005556,ORD-005556,2026-03-05,payment,upi,21876.66,successful
PAY-0005557,ORD-005557,2026-07-26,payment,upi,12860.54,successful
PAY-0005558,ORD-005558,2025-03-07,payment,wallet,7607.51,successful
PAY-0005559,ORD-005559,2025-12-02,payment,debit_card,32010.39,successful
PAY-0005560,ORD-005560,2026-04-25,payment,credit_card,17318.26,successful
PAY-0005561,ORD-005561,2025-08-16,payment,net_banking,4916.99,pending
PAY-0005562,ORD-005562,2026-05-21,payment,upi,15639.84,successful
PAY-0005563,ORD-005563,2025-01-12,payment,net_banking,4712.31,successful
PAY-0005564,ORD-005564,2026-02-17,payment,net_banking,11046.12,successful
PAY-0005565,ORD-005565,2026-05-06,payment,credit_card,55241.13,successful
PAY-0005566,ORD-005566,2025-07-13,payment,upi,26433.35,successful
PAY-0005567,ORD-005567,2025-10-13,payment,debit_card,46334.54,successful
PAY-0005568,ORD-005568,2025-12-15,payment,debit_card,41002.81,successful
PAY-0005569,ORD-005569,2026-04-11,payment,credit_card,18486.06,successful
PAY-0005570,ORD-005570,2026-02-02,payment,upi,8055.06,pending
PAY-0005571,ORD-005571,2025-12-13,payment,debit_card,4044.71,successful
PAY-0005572,ORD-005572,2026-03-24,payment,debit_card,4301.35,successful
PAY-0005573,ORD-005573,2026-03-21,payment,wallet,40266.63,successful
PAY-0005574,ORD-005574,2026-04-11,payment,net_banking,4790.26,successful
PAY-0005575,ORD-005575,2026-07-31,payment,debit_card,11958.45,successful
PAY-0005576,ORD-005576,2026-03-09,payment,net_banking,41639.17,failed
PAY-0005577,ORD-005577,2025-07-30,payment,credit_card,11306.9,successful
PAY-0005578,ORD-005578,2026-04-21,payment,net_banking,7733.92,successful
PAY-0005579,ORD-005579,2025-10-05,payment,credit_card,1346.43,failed
PAY-0005580,ORD-005580,2026-03-02,payment,wallet,25819.9,successful
PAY-0005581,ORD-005581,2026-04-13,payment,credit_card,989.73,failed
PAY-0005582,ORD-005582,2025-01-18,payment,debit_card,2901.04,successful
PAY-0005583,ORD-005583,2026-03-27,payment,debit_card,19847.32,successful
PAY-0005584,ORD-005584,2025-08-08,payment,credit_card,2486.33,successful
PAY-0005585,ORD-005585,2026-05-29,payment,wallet,24873.16,failed
PAY-0005586,ORD-005586,2026-04-22,payment,upi,1753.51,successful
PAY-0005587,ORD-005587,2026-07-14,payment,credit_card,7635.05,successful
PAY-0005588,ORD-005588,2025-03-16,payment,net_banking,27031.27,failed
PAY-0005589,ORD-005589,2025-08-26,payment,wallet,4446.18,successful
PAY-0005590,ORD-005590,2026-07-11,payment,upi,10720.38,successful
PAY-0005591,ORD-005591,2026-06-13,payment,credit_card,40342.12,successful
PAY-0005592,ORD-005592,2026-04-16,payment,debit_card,5609.61,successful
PAY-0005593,ORD-005593,2026-02-06,payment,net_banking,26359.87,successful
PAY-0005594,ORD-005594,2025-10-16,payment,debit_card,13883.82,successful
PAY-0005595,ORD-005595,2025-11-22,payment,net_banking,17064.12,successful
PAY-0005596,ORD-005596,2025-12-02,payment,credit_card,10785.51,successful
PAY-0005597,ORD-005597,2026-02-18,payment,upi,28003.93,successful
PAY-0005598,ORD-005598,2026-03-08,payment,debit_card,37542.17,successful
PAY-0005599,ORD-005599,2025-01-03,payment,upi,13204.7,successful
PAY-0005600,ORD-005600,2025-05-07,payment,upi,19537.34,successful
PAY-0005601,ORD-005601,2026-07-07,payment,debit_card,55160.45,successful
PAY-0005602,ORD-005602,2025-12-28,payment,credit_card,23314.17,failed
PAY-0005603,ORD-005603,2026-02-19,payment,upi,44048.27,successful
PAY-0005604,ORD-005604,2026-04-13,payment,wallet,22303.24,successful
PAY-0005605,ORD-005605,2025-11-23,payment,debit_card,15171.11,successful
PAY-0005606,ORD-005606,2025-05-28,payment,net_banking,20444.13,successful
PAY-0005607,ORD-005607,2026-05-09,payment,wallet,9366.46,successful
PAY-0005608,ORD-005608,2025-11-11,payment,upi,13556.05,successful
PAY-0005609,ORD-005609,2026-07-26,payment,net_banking,15222.73,successful
PAY-0005610,ORD-005610,2026-07-06,payment,net_banking,8776.75,successful
PAY-0005611,ORD-005611,2026-05-14,payment,debit_card,5017.48,successful
PAY-0005612,ORD-005612,2026-06-09,payment,net_banking,4390.01,successful
PAY-0005613,ORD-005613,2026-04-20,payment,upi,12824.5,successful
PAY-0005614,ORD-005614,2026-03-14,payment,debit_card,3552.01,successful
PAY-0005615,ORD-005615,2026-06-23,payment,net_banking,26405.92,failed
PAY-0005616,ORD-005616,2026-05-07,payment,upi,5262.68,successful
PAY-0005617,ORD-005617,2026-07-27,payment,debit_card,1196.13,successful
PAY-0005618,ORD-005618,2026-05-26,payment,debit_card,1750.77,successful
PAY-0005619,ORD-005619,2025-02-01,payment,debit_card,16234.29,successful
PAY-0005620,ORD-005620,2025-10-06,payment,upi,4407.89,successful
PAY-0005621,ORD-005621,2025-04-25,payment,wallet,8538.87,successful
PAY-0005622,ORD-005622,2026-07-07,payment,net_banking,7772.78,successful
PAY-0005623,ORD-005623,2026-06-22,payment,debit_card,15050.94,successful
PAY-0005624,ORD-005624,2025-01-25,payment,upi,22255.06,successful
PAY-0005625,ORD-005625,2025-12-27,payment,wallet,2090.12,successful
PAY-0005626,ORD-005626,2026-02-27,payment,debit_card,39007.0,successful
PAY-0005627,ORD-005627,2025-07-07,payment,wallet,25434.25,successful
PAY-0005628,ORD-005628,2026-05-25,payment,debit_card,5871.67,successful
PAY-0005629,ORD-005629,2026-07-16,payment,debit_card,23010.59,successful
PAY-0005630,ORD-005630,2026-07-22,payment,debit_card,49863.3,successful
PAY-0005631,ORD-005631,2025-02-23,payment,wallet,27021.35,successful
PAY-0005632,ORD-005632,2026-03-18,payment,wallet,11997.25,successful
PAY-0005633,ORD-005633,2026-03-25,payment,debit_card,14973.73,failed
PAY-0005634,ORD-005634,2025-09-13,payment,wallet,15761.72,successful
PAY-0005635,ORD-005635,2026-03-14,payment,upi,32624.13,successful
PAY-0005636,ORD-005636,2025-12-12,payment,wallet,6423.03,successful
PAY-0005637,ORD-005637,2026-05-25,payment,net_banking,8049.46,successful
PAY-0005638,ORD-005638,2026-07-02,payment,debit_card,17238.22,successful
PAY-0005639,ORD-005639,2025-01-15,payment,net_banking,21133.26,successful
PAY-0005640,ORD-005640,2026-04-11,payment,net_banking,4975.97,successful
PAY-0005641,ORD-005641,2026-04-29,payment,upi,22762.45,failed
PAY-0005642,ORD-005642,2025-03-22,payment,net_banking,3186.63,failed
PAY-0005643,ORD-005643,2026-03-22,payment,credit_card,2064.89,successful
PAY-0005644,ORD-005644,2025-12-13,payment,upi,21096.54,successful
PAY-0005645,ORD-005645,2026-04-13,payment,wallet,2251.0,pending
PAY-0005646,ORD-005646,2026-06-15,payment,credit_card,15539.29,successful
PAY-0005647,ORD-005647,2026-05-13,payment,wallet,27077.84,pending
PAY-0005648,ORD-005648,2026-04-13,payment,credit_card,21020.77,successful
PAY-0005649,ORD-005649,2026-07-29,payment,net_banking,22009.42,successful
PAY-0005650,ORD-005650,2026-02-17,payment,net_banking,12368.42,successful
PAY-0005651,ORD-005651,2026-07-28,payment,credit_card,7203.26,successful
PAY-0005652,ORD-005652,2025-10-08,payment,credit_card,441.58,failed
PAY-0005653,ORD-005653,2025-12-22,payment,upi,10892.82,successful
PAY-0005654,ORD-005654,2026-03-09,payment,upi,4464.47,successful
PAY-0005655,ORD-005655,2025-11-25,payment,upi,12247.89,successful
PAY-0005656,ORD-005656,2026-07-27,payment,wallet,32753.46,failed
PAY-0005657,ORD-005657,2026-05-24,payment,wallet,25442.02,successful
PAY-0005658,ORD-005658,2025-12-11,payment,credit_card,1380.33,successful
PAY-0005659,ORD-005659,2026-02-19,payment,debit_card,21094.08,successful
PAY-0005660,ORD-005660,2026-05-03,payment,debit_card,7375.33,successful
PAY-0005661,ORD-005661,2026-03-12,payment,net_banking,2269.41,failed
PAY-0005662,ORD-005662,2025-12-08,payment,credit_card,8151.86,successful
PAY-0005663,ORD-005663,2026-04-07,payment,upi,852.96,successful
PAY-0005664,ORD-005664,2025-11-01,payment,credit_card,16871.22,failed
PAY-0005665,ORD-005665,2025-11-12,payment,debit_card,870.11,successful
PAY-0005666,ORD-005666,2026-05-13,payment,debit_card,37843.06,successful
PAY-0005667,ORD-005667,2026-06-24,payment,debit_card,50637.09,successful
PAY-0005668,ORD-005668,2026-07-28,payment,net_banking,4528.83,successful
PAY-0005669,ORD-005669,2026-07-21,payment,upi,17393.78,failed
PAY-0005670,ORD-005670,2025-01-25,payment,net_banking,31350.56,successful
PAY-0005671,ORD-005671,2025-01-16,payment,debit_card,7332.54,successful
PAY-0005672,ORD-005672,2026-05-31,payment,debit_card,13981.55,successful
PAY-0005673,ORD-005673,2026-03-20,payment,debit_card,12237.04,successful
PAY-0005674,ORD-005674,2025-07-22,payment,net_banking,3732.55,successful
PAY-0005675,ORD-005675,2025-03-17,payment,net_banking,12611.95,successful
PAY-0005676,ORD-005676,2025-04-07,payment,net_banking,36449.49,successful
PAY-0005677,ORD-005677,2026-06-29,payment,debit_card,13575.65,successful
PAY-0005678,ORD-005678,2026-03-18,payment,credit_card,476.18,successful
PAY-0005679,ORD-005679,2026-07-16,payment,credit_card,9599.19,successful
PAY-0005680,ORD-005680,2025-03-07,payment,debit_card,22509.97,successful
PAY-0005681,ORD-005681,2026-03-14,payment,credit_card,15864.36,successful
PAY-0005682,ORD-005682,2026-06-17,payment,net_banking,9925.92,successful
PAY-0005683,ORD-005683,2025-12-04,payment,net_banking,12106.86,successful
PAY-0005684,ORD-005684,2026-05-17,payment,upi,24313.18,successful
PAY-0005685,ORD-005685,2026-05-02,payment,wallet,4632.5,successful
PAY-0005686,ORD-005686,2025-01-05,payment,credit_card,4247.13,successful
PAY-0005687,ORD-005687,2025-11-26,payment,net_banking,14689.91,successful
PAY-0005688,ORD-005688,2025-05-31,payment,debit_card,22227.73,successful
PAY-0005689,ORD-005689,2025-10-16,payment,net_banking,17020.23,successful
PAY-0005690,ORD-005690,2026-04-12,payment,credit_card,21606.9,successful
PAY-0005691,ORD-005691,2026-07-12,payment,wallet,22660.11,successful
PAY-0005692,ORD-005692,2026-06-16,payment,upi,11570.45,successful
PAY-0005693,ORD-005693,2025-07-09,payment,upi,12458.85,successful
PAY-0005694,ORD-005694,2026-05-01,payment,net_banking,23681.51,successful
PAY-0005695,ORD-005695,2025-06-30,payment,upi,5817.18,successful
PAY-0005696,ORD-005696,2025-03-09,payment,credit_card,13829.2,successful
PAY-0005697,ORD-005697,2025-04-21,payment,debit_card,27431.79,successful
PAY-0005698,ORD-005698,2025-01-15,payment,upi,21840.8,successful
PAY-0005699,ORD-005699,2026-07-27,payment,wallet,4366.55,successful
PAY-0005700,ORD-005700,2025-10-11,payment,net_banking,511.8,successful
PAY-0005701,ORD-005701,2026-06-28,payment,credit_card,28384.62,successful
PAY-0005702,ORD-005702,2026-01-31,payment,credit_card,28769.79,successful
PAY-0005703,ORD-005703,2026-04-02,payment,net_banking,21126.97,successful
PAY-0005704,ORD-005704,2026-07-29,payment,net_banking,9024.27,successful
PAY-0005705,ORD-005705,2025-05-31,payment,net_banking,8060.64,successful
PAY-0005706,ORD-005706,2025-11-19,payment,credit_card,24636.48,successful
PAY-0005707,ORD-005707,2026-04-10,payment,wallet,11304.19,successful
PAY-0005708,ORD-005708,2026-04-08,payment,wallet,20436.56,successful
PAY-0005709,ORD-005709,2026-03-16,payment,upi,5751.2,successful
PAY-0005710,ORD-005710,2026-03-23,payment,net_banking,7657.74,successful
PAY-0005711,ORD-005711,2026-07-17,payment,debit_card,19011.22,successful
PAY-0005712,ORD-005712,2026-06-26,payment,wallet,12466.15,successful
PAY-0005713,ORD-005713,2026-07-04,payment,upi,9531.04,pending
PAY-0005714,ORD-005714,2026-06-10,payment,debit_card,18801.86,successful
PAY-0005715,ORD-005715,2026-06-02,payment,upi,20599.67,successful
PAY-0005716,ORD-005716,2025-05-19,payment,wallet,4653.87,successful
PAY-0005717,ORD-005717,2026-06-06,payment,credit_card,6880.58,successful
PAY-0005718,ORD-005718,2025-10-04,payment,credit_card,5680.69,successful
PAY-0005719,ORD-005719,2026-05-11,payment,wallet,28175.24,successful
PAY-0005720,ORD-005720,2026-03-14,payment,debit_card,23549.63,successful
PAY-0005721,ORD-005721,2026-07-31,payment,credit_card,6837.2,successful
PAY-0005722,ORD-005722,2025-01-04,payment,wallet,728.06,successful
PAY-0005723,ORD-005723,2026-04-15,payment,credit_card,20157.09,successful
PAY-0005724,ORD-005724,2025-09-09,payment,net_banking,7627.9,successful
PAY-0005725,ORD-005725,2026-05-24,payment,debit_card,619.33,successful
PAY-0005726,ORD-005726,2025-12-09,payment,credit_card,22617.78,pending
PAY-0005727,ORD-005727,2025-08-24,payment,net_banking,5391.05,successful
PAY-0005728,ORD-005728,2026-07-03,payment,upi,6870.93,successful
PAY-0005729,ORD-005729,2026-07-27,payment,net_banking,3466.29,successful
PAY-0005730,ORD-005730,2026-07-25,payment,credit_card,7298.54,successful
PAY-0005731,ORD-005731,2026-01-13,payment,wallet,18962.19,successful
PAY-0005732,ORD-005732,2025-04-05,payment,net_banking,25963.06,successful
PAY-0005733,ORD-005733,2025-02-25,payment,wallet,5976.37,failed
PAY-0005734,ORD-005734,2025-08-26,payment,upi,18067.06,successful
PAY-0005735,ORD-005735,2026-05-25,payment,debit_card,29596.25,successful
PAY-0005736,ORD-005736,2026-06-20,payment,net_banking,13325.33,pending
PAY-0005737,ORD-005737,2025-10-16,payment,credit_card,14244.1,successful
PAY-0005738,ORD-005738,2026-03-05,payment,debit_card,8991.92,successful
PAY-0005739,ORD-005739,2025-11-28,payment,debit_card,22029.64,successful
PAY-0005740,ORD-005740,2025-03-04,payment,net_banking,4081.37,successful
PAY-0005741,ORD-005741,2026-06-14,payment,net_banking,23132.45,successful
PAY-0005742,ORD-005742,2025-07-25,payment,upi,9055.04,successful
PAY-0005743,ORD-005743,2026-06-29,payment,debit_card,37556.47,successful
PAY-0005744,ORD-005744,2026-03-25,payment,upi,12438.79,successful
PAY-0005745,ORD-005745,2026-07-22,payment,net_banking,3067.96,successful
PAY-0005746,ORD-005746,2026-06-20,payment,debit_card,6496.4,successful
PAY-0005747,ORD-005747,2025-02-27,payment,wallet,11967.83,successful
PAY-0005748,ORD-005748,2026-02-01,payment,wallet,41829.01,successful
PAY-0005749,ORD-005749,2026-01-19,payment,credit_card,3594.35,successful
PAY-0005750,ORD-005750,2026-05-27,payment,debit_card,20966.91,successful
PAY-0005751,ORD-005751,2026-07-15,payment,wallet,51552.64,successful
PAY-0005752,ORD-005752,2026-07-16,payment,wallet,15885.47,failed
PAY-0005753,ORD-005753,2026-01-13,payment,upi,19156.44,successful
PAY-0005754,ORD-005754,2025-12-21,payment,net_banking,20136.02,successful
PAY-0005755,ORD-005755,2026-06-03,payment,credit_card,43857.87,successful
PAY-0005756,ORD-005756,2026-06-29,payment,net_banking,14128.55,successful
PAY-0005757,ORD-005757,2026-07-26,payment,net_banking,9624.41,successful
PAY-0005758,ORD-005758,2026-07-18,payment,net_banking,2272.5,successful
PAY-0005759,ORD-005759,2026-06-15,payment,net_banking,11265.29,successful
PAY-0005760,ORD-005760,2026-07-11,payment,wallet,8296.06,successful
PAY-0005761,ORD-005761,2026-07-20,payment,net_banking,18111.37,successful
PAY-0005762,ORD-005762,2025-07-01,payment,debit_card,8253.26,successful
PAY-0005763,ORD-005763,2026-01-25,payment,wallet,11728.37,successful
PAY-0005764,ORD-005764,2026-07-20,payment,upi,30579.48,failed
PAY-0005765,ORD-005765,2025-09-04,payment,wallet,19956.4,successful
PAY-0005766,ORD-005766,2026-05-23,payment,credit_card,16871.92,successful
PAY-0005767,ORD-005767,2026-05-31,payment,wallet,10167.42,successful
PAY-0005768,ORD-005768,2026-03-01,payment,upi,17130.83,failed
PAY-0005769,ORD-005769,2026-04-21,payment,wallet,11633.41,pending
PAY-0005770,ORD-005770,2025-12-22,payment,net_banking,48437.21,successful
PAY-0005771,ORD-005771,2026-01-28,payment,upi,6178.95,successful
PAY-0005772,ORD-005772,2025-07-04,payment,upi,14893.65,successful
PAY-0005773,ORD-005773,2026-07-06,payment,wallet,1393.31,successful
PAY-0005774,ORD-005774,2025-10-15,payment,credit_card,6878.8,successful
PAY-0005775,ORD-005775,2026-06-30,payment,debit_card,3403.53,successful
PAY-0005776,ORD-005776,2025-10-11,payment,debit_card,27034.45,successful
PAY-0005777,ORD-005777,2025-02-21,payment,credit_card,8473.96,successful
PAY-0005778,ORD-005778,2026-03-02,payment,wallet,7487.55,successful
PAY-0005779,ORD-005779,2026-07-21,payment,wallet,18549.12,successful
PAY-0005780,ORD-005780,2026-07-23,payment,wallet,18265.87,successful
PAY-0005781,ORD-005781,2026-04-22,payment,wallet,7222.37,successful
PAY-0005782,ORD-005782,2026-07-31,payment,upi,43070.88,successful
PAY-0005783,ORD-005783,2026-01-14,payment,upi,664.03,successful
PAY-0005784,ORD-005784,2026-04-27,payment,credit_card,9305.33,pending
PAY-0005785,ORD-005785,2025-12-30,payment,net_banking,9841.18,successful
PAY-0005786,ORD-005786,2026-07-31,payment,wallet,26767.07,successful
PAY-0005787,ORD-005787,2025-12-27,payment,wallet,32793.85,successful
PAY-0005788,ORD-005788,2026-03-27,payment,upi,2381.19,successful
PAY-0005789,ORD-005789,2026-07-28,payment,debit_card,5635.68,successful
PAY-0005790,ORD-005790,2026-05-17,payment,debit_card,30490.53,successful
PAY-0005791,ORD-005791,2026-07-23,payment,credit_card,16045.26,successful
PAY-0005792,ORD-005792,2025-03-24,payment,debit_card,4457.7,successful
PAY-0005793,ORD-005793,2026-04-24,payment,upi,19394.73,successful
PAY-0005794,ORD-005794,2026-02-17,payment,wallet,9624.04,successful
PAY-0005795,ORD-005795,2025-04-14,payment,upi,32075.46,successful
PAY-0005796,ORD-005796,2026-04-01,payment,upi,18661.3,successful
PAY-0005797,ORD-005797,2026-01-22,payment,credit_card,41619.13,successful
PAY-0005798,ORD-005798,2025-08-28,payment,net_banking,4771.99,pending
PAY-0005799,ORD-005799,2025-07-15,payment,debit_card,19593.07,successful
PAY-0005800,ORD-005800,2025-06-15,payment,debit_card,20552.51,successful
PAY-0005801,ORD-005801,2025-10-11,payment,net_banking,19060.5,successful
PAY-0005802,ORD-005802,2025-05-02,payment,wallet,12654.36,successful
PAY-0005803,ORD-005803,2025-03-21,payment,credit_card,233.97,successful
PAY-0005804,ORD-005804,2025-12-19,payment,wallet,6754.57,successful
PAY-0005805,ORD-005805,2025-11-04,payment,net_banking,22949.76,successful
PAY-0005806,ORD-005806,2026-04-29,payment,wallet,50574.52,successful
PAY-0005807,ORD-005807,2026-06-08,payment,credit_card,2446.22,successful
PAY-0005808,ORD-005808,2025-06-03,payment,net_banking,26111.19,successful
PAY-0005809,ORD-005809,2026-07-22,payment,wallet,33174.41,successful
PAY-0005810,ORD-005810,2026-06-24,payment,net_banking,23660.18,successful
PAY-0005811,ORD-005811,2026-06-25,payment,upi,47172.26,successful
PAY-0005812,ORD-005812,2026-04-18,payment,upi,8677.4,successful
PAY-0005813,ORD-005813,2025-01-01,payment,credit_card,20111.64,successful
PAY-0005814,ORD-005814,2026-05-26,payment,net_banking,12406.72,successful
PAY-0005815,ORD-005815,2026-06-13,payment,upi,10489.55,successful
PAY-0005816,ORD-005816,2026-07-25,payment,net_banking,8773.44,successful
PAY-0005817,ORD-005817,2025-04-07,payment,upi,14159.68,successful
PAY-0005818,ORD-005818,2025-04-29,payment,credit_card,13148.59,successful
PAY-0005819,ORD-005819,2025-08-05,payment,net_banking,22555.11,successful
PAY-0005820,ORD-005820,2026-05-22,payment,wallet,17667.07,successful
PAY-0005821,ORD-005821,2025-10-29,payment,upi,5943.53,successful
PAY-0005822,ORD-005822,2026-05-16,payment,upi,8092.45,successful
PAY-0005823,ORD-005823,2026-06-29,payment,upi,8019.55,successful
PAY-0005824,ORD-005824,2026-04-26,payment,upi,27453.17,successful
PAY-0005825,ORD-005825,2026-01-01,payment,debit_card,17263.86,pending
PAY-0005826,ORD-005826,2026-05-19,payment,upi,19061.68,successful
PAY-0005827,ORD-005827,2025-06-04,payment,credit_card,35140.55,successful
PAY-0005828,ORD-005828,2025-11-19,payment,debit_card,2260.37,successful
PAY-0005829,ORD-005829,2026-01-06,payment,debit_card,16456.21,successful
PAY-0005830,ORD-005830,2026-04-07,payment,debit_card,33794.35,successful
PAY-0005831,ORD-005831,2026-07-04,payment,debit_card,11753.22,successful
PAY-0005832,ORD-005832,2025-05-16,payment,debit_card,12422.87,failed
PAY-0005833,ORD-005833,2025-02-04,payment,wallet,13575.42,successful
PAY-0005834,ORD-005834,2025-07-06,payment,wallet,2840.37,successful
PAY-0005835,ORD-005835,2026-06-26,payment,debit_card,35345.77,successful
PAY-0005836,ORD-005836,2026-07-30,payment,credit_card,24897.93,pending
PAY-0005837,ORD-005837,2026-01-03,payment,credit_card,7829.49,successful
PAY-0005838,ORD-005838,2026-05-19,payment,upi,19246.87,successful
PAY-0005839,ORD-005839,2025-07-01,payment,upi,8002.23,successful
PAY-0005840,ORD-005840,2025-04-02,payment,net_banking,11780.36,successful
PAY-0005841,ORD-005841,2026-06-03,payment,upi,4845.55,successful
PAY-0005842,ORD-005842,2025-07-05,payment,credit_card,10136.05,successful
PAY-0005843,ORD-005843,2025-10-05,payment,upi,50976.22,successful
PAY-0005844,ORD-005844,2026-01-27,payment,wallet,20881.16,successful
PAY-0005845,ORD-005845,2026-07-17,payment,credit_card,23471.72,successful
PAY-0005846,ORD-005846,2026-06-27,payment,debit_card,25794.92,successful
PAY-0005847,ORD-005847,2025-02-20,payment,upi,12295.48,successful
PAY-0005848,ORD-005848,2025-06-12,payment,wallet,10052.82,successful
PAY-0005849,ORD-005849,2025-12-23,payment,credit_card,22048.37,successful
PAY-0005850,ORD-005850,2026-07-11,payment,upi,37346.85,failed
PAY-0005851,ORD-005851,2026-05-19,payment,wallet,36226.29,successful
PAY-0005852,ORD-005852,2025-07-14,payment,wallet,14750.74,successful
PAY-0005853,ORD-005853,2026-05-13,payment,wallet,15154.53,successful
PAY-0005854,ORD-005854,2025-05-04,payment,credit_card,3442.25,successful
PAY-0005855,ORD-005855,2026-05-16,payment,wallet,18441.71,successful
PAY-0005856,ORD-005856,2026-06-29,payment,debit_card,23788.13,successful
PAY-0005857,ORD-005857,2026-07-28,payment,debit_card,30721.01,successful
PAY-0005858,ORD-005858,2025-09-05,payment,credit_card,35525.93,successful
PAY-0005859,ORD-005859,2025-10-15,payment,debit_card,44155.91,failed
PAY-0005860,ORD-005860,2026-03-21,payment,net_banking,24301.7,successful
PAY-0005861,ORD-005861,2025-04-07,payment,credit_card,2359.19,successful
PAY-0005862,ORD-005862,2026-03-06,payment,debit_card,4545.82,successful
PAY-0005863,ORD-005863,2026-01-12,payment,upi,24386.23,successful
PAY-0005864,ORD-005864,2025-11-14,payment,upi,2396.16,failed
PAY-0005865,ORD-005865,2025-10-14,payment,credit_card,16529.63,successful
PAY-0005866,ORD-005866,2025-10-01,payment,wallet,4820.24,successful
PAY-0005867,ORD-005867,2026-06-15,payment,wallet,49266.75,successful
PAY-0005868,ORD-005868,2026-05-16,payment,net_banking,37205.14,successful
PAY-0005869,ORD-005869,2026-07-06,payment,credit_card,15034.57,successful
PAY-0005870,ORD-005870,2026-02-17,payment,upi,20130.51,successful
PAY-0005871,ORD-005871,2025-07-01,payment,net_banking,26126.44,successful
PAY-0005872,ORD-005872,2026-06-29,payment,upi,6663.12,successful
PAY-0005873,ORD-005873,2025-01-02,payment,credit_card,7873.38,successful
PAY-0005874,ORD-005874,2026-04-21,payment,upi,10857.42,successful
PAY-0005875,ORD-005875,2026-06-15,payment,credit_card,15584.57,failed
PAY-0005876,ORD-005876,2025-04-10,payment,wallet,43175.02,successful
PAY-0005877,ORD-005877,2026-01-04,payment,credit_card,8469.77,failed
PAY-0005878,ORD-005878,2026-05-25,payment,upi,2410.27,successful
PAY-0005879,ORD-005879,2026-07-14,payment,upi,9867.8,successful
PAY-0005880,ORD-005880,2026-06-19,payment,upi,25595.6,pending
PAY-0005881,ORD-005881,2025-04-21,payment,credit_card,7973.66,successful
PAY-0005882,ORD-005882,2026-06-18,payment,net_banking,3713.7,successful
PAY-0005883,ORD-005883,2025-08-22,payment,net_banking,3036.25,pending
PAY-0005884,ORD-005884,2026-07-13,payment,wallet,11480.83,successful
PAY-0005885,ORD-005885,2026-03-31,payment,debit_card,20829.67,successful
PAY-0005886,ORD-005886,2025-01-07,payment,upi,9973.81,successful
PAY-0005887,ORD-005887,2025-11-26,payment,upi,1841.3,successful
PAY-0005888,ORD-005888,2026-06-30,payment,debit_card,17829.85,successful
PAY-0005889,ORD-005889,2026-04-14,payment,debit_card,2647.65,successful
PAY-0005890,ORD-005890,2026-06-06,payment,credit_card,5629.38,failed
PAY-0005891,ORD-005891,2025-05-15,payment,net_banking,9319.82,successful
PAY-0005892,ORD-005892,2025-07-03,payment,credit_card,5645.52,successful
PAY-0005893,ORD-005893,2025-06-07,payment,net_banking,28369.49,successful
PAY-0005894,ORD-005894,2026-02-21,payment,upi,10795.87,successful
PAY-0005895,ORD-005895,2026-02-19,payment,credit_card,17627.13,successful
PAY-0005896,ORD-005896,2026-04-15,payment,upi,21749.17,successful
PAY-0005897,ORD-005897,2025-06-19,payment,debit_card,15605.49,successful
PAY-0005898,ORD-005898,2025-10-09,payment,credit_card,5083.29,successful
PAY-0005899,ORD-005899,2025-05-23,payment,credit_card,13707.16,successful
PAY-0005900,ORD-005900,2025-11-24,payment,upi,24447.88,successful
PAY-0005901,ORD-005901,2026-03-18,payment,wallet,32273.64,successful
PAY-0005902,ORD-005902,2025-04-25,payment,upi,7801.25,successful
PAY-0005903,ORD-005903,2026-01-02,payment,credit_card,1821.06,successful
PAY-0005904,ORD-005904,2025-02-03,payment,wallet,23731.92,successful
PAY-0005905,ORD-005905,2025-04-13,payment,credit_card,20529.92,failed
PAY-0005906,ORD-005906,2026-06-06,payment,upi,78606.81,successful
PAY-0005907,ORD-005907,2026-04-15,payment,upi,18418.84,successful
PAY-0005908,ORD-005908,2026-03-21,payment,upi,5929.13,successful
PAY-0005909,ORD-005909,2025-05-11,payment,credit_card,46436.78,successful
PAY-0005910,ORD-005910,2025-04-29,payment,credit_card,6165.51,successful
PAY-0005911,ORD-005911,2025-09-03,payment,upi,21817.33,successful
PAY-0005912,ORD-005912,2025-03-16,payment,debit_card,6708.04,successful
PAY-0005913,ORD-005913,2026-05-30,payment,upi,57848.08,successful
PAY-0005914,ORD-005914,2026-02-04,payment,upi,2473.55,successful
PAY-0005915,ORD-005915,2026-02-20,payment,debit_card,21794.4,successful
PAY-0005916,ORD-005916,2025-11-17,payment,wallet,3241.26,successful
PAY-0005917,ORD-005917,2026-01-11,payment,net_banking,2718.14,successful
PAY-0005918,ORD-005918,2025-04-28,payment,debit_card,20592.82,successful
PAY-0005919,ORD-005919,2026-04-18,payment,debit_card,1009.31,successful
PAY-0005920,ORD-005920,2026-02-03,payment,debit_card,28562.08,successful
PAY-0005921,ORD-005921,2026-03-14,payment,wallet,21217.87,successful
PAY-0005922,ORD-005922,2025-08-13,payment,debit_card,8561.56,successful
PAY-0005923,ORD-005923,2026-03-27,payment,debit_card,7350.81,successful
PAY-0005924,ORD-005924,2026-07-26,payment,net_banking,12238.7,failed
PAY-0005925,ORD-005925,2025-12-18,payment,debit_card,2708.29,successful
PAY-0005926,ORD-005926,2026-02-08,payment,upi,8784.66,successful
PAY-0005927,ORD-005927,2026-07-30,payment,upi,36962.77,successful
PAY-0005928,ORD-005928,2026-06-15,payment,debit_card,4531.32,successful
PAY-0005929,ORD-005929,2026-07-17,payment,upi,29662.66,successful
PAY-0005930,ORD-005930,2026-02-18,payment,credit_card,15160.26,successful
PAY-0005931,ORD-005931,2025-07-20,payment,upi,27964.84,successful
PAY-0005932,ORD-005932,2025-07-24,payment,debit_card,14520.71,successful
PAY-0005933,ORD-005933,2026-07-09,payment,net_banking,4775.39,failed
PAY-0005934,ORD-005934,2025-11-07,payment,net_banking,3694.91,successful
PAY-0005935,ORD-005935,2025-12-17,payment,upi,6560.08,successful
PAY-0005936,ORD-005936,2026-07-14,payment,upi,14025.41,successful
PAY-0005937,ORD-005937,2026-07-16,payment,upi,13503.92,successful
PAY-0005938,ORD-005938,2026-05-21,payment,wallet,2571.4,successful
PAY-0005939,ORD-005939,2025-01-31,payment,wallet,4499.65,successful
PAY-0005940,ORD-005940,2025-08-13,payment,upi,22164.53,successful
PAY-0005941,ORD-005941,2025-12-22,payment,upi,8176.07,successful
PAY-0005942,ORD-005942,2025-10-18,payment,upi,23338.33,successful
PAY-0005943,ORD-005943,2026-03-07,payment,net_banking,2311.04,successful
PAY-0005944,ORD-005944,2025-07-24,payment,debit_card,33003.99,successful
PAY-0005945,ORD-005945,2026-03-14,payment,net_banking,18503.85,successful
PAY-0005946,ORD-005946,2025-02-19,payment,upi,7150.48,successful
PAY-0005947,ORD-005947,2026-05-03,payment,net_banking,11226.0,successful
PAY-0005948,ORD-005948,2026-07-18,payment,wallet,15425.29,successful
PAY-0005949,ORD-005949,2026-07-29,payment,net_banking,12257.69,successful
PAY-0005950,ORD-005950,2026-07-16,payment,credit_card,29024.35,successful
PAY-0005951,ORD-005951,2025-11-06,payment,credit_card,20460.44,failed
PAY-0005952,ORD-005952,2025-02-24,payment,net_banking,11228.88,failed
PAY-0005953,ORD-005953,2025-12-28,payment,credit_card,18446.4,failed
PAY-0005954,ORD-005954,2025-07-30,payment,wallet,2049.79,failed
PAY-0005955,ORD-005955,2025-09-28,payment,debit_card,3004.19,successful
PAY-0005956,ORD-005956,2025-01-14,payment,credit_card,13089.61,successful
PAY-0005957,ORD-005957,2026-06-05,payment,wallet,10588.77,successful
PAY-0005958,ORD-005958,2025-07-12,payment,credit_card,21447.99,successful
PAY-0005959,ORD-005959,2025-12-16,payment,wallet,26792.42,successful
PAY-0005960,ORD-005960,2026-03-28,payment,upi,1366.67,successful
PAY-0005961,ORD-005961,2026-07-20,payment,debit_card,7023.35,successful
PAY-0005962,ORD-005962,2025-10-28,payment,debit_card,17795.84,successful
PAY-0005963,ORD-005963,2025-10-25,payment,upi,44122.98,successful
PAY-0005964,ORD-005964,2026-07-27,payment,wallet,4155.02,successful
PAY-0005965,ORD-005965,2025-12-22,payment,debit_card,11521.63,successful
PAY-0005966,ORD-005966,2025-05-19,payment,wallet,23609.82,successful
PAY-0005967,ORD-005967,2026-06-18,payment,upi,5370.45,successful
PAY-0005968,ORD-005968,2025-07-11,payment,debit_card,7263.82,successful
PAY-0005969,ORD-005969,2026-03-21,payment,credit_card,51818.54,successful
PAY-0005970,ORD-005970,2026-06-29,payment,upi,19599.41,successful
PAY-0005971,ORD-005971,2026-05-28,payment,debit_card,409.35,successful
PAY-0005972,ORD-005972,2026-07-03,payment,upi,8424.37,successful
PAY-0005973,ORD-005973,2025-03-30,payment,net_banking,27273.78,successful
PAY-0005974,ORD-005974,2026-06-07,payment,debit_card,2357.26,successful
PAY-0005975,ORD-005975,2026-06-22,payment,debit_card,14164.17,successful
PAY-0005976,ORD-005976,2026-01-31,payment,wallet,8043.29,successful
PAY-0005977,ORD-005977,2025-12-01,payment,upi,6347.31,successful
PAY-0005978,ORD-005978,2026-06-26,payment,net_banking,11114.17,successful
PAY-0005979,ORD-005979,2026-01-11,payment,wallet,20672.41,successful
PAY-0005980,ORD-005980,2026-06-29,payment,credit_card,3050.96,successful
PAY-0005981,ORD-005981,2025-09-23,payment,net_banking,16294.09,successful
PAY-0005982,ORD-005982,2026-07-23,payment,debit_card,8520.37,successful
PAY-0005983,ORD-005983,2025-05-01,payment,net_banking,7855.22,successful
PAY-0005984,ORD-005984,2026-06-13,payment,debit_card,11108.06,failed
PAY-0005985,ORD-005985,2026-07-23,payment,debit_card,4236.92,successful
PAY-0005986,ORD-005986,2025-12-24,payment,credit_card,5893.64,successful
PAY-0005987,ORD-005987,2026-07-30,payment,credit_card,13596.29,successful
PAY-0005988,ORD-005988,2026-03-31,payment,net_banking,11035.97,successful
PAY-0005989,ORD-005989,2026-07-17,payment,wallet,34353.08,successful
PAY-0005990,ORD-005990,2026-02-22,payment,net_banking,5393.14,successful
PAY-0005991,ORD-005991,2025-12-26,payment,debit_card,4112.98,successful
PAY-0005992,ORD-005992,2026-06-23,payment,debit_card,13601.66,successful
PAY-0005993,ORD-005993,2025-11-30,payment,credit_card,9974.72,successful
PAY-0005994,ORD-005994,2026-01-05,payment,upi,10626.49,failed
PAY-0005995,ORD-005995,2026-07-29,payment,net_banking,4401.27,successful
PAY-0005996,ORD-005996,2026-07-31,payment,debit_card,33574.22,failed
PAY-0005997,ORD-005997,2025-12-18,payment,wallet,5230.9,successful
PAY-0005998,ORD-005998,2025-06-15,payment,credit_card,15157.57,successful
PAY-0005999,ORD-005999,2026-07-16,payment,credit_card,38641.46,failed
PAY-0006000,ORD-006000,2026-02-19,payment,net_banking,8939.02,successful
PAY-0006001,ORD-006001,2026-04-27,payment,wallet,7832.26,successful
PAY-0006002,ORD-006002,2026-07-04,payment,wallet,40920.5,successful
PAY-0006003,ORD-006003,2026-01-17,payment,wallet,28947.12,successful
PAY-0006004,ORD-006004,2026-06-27,payment,net_banking,375.88,successful
PAY-0006005,ORD-006005,2025-07-30,payment,credit_card,14791.18,successful
PAY-0006006,ORD-006006,2026-06-28,payment,debit_card,13258.92,successful
PAY-0006007,ORD-006007,2026-03-28,payment,upi,6422.08,successful
PAY-0006008,ORD-006008,2026-07-09,payment,credit_card,2056.66,failed
PAY-0006009,ORD-006009,2026-05-24,payment,upi,14260.11,successful
PAY-0006010,ORD-006010,2026-03-09,payment,credit_card,14150.22,successful
PAY-0006011,ORD-006011,2026-05-05,payment,debit_card,16223.22,successful
PAY-0006012,ORD-006012,2026-07-31,payment,net_banking,1784.69,successful
PAY-0006013,ORD-006013,2026-07-13,payment,upi,6164.98,successful
PAY-0006014,ORD-006014,2026-06-28,payment,debit_card,25681.72,failed
PAY-0006015,ORD-006015,2026-03-31,payment,wallet,12588.71,successful
PAY-0006016,ORD-006016,2025-10-03,payment,upi,532.71,successful
PAY-0006017,ORD-006017,2025-06-12,payment,upi,10539.26,successful
PAY-0006018,ORD-006018,2026-07-23,payment,credit_card,1151.99,successful
PAY-0006019,ORD-006019,2025-11-02,payment,upi,2808.6,successful
PAY-0006020,ORD-006020,2026-05-22,payment,net_banking,8238.22,successful
PAY-0006021,ORD-006021,2026-04-25,payment,wallet,5049.18,successful
PAY-0006022,ORD-006022,2026-02-09,payment,net_banking,3990.16,failed
PAY-0006023,ORD-006023,2025-07-23,payment,wallet,16521.14,successful
PAY-0006024,ORD-006024,2026-04-07,payment,net_banking,13170.15,successful
PAY-0006025,ORD-006025,2025-09-11,payment,credit_card,33390.8,successful
PAY-0006026,ORD-006026,2025-12-14,payment,upi,19415.48,successful
PAY-0006027,ORD-006027,2026-02-24,payment,upi,2491.82,successful
PAY-0006028,ORD-006028,2025-06-03,payment,wallet,34438.63,successful
PAY-0006029,ORD-006029,2026-01-20,payment,upi,34598.21,successful
PAY-0006030,ORD-006030,2025-01-28,payment,net_banking,12176.89,successful
PAY-0006031,ORD-006031,2025-10-31,payment,wallet,14294.94,successful
PAY-0006032,ORD-006032,2026-02-17,payment,debit_card,38957.31,pending
PAY-0006033,ORD-006033,2025-05-02,payment,net_banking,2457.09,failed
PAY-0006034,ORD-006034,2026-07-29,payment,debit_card,14125.89,successful
PAY-0006035,ORD-006035,2026-01-29,payment,upi,10463.43,successful
PAY-0006036,ORD-006036,2026-06-13,payment,debit_card,7303.8,successful
PAY-0006037,ORD-006037,2026-05-17,payment,credit_card,33059.35,successful
PAY-0006038,ORD-006038,2026-07-07,payment,upi,5448.2,pending
PAY-0006039,ORD-006039,2026-05-26,payment,debit_card,32396.52,successful
PAY-0006040,ORD-006040,2025-07-26,payment,debit_card,23028.43,successful
PAY-0006041,ORD-006041,2026-07-31,payment,wallet,5658.1,successful
PAY-0006042,ORD-006042,2026-03-07,payment,upi,9204.9,successful
PAY-0006043,ORD-006043,2025-04-15,payment,wallet,17448.08,successful
PAY-0006044,ORD-006044,2026-07-03,payment,wallet,13796.23,successful
PAY-0006045,ORD-006045,2026-06-03,payment,upi,4652.02,failed
PAY-0006046,ORD-006046,2025-06-29,payment,net_banking,42747.33,successful
PAY-0006047,ORD-006047,2026-07-23,payment,wallet,15408.82,successful
PAY-0006048,ORD-006048,2025-12-31,payment,credit_card,32884.31,successful
PAY-0006049,ORD-006049,2026-05-28,payment,upi,33233.06,successful
PAY-0006050,ORD-006050,2026-05-24,payment,net_banking,5189.22,failed
PAY-0006051,ORD-006051,2026-07-10,payment,wallet,31762.57,successful
PAY-0006052,ORD-006052,2025-11-25,payment,upi,19067.87,successful
PAY-0006053,ORD-006053,2026-07-29,payment,credit_card,1883.73,pending
PAY-0006054,ORD-006054,2025-06-14,payment,wallet,9101.67,failed
PAY-0006055,ORD-006055,2026-05-12,payment,credit_card,28426.22,failed
PAY-0006056,ORD-006056,2025-06-20,payment,credit_card,49833.97,successful
PAY-0006057,ORD-006057,2026-07-31,payment,upi,24312.39,successful
PAY-0006058,ORD-006058,2026-06-13,payment,net_banking,27553.83,successful
PAY-0006059,ORD-006059,2026-07-02,payment,net_banking,20410.5,successful
PAY-0006060,ORD-006060,2026-03-14,payment,wallet,41937.53,successful
PAY-0006061,ORD-006061,2025-10-14,payment,net_banking,63888.83,failed
PAY-0006062,ORD-006062,2025-03-25,payment,wallet,55375.22,successful
PAY-0006063,ORD-006063,2026-06-14,payment,wallet,38690.15,successful
PAY-0006064,ORD-006064,2025-08-21,payment,wallet,1255.21,failed
PAY-0006065,ORD-006065,2026-04-25,payment,wallet,11889.31,failed
PAY-0006066,ORD-006066,2026-06-15,payment,debit_card,1618.03,successful
PAY-0006067,ORD-006067,2026-06-26,payment,debit_card,29222.81,successful
PAY-0006068,ORD-006068,2026-03-15,payment,net_banking,16120.15,successful
PAY-0006069,ORD-006069,2025-06-24,payment,wallet,24279.09,successful
PAY-0006070,ORD-006070,2025-03-04,payment,debit_card,26378.81,successful
PAY-0006071,ORD-006071,2025-10-07,payment,net_banking,10993.98,successful
PAY-0006072,ORD-006072,2026-05-07,payment,credit_card,11206.44,failed
PAY-0006073,ORD-006073,2026-05-21,payment,upi,7041.02,successful
PAY-0006074,ORD-006074,2026-06-03,payment,debit_card,13161.68,successful
PAY-0006075,ORD-006075,2026-04-04,payment,debit_card,18404.87,successful
PAY-0006076,ORD-006076,2026-01-17,payment,upi,6813.66,successful
PAY-0006077,ORD-006077,2025-06-25,payment,wallet,13695.61,pending
PAY-0006078,ORD-006078,2026-03-01,payment,debit_card,16162.94,failed
PAY-0006079,ORD-006079,2026-01-10,payment,credit_card,15858.08,pending
PAY-0006080,ORD-006080,2025-07-17,payment,wallet,25603.0,successful
PAY-0006081,ORD-006081,2025-12-02,payment,wallet,39298.93,successful
PAY-0006082,ORD-006082,2025-03-28,payment,upi,2079.21,successful
PAY-0006083,ORD-006083,2026-07-30,payment,net_banking,7371.67,successful
PAY-0006084,ORD-006084,2026-01-23,payment,net_banking,26622.39,successful
PAY-0006085,ORD-006085,2025-10-11,payment,net_banking,33430.38,successful
PAY-0006086,ORD-006086,2026-05-06,payment,wallet,2365.59,successful
PAY-0006087,ORD-006087,2025-04-20,payment,wallet,8732.32,successful
PAY-0006088,ORD-006088,2026-01-12,payment,debit_card,20747.94,successful
PAY-0006089,ORD-006089,2025-06-06,payment,debit_card,9393.79,successful
PAY-0006090,ORD-006090,2025-05-01,payment,wallet,1277.42,successful
PAY-0006091,ORD-006091,2026-04-06,payment,net_banking,41102.73,successful
PAY-0006092,ORD-006092,2026-04-18,payment,debit_card,24602.95,successful
PAY-0006093,ORD-006093,2026-01-21,payment,upi,9524.91,successful
PAY-0006094,ORD-006094,2026-06-10,payment,wallet,5384.49,successful
PAY-0006095,ORD-006095,2025-10-18,payment,net_banking,4845.48,successful
PAY-0006096,ORD-006096,2026-02-24,payment,upi,15585.57,successful
PAY-0006097,ORD-006097,2026-07-07,payment,credit_card,14873.0,failed
PAY-0006098,ORD-006098,2025-04-16,payment,credit_card,14002.17,failed
PAY-0006099,ORD-006099,2026-06-22,payment,wallet,30990.4,successful
PAY-0006100,ORD-006100,2025-12-15,payment,upi,25335.47,successful
PAY-0006101,ORD-006101,2026-03-22,payment,wallet,9773.49,successful
PAY-0006102,ORD-006102,2026-01-31,payment,credit_card,8592.85,successful
PAY-0006103,ORD-006103,2026-05-10,payment,credit_card,5552.16,successful
PAY-0006104,ORD-006104,2025-07-10,payment,net_banking,7800.69,successful
PAY-0006105,ORD-006105,2025-12-25,payment,net_banking,11518.55,failed
PAY-0006106,ORD-006106,2026-06-29,payment,net_banking,18056.78,successful
PAY-0006107,ORD-006107,2026-07-21,payment,debit_card,27022.42,successful
PAY-0006108,ORD-006108,2026-04-16,payment,credit_card,3742.83,successful
PAY-0006109,ORD-006109,2026-02-14,payment,credit_card,4064.58,successful
PAY-0006110,ORD-006110,2026-03-07,payment,debit_card,32450.21,successful
PAY-0006111,ORD-006111,2025-09-02,payment,net_banking,33309.65,successful
PAY-0006112,ORD-006112,2026-06-29,payment,debit_card,20110.92,successful
PAY-0006113,ORD-006113,2026-07-13,payment,wallet,11873.53,successful
PAY-0006114,ORD-006114,2025-09-21,payment,upi,11662.01,successful
PAY-0006115,ORD-006115,2026-07-25,payment,credit_card,17783.4,successful
PAY-0006116,ORD-006116,2025-09-18,payment,upi,11377.77,successful
PAY-0006117,ORD-006117,2026-03-03,payment,wallet,9599.34,successful
PAY-0006118,ORD-006118,2025-10-26,payment,wallet,37709.05,successful
PAY-0006119,ORD-006119,2026-04-07,payment,debit_card,9841.16,successful
PAY-0006120,ORD-006120,2026-05-18,payment,debit_card,56241.33,successful
PAY-0006121,ORD-006121,2025-12-02,payment,debit_card,4867.25,successful
PAY-0006122,ORD-006122,2026-02-09,payment,wallet,6878.96,pending
PAY-0006123,ORD-006123,2025-11-11,payment,debit_card,21446.51,successful
PAY-0006124,ORD-006124,2026-07-27,payment,debit_card,36980.49,successful
PAY-0006125,ORD-006125,2025-07-31,payment,wallet,9693.46,successful
PAY-0006126,ORD-006126,2026-06-24,payment,upi,11446.83,successful
PAY-0006127,ORD-006127,2026-07-17,payment,wallet,11853.82,successful
PAY-0006128,ORD-006128,2026-05-21,payment,credit_card,2797.21,successful
PAY-0006129,ORD-006129,2026-05-07,payment,net_banking,53891.44,successful
PAY-0006130,ORD-006130,2026-03-10,payment,net_banking,17825.61,successful
PAY-0006131,ORD-006131,2025-07-20,payment,net_banking,5269.38,successful
PAY-0006132,ORD-006132,2025-01-19,payment,credit_card,43892.09,failed
PAY-0006133,ORD-006133,2026-07-02,payment,net_banking,13991.59,successful
PAY-0006134,ORD-006134,2026-07-12,payment,credit_card,18457.97,successful
PAY-0006135,ORD-006135,2026-03-01,payment,net_banking,21523.73,successful
PAY-0006136,ORD-006136,2026-06-27,payment,net_banking,11427.14,successful
PAY-0006137,ORD-006137,2026-04-24,payment,debit_card,2323.59,successful
PAY-0006138,ORD-006138,2026-03-09,payment,net_banking,16268.22,successful
PAY-0006139,ORD-006139,2025-06-12,payment,upi,31754.17,successful
PAY-0006140,ORD-006140,2025-12-16,payment,debit_card,20520.91,successful
PAY-0006141,ORD-006141,2025-06-17,payment,credit_card,6477.16,successful
PAY-0006142,ORD-006142,2025-11-20,payment,net_banking,1269.87,successful
PAY-0006143,ORD-006143,2025-01-24,payment,upi,14679.91,successful
PAY-0006144,ORD-006144,2026-06-09,payment,upi,28828.14,successful
PAY-0006145,ORD-006145,2026-05-07,payment,debit_card,16896.63,successful
PAY-0006146,ORD-006146,2026-01-12,payment,net_banking,21655.8,failed
PAY-0006147,ORD-006147,2026-02-16,payment,net_banking,11606.6,successful
PAY-0006148,ORD-006148,2025-04-12,payment,wallet,30127.91,successful
PAY-0006149,ORD-006149,2026-05-01,payment,credit_card,7754.68,successful
PAY-0006150,ORD-006150,2025-03-17,payment,wallet,15672.1,successful
PAY-0006151,ORD-006151,2026-01-21,payment,upi,1897.26,successful
PAY-0006152,ORD-006152,2026-07-30,payment,credit_card,4837.72,successful
PAY-0006153,ORD-006153,2026-01-17,payment,net_banking,9468.56,successful
PAY-0006154,ORD-006154,2026-02-12,payment,debit_card,1334.0,successful
PAY-0006155,ORD-006155,2025-02-12,payment,wallet,33518.41,successful
PAY-0006156,ORD-006156,2026-06-07,payment,wallet,23218.23,failed
PAY-0006157,ORD-006157,2025-09-09,payment,net_banking,48094.02,failed
PAY-0006158,ORD-006158,2025-06-20,payment,credit_card,27429.6,successful
PAY-0006159,ORD-006159,2025-02-28,payment,net_banking,23615.14,successful
PAY-0006160,ORD-006160,2026-02-16,payment,net_banking,4263.1,successful
PAY-0006161,ORD-006161,2025-06-28,payment,wallet,25212.39,successful
PAY-0006162,ORD-006162,2026-06-06,payment,debit_card,7077.9,successful
PAY-0006163,ORD-006163,2025-05-01,payment,upi,11198.06,successful
PAY-0006164,ORD-006164,2025-02-15,payment,credit_card,22832.35,successful
PAY-0006165,ORD-006165,2026-04-04,payment,credit_card,1799.19,successful
PAY-0006166,ORD-006166,2025-10-22,payment,credit_card,2459.07,successful
PAY-0006167,ORD-006167,2026-02-06,payment,debit_card,31218.08,successful
PAY-0006168,ORD-006168,2025-01-23,payment,upi,24888.52,successful
PAY-0006169,ORD-006169,2026-06-15,payment,credit_card,11462.28,successful
PAY-0006170,ORD-006170,2025-06-28,payment,credit_card,20710.82,successful
PAY-0006171,ORD-006171,2026-03-30,payment,credit_card,20004.74,successful
PAY-0006172,ORD-006172,2026-06-24,payment,wallet,3450.64,successful
PAY-0006173,ORD-006173,2026-03-10,payment,wallet,36146.94,successful
PAY-0006174,ORD-006174,2025-07-12,payment,net_banking,25755.14,successful
PAY-0006175,ORD-006175,2025-06-30,payment,net_banking,2484.82,successful
PAY-0006176,ORD-006176,2026-02-01,payment,net_banking,4332.94,successful
PAY-0006177,ORD-006177,2025-03-08,payment,debit_card,57438.23,successful
PAY-0006178,ORD-006178,2025-03-26,payment,wallet,2511.78,successful
PAY-0006179,ORD-006179,2026-04-01,payment,upi,8009.37,successful
PAY-0006180,ORD-006180,2025-01-15,payment,debit_card,28851.12,successful
PAY-0006181,ORD-006181,2025-06-17,payment,net_banking,24006.49,failed
PAY-0006182,ORD-006182,2026-05-29,payment,upi,2387.9,successful
PAY-0006183,ORD-006183,2025-05-25,payment,net_banking,32686.85,successful
PAY-0006184,ORD-006184,2026-07-21,payment,debit_card,22617.71,successful
PAY-0006185,ORD-006185,2026-07-26,payment,net_banking,42647.7,failed
PAY-0006186,ORD-006186,2026-05-24,payment,upi,11417.37,successful
PAY-0006187,ORD-006187,2025-04-11,payment,credit_card,19630.13,successful
PAY-0006188,ORD-006188,2026-06-16,payment,credit_card,3792.8,successful
PAY-0006189,ORD-006189,2025-01-19,payment,wallet,2400.35,failed
PAY-0006190,ORD-006190,2025-12-25,payment,upi,25203.53,successful
PAY-0006191,ORD-006191,2026-07-02,payment,upi,29628.83,pending
PAY-0006192,ORD-006192,2026-06-14,payment,debit_card,9745.18,successful
PAY-0006193,ORD-006193,2026-05-11,payment,credit_card,48863.33,successful
PAY-0006194,ORD-006194,2026-03-09,payment,debit_card,12979.11,successful
PAY-0006195,ORD-006195,2026-03-27,payment,wallet,19899.52,successful
PAY-0006196,ORD-006196,2026-05-30,payment,debit_card,39138.48,successful
PAY-0006197,ORD-006197,2025-05-09,payment,debit_card,17355.5,successful
PAY-0006198,ORD-006198,2026-06-19,payment,debit_card,19014.94,successful
PAY-0006199,ORD-006199,2025-08-22,payment,wallet,607.31,successful
PAY-0006200,ORD-006200,2026-04-01,payment,credit_card,19589.72,failed
PAY-0006201,ORD-006201,2026-07-16,payment,upi,9286.29,successful
PAY-0006202,ORD-006202,2026-07-27,payment,credit_card,12228.06,successful
PAY-0006203,ORD-006203,2026-02-05,payment,credit_card,21518.29,successful
PAY-0006204,ORD-006204,2025-12-07,payment,upi,12279.23,successful
PAY-0006205,ORD-006205,2026-02-25,payment,wallet,28297.17,successful
PAY-0006206,ORD-006206,2025-02-10,payment,net_banking,1304.04,failed
PAY-0006207,ORD-006207,2026-05-14,payment,wallet,12787.07,successful
PAY-0006208,ORD-006208,2025-03-31,payment,upi,17009.36,successful
PAY-0006209,ORD-006209,2026-06-23,payment,debit_card,472.12,failed
PAY-0006210,ORD-006210,2026-03-20,payment,wallet,46314.88,successful
PAY-0006211,ORD-006211,2025-12-19,payment,upi,27424.16,failed
PAY-0006212,ORD-006212,2025-07-24,payment,wallet,24670.61,successful
PAY-0006213,ORD-006213,2026-07-19,payment,wallet,12851.43,successful
PAY-0006214,ORD-006214,2026-04-11,payment,credit_card,9582.17,successful
PAY-0006215,ORD-006215,2026-05-17,payment,upi,9606.71,successful
PAY-0006216,ORD-006216,2026-01-17,payment,upi,10598.31,successful
PAY-0006217,ORD-006217,2026-03-31,payment,net_banking,30961.05,failed
PAY-0006218,ORD-006218,2026-06-06,payment,upi,5170.83,successful
PAY-0006219,ORD-006219,2026-06-24,payment,wallet,13879.18,successful
PAY-0006220,ORD-006220,2026-07-04,payment,upi,25865.93,pending
PAY-0006221,ORD-006221,2026-06-05,payment,debit_card,13371.3,successful
PAY-0006222,ORD-006222,2026-01-19,payment,wallet,41752.39,successful
PAY-0006223,ORD-006223,2026-05-01,payment,debit_card,58246.15,pending
PAY-0006224,ORD-006224,2025-11-14,payment,wallet,33488.26,successful
PAY-0006225,ORD-006225,2025-11-03,payment,wallet,15430.19,failed
PAY-0006226,ORD-006226,2026-07-20,payment,wallet,9120.64,successful
PAY-0006227,ORD-006227,2026-07-17,payment,debit_card,35541.88,successful
PAY-0006228,ORD-006228,2025-10-01,payment,credit_card,8248.98,successful
PAY-0006229,ORD-006229,2026-06-23,payment,wallet,13408.36,successful
PAY-0006230,ORD-006230,2025-08-05,payment,debit_card,13611.63,successful
PAY-0006231,ORD-006231,2025-12-05,payment,upi,6616.97,successful
PAY-0006232,ORD-006232,2026-04-05,payment,upi,12215.68,successful
PAY-0006233,ORD-006233,2026-02-17,payment,credit_card,2368.93,successful
PAY-0006234,ORD-006234,2026-06-03,payment,credit_card,54967.49,pending
PAY-0006235,ORD-006235,2025-08-15,payment,credit_card,4229.79,successful
PAY-0006236,ORD-006236,2025-02-11,payment,debit_card,20848.24,failed
PAY-0006237,ORD-006237,2026-07-30,payment,credit_card,2632.97,successful
PAY-0006238,ORD-006238,2026-05-08,payment,wallet,6358.16,failed
PAY-0006239,ORD-006239,2026-06-21,payment,debit_card,16449.16,successful
PAY-0006240,ORD-006240,2026-02-28,payment,upi,22161.11,successful
PAY-0006241,ORD-006241,2026-04-08,payment,upi,11273.27,successful
PAY-0006242,ORD-006242,2025-11-22,payment,upi,29713.69,successful
PAY-0006243,ORD-006243,2025-08-11,payment,wallet,25748.6,successful
PAY-0006244,ORD-006244,2026-01-21,payment,upi,13093.72,successful
PAY-0006245,ORD-006245,2026-07-17,payment,net_banking,9911.88,successful
PAY-0006246,ORD-006246,2025-09-23,payment,wallet,11076.59,successful
PAY-0006247,ORD-006247,2025-06-25,payment,net_banking,1410.16,successful
PAY-0006248,ORD-006248,2026-05-02,payment,wallet,29735.13,failed
PAY-0006249,ORD-006249,2025-04-19,payment,upi,4152.89,failed
PAY-0006250,ORD-006250,2025-04-16,payment,credit_card,5326.85,successful
PAY-0006251,ORD-006251,2026-05-10,payment,wallet,27234.85,failed
PAY-0006252,ORD-006252,2026-05-21,payment,credit_card,41289.12,successful
PAY-0006253,ORD-006253,2026-07-18,payment,wallet,23956.42,pending
PAY-0006254,ORD-006254,2026-06-17,payment,wallet,54917.84,successful
PAY-0006255,ORD-006255,2026-06-09,payment,debit_card,29333.68,successful
PAY-0006256,ORD-006256,2025-03-16,payment,upi,28150.76,successful
PAY-0006257,ORD-006257,2025-06-23,payment,upi,16945.81,successful
PAY-0006258,ORD-006258,2026-02-20,payment,credit_card,8027.99,successful
PAY-0006259,ORD-006259,2026-03-04,payment,net_banking,1168.34,successful
PAY-0006260,ORD-006260,2026-03-08,payment,credit_card,48740.24,successful
PAY-0006261,ORD-006261,2025-10-02,payment,debit_card,2047.91,successful
PAY-0006262,ORD-006262,2025-09-18,payment,net_banking,10217.61,failed
PAY-0006263,ORD-006263,2025-01-16,payment,credit_card,16474.48,successful
PAY-0006264,ORD-006264,2025-12-18,payment,credit_card,4479.23,successful
PAY-0006265,ORD-006265,2026-05-25,payment,credit_card,1949.7,successful
PAY-0006266,ORD-006266,2026-05-16,payment,net_banking,37485.38,successful
PAY-0006267,ORD-006267,2025-07-14,payment,wallet,41856.97,successful
PAY-0006268,ORD-006268,2026-05-13,payment,credit_card,55180.92,successful
PAY-0006269,ORD-006269,2025-07-19,payment,upi,17728.14,successful
PAY-0006270,ORD-006270,2026-01-16,payment,net_banking,38221.85,successful
PAY-0006271,ORD-006271,2025-09-20,payment,credit_card,28669.45,pending
PAY-0006272,ORD-006272,2026-07-20,payment,debit_card,16166.96,successful
PAY-0006273,ORD-006273,2026-04-06,payment,upi,49587.88,failed
PAY-0006274,ORD-006274,2025-02-12,payment,credit_card,7078.1,failed
PAY-0006275,ORD-006275,2026-07-14,payment,wallet,22682.61,successful
PAY-0006276,ORD-006276,2026-02-22,payment,debit_card,3249.67,successful
PAY-0006277,ORD-006277,2026-06-07,payment,wallet,699.51,successful
PAY-0006278,ORD-006278,2025-06-13,payment,wallet,2440.26,failed
PAY-0006279,ORD-006279,2025-08-07,payment,upi,17598.46,successful
PAY-0006280,ORD-006280,2026-06-08,payment,wallet,28080.4,failed
PAY-0006281,ORD-006281,2026-07-13,payment,wallet,4395.48,successful
PAY-0006282,ORD-006282,2026-06-05,payment,net_banking,15325.16,successful
PAY-0006283,ORD-006283,2026-05-26,payment,wallet,5011.05,successful
PAY-0006284,ORD-006284,2026-04-03,payment,net_banking,9810.85,successful
PAY-0006285,ORD-006285,2025-07-31,payment,net_banking,10630.33,successful
PAY-0006286,ORD-006286,2026-07-17,payment,net_banking,36584.46,successful
PAY-0006287,ORD-006287,2025-11-20,payment,wallet,45591.01,successful
PAY-0006288,ORD-006288,2026-07-08,payment,debit_card,30343.57,successful
PAY-0006289,ORD-006289,2026-07-30,payment,upi,2734.44,successful
PAY-0006290,ORD-006290,2026-05-14,payment,wallet,8003.79,successful
PAY-0006291,ORD-006291,2026-04-12,payment,debit_card,915.82,successful
PAY-0006292,ORD-006292,2026-06-10,payment,credit_card,7431.38,successful
PAY-0006293,ORD-006293,2026-02-18,payment,net_banking,966.19,successful
PAY-0006294,ORD-006294,2026-07-22,payment,net_banking,13380.98,failed
PAY-0006295,ORD-006295,2025-02-22,payment,upi,42853.27,successful
PAY-0006296,ORD-006296,2025-01-08,payment,wallet,8310.03,successful
PAY-0006297,ORD-006297,2026-01-26,payment,wallet,2264.17,successful
PAY-0006298,ORD-006298,2026-04-19,payment,net_banking,22443.59,successful
PAY-0006299,ORD-006299,2026-07-11,payment,credit_card,37083.81,successful
PAY-0006300,ORD-006300,2026-02-28,payment,wallet,9993.68,successful
PAY-0006301,ORD-006301,2025-03-09,payment,upi,13546.58,pending
PAY-0006302,ORD-006302,2026-02-07,payment,debit_card,3846.97,successful
PAY-0006303,ORD-006303,2026-01-30,payment,debit_card,2331.39,pending
PAY-0006304,ORD-006304,2025-10-30,payment,wallet,13180.81,successful
PAY-0006305,ORD-006305,2025-03-09,payment,upi,20670.11,successful
PAY-0006306,ORD-006306,2026-07-24,payment,upi,4555.19,successful
PAY-0006307,ORD-006307,2026-03-06,payment,credit_card,20200.97,failed
PAY-0006308,ORD-006308,2026-03-30,payment,net_banking,20249.97,successful
PAY-0006309,ORD-006309,2026-04-26,payment,upi,23041.95,successful
PAY-0006310,ORD-006310,2026-02-14,payment,wallet,29377.91,pending
PAY-0006311,ORD-006311,2026-03-31,payment,upi,12077.13,successful
PAY-0006312,ORD-006312,2026-07-04,payment,wallet,8032.39,successful
PAY-0006313,ORD-006313,2026-06-29,payment,wallet,23400.95,successful
PAY-0006314,ORD-006314,2026-05-16,payment,net_banking,5327.96,successful
PAY-0006315,ORD-006315,2026-06-19,payment,debit_card,11397.01,successful
PAY-0006316,ORD-006316,2025-04-30,payment,net_banking,29529.41,failed
PAY-0006317,ORD-006317,2026-06-30,payment,wallet,1188.59,successful
PAY-0006318,ORD-006318,2025-12-09,payment,net_banking,16672.46,successful
PAY-0006319,ORD-006319,2026-06-08,payment,net_banking,48819.56,successful
PAY-0006320,ORD-006320,2026-07-29,payment,credit_card,15477.65,successful
PAY-0006321,ORD-006321,2026-07-08,payment,wallet,21652.37,successful
PAY-0006322,ORD-006322,2026-07-22,payment,net_banking,1451.73,successful
PAY-0006323,ORD-006323,2025-08-22,payment,upi,14855.2,successful
PAY-0006324,ORD-006324,2025-06-22,payment,credit_card,14776.3,successful
PAY-0006325,ORD-006325,2025-07-08,payment,upi,19707.63,successful
PAY-0006326,ORD-006326,2025-11-17,payment,net_banking,39144.27,successful
PAY-0006327,ORD-006327,2025-12-26,payment,wallet,25500.28,successful
PAY-0006328,ORD-006328,2026-06-01,payment,credit_card,13539.21,pending
PAY-0006329,ORD-006329,2025-03-23,payment,net_banking,3928.77,successful
PAY-0006330,ORD-006330,2026-07-25,payment,net_banking,12153.53,successful
PAY-0006331,ORD-006331,2025-02-19,payment,wallet,24394.23,successful
PAY-0006332,ORD-006332,2025-10-16,payment,credit_card,15704.12,successful
PAY-0006333,ORD-006333,2025-07-29,payment,credit_card,4221.62,successful
PAY-0006334,ORD-006334,2025-08-04,payment,credit_card,23261.73,successful
PAY-0006335,ORD-006335,2026-06-23,payment,credit_card,13217.4,successful
PAY-0006336,ORD-006336,2026-03-03,payment,net_banking,63586.49,successful
PAY-0006337,ORD-006337,2026-04-10,payment,credit_card,14611.17,successful
PAY-0006338,ORD-006338,2025-10-30,payment,wallet,10236.46,failed
PAY-0006339,ORD-006339,2026-02-18,payment,credit_card,10887.61,successful
PAY-0006340,ORD-006340,2026-07-29,payment,wallet,19108.38,successful
PAY-0006341,ORD-006341,2026-07-31,payment,wallet,17562.44,failed
PAY-0006342,ORD-006342,2026-07-13,payment,wallet,16230.83,successful
PAY-0006343,ORD-006343,2026-04-02,payment,debit_card,11536.8,successful
PAY-0006344,ORD-006344,2026-03-25,payment,upi,3083.53,successful
PAY-0006345,ORD-006345,2025-02-14,payment,debit_card,12152.53,successful
PAY-0006346,ORD-006346,2026-01-21,payment,debit_card,13950.04,successful
PAY-0006347,ORD-006347,2025-08-24,payment,wallet,32710.52,successful
PAY-0006348,ORD-006348,2025-05-30,payment,credit_card,38827.79,successful
PAY-0006349,ORD-006349,2025-02-09,payment,net_banking,7370.49,pending
PAY-0006350,ORD-006350,2025-08-18,payment,credit_card,12794.79,successful
PAY-0006351,ORD-006351,2026-06-14,payment,credit_card,16952.79,successful
PAY-0006352,ORD-006352,2026-07-05,payment,credit_card,51094.86,successful
PAY-0006353,ORD-006353,2026-06-07,payment,debit_card,19386.21,successful
PAY-0006354,ORD-006354,2025-07-14,payment,upi,2564.16,successful
PAY-0006355,ORD-006355,2026-05-04,payment,debit_card,10445.53,successful
PAY-0006356,ORD-006356,2025-03-15,payment,upi,15592.81,failed
PAY-0006357,ORD-006357,2026-07-30,payment,credit_card,34344.27,successful
PAY-0006358,ORD-006358,2025-07-29,payment,upi,2242.01,successful
PAY-0006359,ORD-006359,2025-06-14,payment,credit_card,26167.4,successful
PAY-0006360,ORD-006360,2025-07-26,payment,upi,23912.59,successful
PAY-0006361,ORD-006361,2026-06-23,payment,debit_card,13000.21,successful
PAY-0006362,ORD-006362,2026-07-18,payment,credit_card,17353.76,successful
PAY-0006363,ORD-006363,2026-07-12,payment,upi,10444.42,pending
PAY-0006364,ORD-006364,2026-07-24,payment,credit_card,12233.63,failed
PAY-0006365,ORD-006365,2026-06-25,payment,debit_card,37530.07,successful
PAY-0006366,ORD-006366,2026-03-26,payment,wallet,28270.56,successful
PAY-0006367,ORD-006367,2026-04-02,payment,net_banking,10898.85,failed
PAY-0006368,ORD-006368,2026-05-26,payment,credit_card,3829.37,pending
PAY-0006369,ORD-006369,2025-01-28,payment,credit_card,12627.86,successful
PAY-0006370,ORD-006370,2026-07-03,payment,net_banking,22699.07,successful
PAY-0006371,ORD-006371,2026-01-24,payment,wallet,14907.29,successful
PAY-0006372,ORD-006372,2026-05-19,payment,debit_card,10048.87,successful
PAY-0006373,ORD-006373,2025-11-06,payment,wallet,8818.41,successful
PAY-0006374,ORD-006374,2026-04-24,payment,upi,28637.7,successful
PAY-0006375,ORD-006375,2026-02-24,payment,credit_card,11773.65,successful
PAY-0006376,ORD-006376,2026-07-10,payment,upi,4537.17,successful
PAY-0006377,ORD-006377,2026-05-30,payment,credit_card,18467.71,successful
PAY-0006378,ORD-006378,2026-04-16,payment,wallet,6839.29,successful
PAY-0006379,ORD-006379,2026-07-02,payment,upi,12927.96,successful
PAY-0006380,ORD-006380,2026-05-18,payment,debit_card,10806.15,successful
PAY-0006381,ORD-006381,2025-05-06,payment,wallet,24841.78,successful
PAY-0006382,ORD-006382,2025-04-21,payment,debit_card,29037.82,successful
PAY-0006383,ORD-006383,2026-05-19,payment,net_banking,7404.84,failed
PAY-0006384,ORD-006384,2025-12-14,payment,net_banking,12601.87,successful
PAY-0006385,ORD-006385,2025-02-01,payment,credit_card,4233.11,successful
PAY-0006386,ORD-006386,2026-07-05,payment,credit_card,17195.13,successful
PAY-0006387,ORD-006387,2026-07-25,payment,wallet,16873.73,successful
PAY-0006388,ORD-006388,2026-02-09,payment,credit_card,7996.49,successful
PAY-0006389,ORD-006389,2026-07-31,payment,upi,6254.13,successful
PAY-0006390,ORD-006390,2026-07-16,payment,debit_card,2806.8,successful
PAY-0006391,ORD-006391,2025-12-11,payment,net_banking,22580.53,failed
PAY-0006392,ORD-006392,2025-10-05,payment,upi,14183.36,successful
PAY-0006393,ORD-006393,2026-07-30,payment,upi,11785.67,successful
PAY-0006394,ORD-006394,2026-07-13,payment,wallet,17087.73,successful
PAY-0006395,ORD-006395,2025-07-06,payment,upi,21831.49,successful
PAY-0006396,ORD-006396,2026-05-27,payment,debit_card,10734.47,successful
PAY-0006397,ORD-006397,2025-04-04,payment,net_banking,7823.26,successful
PAY-0006398,ORD-006398,2025-08-31,payment,debit_card,16011.67,successful
PAY-0006399,ORD-006399,2026-07-16,payment,debit_card,15808.99,successful
PAY-0006400,ORD-006400,2025-06-29,payment,credit_card,13648.91,successful
PAY-0006401,ORD-006401,2025-12-12,payment,wallet,10012.7,successful
PAY-0006402,ORD-006402,2026-04-29,payment,credit_card,3797.44,successful
PAY-0006403,ORD-006403,2025-11-09,payment,debit_card,27035.1,successful
PAY-0006404,ORD-006404,2025-05-23,payment,net_banking,9683.49,successful
PAY-0006405,ORD-006405,2026-05-11,payment,net_banking,25445.33,successful
PAY-0006406,ORD-006406,2025-11-18,payment,credit_card,10272.66,successful
PAY-0006407,ORD-006407,2026-03-27,payment,net_banking,22327.7,successful
PAY-0006408,ORD-006408,2025-06-27,payment,credit_card,31453.64,successful
PAY-0006409,ORD-006409,2025-12-01,payment,debit_card,4740.82,successful
PAY-0006410,ORD-006410,2026-06-17,payment,net_banking,16964.53,successful
PAY-0006411,ORD-006411,2026-02-20,payment,net_banking,10715.03,successful
PAY-0006412,ORD-006412,2025-11-24,payment,net_banking,20043.9,failed
PAY-0006413,ORD-006413,2025-06-22,payment,net_banking,14812.47,successful
PAY-0006414,ORD-006414,2026-02-27,payment,credit_card,27676.44,successful
PAY-0006415,ORD-006415,2025-12-04,payment,debit_card,12228.21,successful
PAY-0006416,ORD-006416,2026-07-11,payment,upi,13889.24,failed
PAY-0006417,ORD-006417,2026-06-15,payment,wallet,26166.68,successful
PAY-0006418,ORD-006418,2025-07-06,payment,wallet,21681.14,successful
PAY-0006419,ORD-006419,2026-07-28,payment,debit_card,19766.39,successful
PAY-0006420,ORD-006420,2026-06-10,payment,credit_card,26935.14,successful
PAY-0006421,ORD-006421,2026-04-07,payment,debit_card,4241.13,successful
PAY-0006422,ORD-006422,2025-01-01,payment,upi,5019.9,successful
PAY-0006423,ORD-006423,2026-02-11,payment,upi,1251.61,successful
PAY-0006424,ORD-006424,2026-03-02,payment,net_banking,24985.96,successful
PAY-0006425,ORD-006425,2026-07-22,payment,debit_card,11308.87,successful
PAY-0006426,ORD-006426,2026-01-22,payment,credit_card,38999.11,pending
PAY-0006427,ORD-006427,2026-01-22,payment,upi,10541.62,successful
PAY-0006428,ORD-006428,2025-06-12,payment,net_banking,7426.8,successful
PAY-0006429,ORD-006429,2025-09-23,payment,credit_card,9269.69,successful
PAY-0006430,ORD-006430,2025-05-14,payment,upi,11056.09,successful
PAY-0006431,ORD-006431,2025-10-16,payment,upi,4732.78,successful
PAY-0006432,ORD-006432,2026-07-27,payment,credit_card,3880.5,failed
PAY-0006433,ORD-006433,2026-03-30,payment,credit_card,5986.07,successful
PAY-0006434,ORD-006434,2026-01-18,payment,debit_card,25563.53,successful
PAY-0006435,ORD-006435,2026-04-18,payment,wallet,2748.82,successful
PAY-0006436,ORD-006436,2026-01-25,payment,upi,1433.9,successful
PAY-0006437,ORD-006437,2026-03-26,payment,debit_card,4214.79,successful
PAY-0006438,ORD-006438,2026-06-19,payment,wallet,9590.03,successful
PAY-0006439,ORD-006439,2025-12-14,payment,debit_card,1407.47,successful
PAY-0006440,ORD-006440,2026-01-04,payment,credit_card,3937.88,successful
PAY-0006441,ORD-006441,2025-11-27,payment,debit_card,24762.03,successful
PAY-0006442,ORD-006442,2026-07-05,payment,upi,11927.5,successful
PAY-0006443,ORD-006443,2026-04-24,payment,debit_card,2458.4,successful
PAY-0006444,ORD-006444,2025-05-18,payment,debit_card,18104.02,pending
PAY-0006445,ORD-006445,2026-03-29,payment,debit_card,10224.23,successful
PAY-0006446,ORD-006446,2026-05-29,payment,wallet,2471.43,successful
PAY-0006447,ORD-006447,2026-01-25,payment,credit_card,3273.39,successful
PAY-0006448,ORD-006448,2025-10-24,payment,debit_card,3324.4,successful
PAY-0006449,ORD-006449,2026-01-01,payment,wallet,4332.49,successful
PAY-0006450,ORD-006450,2026-04-21,payment,net_banking,5208.15,successful
PAY-0006451,ORD-006451,2025-11-11,payment,upi,59902.31,successful
PAY-0006452,ORD-006452,2026-02-01,payment,net_banking,15255.51,successful
PAY-0006453,ORD-006453,2026-06-17,payment,debit_card,14212.96,successful
PAY-0006454,ORD-006454,2026-01-23,payment,credit_card,13222.36,successful
PAY-0006455,ORD-006455,2025-05-09,payment,debit_card,25287.29,failed
PAY-0006456,ORD-006456,2026-07-23,payment,net_banking,7985.85,successful
PAY-0006457,ORD-006457,2026-03-29,payment,net_banking,7438.97,successful
PAY-0006458,ORD-006458,2026-07-20,payment,wallet,15114.38,successful
PAY-0006459,ORD-006459,2026-02-09,payment,debit_card,8164.9,successful
PAY-0006460,ORD-006460,2025-06-26,payment,net_banking,8130.39,successful
PAY-0006461,ORD-006461,2025-11-06,payment,credit_card,6951.71,successful
PAY-0006462,ORD-006462,2026-07-15,payment,upi,17267.52,successful
PAY-0006463,ORD-006463,2026-06-30,payment,credit_card,31469.76,pending
PAY-0006464,ORD-006464,2025-03-21,payment,net_banking,86340.78,successful
PAY-0006465,ORD-006465,2026-07-24,payment,upi,4163.72,successful
PAY-0006466,ORD-006466,2026-07-18,payment,debit_card,9934.71,successful
PAY-0006467,ORD-006467,2026-02-15,payment,net_banking,36574.68,failed
PAY-0006468,ORD-006468,2025-04-16,payment,credit_card,39659.52,successful
PAY-0006469,ORD-006469,2025-12-05,payment,wallet,31785.91,successful
PAY-0006470,ORD-006470,2025-09-15,payment,debit_card,16779.8,successful
PAY-0006471,ORD-006471,2025-03-13,payment,credit_card,46462.12,successful
PAY-0006472,ORD-006472,2026-07-22,payment,debit_card,12333.57,successful
PAY-0006473,ORD-006473,2025-12-15,payment,wallet,34574.59,successful
PAY-0006474,ORD-006474,2025-02-25,payment,upi,20246.99,pending
PAY-0006475,ORD-006475,2026-05-02,payment,debit_card,30841.9,successful
PAY-0006476,ORD-006476,2026-07-11,payment,net_banking,12963.0,successful
PAY-0006477,ORD-006477,2025-09-13,payment,upi,6889.9,successful
PAY-0006478,ORD-006478,2025-10-13,payment,debit_card,4292.89,successful
PAY-0006479,ORD-006479,2025-03-24,payment,wallet,8736.78,successful
PAY-0006480,ORD-006480,2025-03-06,payment,wallet,22041.27,successful
PAY-0006481,ORD-006481,2026-07-23,payment,upi,4079.66,failed
PAY-0006482,ORD-006482,2026-07-18,payment,wallet,7563.78,successful
PAY-0006483,ORD-006483,2026-06-11,payment,debit_card,5504.06,successful
PAY-0006484,ORD-006484,2026-03-10,payment,wallet,7850.73,pending
PAY-0006485,ORD-006485,2026-04-11,payment,credit_card,25183.19,successful
PAY-0006486,ORD-006486,2026-05-24,payment,upi,13149.93,successful
PAY-0006487,ORD-006487,2026-04-05,payment,credit_card,12784.26,successful
PAY-0006488,ORD-006488,2026-05-17,payment,net_banking,13497.37,successful
PAY-0006489,ORD-006489,2025-11-09,payment,wallet,4653.52,successful
PAY-0006490,ORD-006490,2025-01-09,payment,debit_card,9514.04,successful
PAY-0006491,ORD-006491,2025-12-03,payment,credit_card,15960.42,successful
PAY-0006492,ORD-006492,2025-06-02,payment,wallet,7166.64,successful
PAY-0006493,ORD-006493,2026-07-22,payment,net_banking,57197.99,successful
PAY-0006494,ORD-006494,2025-07-14,payment,credit_card,39384.84,successful
PAY-0006495,ORD-006495,2025-09-13,payment,credit_card,6094.78,pending
PAY-0006496,ORD-006496,2026-02-02,payment,upi,28269.64,successful
PAY-0006497,ORD-006497,2026-07-12,payment,debit_card,7168.74,successful
PAY-0006498,ORD-006498,2025-04-06,payment,credit_card,11044.16,successful
PAY-0006499,ORD-006499,2026-03-27,payment,upi,4578.32,successful
PAY-0006500,ORD-006500,2026-03-25,payment,net_banking,12305.35,successful
PAY-0006501,ORD-006501,2025-10-03,payment,upi,31496.89,successful
PAY-0006502,ORD-006502,2026-04-16,payment,upi,9923.19,successful
PAY-0006503,ORD-006503,2026-06-12,payment,wallet,12115.97,successful
PAY-0006504,ORD-006504,2025-04-10,payment,upi,14543.39,successful
PAY-0006505,ORD-006505,2026-07-27,payment,wallet,367.34,successful
PAY-0006506,ORD-006506,2026-06-23,payment,net_banking,5201.61,successful
PAY-0006507,ORD-006507,2026-06-20,payment,wallet,3197.74,failed
PAY-0006508,ORD-006508,2026-04-10,payment,wallet,37074.75,successful
PAY-0006509,ORD-006509,2025-08-02,payment,debit_card,34572.7,successful
PAY-0006510,ORD-006510,2026-02-03,payment,debit_card,22918.82,successful
PAY-0006511,ORD-006511,2026-01-09,payment,credit_card,37830.74,failed
PAY-0006512,ORD-006512,2026-06-29,payment,debit_card,1513.27,successful
PAY-0006513,ORD-006513,2026-07-01,payment,net_banking,31759.98,successful
PAY-0006514,ORD-006514,2026-04-20,payment,upi,15367.1,successful
PAY-0006515,ORD-006515,2026-02-24,payment,upi,43016.79,successful
PAY-0006516,ORD-006516,2025-12-24,payment,upi,43001.18,successful
PAY-0006517,ORD-006517,2025-07-18,payment,wallet,53181.08,successful
PAY-0006518,ORD-006518,2025-08-25,payment,debit_card,1398.11,successful
PAY-0006519,ORD-006519,2025-10-26,payment,wallet,20323.73,successful
PAY-0006520,ORD-006520,2026-04-20,payment,wallet,12037.33,successful
PAY-0006521,ORD-006521,2025-08-16,payment,upi,16964.58,successful
PAY-0006522,ORD-006522,2026-06-21,payment,debit_card,39222.7,successful
PAY-0006523,ORD-006523,2025-12-11,payment,debit_card,10451.5,successful
PAY-0006524,ORD-006524,2025-02-16,payment,credit_card,18922.88,successful
PAY-0006525,ORD-006525,2026-01-11,payment,wallet,5406.54,successful
PAY-0006526,ORD-006526,2026-07-09,payment,net_banking,14130.42,pending
PAY-0006527,ORD-006527,2026-06-11,payment,credit_card,22129.28,successful
PAY-0006528,ORD-006528,2026-07-12,payment,upi,27570.65,successful
PAY-0006529,ORD-006529,2026-03-24,payment,wallet,13305.95,successful
PAY-0006530,ORD-006530,2026-06-02,payment,wallet,20557.82,successful
PAY-0006531,ORD-006531,2025-12-13,payment,wallet,34702.64,successful
PAY-0006532,ORD-006532,2026-07-20,payment,wallet,2260.11,successful
PAY-0006533,ORD-006533,2026-07-31,payment,upi,19848.59,successful
PAY-0006534,ORD-006534,2025-09-08,payment,upi,5791.91,successful
PAY-0006535,ORD-006535,2025-08-05,payment,wallet,18379.26,successful
PAY-0006536,ORD-006536,2026-07-16,payment,credit_card,26817.35,successful
PAY-0006537,ORD-006537,2026-07-19,payment,debit_card,7903.84,failed
PAY-0006538,ORD-006538,2025-04-11,payment,net_banking,18053.92,successful
PAY-0006539,ORD-006539,2026-07-27,payment,net_banking,14468.18,successful
PAY-0006540,ORD-006540,2026-04-17,payment,credit_card,21015.1,successful
PAY-0006541,ORD-006541,2025-02-09,payment,credit_card,12078.69,successful
PAY-0006542,ORD-006542,2026-05-01,payment,debit_card,3942.06,pending
PAY-0006543,ORD-006543,2026-01-06,payment,upi,4090.05,successful
PAY-0006544,ORD-006544,2026-07-19,payment,debit_card,25687.81,failed
PAY-0006545,ORD-006545,2026-03-17,payment,wallet,19543.03,failed
PAY-0006546,ORD-006546,2026-07-30,payment,net_banking,26020.82,failed
PAY-0006547,ORD-006547,2025-01-28,payment,upi,5269.62,successful
PAY-0006548,ORD-006548,2025-04-24,payment,wallet,9290.67,successful
PAY-0006549,ORD-006549,2025-09-16,payment,credit_card,39053.81,successful
PAY-0006550,ORD-006550,2026-04-25,payment,upi,18100.93,successful
PAY-0006551,ORD-006551,2025-05-11,payment,debit_card,7890.37,successful
PAY-0006552,ORD-006552,2025-06-07,payment,debit_card,36342.47,successful
PAY-0006553,ORD-006553,2026-02-22,payment,credit_card,24586.02,successful
PAY-0006554,ORD-006554,2025-04-04,payment,credit_card,10486.97,successful
PAY-0006555,ORD-006555,2025-06-01,payment,credit_card,19184.83,successful
PAY-0006556,ORD-006556,2025-11-12,payment,credit_card,32315.11,successful
PAY-0006557,ORD-006557,2026-07-10,payment,wallet,11350.73,pending
PAY-0006558,ORD-006558,2026-06-25,payment,wallet,30312.75,successful
PAY-0006559,ORD-006559,2025-12-29,payment,net_banking,13850.01,successful
PAY-0006560,ORD-006560,2026-06-18,payment,credit_card,50940.72,successful
PAY-0006561,ORD-006561,2025-08-27,payment,upi,2348.99,successful
PAY-0006562,ORD-006562,2026-06-07,payment,net_banking,13435.96,successful
PAY-0006563,ORD-006563,2025-10-21,payment,wallet,10328.74,failed
PAY-0006564,ORD-006564,2026-07-25,payment,wallet,5708.57,successful
PAY-0006565,ORD-006565,2026-02-03,payment,upi,3047.17,successful
PAY-0006566,ORD-006566,2026-04-12,payment,debit_card,7422.26,failed
PAY-0006567,ORD-006567,2025-08-02,payment,credit_card,7469.26,successful
PAY-0006568,ORD-006568,2026-04-11,payment,net_banking,10053.59,successful
PAY-0006569,ORD-006569,2026-04-27,payment,net_banking,28761.23,successful
PAY-0006570,ORD-006570,2025-09-29,payment,debit_card,8239.29,successful
PAY-0006571,ORD-006571,2026-03-21,payment,wallet,17568.78,successful
PAY-0006572,ORD-006572,2026-07-24,payment,net_banking,22972.33,pending
PAY-0006573,ORD-006573,2026-02-24,payment,credit_card,16295.87,failed
PAY-0006574,ORD-006574,2026-01-26,payment,debit_card,8770.41,successful
PAY-0006575,ORD-006575,2026-05-06,payment,net_banking,3114.61,successful
PAY-0006576,ORD-006576,2025-09-25,payment,upi,15264.6,successful
PAY-0006577,ORD-006577,2025-08-02,payment,net_banking,26033.25,failed
PAY-0006578,ORD-006578,2025-10-23,payment,upi,1065.11,successful
PAY-0006579,ORD-006579,2025-07-09,payment,upi,18458.66,successful
PAY-0006580,ORD-006580,2025-05-27,payment,wallet,34982.69,successful
PAY-0006581,ORD-006581,2025-07-28,payment,wallet,731.97,successful
PAY-0006582,ORD-006582,2025-10-16,payment,credit_card,2192.77,successful
PAY-0006583,ORD-006583,2025-10-28,payment,wallet,4137.27,successful
PAY-0006584,ORD-006584,2025-07-16,payment,net_banking,5461.44,successful
PAY-0006585,ORD-006585,2026-02-23,payment,debit_card,12142.67,successful
PAY-0006586,ORD-006586,2025-06-14,payment,debit_card,6246.46,successful
PAY-0006587,ORD-006587,2026-02-08,payment,debit_card,62941.13,successful
PAY-0006588,ORD-006588,2025-09-18,payment,upi,20282.41,successful
PAY-0006589,ORD-006589,2026-07-24,payment,credit_card,3542.91,successful
PAY-0006590,ORD-006590,2026-02-24,payment,wallet,12304.93,successful
PAY-0006591,ORD-006591,2025-11-18,payment,credit_card,7681.15,successful
PAY-0006592,ORD-006592,2025-09-05,payment,credit_card,12127.85,successful
PAY-0006593,ORD-006593,2026-04-28,payment,debit_card,23414.56,successful
PAY-0006594,ORD-006594,2025-09-03,payment,debit_card,6383.01,successful
PAY-0006595,ORD-006595,2026-04-09,payment,upi,36586.19,successful
PAY-0006596,ORD-006596,2026-06-14,payment,debit_card,25966.11,failed
PAY-0006597,ORD-006597,2026-06-05,payment,upi,34859.56,successful
PAY-0006598,ORD-006598,2026-07-13,payment,wallet,21477.35,successful
PAY-0006599,ORD-006599,2025-05-20,payment,net_banking,6101.97,successful
PAY-0006600,ORD-006600,2026-03-12,payment,credit_card,16357.7,failed
PAY-0006601,ORD-006601,2026-07-05,payment,wallet,22811.16,successful
PAY-0006602,ORD-006602,2025-08-23,payment,wallet,16489.93,successful
PAY-0006603,ORD-006603,2026-06-21,payment,upi,5845.45,successful
PAY-0006604,ORD-006604,2025-04-20,payment,credit_card,1735.29,successful
PAY-0006605,ORD-006605,2026-04-29,payment,debit_card,889.65,successful
PAY-0006606,ORD-006606,2026-04-13,payment,wallet,17880.61,successful
PAY-0006607,ORD-006607,2026-07-20,payment,debit_card,19238.68,successful
PAY-0006608,ORD-006608,2025-09-09,payment,upi,875.2,successful
PAY-0006609,ORD-006609,2025-02-13,payment,credit_card,20062.53,successful
PAY-0006610,ORD-006610,2026-01-13,payment,net_banking,15223.17,successful
PAY-0006611,ORD-006611,2026-01-06,payment,debit_card,27464.83,successful
PAY-0006612,ORD-006612,2026-05-20,payment,upi,31246.72,successful
PAY-0006613,ORD-006613,2026-06-05,payment,debit_card,23001.48,successful
PAY-0006614,ORD-006614,2026-07-20,payment,debit_card,2548.36,successful
PAY-0006615,ORD-006615,2025-04-18,payment,wallet,30670.29,failed
PAY-0006616,ORD-006616,2026-01-01,payment,upi,50134.15,failed
PAY-0006617,ORD-006617,2025-12-06,payment,upi,6412.64,successful
PAY-0006618,ORD-006618,2025-09-28,payment,net_banking,35228.99,successful
PAY-0006619,ORD-006619,2026-06-17,payment,debit_card,17137.41,successful
PAY-0006620,ORD-006620,2026-07-17,payment,net_banking,2487.19,successful
PAY-0006621,ORD-006621,2025-05-02,payment,net_banking,16861.78,successful
PAY-0006622,ORD-006622,2026-07-16,payment,credit_card,3789.1,successful
PAY-0006623,ORD-006623,2026-06-10,payment,wallet,10844.65,successful
PAY-0006624,ORD-006624,2026-02-11,payment,credit_card,10409.91,successful
PAY-0006625,ORD-006625,2025-08-09,payment,debit_card,15356.9,successful
PAY-0006626,ORD-006626,2026-06-02,payment,debit_card,10001.01,successful
PAY-0006627,ORD-006627,2025-12-05,payment,debit_card,4862.87,successful
PAY-0006628,ORD-006628,2026-06-24,payment,upi,12915.58,successful
PAY-0006629,ORD-006629,2026-07-06,payment,upi,14444.04,successful
PAY-0006630,ORD-006630,2026-07-18,payment,debit_card,13892.97,successful
PAY-0006631,ORD-006631,2026-03-31,payment,net_banking,1455.76,successful
PAY-0006632,ORD-006632,2025-02-17,payment,debit_card,8898.95,successful
PAY-0006633,ORD-006633,2026-05-11,payment,credit_card,38384.73,successful
PAY-0006634,ORD-006634,2026-07-30,payment,wallet,24465.81,pending
PAY-0006635,ORD-006635,2026-03-24,payment,wallet,12956.08,successful
PAY-0006636,ORD-006636,2026-07-10,payment,debit_card,6996.55,successful
PAY-0006637,ORD-006637,2026-02-28,payment,debit_card,22253.33,successful
PAY-0006638,ORD-006638,2026-07-09,payment,upi,3996.09,successful
PAY-0006639,ORD-006639,2025-02-05,payment,upi,18352.01,successful
PAY-0006640,ORD-006640,2025-08-27,payment,wallet,16906.82,successful
PAY-0006641,ORD-006641,2025-02-19,payment,debit_card,33295.16,failed
PAY-0006642,ORD-006642,2026-06-28,payment,wallet,52665.37,successful
PAY-0006643,ORD-006643,2026-05-21,payment,credit_card,21919.14,pending
PAY-0006644,ORD-006644,2026-07-06,payment,credit_card,26537.87,pending
PAY-0006645,ORD-006645,2025-05-10,payment,credit_card,10367.53,successful
PAY-0006646,ORD-006646,2026-07-21,payment,wallet,5965.91,successful
PAY-0006647,ORD-006647,2026-01-25,payment,upi,18229.16,successful
PAY-0006648,ORD-006648,2026-02-20,payment,net_banking,4603.44,successful
PAY-0006649,ORD-006649,2026-07-08,payment,net_banking,14749.99,pending
PAY-0006650,ORD-006650,2026-01-03,payment,debit_card,2606.51,successful
PAY-0006651,ORD-006651,2025-10-31,payment,wallet,15965.03,successful
PAY-0006652,ORD-006652,2026-05-04,payment,upi,8636.41,successful
PAY-0006653,ORD-006653,2025-12-07,payment,net_banking,10174.07,successful
PAY-0006654,ORD-006654,2025-10-14,payment,credit_card,14031.63,failed
PAY-0006655,ORD-006655,2026-04-29,payment,upi,37194.72,successful
PAY-0006656,ORD-006656,2026-02-13,payment,upi,16960.14,successful
PAY-0006657,ORD-006657,2026-06-19,payment,upi,5184.97,successful
PAY-0006658,ORD-006658,2026-07-16,payment,upi,7998.91,successful
PAY-0006659,ORD-006659,2026-07-14,payment,credit_card,4932.71,successful
PAY-0006660,ORD-006660,2025-03-25,payment,debit_card,4300.13,successful
PAY-0006661,ORD-006661,2025-03-22,payment,wallet,12627.66,successful
PAY-0006662,ORD-006662,2025-02-25,payment,wallet,14321.87,pending
PAY-0006663,ORD-006663,2025-06-10,payment,wallet,12636.61,successful
PAY-0006664,ORD-006664,2026-04-28,payment,upi,4690.0,successful
PAY-0006665,ORD-006665,2026-05-11,payment,debit_card,13978.09,successful
PAY-0006666,ORD-006666,2025-12-17,payment,wallet,16882.89,successful
PAY-0006667,ORD-006667,2025-09-19,payment,credit_card,24548.93,successful
PAY-0006668,ORD-006668,2026-07-15,payment,upi,15020.82,successful
PAY-0006669,ORD-006669,2026-05-25,payment,upi,30402.85,successful
PAY-0006670,ORD-006670,2026-05-29,payment,debit_card,6646.07,successful
PAY-0006671,ORD-006671,2026-06-03,payment,credit_card,7996.71,successful
PAY-0006672,ORD-006672,2026-03-07,payment,upi,4006.7,successful
PAY-0006673,ORD-006673,2026-07-13,payment,net_banking,16526.73,successful
PAY-0006674,ORD-006674,2025-08-16,payment,credit_card,26558.06,successful
PAY-0006675,ORD-006675,2026-06-11,payment,net_banking,47989.54,pending
PAY-0006676,ORD-006676,2025-05-28,payment,upi,15983.45,successful
PAY-0006677,ORD-006677,2025-06-23,payment,wallet,13445.78,successful
PAY-0006678,ORD-006678,2026-05-30,payment,wallet,6610.35,successful
PAY-0006679,ORD-006679,2025-11-28,payment,upi,35158.89,successful
PAY-0006680,ORD-006680,2025-12-12,payment,net_banking,489.88,successful
PAY-0006681,ORD-006681,2026-02-21,payment,credit_card,61953.08,successful
PAY-0006682,ORD-006682,2025-06-10,payment,net_banking,2707.79,successful
PAY-0006683,ORD-006683,2025-08-29,payment,wallet,18309.45,successful
PAY-0006684,ORD-006684,2025-11-05,payment,debit_card,50516.3,successful
PAY-0006685,ORD-006685,2026-06-07,payment,credit_card,12593.54,successful
PAY-0006686,ORD-006686,2026-05-01,payment,debit_card,2140.24,successful
PAY-0006687,ORD-006687,2025-10-07,payment,wallet,12161.0,successful
PAY-0006688,ORD-006688,2025-07-04,payment,credit_card,19283.42,pending
PAY-0006689,ORD-006689,2025-03-02,payment,wallet,19216.9,successful
PAY-0006690,ORD-006690,2025-01-06,payment,net_banking,15795.46,successful
PAY-0006691,ORD-006691,2026-01-25,payment,debit_card,15598.33,successful
PAY-0006692,ORD-006692,2026-06-29,payment,credit_card,8227.0,successful
PAY-0006693,ORD-006693,2025-08-02,payment,debit_card,3541.46,successful
PAY-0006694,ORD-006694,2025-01-24,payment,wallet,20861.17,successful
PAY-0006695,ORD-006695,2025-10-19,payment,upi,8175.03,successful
PAY-0006696,ORD-006696,2026-02-06,payment,credit_card,11946.98,successful
PAY-0006697,ORD-006697,2026-05-03,payment,net_banking,9031.26,successful
PAY-0006698,ORD-006698,2026-07-06,payment,debit_card,39923.74,successful
PAY-0006699,ORD-006699,2025-12-12,payment,debit_card,20506.21,successful
PAY-0006700,ORD-006700,2026-07-31,payment,net_banking,9678.31,successful
PAY-0006701,ORD-006701,2025-04-12,payment,credit_card,25300.5,successful
PAY-0006702,ORD-006702,2026-04-07,payment,wallet,10083.21,successful
PAY-0006703,ORD-006703,2025-10-27,payment,net_banking,4146.47,successful
PAY-0006704,ORD-006704,2026-03-14,payment,credit_card,7002.62,successful
PAY-0006705,ORD-006705,2026-06-18,payment,credit_card,16593.82,successful
PAY-0006706,ORD-006706,2025-10-12,payment,net_banking,6592.4,successful
PAY-0006707,ORD-006707,2026-03-04,payment,debit_card,17830.06,failed
PAY-0006708,ORD-006708,2025-06-09,payment,debit_card,7195.33,successful
PAY-0006709,ORD-006709,2025-03-03,payment,net_banking,6903.26,successful
PAY-0006710,ORD-006710,2026-05-31,payment,credit_card,4234.76,failed
PAY-0006711,ORD-006711,2026-06-28,payment,upi,5261.71,successful
PAY-0006712,ORD-006712,2026-02-15,payment,upi,5555.78,successful
PAY-0006713,ORD-006713,2025-11-04,payment,upi,10765.39,successful
PAY-0006714,ORD-006714,2025-08-22,payment,net_banking,36839.48,successful
PAY-0006715,ORD-006715,2026-05-05,payment,wallet,299.2,successful
PAY-0006716,ORD-006716,2026-06-27,payment,debit_card,32248.67,successful
PAY-0006717,ORD-006717,2025-09-08,payment,debit_card,39852.8,successful
PAY-0006718,ORD-006718,2026-04-26,payment,debit_card,10088.66,successful
PAY-0006719,ORD-006719,2025-10-01,payment,credit_card,23441.21,successful
PAY-0006720,ORD-006720,2025-10-29,payment,wallet,11362.87,successful
PAY-0006721,ORD-006721,2026-07-19,payment,upi,5494.82,successful
PAY-0006722,ORD-006722,2026-06-17,payment,net_banking,7350.77,successful
PAY-0006723,ORD-006723,2026-03-19,payment,net_banking,33134.31,pending
PAY-0006724,ORD-006724,2025-04-26,payment,upi,44958.37,successful
PAY-0006725,ORD-006725,2026-07-17,payment,debit_card,13403.11,successful
PAY-0006726,ORD-006726,2025-09-21,payment,upi,10525.25,pending
PAY-0006727,ORD-006727,2025-07-25,payment,net_banking,13555.55,successful
PAY-0006728,ORD-006728,2026-06-06,payment,net_banking,18243.02,successful
PAY-0006729,ORD-006729,2025-11-12,payment,upi,60821.41,successful
PAY-0006730,ORD-006730,2026-04-18,payment,net_banking,5806.78,successful
PAY-0006731,ORD-006731,2026-06-13,payment,debit_card,7162.92,successful
PAY-0006732,ORD-006732,2025-07-03,payment,upi,1073.92,successful
PAY-0006733,ORD-006733,2026-04-09,payment,credit_card,12817.28,successful
PAY-0006734,ORD-006734,2025-01-22,payment,credit_card,38850.26,failed
PAY-0006735,ORD-006735,2026-07-31,payment,credit_card,35744.01,successful
PAY-0006736,ORD-006736,2026-05-18,payment,net_banking,11908.76,successful
PAY-0006737,ORD-006737,2026-01-22,payment,credit_card,10918.16,successful
PAY-0006738,ORD-006738,2025-10-16,payment,net_banking,39375.17,successful
PAY-0006739,ORD-006739,2026-06-19,payment,wallet,4551.38,successful
PAY-0006740,ORD-006740,2026-06-24,payment,credit_card,25187.39,successful
PAY-0006741,ORD-006741,2025-01-11,payment,net_banking,53150.49,successful
PAY-0006742,ORD-006742,2025-08-11,payment,debit_card,15339.89,failed
PAY-0006743,ORD-006743,2025-10-01,payment,wallet,30163.36,failed
PAY-0006744,ORD-006744,2026-06-30,payment,debit_card,13109.62,successful
PAY-0006745,ORD-006745,2025-06-07,payment,wallet,11552.18,successful
PAY-0006746,ORD-006746,2026-03-03,payment,upi,9075.46,successful
PAY-0006747,ORD-006747,2026-04-24,payment,debit_card,21903.9,successful
PAY-0006748,ORD-006748,2026-07-09,payment,wallet,17213.75,successful
PAY-0006749,ORD-006749,2026-07-19,payment,debit_card,16278.05,successful
PAY-0006750,ORD-006750,2026-06-26,payment,credit_card,910.67,successful
PAY-0006751,ORD-006751,2025-09-19,payment,upi,23673.2,successful
PAY-0006752,ORD-006752,2026-01-08,payment,debit_card,20880.24,pending
PAY-0006753,ORD-006753,2025-05-24,payment,debit_card,10747.66,successful
PAY-0006754,ORD-006754,2026-04-25,payment,upi,17392.76,successful
PAY-0006755,ORD-006755,2026-07-05,payment,credit_card,5645.9,successful
PAY-0006756,ORD-006756,2026-02-22,payment,debit_card,17869.96,successful
PAY-0006757,ORD-006757,2025-09-03,payment,debit_card,6842.8,failed
PAY-0006758,ORD-006758,2026-04-27,payment,wallet,9270.46,successful
PAY-0006759,ORD-006759,2026-07-25,payment,credit_card,23780.22,successful
PAY-0006760,ORD-006760,2025-01-30,payment,upi,5561.09,successful
PAY-0006761,ORD-006761,2025-03-28,payment,upi,44907.64,failed
PAY-0006762,ORD-006762,2026-07-12,payment,net_banking,5357.33,successful
PAY-0006763,ORD-006763,2026-07-12,payment,wallet,12568.81,successful
PAY-0006764,ORD-006764,2026-07-31,payment,wallet,13959.05,successful
PAY-0006765,ORD-006765,2025-06-01,payment,upi,23630.29,successful
PAY-0006766,ORD-006766,2026-04-29,payment,upi,23517.41,successful
PAY-0006767,ORD-006767,2026-07-15,payment,upi,21275.33,failed
PAY-0006768,ORD-006768,2026-05-21,payment,upi,2409.32,successful
PAY-0006769,ORD-006769,2025-02-02,payment,net_banking,6575.48,successful
PAY-0006770,ORD-006770,2025-10-02,payment,upi,17911.63,successful
PAY-0006771,ORD-006771,2026-04-25,payment,wallet,781.64,successful
PAY-0006772,ORD-006772,2026-06-29,payment,upi,10204.72,successful
PAY-0006773,ORD-006773,2025-12-09,payment,wallet,4920.87,successful
PAY-0006774,ORD-006774,2025-07-22,payment,net_banking,18379.48,successful
PAY-0006775,ORD-006775,2025-09-11,payment,wallet,22146.58,successful
PAY-0006776,ORD-006776,2025-10-27,payment,credit_card,3579.32,successful
PAY-0006777,ORD-006777,2026-05-12,payment,upi,16770.28,successful
PAY-0006778,ORD-006778,2025-08-03,payment,wallet,70991.4,successful
PAY-0006779,ORD-006779,2025-12-21,payment,credit_card,20733.33,successful
PAY-0006780,ORD-006780,2026-07-03,payment,wallet,54224.34,successful
PAY-0006781,ORD-006781,2026-01-01,payment,net_banking,49508.62,successful
PAY-0006782,ORD-006782,2026-03-23,payment,credit_card,6737.03,successful
PAY-0006783,ORD-006783,2026-06-27,payment,upi,2498.51,successful
PAY-0006784,ORD-006784,2026-05-03,payment,wallet,1850.14,successful
PAY-0006785,ORD-006785,2025-09-08,payment,credit_card,5689.69,pending
PAY-0006786,ORD-006786,2026-06-07,payment,upi,19208.96,successful
PAY-0006787,ORD-006787,2025-01-29,payment,credit_card,4940.4,successful
PAY-0006788,ORD-006788,2025-11-15,payment,credit_card,21330.44,successful
PAY-0006789,ORD-006789,2026-06-20,payment,wallet,9613.42,pending
PAY-0006790,ORD-006790,2026-07-21,payment,upi,10604.52,successful
PAY-0006791,ORD-006791,2025-01-14,payment,credit_card,17187.76,successful
PAY-0006792,ORD-006792,2025-02-11,payment,upi,8385.85,failed
PAY-0006793,ORD-006793,2025-05-20,payment,credit_card,6904.56,successful
PAY-0006794,ORD-006794,2025-06-09,payment,net_banking,4642.03,successful
PAY-0006795,ORD-006795,2025-06-11,payment,wallet,24156.79,successful
PAY-0006796,ORD-006796,2025-08-29,payment,credit_card,14594.07,successful
PAY-0006797,ORD-006797,2025-07-03,payment,wallet,22384.64,successful
PAY-0006798,ORD-006798,2025-12-03,payment,debit_card,29746.49,successful
PAY-0006799,ORD-006799,2026-07-25,payment,upi,6977.61,successful
PAY-0006800,ORD-006800,2025-11-25,payment,debit_card,30479.93,successful
PAY-0006801,ORD-006801,2025-07-11,payment,upi,441.18,successful
PAY-0006802,ORD-006802,2026-02-08,payment,upi,12276.73,successful
PAY-0006803,ORD-006803,2026-05-20,payment,net_banking,2506.3,successful
PAY-0006804,ORD-006804,2026-06-04,payment,wallet,29597.16,successful
PAY-0006805,ORD-006805,2026-07-01,payment,debit_card,12734.83,successful
PAY-0006806,ORD-006806,2025-06-19,payment,debit_card,52191.65,successful
PAY-0006807,ORD-006807,2026-06-14,payment,credit_card,21393.79,successful
PAY-0006808,ORD-006808,2026-06-14,payment,credit_card,8440.29,failed
PAY-0006809,ORD-006809,2026-04-03,payment,net_banking,35214.23,successful
PAY-0006810,ORD-006810,2026-04-27,payment,debit_card,40188.31,successful
PAY-0006811,ORD-006811,2025-03-29,payment,debit_card,13399.97,pending
PAY-0006812,ORD-006812,2025-10-11,payment,credit_card,10390.37,successful
PAY-0006813,ORD-006813,2025-01-26,payment,credit_card,2995.05,failed
PAY-0006814,ORD-006814,2026-07-28,payment,net_banking,53895.25,successful
PAY-0006815,ORD-006815,2026-01-11,payment,wallet,9355.84,successful
PAY-0006816,ORD-006816,2025-06-25,payment,net_banking,33531.51,successful
PAY-0006817,ORD-006817,2025-01-06,payment,wallet,4803.92,successful
PAY-0006818,ORD-006818,2026-01-27,payment,wallet,576.63,successful
PAY-0006819,ORD-006819,2026-07-19,payment,net_banking,14355.11,successful
PAY-0006820,ORD-006820,2026-03-31,payment,debit_card,18321.52,successful
PAY-0006821,ORD-006821,2025-08-02,payment,upi,14702.51,failed
PAY-0006822,ORD-006822,2025-10-03,payment,credit_card,9849.15,successful
PAY-0006823,ORD-006823,2025-04-25,payment,upi,5753.89,successful
PAY-0006824,ORD-006824,2025-03-30,payment,wallet,7224.13,successful
PAY-0006825,ORD-006825,2025-05-06,payment,upi,6220.31,successful
PAY-0006826,ORD-006826,2026-03-15,payment,upi,33825.69,successful
PAY-0006827,ORD-006827,2026-07-01,payment,net_banking,10422.85,successful
PAY-0006828,ORD-006828,2026-05-12,payment,debit_card,19561.84,successful
PAY-0006829,ORD-006829,2026-02-06,payment,debit_card,836.84,successful
PAY-0006830,ORD-006830,2026-07-02,payment,debit_card,5094.57,successful
PAY-0006831,ORD-006831,2025-10-14,payment,credit_card,2073.07,successful
PAY-0006832,ORD-006832,2025-12-14,payment,credit_card,2002.67,successful
PAY-0006833,ORD-006833,2026-01-02,payment,credit_card,37075.67,successful
PAY-0006834,ORD-006834,2026-01-13,payment,credit_card,17741.35,successful
PAY-0006835,ORD-006835,2025-10-11,payment,credit_card,14314.11,successful
PAY-0006836,ORD-006836,2026-05-23,payment,debit_card,6843.14,successful
PAY-0006837,ORD-006837,2025-07-03,payment,credit_card,25924.95,successful
PAY-0006838,ORD-006838,2026-05-06,payment,net_banking,12541.12,successful
PAY-0006839,ORD-006839,2026-05-21,payment,credit_card,19615.72,failed
PAY-0006840,ORD-006840,2025-09-09,payment,net_banking,14721.02,successful
PAY-0006841,ORD-006841,2026-02-15,payment,credit_card,7355.29,successful
PAY-0006842,ORD-006842,2026-02-19,payment,debit_card,29075.72,successful
PAY-0006843,ORD-006843,2026-03-30,payment,net_banking,23779.93,successful
PAY-0006844,ORD-006844,2026-07-29,payment,net_banking,12412.09,successful
PAY-0006845,ORD-006845,2026-02-28,payment,debit_card,27751.05,successful
PAY-0006846,ORD-006846,2026-04-17,payment,net_banking,838.79,successful
PAY-0006847,ORD-006847,2026-06-03,payment,net_banking,14415.95,successful
PAY-0006848,ORD-006848,2025-12-18,payment,net_banking,11201.08,successful
PAY-0006849,ORD-006849,2026-06-10,payment,credit_card,12517.83,successful
PAY-0006850,ORD-006850,2026-04-27,payment,net_banking,1743.01,successful
PAY-0006851,ORD-006851,2026-04-22,payment,net_banking,23568.64,successful
PAY-0006852,ORD-006852,2026-05-23,payment,credit_card,16676.68,successful
PAY-0006853,ORD-006853,2025-10-30,payment,net_banking,19458.86,successful
PAY-0006854,ORD-006854,2025-03-26,payment,upi,23820.11,successful
PAY-0006855,ORD-006855,2026-04-11,payment,net_banking,4950.89,successful
PAY-0006856,ORD-006856,2025-07-08,payment,debit_card,24838.58,successful
PAY-0006857,ORD-006857,2026-04-03,payment,upi,23611.03,successful
PAY-0006858,ORD-006858,2025-03-13,payment,wallet,11862.6,successful
PAY-0006859,ORD-006859,2025-10-24,payment,debit_card,12065.22,successful
PAY-0006860,ORD-006860,2025-03-14,payment,wallet,3376.82,successful
PAY-0006861,ORD-006861,2025-02-26,payment,wallet,19016.94,pending
PAY-0006862,ORD-006862,2025-01-13,payment,debit_card,9788.16,successful
PAY-0006863,ORD-006863,2025-06-20,payment,debit_card,28886.49,successful
PAY-0006864,ORD-006864,2026-07-28,payment,upi,13378.24,failed
PAY-0006865,ORD-006865,2026-05-14,payment,credit_card,12558.61,successful
PAY-0006866,ORD-006866,2026-03-14,payment,wallet,23172.79,pending
PAY-0006867,ORD-006867,2026-04-07,payment,net_banking,28923.71,successful
PAY-0006868,ORD-006868,2026-04-26,payment,net_banking,20497.4,successful
PAY-0006869,ORD-006869,2026-02-12,payment,credit_card,3465.19,successful
PAY-0006870,ORD-006870,2026-07-12,payment,wallet,10030.09,successful
PAY-0006871,ORD-006871,2025-08-31,payment,debit_card,3781.4,successful
PAY-0006872,ORD-006872,2025-07-07,payment,credit_card,7130.83,successful
PAY-0006873,ORD-006873,2025-08-21,payment,net_banking,20855.15,successful
PAY-0006874,ORD-006874,2026-02-14,payment,upi,40206.18,pending
PAY-0006875,ORD-006875,2025-01-16,payment,net_banking,59710.5,successful
PAY-0006876,ORD-006876,2026-05-20,payment,credit_card,20435.77,successful
PAY-0006877,ORD-006877,2025-11-26,payment,wallet,10448.81,failed
PAY-0006878,ORD-006878,2026-06-15,payment,net_banking,12953.04,failed
PAY-0006879,ORD-006879,2026-07-30,payment,debit_card,23758.08,failed
PAY-0006880,ORD-006880,2026-06-11,payment,net_banking,1144.46,successful
PAY-0006881,ORD-006881,2025-12-01,payment,credit_card,9249.74,pending
PAY-0006882,ORD-006882,2025-10-24,payment,debit_card,43346.46,successful
PAY-0006883,ORD-006883,2026-06-30,payment,net_banking,47611.47,successful
PAY-0006884,ORD-006884,2025-06-19,payment,credit_card,20068.9,successful
PAY-0006885,ORD-006885,2026-04-19,payment,credit_card,35609.3,successful
PAY-0006886,ORD-006886,2026-07-11,payment,credit_card,2347.47,failed
PAY-0006887,ORD-006887,2025-12-16,payment,upi,1759.46,successful
PAY-0006888,ORD-006888,2025-07-31,payment,wallet,26995.37,successful
PAY-0006889,ORD-006889,2025-12-25,payment,net_banking,1873.13,successful
PAY-0006890,ORD-006890,2026-04-23,payment,wallet,25971.54,successful
PAY-0006891,ORD-006891,2026-03-16,payment,wallet,5701.09,successful
PAY-0006892,ORD-006892,2025-04-23,payment,credit_card,36443.2,successful
PAY-0006893,ORD-006893,2026-02-17,payment,credit_card,8913.18,successful
PAY-0006894,ORD-006894,2026-02-25,payment,net_banking,59418.31,successful
PAY-0006895,ORD-006895,2026-07-12,payment,credit_card,14724.98,successful
PAY-0006896,ORD-006896,2026-04-09,payment,credit_card,28303.68,successful
PAY-0006897,ORD-006897,2025-04-07,payment,wallet,18358.19,successful
PAY-0006898,ORD-006898,2025-03-02,payment,wallet,10241.39,pending
PAY-0006899,ORD-006899,2026-05-29,payment,upi,24580.01,successful
PAY-0006900,ORD-006900,2025-09-18,payment,wallet,2441.68,successful
PAY-0006901,ORD-006901,2026-03-27,payment,debit_card,13029.18,successful
PAY-0006902,ORD-006902,2026-05-08,payment,net_banking,571.61,successful
PAY-0006903,ORD-006903,2025-06-23,payment,upi,6614.58,successful
PAY-0006904,ORD-006904,2026-03-19,payment,wallet,21143.25,successful
PAY-0006905,ORD-006905,2026-06-05,payment,debit_card,17488.92,successful
PAY-0006906,ORD-006906,2026-02-25,payment,credit_card,14229.4,successful
PAY-0006907,ORD-006907,2026-05-10,payment,wallet,6044.42,successful
PAY-0006908,ORD-006908,2026-02-26,payment,upi,14507.89,successful
PAY-0006909,ORD-006909,2026-07-02,payment,wallet,9694.51,failed
PAY-0006910,ORD-006910,2025-11-02,payment,wallet,15501.97,successful
PAY-0006911,ORD-006911,2026-04-28,payment,debit_card,6745.4,successful
PAY-0006912,ORD-006912,2026-04-27,payment,wallet,52337.22,pending
PAY-0006913,ORD-006913,2026-06-23,payment,net_banking,24475.82,pending
PAY-0006914,ORD-006914,2026-04-03,payment,credit_card,1485.63,successful
PAY-0006915,ORD-006915,2026-06-19,payment,net_banking,24667.29,successful
PAY-0006916,ORD-006916,2026-07-16,payment,credit_card,9149.17,successful
PAY-0006917,ORD-006917,2026-03-16,payment,upi,11181.56,pending
PAY-0006918,ORD-006918,2026-05-31,payment,wallet,26285.21,successful
PAY-0006919,ORD-006919,2025-11-13,payment,debit_card,5222.41,successful
PAY-0006920,ORD-006920,2026-06-16,payment,credit_card,26640.29,successful
PAY-0006921,ORD-006921,2026-05-24,payment,upi,13206.85,successful
PAY-0006922,ORD-006922,2026-03-25,payment,upi,17609.46,successful
PAY-0006923,ORD-006923,2026-06-11,payment,wallet,6947.3,failed
PAY-0006924,ORD-006924,2025-09-29,payment,upi,17730.47,successful
PAY-0006925,ORD-006925,2025-12-13,payment,wallet,9378.79,successful
PAY-0006926,ORD-006926,2026-06-12,payment,net_banking,26669.17,successful
PAY-0006927,ORD-006927,2026-04-29,payment,net_banking,10326.4,successful
PAY-0006928,ORD-006928,2025-06-28,payment,credit_card,24383.23,failed
PAY-0006929,ORD-006929,2026-06-05,payment,wallet,20417.25,successful
PAY-0006930,ORD-006930,2025-03-11,payment,credit_card,15946.96,failed
PAY-0006931,ORD-006931,2025-12-21,payment,wallet,13684.79,successful
PAY-0006932,ORD-006932,2026-03-07,payment,net_banking,24462.49,failed
PAY-0006933,ORD-006933,2026-05-01,payment,debit_card,4652.88,successful
PAY-0006934,ORD-006934,2026-07-15,payment,upi,3895.46,successful
PAY-0006935,ORD-006935,2025-04-25,payment,debit_card,2969.93,successful
PAY-0006936,ORD-006936,2026-02-05,payment,upi,14443.08,successful
PAY-0006937,ORD-006937,2026-07-28,payment,upi,29438.06,successful
PAY-0006938,ORD-006938,2026-07-24,payment,credit_card,35769.95,successful
PAY-0006939,ORD-006939,2026-02-21,payment,net_banking,19672.61,successful
PAY-0006940,ORD-006940,2025-07-27,payment,debit_card,24404.34,successful
PAY-0006941,ORD-006941,2026-07-31,payment,upi,25391.35,successful
PAY-0006942,ORD-006942,2025-11-24,payment,upi,13423.59,successful
PAY-0006943,ORD-006943,2026-04-10,payment,upi,6502.93,failed
PAY-0006944,ORD-006944,2026-03-01,payment,net_banking,12870.84,successful
PAY-0006945,ORD-006945,2026-07-05,payment,debit_card,11087.66,successful
PAY-0006946,ORD-006946,2026-06-26,payment,credit_card,19447.34,successful
PAY-0006947,ORD-006947,2025-12-13,payment,credit_card,24925.55,successful
PAY-0006948,ORD-006948,2025-05-21,payment,credit_card,19142.4,successful
PAY-0006949,ORD-006949,2025-10-04,payment,net_banking,21471.34,successful
PAY-0006950,ORD-006950,2026-07-17,payment,credit_card,8300.93,successful
PAY-0006951,ORD-006951,2026-04-08,payment,debit_card,28174.33,successful
PAY-0006952,ORD-006952,2026-04-08,payment,wallet,19118.96,successful
PAY-0006953,ORD-006953,2026-06-30,payment,upi,13168.95,successful
PAY-0006954,ORD-006954,2026-03-28,payment,wallet,15921.32,successful
PAY-0006955,ORD-006955,2026-07-06,payment,net_banking,12842.46,pending
PAY-0006956,ORD-006956,2026-04-23,payment,net_banking,20646.44,successful
PAY-0006957,ORD-006957,2026-06-12,payment,upi,1139.1,successful
PAY-0006958,ORD-006958,2026-05-11,payment,net_banking,2532.63,successful
PAY-0006959,ORD-006959,2025-01-12,payment,upi,16046.16,successful
PAY-0006960,ORD-006960,2026-03-04,payment,upi,12468.84,successful
PAY-0006961,ORD-006961,2025-12-04,payment,debit_card,19820.5,successful
PAY-0006962,ORD-006962,2025-07-30,payment,wallet,20054.74,successful
PAY-0006963,ORD-006963,2026-02-16,payment,debit_card,25310.95,successful
PAY-0006964,ORD-006964,2026-04-23,payment,upi,10914.43,successful
PAY-0006965,ORD-006965,2025-02-20,payment,net_banking,21070.85,failed
PAY-0006966,ORD-006966,2026-04-21,payment,upi,10966.13,successful
PAY-0006967,ORD-006967,2025-08-29,payment,upi,4940.48,successful
PAY-0006968,ORD-006968,2025-11-23,payment,net_banking,27858.51,successful
PAY-0006969,ORD-006969,2026-07-05,payment,debit_card,2307.84,successful
PAY-0006970,ORD-006970,2026-07-30,payment,wallet,9724.55,successful
PAY-0006971,ORD-006971,2025-08-14,payment,wallet,13895.28,successful
PAY-0006972,ORD-006972,2026-07-14,payment,wallet,19544.63,successful
PAY-0006973,ORD-006973,2026-01-10,payment,wallet,2347.23,successful
PAY-0006974,ORD-006974,2026-07-24,payment,credit_card,43483.74,successful
PAY-0006975,ORD-006975,2025-09-01,payment,upi,14736.01,successful
PAY-0006976,ORD-006976,2026-04-14,payment,wallet,11659.69,failed
PAY-0006977,ORD-006977,2025-12-14,payment,debit_card,2817.31,successful
PAY-0006978,ORD-006978,2026-07-23,payment,credit_card,24013.79,successful
PAY-0006979,ORD-006979,2025-11-23,payment,credit_card,44478.14,successful
PAY-0006980,ORD-006980,2025-10-18,payment,credit_card,35491.45,successful
PAY-0006981,ORD-006981,2026-01-05,payment,upi,7330.67,failed
PAY-0006982,ORD-006982,2025-08-05,payment,credit_card,37311.15,successful
PAY-0006983,ORD-006983,2025-09-11,payment,wallet,23553.81,successful
PAY-0006984,ORD-006984,2025-09-23,payment,wallet,12341.11,successful
PAY-0006985,ORD-006985,2026-03-17,payment,debit_card,16228.88,successful
PAY-0006986,ORD-006986,2025-01-27,payment,debit_card,11079.35,failed
PAY-0006987,ORD-006987,2026-07-12,payment,upi,32632.11,successful
PAY-0006988,ORD-006988,2025-12-09,payment,credit_card,10427.61,failed
PAY-0006989,ORD-006989,2026-05-04,payment,wallet,2415.64,successful
PAY-0006990,ORD-006990,2026-07-02,payment,credit_card,4472.2,successful
PAY-0006991,ORD-006991,2025-09-07,payment,debit_card,27786.31,successful
PAY-0006992,ORD-006992,2025-03-05,payment,debit_card,53076.98,successful
PAY-0006993,ORD-006993,2025-11-16,payment,debit_card,37645.12,successful
PAY-0006994,ORD-006994,2025-05-28,payment,upi,18909.77,failed
PAY-0006995,ORD-006995,2025-04-28,payment,net_banking,2404.95,successful
PAY-0006996,ORD-006996,2026-04-27,payment,wallet,25295.64,successful
PAY-0006997,ORD-006997,2026-07-17,payment,upi,63212.94,successful
PAY-0006998,ORD-006998,2026-06-13,payment,wallet,24903.75,successful
PAY-0006999,ORD-006999,2025-03-21,payment,wallet,41830.17,failed
PAY-0007000,ORD-007000,2026-07-26,payment,debit_card,9500.82,successful
PAY-0007001,ORD-007001,2026-05-31,payment,net_banking,21129.93,successful
PAY-0007002,ORD-007002,2025-07-09,payment,upi,6577.14,failed
PAY-0007003,ORD-007003,2025-07-29,payment,credit_card,4471.2,successful
PAY-0007004,ORD-007004,2026-07-31,payment,net_banking,4818.58,successful
PAY-0007005,ORD-007005,2026-02-14,payment,wallet,17169.09,successful
PAY-0007006,ORD-007006,2025-04-10,payment,debit_card,26685.11,successful
PAY-0007007,ORD-007007,2026-07-29,payment,debit_card,6289.08,successful
PAY-0007008,ORD-007008,2025-03-17,payment,upi,23466.19,successful
PAY-0007009,ORD-007009,2025-11-18,payment,net_banking,31099.42,failed
PAY-0007010,ORD-007010,2026-07-08,payment,credit_card,12712.46,successful
PAY-0007011,ORD-007011,2025-11-02,payment,credit_card,1855.18,failed
PAY-0007012,ORD-007012,2025-09-15,payment,debit_card,8378.05,pending
PAY-0007013,ORD-007013,2026-06-19,payment,net_banking,9109.36,successful
PAY-0007014,ORD-007014,2026-04-04,payment,upi,37774.36,pending
PAY-0007015,ORD-007015,2026-07-12,payment,credit_card,19482.51,successful
PAY-0007016,ORD-007016,2025-06-13,payment,net_banking,20820.53,successful
PAY-0007017,ORD-007017,2026-05-21,payment,net_banking,19555.66,pending
PAY-0007018,ORD-007018,2025-05-04,payment,credit_card,14648.52,failed
PAY-0007019,ORD-007019,2026-04-10,payment,debit_card,1841.3,successful
PAY-0007020,ORD-007020,2026-01-23,payment,upi,24296.22,successful
PAY-0007021,ORD-007021,2026-03-21,payment,credit_card,8230.87,successful
PAY-0007022,ORD-007022,2025-03-08,payment,wallet,8112.08,successful
PAY-0007023,ORD-007023,2026-05-23,payment,debit_card,34436.22,successful
PAY-0007024,ORD-007024,2025-06-10,payment,wallet,6195.83,successful
PAY-0007025,ORD-007025,2025-12-12,payment,debit_card,27209.18,successful
PAY-0007026,ORD-007026,2025-04-06,payment,wallet,2707.71,successful
PAY-0007027,ORD-007027,2026-06-25,payment,debit_card,6343.53,successful
PAY-0007028,ORD-007028,2025-07-04,payment,debit_card,3484.35,successful
PAY-0007029,ORD-007029,2026-07-20,payment,debit_card,10458.82,successful
PAY-0007030,ORD-007030,2026-03-18,payment,net_banking,2551.61,successful
PAY-0007031,ORD-007031,2025-11-14,payment,debit_card,7382.53,successful
PAY-0007032,ORD-007032,2025-03-30,payment,net_banking,36771.44,successful
PAY-0007033,ORD-007033,2026-04-09,payment,net_banking,18777.22,successful
PAY-0007034,ORD-007034,2025-12-20,payment,wallet,21564.02,successful
PAY-0007035,ORD-007035,2026-03-10,payment,wallet,5613.43,successful
PAY-0007036,ORD-007036,2026-02-06,payment,wallet,16783.64,successful
PAY-0007037,ORD-007037,2025-05-24,payment,debit_card,9416.02,successful
PAY-0007038,ORD-007038,2026-07-18,payment,net_banking,3629.69,successful
PAY-0007039,ORD-007039,2026-03-16,payment,debit_card,16494.11,failed
PAY-0007040,ORD-007040,2025-12-01,payment,net_banking,5100.82,failed
PAY-0007041,ORD-007041,2025-02-22,payment,net_banking,14415.15,successful
PAY-0007042,ORD-007042,2026-01-19,payment,upi,2448.19,successful
PAY-0007043,ORD-007043,2026-02-06,payment,credit_card,34187.86,successful
PAY-0007044,ORD-007044,2026-07-20,payment,net_banking,3766.44,successful
PAY-0007045,ORD-007045,2025-09-24,payment,wallet,6966.02,successful
PAY-0007046,ORD-007046,2026-05-10,payment,debit_card,3031.43,pending
PAY-0007047,ORD-007047,2026-05-18,payment,upi,11759.15,successful
PAY-0007048,ORD-007048,2026-04-15,payment,credit_card,23246.98,pending
PAY-0007049,ORD-007049,2026-07-07,payment,net_banking,5047.47,successful
PAY-0007050,ORD-007050,2025-03-10,payment,debit_card,30074.0,successful
PAY-0007051,ORD-007051,2026-02-08,payment,net_banking,522.47,successful
PAY-0007052,ORD-007052,2025-10-06,payment,credit_card,2803.0,successful
PAY-0007053,ORD-007053,2026-03-29,payment,credit_card,4781.32,pending
PAY-0007054,ORD-007054,2026-06-17,payment,credit_card,61546.45,successful
PAY-0007055,ORD-007055,2026-06-28,payment,debit_card,10424.92,successful
PAY-0007056,ORD-007056,2025-04-25,payment,upi,23196.98,pending
PAY-0007057,ORD-007057,2026-04-29,payment,debit_card,14846.02,successful
PAY-0007058,ORD-007058,2025-02-21,payment,upi,4490.93,successful
PAY-0007059,ORD-007059,2026-05-01,payment,net_banking,12315.78,successful
PAY-0007060,ORD-007060,2025-02-13,payment,upi,24742.26,successful
PAY-0007061,ORD-007061,2025-11-25,payment,wallet,3028.71,successful
PAY-0007062,ORD-007062,2026-03-13,payment,wallet,21731.99,successful
PAY-0007063,ORD-007063,2026-04-10,payment,net_banking,39148.57,successful
PAY-0007064,ORD-007064,2026-02-15,payment,upi,22781.43,successful
PAY-0007065,ORD-007065,2026-07-10,payment,debit_card,27023.07,successful
PAY-0007066,ORD-007066,2026-06-30,payment,net_banking,13632.21,successful
PAY-0007067,ORD-007067,2026-07-16,payment,credit_card,12861.15,successful
PAY-0007068,ORD-007068,2026-07-16,payment,credit_card,25677.2,successful
PAY-0007069,ORD-007069,2025-10-09,payment,wallet,28883.58,successful
PAY-0007070,ORD-007070,2026-06-03,payment,net_banking,11893.76,successful
PAY-0007071,ORD-007071,2025-03-24,payment,debit_card,2360.38,successful
PAY-0007072,ORD-007072,2025-06-18,payment,debit_card,5946.62,successful
PAY-0007073,ORD-007073,2026-06-01,payment,net_banking,26715.11,successful
PAY-0007074,ORD-007074,2026-03-22,payment,upi,44114.43,successful
PAY-0007075,ORD-007075,2026-06-06,payment,wallet,19995.44,successful
PAY-0007076,ORD-007076,2025-08-25,payment,net_banking,15133.63,successful
PAY-0007077,ORD-007077,2026-01-08,payment,upi,18448.34,successful
PAY-0007078,ORD-007078,2026-05-24,payment,debit_card,10175.29,successful
PAY-0007079,ORD-007079,2026-06-24,payment,credit_card,9191.31,successful
PAY-0007080,ORD-007080,2026-01-28,payment,credit_card,21576.24,successful
PAY-0007081,ORD-007081,2025-07-20,payment,debit_card,21790.92,successful
PAY-0007082,ORD-007082,2025-03-04,payment,net_banking,5810.47,successful
PAY-0007083,ORD-007083,2026-06-01,payment,upi,17118.32,successful
PAY-0007084,ORD-007084,2026-07-23,payment,credit_card,4138.18,successful
PAY-0007085,ORD-007085,2025-10-16,payment,upi,13948.5,successful
PAY-0007086,ORD-007086,2026-05-04,payment,wallet,24343.51,successful
PAY-0007087,ORD-007087,2026-05-29,payment,upi,30990.41,successful
PAY-0007088,ORD-007088,2025-08-24,payment,wallet,23743.88,successful
PAY-0007089,ORD-007089,2025-08-23,payment,net_banking,10191.22,successful
PAY-0007090,ORD-007090,2026-05-31,payment,net_banking,9182.83,successful
PAY-0007091,ORD-007091,2025-09-15,payment,net_banking,4131.83,successful
PAY-0007092,ORD-007092,2026-07-27,payment,debit_card,7378.26,successful
PAY-0007093,ORD-007093,2025-07-19,payment,upi,9784.37,successful
PAY-0007094,ORD-007094,2026-03-03,payment,wallet,31352.77,successful
PAY-0007095,ORD-007095,2025-11-01,payment,debit_card,33905.26,successful
PAY-0007096,ORD-007096,2025-06-26,payment,debit_card,4446.15,successful
PAY-0007097,ORD-007097,2026-07-10,payment,credit_card,36561.51,successful
PAY-0007098,ORD-007098,2025-10-15,payment,credit_card,21757.52,successful
PAY-0007099,ORD-007099,2026-05-23,payment,credit_card,21477.45,successful
PAY-0007100,ORD-007100,2025-11-06,payment,credit_card,28346.54,successful
PAY-0007101,ORD-007101,2026-06-13,payment,credit_card,20390.26,successful
PAY-0007102,ORD-007102,2025-10-03,payment,net_banking,14354.82,successful
PAY-0007103,ORD-007103,2025-12-04,payment,upi,19255.9,successful
PAY-0007104,ORD-007104,2026-06-14,payment,net_banking,31163.08,successful
PAY-0007105,ORD-007105,2025-06-30,payment,credit_card,35319.48,successful
PAY-0007106,ORD-007106,2026-02-23,payment,wallet,1841.96,successful
PAY-0007107,ORD-007107,2026-02-24,payment,credit_card,12514.37,successful
PAY-0007108,ORD-007108,2026-06-16,payment,wallet,9009.84,successful
PAY-0007109,ORD-007109,2025-10-03,payment,wallet,22864.8,successful
PAY-0007110,ORD-007110,2026-07-30,payment,net_banking,4864.27,successful
PAY-0007111,ORD-007111,2026-01-25,payment,credit_card,30891.94,successful
PAY-0007112,ORD-007112,2026-06-12,payment,wallet,10846.18,successful
PAY-0007113,ORD-007113,2025-10-10,payment,upi,33795.62,successful
PAY-0007114,ORD-007114,2025-03-17,payment,wallet,6308.52,failed
PAY-0007115,ORD-007115,2026-07-17,payment,debit_card,26385.39,successful
PAY-0007116,ORD-007116,2025-05-03,payment,debit_card,40383.61,successful
PAY-0007117,ORD-007117,2025-03-21,payment,upi,27960.81,failed
PAY-0007118,ORD-007118,2026-04-26,payment,wallet,1416.33,successful
PAY-0007119,ORD-007119,2026-03-30,payment,net_banking,56952.32,successful
PAY-0007120,ORD-007120,2026-04-11,payment,debit_card,1907.38,successful
PAY-0007121,ORD-007121,2025-12-26,payment,net_banking,15352.77,failed
PAY-0007122,ORD-007122,2025-01-09,payment,credit_card,4304.93,successful
PAY-0007123,ORD-007123,2025-08-03,payment,credit_card,40330.61,successful
PAY-0007124,ORD-007124,2026-07-17,payment,debit_card,37809.94,successful
PAY-0007125,ORD-007125,2025-01-08,payment,debit_card,4176.56,successful
PAY-0007126,ORD-007126,2025-07-26,payment,debit_card,10107.43,failed
PAY-0007127,ORD-007127,2025-12-27,payment,wallet,1333.28,successful
PAY-0007128,ORD-007128,2025-02-08,payment,upi,12158.14,successful
PAY-0007129,ORD-007129,2026-07-23,payment,upi,13588.35,successful
PAY-0007130,ORD-007130,2025-12-21,payment,net_banking,11621.1,successful
PAY-0007131,ORD-007131,2026-03-10,payment,net_banking,2898.42,successful
PAY-0007132,ORD-007132,2026-07-26,payment,wallet,18971.59,successful
PAY-0007133,ORD-007133,2025-11-19,payment,debit_card,13355.96,successful
PAY-0007134,ORD-007134,2026-04-18,payment,wallet,11278.03,successful
PAY-0007135,ORD-007135,2025-07-16,payment,wallet,21216.91,successful
PAY-0007136,ORD-007136,2025-04-02,payment,credit_card,10578.26,failed
PAY-0007137,ORD-007137,2025-01-27,payment,upi,23242.61,successful
PAY-0007138,ORD-007138,2026-02-25,payment,debit_card,30935.84,successful
PAY-0007139,ORD-007139,2026-05-24,payment,upi,3678.12,failed
PAY-0007140,ORD-007140,2026-06-05,payment,upi,27680.5,successful
PAY-0007141,ORD-007141,2026-04-29,payment,credit_card,17538.54,successful
PAY-0007142,ORD-007142,2025-02-01,payment,upi,47929.32,successful
PAY-0007143,ORD-007143,2026-05-17,payment,upi,11500.0,pending
PAY-0007144,ORD-007144,2026-07-26,payment,debit_card,42342.36,failed
PAY-0007145,ORD-007145,2026-02-20,payment,debit_card,14461.22,successful
PAY-0007146,ORD-007146,2026-04-02,payment,upi,13958.57,successful
PAY-0007147,ORD-007147,2026-04-13,payment,debit_card,11322.91,successful
PAY-0007148,ORD-007148,2026-07-11,payment,net_banking,17794.47,successful
PAY-0007149,ORD-007149,2025-12-31,payment,upi,25679.73,successful
PAY-0007150,ORD-007150,2025-03-28,payment,net_banking,11175.33,successful
PAY-0007151,ORD-007151,2025-02-16,payment,wallet,6025.71,successful
PAY-0007152,ORD-007152,2026-07-24,payment,debit_card,11432.43,successful
PAY-0007153,ORD-007153,2025-10-28,payment,net_banking,31947.37,successful
PAY-0007154,ORD-007154,2025-07-05,payment,wallet,21737.55,pending
PAY-0007155,ORD-007155,2025-06-19,payment,net_banking,5327.69,failed
PAY-0007156,ORD-007156,2025-10-01,payment,upi,5530.75,successful
PAY-0007157,ORD-007157,2026-06-30,payment,net_banking,1513.03,successful
PAY-0007158,ORD-007158,2026-04-14,payment,wallet,21617.93,successful
PAY-0007159,ORD-007159,2025-05-07,payment,debit_card,34376.85,successful
PAY-0007160,ORD-007160,2025-09-22,payment,net_banking,24586.69,successful
PAY-0007161,ORD-007161,2026-01-20,payment,wallet,14928.99,failed
PAY-0007162,ORD-007162,2026-01-03,payment,credit_card,5377.19,successful
PAY-0007163,ORD-007163,2025-11-24,payment,wallet,13367.93,successful
PAY-0007164,ORD-007164,2026-07-09,payment,debit_card,10268.94,successful
PAY-0007165,ORD-007165,2025-05-25,payment,debit_card,10795.15,successful
PAY-0007166,ORD-007166,2026-05-31,payment,upi,4824.02,successful
PAY-0007167,ORD-007167,2025-11-19,payment,wallet,2199.77,successful
PAY-0007168,ORD-007168,2025-01-08,payment,net_banking,32966.76,pending
PAY-0007169,ORD-007169,2025-03-04,payment,credit_card,19264.18,successful
PAY-0007170,ORD-007170,2026-07-19,payment,credit_card,7358.74,successful
PAY-0007171,ORD-007171,2026-06-06,payment,net_banking,18665.06,successful
PAY-0007172,ORD-007172,2026-07-21,payment,credit_card,15062.58,successful
PAY-0007173,ORD-007173,2026-07-04,payment,net_banking,5509.34,successful
PAY-0007174,ORD-007174,2025-01-18,payment,credit_card,17673.95,successful
PAY-0007175,ORD-007175,2025-06-30,payment,credit_card,24742.96,successful
PAY-0007176,ORD-007176,2026-05-12,payment,debit_card,38157.59,successful
PAY-0007177,ORD-007177,2025-02-06,payment,wallet,5730.76,successful
PAY-0007178,ORD-007178,2026-07-31,payment,net_banking,8249.88,successful
PAY-0007179,ORD-007179,2025-12-09,payment,net_banking,12453.2,successful
PAY-0007180,ORD-007180,2026-04-05,payment,debit_card,2749.16,pending
PAY-0007181,ORD-007181,2026-05-24,payment,credit_card,3583.78,successful
PAY-0007182,ORD-007182,2026-04-01,payment,debit_card,47501.49,pending
PAY-0007183,ORD-007183,2026-04-09,payment,wallet,2838.27,successful
PAY-0007184,ORD-007184,2026-06-02,payment,debit_card,25549.55,successful
PAY-0007185,ORD-007185,2026-03-18,payment,upi,1343.78,successful
PAY-0007186,ORD-007186,2026-03-03,payment,credit_card,22631.64,successful
PAY-0007187,ORD-007187,2026-03-02,payment,debit_card,5218.21,successful
PAY-0007188,ORD-007188,2025-07-09,payment,credit_card,31206.13,successful
PAY-0007189,ORD-007189,2026-05-16,payment,debit_card,9294.51,successful
PAY-0007190,ORD-007190,2025-05-10,payment,credit_card,16949.04,successful
PAY-0007191,ORD-007191,2025-08-28,payment,debit_card,25191.73,successful
PAY-0007192,ORD-007192,2025-11-02,payment,credit_card,10833.44,successful
PAY-0007193,ORD-007193,2025-08-14,payment,credit_card,36521.42,successful
PAY-0007194,ORD-007194,2026-03-22,payment,net_banking,20442.85,successful
PAY-0007195,ORD-007195,2026-03-19,payment,credit_card,13098.74,successful
PAY-0007196,ORD-007196,2025-07-10,payment,wallet,2676.38,successful
PAY-0007197,ORD-007197,2026-07-30,payment,upi,37233.73,successful
PAY-0007198,ORD-007198,2025-04-13,payment,credit_card,17366.1,successful
PAY-0007199,ORD-007199,2026-02-28,payment,upi,8665.14,successful
PAY-0007200,ORD-007200,2026-06-01,payment,credit_card,41218.12,successful
PAY-0007201,ORD-007201,2025-10-02,payment,wallet,4868.47,successful
PAY-0007202,ORD-007202,2026-02-11,payment,wallet,8063.59,successful
PAY-0007203,ORD-007203,2026-01-09,payment,debit_card,6556.76,successful
PAY-0007204,ORD-007204,2026-05-14,payment,debit_card,3872.09,successful
PAY-0007205,ORD-007205,2026-04-07,payment,net_banking,16561.19,successful
PAY-0007206,ORD-007206,2025-05-18,payment,upi,22175.95,successful
PAY-0007207,ORD-007207,2026-03-09,payment,wallet,520.43,pending
PAY-0007208,ORD-007208,2025-03-15,payment,credit_card,20774.38,successful
PAY-0007209,ORD-007209,2026-05-23,payment,wallet,20721.94,failed
PAY-0007210,ORD-007210,2026-06-06,payment,credit_card,9592.33,successful
PAY-0007211,ORD-007211,2026-06-03,payment,upi,39285.94,successful
PAY-0007212,ORD-007212,2026-04-11,payment,wallet,4800.19,successful
PAY-0007213,ORD-007213,2025-01-24,payment,credit_card,11217.49,successful
PAY-0007214,ORD-007214,2025-04-21,payment,credit_card,19352.87,successful
PAY-0007215,ORD-007215,2025-11-29,payment,credit_card,8686.33,successful
PAY-0007216,ORD-007216,2026-07-09,payment,debit_card,34594.24,successful
PAY-0007217,ORD-007217,2025-12-07,payment,wallet,35126.37,successful
PAY-0007218,ORD-007218,2025-06-11,payment,credit_card,24884.15,successful
PAY-0007219,ORD-007219,2026-03-02,payment,credit_card,19143.59,successful
PAY-0007220,ORD-007220,2025-03-30,payment,net_banking,12309.0,successful
PAY-0007221,ORD-007221,2026-06-01,payment,credit_card,28696.15,successful
PAY-0007222,ORD-007222,2026-05-18,payment,upi,21363.62,successful
PAY-0007223,ORD-007223,2025-12-12,payment,debit_card,11983.02,successful
PAY-0007224,ORD-007224,2026-03-02,payment,net_banking,7669.15,failed
PAY-0007225,ORD-007225,2025-01-13,payment,net_banking,33276.33,failed
PAY-0007226,ORD-007226,2025-07-17,payment,wallet,6169.46,successful
PAY-0007227,ORD-007227,2026-05-13,payment,wallet,21494.09,successful
PAY-0007228,ORD-007228,2025-03-10,payment,debit_card,5964.07,successful
PAY-0007229,ORD-007229,2025-12-17,payment,wallet,2316.75,successful
PAY-0007230,ORD-007230,2026-05-06,payment,credit_card,5523.9,successful
PAY-0007231,ORD-007231,2026-07-31,payment,wallet,29920.06,successful
PAY-0007232,ORD-007232,2026-05-09,payment,net_banking,29856.68,successful
PAY-0007233,ORD-007233,2025-07-25,payment,wallet,36547.17,successful
PAY-0007234,ORD-007234,2026-04-20,payment,debit_card,20841.27,successful
PAY-0007235,ORD-007235,2025-08-07,payment,net_banking,44959.38,successful
PAY-0007236,ORD-007236,2026-01-13,payment,wallet,9228.8,successful
PAY-0007237,ORD-007237,2026-04-12,payment,credit_card,37621.23,successful
PAY-0007238,ORD-007238,2026-05-24,payment,net_banking,20494.57,successful
PAY-0007239,ORD-007239,2025-07-03,payment,credit_card,23423.97,successful
PAY-0007240,ORD-007240,2026-01-23,payment,upi,9964.79,successful
PAY-0007241,ORD-007241,2025-03-17,payment,net_banking,13165.59,successful
PAY-0007242,ORD-007242,2026-03-26,payment,wallet,6992.24,failed
PAY-0007243,ORD-007243,2026-03-23,payment,upi,39923.03,successful
PAY-0007244,ORD-007244,2026-07-02,payment,credit_card,11338.24,successful
PAY-0007245,ORD-007245,2025-05-01,payment,net_banking,2760.54,successful
PAY-0007246,ORD-007246,2025-09-24,payment,wallet,43646.11,successful
PAY-0007247,ORD-007247,2026-01-08,payment,upi,25412.17,successful
PAY-0007248,ORD-007248,2026-07-31,payment,upi,15557.31,successful
PAY-0007249,ORD-007249,2026-05-08,payment,wallet,20315.21,failed
PAY-0007250,ORD-007250,2026-01-18,payment,net_banking,11220.53,successful
PAY-0007251,ORD-007251,2026-03-24,payment,upi,20182.78,successful
PAY-0007252,ORD-007252,2025-01-14,payment,debit_card,59210.64,successful
PAY-0007253,ORD-007253,2026-06-15,payment,net_banking,18134.98,successful
PAY-0007254,ORD-007254,2026-05-09,payment,net_banking,1303.26,successful
PAY-0007255,ORD-007255,2026-06-16,payment,credit_card,2524.55,successful
PAY-0007256,ORD-007256,2025-10-20,payment,net_banking,23836.17,successful
PAY-0007257,ORD-007257,2026-06-21,payment,credit_card,8717.08,successful
PAY-0007258,ORD-007258,2025-11-09,payment,debit_card,5828.52,successful
PAY-0007259,ORD-007259,2025-07-17,payment,net_banking,19822.84,failed
PAY-0007260,ORD-007260,2025-03-06,payment,credit_card,19737.16,successful
PAY-0007261,ORD-007261,2025-12-11,payment,credit_card,8806.75,successful
PAY-0007262,ORD-007262,2025-01-14,payment,credit_card,32556.39,successful
PAY-0007263,ORD-007263,2026-05-06,payment,net_banking,4331.38,failed
PAY-0007264,ORD-007264,2025-03-12,payment,credit_card,13976.33,successful
PAY-0007265,ORD-007265,2025-01-28,payment,credit_card,18995.29,successful
PAY-0007266,ORD-007266,2025-04-02,payment,credit_card,11433.01,pending
PAY-0007267,ORD-007267,2025-07-08,payment,net_banking,1471.0,successful
PAY-0007268,ORD-007268,2025-06-09,payment,debit_card,8895.57,successful
PAY-0007269,ORD-007269,2026-04-26,payment,credit_card,2015.36,successful
PAY-0007270,ORD-007270,2026-06-29,payment,upi,988.3,successful
PAY-0007271,ORD-007271,2026-06-19,payment,credit_card,7597.97,successful
PAY-0007272,ORD-007272,2026-05-12,payment,wallet,2390.82,pending
PAY-0007273,ORD-007273,2025-02-18,payment,debit_card,10435.08,successful
PAY-0007274,ORD-007274,2025-09-24,payment,credit_card,20415.77,successful
PAY-0007275,ORD-007275,2025-03-22,payment,net_banking,14150.9,successful
PAY-0007276,ORD-007276,2026-07-20,payment,net_banking,21536.66,successful
PAY-0007277,ORD-007277,2025-12-26,payment,debit_card,28910.05,successful
PAY-0007278,ORD-007278,2026-04-12,payment,credit_card,32264.28,pending
PAY-0007279,ORD-007279,2025-09-10,payment,upi,3876.3,successful
PAY-0007280,ORD-007280,2025-08-16,payment,debit_card,7828.4,pending
PAY-0007281,ORD-007281,2025-10-31,payment,debit_card,15348.7,successful
PAY-0007282,ORD-007282,2026-03-12,payment,upi,7966.49,successful
PAY-0007283,ORD-007283,2026-06-29,payment,debit_card,6057.74,successful
PAY-0007284,ORD-007284,2026-03-09,payment,debit_card,7920.2,failed
PAY-0007285,ORD-007285,2026-06-20,payment,upi,26247.9,successful
PAY-0007286,ORD-007286,2025-10-25,payment,upi,11484.96,successful
PAY-0007287,ORD-007287,2026-07-05,payment,wallet,13351.79,successful
PAY-0007288,ORD-007288,2025-10-13,payment,debit_card,15959.32,successful
PAY-0007289,ORD-007289,2025-07-17,payment,upi,8834.29,successful
PAY-0007290,ORD-007290,2026-01-22,payment,credit_card,7193.36,successful
PAY-0007291,ORD-007291,2025-02-28,payment,wallet,13158.65,successful
PAY-0007292,ORD-007292,2026-05-09,payment,upi,29192.6,successful
PAY-0007293,ORD-007293,2025-08-09,payment,upi,15472.54,successful
PAY-0007294,ORD-007294,2025-07-26,payment,upi,12560.89,successful
PAY-0007295,ORD-007295,2026-07-31,payment,credit_card,11094.57,successful
PAY-0007296,ORD-007296,2026-06-19,payment,net_banking,10815.11,successful
PAY-0007297,ORD-007297,2026-07-07,payment,net_banking,13474.71,successful
PAY-0007298,ORD-007298,2025-06-17,payment,net_banking,9461.63,successful
PAY-0007299,ORD-007299,2026-04-14,payment,debit_card,12220.4,failed
PAY-0007300,ORD-007300,2026-04-28,payment,upi,31685.89,successful
PAY-0007301,ORD-007301,2026-07-31,payment,debit_card,15583.37,successful
PAY-0007302,ORD-007302,2026-07-13,payment,credit_card,12461.72,successful
PAY-0007303,ORD-007303,2026-06-14,payment,upi,11502.98,successful
PAY-0007304,ORD-007304,2026-01-21,payment,net_banking,31855.67,successful
PAY-0007305,ORD-007305,2026-02-05,payment,net_banking,12398.77,successful
PAY-0007306,ORD-007306,2026-06-13,payment,debit_card,857.41,successful
PAY-0007307,ORD-007307,2025-08-08,payment,debit_card,13803.25,successful
PAY-0007308,ORD-007308,2026-04-26,payment,debit_card,1277.1,successful
PAY-0007309,ORD-007309,2026-04-04,payment,credit_card,4829.27,successful
PAY-0007310,ORD-007310,2025-10-11,payment,debit_card,11033.83,successful
PAY-0007311,ORD-007311,2026-05-19,payment,net_banking,18178.32,successful
PAY-0007312,ORD-007312,2025-02-20,payment,debit_card,1351.07,successful
PAY-0007313,ORD-007313,2026-01-30,payment,upi,8948.08,pending
PAY-0007314,ORD-007314,2026-03-30,payment,debit_card,23499.12,successful
PAY-0007315,ORD-007315,2026-02-08,payment,credit_card,19337.27,successful
PAY-0007316,ORD-007316,2026-04-05,payment,net_banking,25269.59,successful
PAY-0007317,ORD-007317,2026-01-14,payment,net_banking,53738.69,successful
PAY-0007318,ORD-007318,2025-09-16,payment,net_banking,33748.7,failed
PAY-0007319,ORD-007319,2026-05-23,payment,net_banking,3537.18,successful
PAY-0007320,ORD-007320,2026-02-02,payment,net_banking,11647.41,successful
PAY-0007321,ORD-007321,2026-06-17,payment,upi,9988.68,successful
PAY-0007322,ORD-007322,2025-09-10,payment,credit_card,23120.85,successful
PAY-0007323,ORD-007323,2025-03-06,payment,net_banking,15329.06,successful
PAY-0007324,ORD-007324,2025-05-18,payment,upi,3431.22,successful
PAY-0007325,ORD-007325,2026-03-14,payment,debit_card,7459.84,successful
PAY-0007326,ORD-007326,2026-07-24,payment,upi,23199.54,successful
PAY-0007327,ORD-007327,2025-06-09,payment,net_banking,5814.14,successful
PAY-0007328,ORD-007328,2025-05-22,payment,net_banking,20151.43,successful
PAY-0007329,ORD-007329,2026-01-30,payment,debit_card,45322.12,failed
PAY-0007330,ORD-007330,2025-10-22,payment,upi,15002.72,successful
PAY-0007331,ORD-007331,2025-11-07,payment,net_banking,14678.7,successful
PAY-0007332,ORD-007332,2026-01-21,payment,wallet,27732.38,successful
PAY-0007333,ORD-007333,2025-07-30,payment,wallet,12718.54,pending
PAY-0007334,ORD-007334,2025-03-08,payment,debit_card,48192.56,successful
PAY-0007335,ORD-007335,2026-01-09,payment,wallet,10053.72,successful
PAY-0007336,ORD-007336,2026-03-03,payment,upi,11846.88,successful
PAY-0007337,ORD-007337,2025-11-18,payment,net_banking,34262.09,failed
PAY-0007338,ORD-007338,2026-01-10,payment,debit_card,1857.77,successful
PAY-0007339,ORD-007339,2025-06-28,payment,wallet,16320.87,successful
PAY-0007340,ORD-007340,2026-07-10,payment,upi,3129.49,failed
PAY-0007341,ORD-007341,2026-02-16,payment,credit_card,10625.62,successful
PAY-0007342,ORD-007342,2026-01-30,payment,net_banking,22315.39,successful
PAY-0007343,ORD-007343,2025-05-19,payment,net_banking,21723.08,successful
PAY-0007344,ORD-007344,2026-07-12,payment,credit_card,17707.62,successful
PAY-0007345,ORD-007345,2026-02-01,payment,upi,3519.99,pending
PAY-0007346,ORD-007346,2026-07-04,payment,wallet,3037.0,successful
PAY-0007347,ORD-007347,2026-04-13,payment,net_banking,19681.59,successful
PAY-0007348,ORD-007348,2026-04-11,payment,credit_card,14806.7,successful
PAY-0007349,ORD-007349,2025-11-19,payment,debit_card,30988.58,successful
PAY-0007350,ORD-007350,2025-12-29,payment,wallet,6231.66,successful
PAY-0007351,ORD-007351,2026-07-07,payment,credit_card,1851.64,successful
PAY-0007352,ORD-007352,2026-06-13,payment,credit_card,45450.21,failed
PAY-0007353,ORD-007353,2025-05-29,payment,credit_card,8665.75,successful
PAY-0007354,ORD-007354,2026-06-15,payment,net_banking,12669.55,successful
PAY-0007355,ORD-007355,2025-05-17,payment,upi,6761.59,successful
PAY-0007356,ORD-007356,2026-04-17,payment,upi,5372.58,pending
PAY-0007357,ORD-007357,2026-07-28,payment,credit_card,29182.57,successful
PAY-0007358,ORD-007358,2025-08-12,payment,upi,10841.06,successful
PAY-0007359,ORD-007359,2025-01-25,payment,wallet,12418.6,successful
PAY-0007360,ORD-007360,2026-06-06,payment,net_banking,20205.09,successful
PAY-0007361,ORD-007361,2026-07-31,payment,upi,3919.88,successful
PAY-0007362,ORD-007362,2026-01-14,payment,credit_card,43107.41,successful
PAY-0007363,ORD-007363,2025-04-18,payment,net_banking,12985.86,failed
PAY-0007364,ORD-007364,2025-06-06,payment,credit_card,8032.91,failed
PAY-0007365,ORD-007365,2025-09-15,payment,credit_card,10435.25,successful
PAY-0007366,ORD-007366,2026-01-17,payment,net_banking,21613.53,successful
PAY-0007367,ORD-007367,2025-11-17,payment,upi,9069.74,successful
PAY-0007368,ORD-007368,2026-06-23,payment,credit_card,6709.67,successful
PAY-0007369,ORD-007369,2026-03-15,payment,net_banking,38585.47,successful
PAY-0007370,ORD-007370,2025-12-26,payment,credit_card,21616.99,pending
PAY-0007371,ORD-007371,2025-08-19,payment,net_banking,13507.4,successful
PAY-0007372,ORD-007372,2025-11-18,payment,net_banking,7242.18,successful
PAY-0007373,ORD-007373,2026-06-28,payment,debit_card,18672.98,successful
PAY-0007374,ORD-007374,2026-04-28,payment,net_banking,692.45,successful
PAY-0007375,ORD-007375,2026-05-09,payment,net_banking,4198.58,successful
PAY-0007376,ORD-007376,2026-07-05,payment,net_banking,5440.91,failed
PAY-0007377,ORD-007377,2026-07-22,payment,net_banking,16985.09,successful
PAY-0007378,ORD-007378,2025-06-05,payment,net_banking,6531.68,successful
PAY-0007379,ORD-007379,2025-09-23,payment,credit_card,32272.82,successful
PAY-0007380,ORD-007380,2026-04-02,payment,debit_card,60240.72,successful
PAY-0007381,ORD-007381,2026-04-23,payment,credit_card,19615.32,successful
PAY-0007382,ORD-007382,2026-05-25,payment,debit_card,631.66,successful
PAY-0007383,ORD-007383,2026-02-12,payment,wallet,28869.76,successful
PAY-0007384,ORD-007384,2025-04-02,payment,credit_card,21635.87,successful
PAY-0007385,ORD-007385,2026-01-26,payment,net_banking,4165.97,successful
PAY-0007386,ORD-007386,2026-06-15,payment,net_banking,739.09,successful
PAY-0007387,ORD-007387,2026-03-10,payment,net_banking,18864.94,successful
PAY-0007388,ORD-007388,2025-12-03,payment,net_banking,11154.74,successful
PAY-0007389,ORD-007389,2025-02-20,payment,wallet,15125.76,successful
PAY-0007390,ORD-007390,2026-03-11,payment,net_banking,25969.26,successful
PAY-0007391,ORD-007391,2026-03-05,payment,upi,7420.1,successful
PAY-0007392,ORD-007392,2026-06-23,payment,net_banking,8761.1,successful
PAY-0007393,ORD-007393,2026-04-22,payment,wallet,6147.47,successful
PAY-0007394,ORD-007394,2026-06-05,payment,upi,4894.44,successful
PAY-0007395,ORD-007395,2026-06-30,payment,debit_card,4116.08,pending
PAY-0007396,ORD-007396,2025-04-12,payment,debit_card,2673.73,successful
PAY-0007397,ORD-007397,2026-07-22,payment,net_banking,6396.4,successful
PAY-0007398,ORD-007398,2025-09-23,payment,credit_card,1478.74,successful
PAY-0007399,ORD-007399,2026-06-26,payment,wallet,17195.61,successful
PAY-0007400,ORD-007400,2026-06-28,payment,wallet,19922.35,successful
PAY-0007401,ORD-007401,2025-07-07,payment,debit_card,36871.87,successful
PAY-0007402,ORD-007402,2026-07-17,payment,upi,5561.39,pending
PAY-0007403,ORD-007403,2026-04-16,payment,net_banking,29701.82,successful
PAY-0007404,ORD-007404,2026-01-09,payment,credit_card,16193.09,successful
PAY-0007405,ORD-007405,2025-09-18,payment,debit_card,4994.29,successful
PAY-0007406,ORD-007406,2025-08-10,payment,net_banking,3437.46,successful
PAY-0007407,ORD-007407,2026-06-25,payment,net_banking,23147.13,successful
PAY-0007408,ORD-007408,2025-07-02,payment,net_banking,4541.78,successful
PAY-0007409,ORD-007409,2026-07-25,payment,wallet,4118.84,successful
PAY-0007410,ORD-007410,2026-01-13,payment,wallet,7048.85,failed
PAY-0007411,ORD-007411,2026-06-15,payment,debit_card,14597.1,successful
PAY-0007412,ORD-007412,2026-05-18,payment,upi,18709.93,successful
PAY-0007413,ORD-007413,2026-06-01,payment,upi,12034.5,successful
PAY-0007414,ORD-007414,2025-09-27,payment,upi,13663.39,successful
PAY-0007415,ORD-007415,2025-07-22,payment,upi,10116.03,successful
PAY-0007416,ORD-007416,2026-01-08,payment,debit_card,15227.61,failed
PAY-0007417,ORD-007417,2026-07-04,payment,wallet,21830.87,successful
PAY-0007418,ORD-007418,2026-07-29,payment,credit_card,17936.05,pending
PAY-0007419,ORD-007419,2025-11-10,payment,upi,3261.57,successful
PAY-0007420,ORD-007420,2026-01-07,payment,net_banking,28392.55,successful
PAY-0007421,ORD-007421,2025-11-17,payment,wallet,10948.29,failed
PAY-0007422,ORD-007422,2026-03-14,payment,credit_card,7924.2,successful
PAY-0007423,ORD-007423,2026-04-29,payment,upi,5371.49,successful
PAY-0007424,ORD-007424,2026-01-14,payment,credit_card,24063.39,successful
PAY-0007425,ORD-007425,2026-07-31,payment,net_banking,12700.01,successful
PAY-0007426,ORD-007426,2026-04-17,payment,credit_card,29939.0,successful
PAY-0007427,ORD-007427,2026-07-26,payment,wallet,13460.85,successful
PAY-0007428,ORD-007428,2025-09-23,payment,upi,4358.39,successful
PAY-0007429,ORD-007429,2026-05-09,payment,upi,29007.33,successful
PAY-0007430,ORD-007430,2026-01-17,payment,credit_card,3088.31,successful
PAY-0007431,ORD-007431,2026-07-25,payment,upi,21343.75,failed
PAY-0007432,ORD-007432,2026-04-23,payment,debit_card,5170.22,successful
PAY-0007433,ORD-007433,2026-03-09,payment,wallet,16563.75,successful
PAY-0007434,ORD-007434,2025-03-30,payment,net_banking,19269.13,successful
PAY-0007435,ORD-007435,2026-06-15,payment,net_banking,13335.11,successful
PAY-0007436,ORD-007436,2026-02-20,payment,net_banking,9207.93,successful
PAY-0007437,ORD-007437,2026-06-17,payment,debit_card,17443.42,successful
PAY-0007438,ORD-007438,2026-07-10,payment,net_banking,12207.17,successful
PAY-0007439,ORD-007439,2025-04-04,payment,credit_card,15880.77,successful
PAY-0007440,ORD-007440,2026-07-20,payment,net_banking,250.72,successful
PAY-0007441,ORD-007441,2025-12-19,payment,debit_card,9263.91,successful
PAY-0007442,ORD-007442,2026-04-05,payment,net_banking,53288.89,successful
PAY-0007443,ORD-007443,2025-07-01,payment,upi,19607.28,successful
PAY-0007444,ORD-007444,2025-12-11,payment,debit_card,1732.29,successful
PAY-0007445,ORD-007445,2025-08-05,payment,credit_card,10194.52,successful
PAY-0007446,ORD-007446,2026-05-15,payment,credit_card,16819.71,successful
PAY-0007447,ORD-007447,2026-06-10,payment,net_banking,3516.32,successful
PAY-0007448,ORD-007448,2025-08-16,payment,wallet,6185.24,failed
PAY-0007449,ORD-007449,2026-01-12,payment,debit_card,25444.58,successful
PAY-0007450,ORD-007450,2025-09-22,payment,upi,25058.08,failed
PAY-0007451,ORD-007451,2026-05-23,payment,net_banking,32659.66,pending
PAY-0007452,ORD-007452,2026-04-12,payment,net_banking,4142.63,successful
PAY-0007453,ORD-007453,2026-05-23,payment,wallet,12244.48,failed
PAY-0007454,ORD-007454,2026-03-16,payment,net_banking,23771.02,successful
PAY-0007455,ORD-007455,2026-05-20,payment,credit_card,30005.19,successful
PAY-0007456,ORD-007456,2026-06-12,payment,upi,44070.85,successful
PAY-0007457,ORD-007457,2026-07-29,payment,debit_card,28125.77,failed
PAY-0007458,ORD-007458,2025-04-22,payment,upi,15561.9,failed
PAY-0007459,ORD-007459,2026-05-17,payment,upi,6302.45,successful
PAY-0007460,ORD-007460,2026-06-07,payment,credit_card,7699.29,failed
PAY-0007461,ORD-007461,2026-05-21,payment,wallet,9842.72,successful
PAY-0007462,ORD-007462,2026-06-22,payment,debit_card,9525.68,successful
PAY-0007463,ORD-007463,2026-07-30,payment,wallet,11662.74,successful
PAY-0007464,ORD-007464,2025-03-01,payment,debit_card,19313.4,successful
PAY-0007465,ORD-007465,2026-03-03,payment,wallet,42725.66,successful
PAY-0007466,ORD-007466,2026-01-05,payment,wallet,40018.28,successful
PAY-0007467,ORD-007467,2025-06-14,payment,wallet,9449.03,successful
PAY-0007468,ORD-007468,2026-01-13,payment,upi,18963.37,successful
PAY-0007469,ORD-007469,2025-07-28,payment,debit_card,16277.86,successful
PAY-0007470,ORD-007470,2025-10-13,payment,upi,29140.67,successful
PAY-0007471,ORD-007471,2025-12-16,payment,wallet,3785.63,successful
PAY-0007472,ORD-007472,2025-08-14,payment,upi,21705.75,successful
PAY-0007473,ORD-007473,2026-02-18,payment,net_banking,6413.68,failed
PAY-0007474,ORD-007474,2026-06-29,payment,debit_card,16801.02,successful
PAY-0007475,ORD-007475,2026-07-22,payment,credit_card,12931.09,successful
PAY-0007476,ORD-007476,2026-02-26,payment,upi,37052.92,successful
PAY-0007477,ORD-007477,2025-07-10,payment,wallet,30554.16,successful
PAY-0007478,ORD-007478,2026-07-18,payment,upi,21019.09,successful
PAY-0007479,ORD-007479,2026-07-31,payment,debit_card,8377.16,successful
PAY-0007480,ORD-007480,2026-05-16,payment,wallet,35571.29,failed
PAY-0007481,ORD-007481,2026-05-19,payment,net_banking,5349.65,successful
PAY-0007482,ORD-007482,2026-07-20,payment,net_banking,6546.56,successful
PAY-0007483,ORD-007483,2026-05-08,payment,net_banking,10295.42,successful
PAY-0007484,ORD-007484,2026-02-23,payment,debit_card,19185.64,successful
PAY-0007485,ORD-007485,2026-07-15,payment,credit_card,12877.22,successful
PAY-0007486,ORD-007486,2026-01-08,payment,credit_card,19021.3,successful
PAY-0007487,ORD-007487,2026-01-11,payment,net_banking,32613.55,successful
PAY-0007488,ORD-007488,2026-06-08,payment,debit_card,18566.85,failed
PAY-0007489,ORD-007489,2026-03-31,payment,credit_card,4755.48,successful
PAY-0007490,ORD-007490,2025-12-28,payment,debit_card,18742.05,pending
PAY-0007491,ORD-007491,2026-04-20,payment,upi,18778.27,successful
PAY-0007492,ORD-007492,2025-07-10,payment,wallet,18830.06,successful
PAY-0007493,ORD-007493,2026-06-25,payment,credit_card,13041.54,successful
PAY-0007494,ORD-007494,2025-12-03,payment,upi,9409.07,successful
PAY-0007495,ORD-007495,2026-07-22,payment,upi,1501.96,successful
PAY-0007496,ORD-007496,2025-03-17,payment,credit_card,33951.56,successful
PAY-0007497,ORD-007497,2025-10-29,payment,upi,25458.57,successful
PAY-0007498,ORD-007498,2026-07-16,payment,wallet,2036.83,successful
PAY-0007499,ORD-007499,2026-02-04,payment,debit_card,38076.79,successful
PAY-0007500,ORD-007500,2026-07-10,payment,wallet,33377.49,successful
PAY-0007501,ORD-007501,2026-07-10,payment,net_banking,18655.23,successful
PAY-0007502,ORD-007502,2025-11-17,payment,debit_card,15223.13,successful
PAY-0007503,ORD-007503,2025-11-12,payment,upi,9904.57,successful
PAY-0007504,ORD-007504,2025-04-25,payment,net_banking,5903.41,failed
PAY-0007505,ORD-007505,2025-11-23,payment,credit_card,26031.18,pending
PAY-0007506,ORD-007506,2026-03-12,payment,credit_card,16736.01,successful
PAY-0007507,ORD-007507,2025-06-30,payment,wallet,26648.48,successful
PAY-0007508,ORD-007508,2026-04-29,payment,credit_card,23213.79,failed
PAY-0007509,ORD-007509,2026-03-20,payment,upi,22134.69,successful
PAY-0007510,ORD-007510,2026-03-26,payment,upi,8913.12,failed
PAY-0007511,ORD-007511,2025-11-24,payment,debit_card,10149.5,successful
PAY-0007512,ORD-007512,2025-12-15,payment,debit_card,1061.06,successful
PAY-0007513,ORD-007513,2025-08-04,payment,debit_card,1812.62,successful
PAY-0007514,ORD-007514,2026-01-22,payment,upi,2711.43,successful
PAY-0007515,ORD-007515,2026-07-21,payment,wallet,21800.19,successful
PAY-0007516,ORD-007516,2026-03-14,payment,wallet,16575.18,failed
PAY-0007517,ORD-007517,2025-12-16,payment,net_banking,20824.26,successful
PAY-0007518,ORD-007518,2026-07-03,payment,upi,42855.15,pending
PAY-0007519,ORD-007519,2026-06-27,payment,upi,1271.44,successful
PAY-0007520,ORD-007520,2025-09-24,payment,credit_card,13689.43,failed
PAY-0007521,ORD-007521,2026-06-05,payment,wallet,10249.31,failed
PAY-0007522,ORD-007522,2026-05-10,payment,upi,6144.31,successful
PAY-0007523,ORD-007523,2026-07-17,payment,credit_card,60352.08,successful
PAY-0007524,ORD-007524,2026-06-27,payment,wallet,4679.48,failed
PAY-0007525,ORD-007525,2025-08-26,payment,upi,3777.55,successful
PAY-0007526,ORD-007526,2026-06-27,payment,upi,43069.5,successful
PAY-0007527,ORD-007527,2025-11-02,payment,upi,8453.67,successful
PAY-0007528,ORD-007528,2025-07-04,payment,upi,1450.22,successful
PAY-0007529,ORD-007529,2025-12-26,payment,credit_card,12287.32,successful
PAY-0007530,ORD-007530,2025-03-27,payment,wallet,43919.64,successful
PAY-0007531,ORD-007531,2026-05-01,payment,credit_card,7990.82,successful
PAY-0007532,ORD-007532,2026-07-09,payment,wallet,49546.01,successful
PAY-0007533,ORD-007533,2025-11-24,payment,wallet,9315.9,successful
PAY-0007534,ORD-007534,2026-07-30,payment,upi,14541.39,successful
PAY-0007535,ORD-007535,2025-02-20,payment,debit_card,10714.9,successful
PAY-0007536,ORD-007536,2025-10-18,payment,wallet,8946.62,successful
PAY-0007537,ORD-007537,2026-04-16,payment,debit_card,16199.18,successful
PAY-0007538,ORD-007538,2026-07-03,payment,credit_card,37501.79,successful
PAY-0007539,ORD-007539,2026-07-30,payment,net_banking,15575.0,successful
PAY-0007540,ORD-007540,2025-12-22,payment,wallet,4195.09,successful
PAY-0007541,ORD-007541,2025-11-27,payment,credit_card,23152.77,successful
PAY-0007542,ORD-007542,2025-06-08,payment,wallet,22260.22,successful
PAY-0007543,ORD-007543,2026-02-04,payment,net_banking,19047.48,successful
PAY-0007544,ORD-007544,2026-07-30,payment,debit_card,7826.96,successful
PAY-0007545,ORD-007545,2026-03-14,payment,net_banking,9126.5,successful
PAY-0007546,ORD-007546,2026-06-23,payment,debit_card,16826.14,successful
PAY-0007547,ORD-007547,2026-06-19,payment,wallet,5791.65,successful
PAY-0007548,ORD-007548,2026-07-24,payment,credit_card,30324.58,successful
PAY-0007549,ORD-007549,2025-11-06,payment,debit_card,16866.02,successful
PAY-0007550,ORD-007550,2025-05-23,payment,net_banking,1133.41,failed
PAY-0007551,ORD-007551,2026-02-05,payment,debit_card,3389.11,successful
PAY-0007552,ORD-007552,2026-04-25,payment,net_banking,51898.74,successful
PAY-0007553,ORD-007553,2025-02-08,payment,credit_card,24025.77,successful
PAY-0007554,ORD-007554,2026-07-05,payment,upi,21856.36,successful
PAY-0007555,ORD-007555,2026-03-10,payment,credit_card,11100.78,successful
PAY-0007556,ORD-007556,2026-01-25,payment,upi,3330.03,pending
PAY-0007557,ORD-007557,2026-07-19,payment,debit_card,4977.43,failed
PAY-0007558,ORD-007558,2025-10-17,payment,net_banking,7452.2,successful
PAY-0007559,ORD-007559,2025-12-18,payment,debit_card,4822.81,successful
PAY-0007560,ORD-007560,2026-05-09,payment,wallet,15813.86,pending
PAY-0007561,ORD-007561,2026-03-17,payment,credit_card,2351.08,successful
PAY-0007562,ORD-007562,2025-01-23,payment,upi,15693.5,successful
PAY-0007563,ORD-007563,2025-07-27,payment,wallet,2755.15,successful
PAY-0007564,ORD-007564,2026-06-24,payment,upi,16120.36,successful
PAY-0007565,ORD-007565,2026-04-07,payment,upi,3866.22,failed
PAY-0007566,ORD-007566,2026-07-31,payment,upi,9520.3,successful
PAY-0007567,ORD-007567,2025-12-31,payment,credit_card,2012.79,successful
PAY-0007568,ORD-007568,2025-05-07,payment,credit_card,5323.4,successful
PAY-0007569,ORD-007569,2026-02-20,payment,credit_card,13857.68,successful
PAY-0007570,ORD-007570,2026-02-25,payment,upi,1122.54,successful
PAY-0007571,ORD-007571,2026-03-03,payment,net_banking,17147.54,successful
PAY-0007572,ORD-007572,2026-02-06,payment,wallet,23767.65,successful
PAY-0007573,ORD-007573,2026-01-12,payment,wallet,43376.97,successful
PAY-0007574,ORD-007574,2026-07-10,payment,credit_card,14970.92,pending
PAY-0007575,ORD-007575,2026-02-13,payment,credit_card,7418.13,successful
PAY-0007576,ORD-007576,2026-05-03,payment,upi,2325.86,successful
PAY-0007577,ORD-007577,2026-03-28,payment,debit_card,23047.29,successful
PAY-0007578,ORD-007578,2026-04-27,payment,credit_card,91697.1,successful
PAY-0007579,ORD-007579,2026-02-02,payment,wallet,29914.76,successful
PAY-0007580,ORD-007580,2026-04-11,payment,wallet,18372.66,successful
PAY-0007581,ORD-007581,2025-05-19,payment,net_banking,1704.91,failed
PAY-0007582,ORD-007582,2025-05-21,payment,debit_card,1261.33,successful
PAY-0007583,ORD-007583,2026-06-14,payment,net_banking,3496.75,successful
PAY-0007584,ORD-007584,2026-06-11,payment,debit_card,70067.14,successful
PAY-0007585,ORD-007585,2025-12-09,payment,wallet,17097.31,successful
PAY-0007586,ORD-007586,2025-11-19,payment,debit_card,12628.62,successful
PAY-0007587,ORD-007587,2025-01-22,payment,credit_card,5568.11,pending
PAY-0007588,ORD-007588,2026-05-16,payment,debit_card,14292.36,successful
PAY-0007589,ORD-007589,2026-04-23,payment,credit_card,13812.75,successful
PAY-0007590,ORD-007590,2026-05-27,payment,net_banking,24622.69,successful
PAY-0007591,ORD-007591,2026-04-11,payment,credit_card,13514.61,successful
PAY-0007592,ORD-007592,2026-06-10,payment,upi,45930.38,successful
PAY-0007593,ORD-007593,2026-06-10,payment,debit_card,17028.33,successful
PAY-0007594,ORD-007594,2026-05-14,payment,upi,11378.66,successful
PAY-0007595,ORD-007595,2026-01-20,payment,net_banking,4425.44,successful
PAY-0007596,ORD-007596,2026-03-02,payment,wallet,38194.48,failed
PAY-0007597,ORD-007597,2025-06-11,payment,net_banking,9508.03,successful
PAY-0007598,ORD-007598,2025-12-24,payment,debit_card,14961.7,successful
PAY-0007599,ORD-007599,2025-04-08,payment,debit_card,2501.53,successful
PAY-0007600,ORD-007600,2026-02-07,payment,credit_card,12414.63,successful
PAY-0007601,ORD-007601,2025-09-12,payment,debit_card,1161.69,successful
PAY-0007602,ORD-007602,2026-05-13,payment,upi,2381.24,successful
PAY-0007603,ORD-007603,2026-07-30,payment,upi,3113.83,successful
PAY-0007604,ORD-007604,2025-11-27,payment,upi,3008.43,successful
PAY-0007605,ORD-007605,2026-06-05,payment,debit_card,8074.81,successful
PAY-0007606,ORD-007606,2026-03-28,payment,net_banking,6129.83,successful
PAY-0007607,ORD-007607,2026-07-28,payment,net_banking,2564.55,successful
PAY-0007608,ORD-007608,2025-05-02,payment,upi,18974.58,failed
PAY-0007609,ORD-007609,2026-07-06,payment,upi,26922.49,successful
PAY-0007610,ORD-007610,2026-02-23,payment,debit_card,39724.3,successful
PAY-0007611,ORD-007611,2026-07-31,payment,net_banking,5479.85,successful
PAY-0007612,ORD-007612,2025-12-30,payment,wallet,30780.39,successful
PAY-0007613,ORD-007613,2026-07-22,payment,credit_card,8263.67,successful
PAY-0007614,ORD-007614,2026-06-09,payment,upi,13957.58,successful
PAY-0007615,ORD-007615,2025-06-20,payment,debit_card,10562.27,successful
PAY-0007616,ORD-007616,2025-12-27,payment,net_banking,10388.04,pending
PAY-0007617,ORD-007617,2026-03-13,payment,wallet,4601.42,successful
PAY-0007618,ORD-007618,2026-04-09,payment,debit_card,22887.73,successful
PAY-0007619,ORD-007619,2025-10-31,payment,net_banking,5643.61,successful
PAY-0007620,ORD-007620,2026-07-07,payment,credit_card,49784.83,successful
PAY-0007621,ORD-007621,2025-07-17,payment,debit_card,7275.4,successful
PAY-0007622,ORD-007622,2025-11-10,payment,upi,3061.57,successful
PAY-0007623,ORD-007623,2025-12-04,payment,debit_card,12461.0,successful
PAY-0007624,ORD-007624,2026-07-10,payment,upi,22008.91,successful
PAY-0007625,ORD-007625,2025-09-12,payment,wallet,23129.79,successful
PAY-0007626,ORD-007626,2026-06-25,payment,credit_card,25634.98,successful
PAY-0007627,ORD-007627,2026-07-07,payment,credit_card,6753.01,successful
PAY-0007628,ORD-007628,2026-05-04,payment,credit_card,13005.39,successful
PAY-0007629,ORD-007629,2026-02-06,payment,credit_card,9486.73,successful
PAY-0007630,ORD-007630,2025-11-24,payment,wallet,7360.84,successful
PAY-0007631,ORD-007631,2025-11-09,payment,credit_card,5647.3,successful
PAY-0007632,ORD-007632,2026-07-13,payment,credit_card,22593.96,successful
PAY-0007633,ORD-007633,2026-03-04,payment,wallet,11254.01,failed
PAY-0007634,ORD-007634,2026-01-10,payment,debit_card,27187.26,successful
PAY-0007635,ORD-007635,2025-04-06,payment,wallet,5930.22,failed
PAY-0007636,ORD-007636,2026-07-19,payment,net_banking,36825.27,successful
PAY-0007637,ORD-007637,2025-10-10,payment,credit_card,16743.99,successful
PAY-0007638,ORD-007638,2025-11-27,payment,credit_card,21046.27,successful
PAY-0007639,ORD-007639,2026-05-24,payment,credit_card,6622.75,successful
PAY-0007640,ORD-007640,2026-07-11,payment,debit_card,31017.36,failed
PAY-0007641,ORD-007641,2025-10-23,payment,net_banking,12102.84,successful
PAY-0007642,ORD-007642,2026-01-17,payment,wallet,4163.61,successful
PAY-0007643,ORD-007643,2026-01-20,payment,wallet,11706.83,successful
PAY-0007644,ORD-007644,2026-07-21,payment,wallet,6385.75,successful
PAY-0007645,ORD-007645,2026-05-14,payment,upi,9779.46,successful
PAY-0007646,ORD-007646,2026-07-31,payment,credit_card,1508.62,successful
PAY-0007647,ORD-007647,2026-06-24,payment,upi,9939.64,pending
PAY-0007648,ORD-007648,2026-02-01,payment,debit_card,22945.56,successful
PAY-0007649,ORD-007649,2025-07-27,payment,net_banking,5323.29,successful
PAY-0007650,ORD-007650,2026-07-19,payment,upi,7945.53,successful
PAY-0007651,ORD-007651,2026-06-20,payment,debit_card,5460.69,pending
PAY-0007652,ORD-007652,2025-02-02,payment,upi,43199.8,pending
PAY-0007653,ORD-007653,2025-12-13,payment,debit_card,2087.32,failed
PAY-0007654,ORD-007654,2025-11-15,payment,credit_card,190.88,successful
PAY-0007655,ORD-007655,2025-11-30,payment,wallet,16870.2,successful
PAY-0007656,ORD-007656,2026-02-16,payment,wallet,5606.27,failed
PAY-0007657,ORD-007657,2025-12-11,payment,debit_card,2695.16,successful
PAY-0007658,ORD-007658,2025-01-08,payment,wallet,12929.44,successful
PAY-0007659,ORD-007659,2025-04-06,payment,debit_card,5073.07,failed
PAY-0007660,ORD-007660,2026-05-01,payment,debit_card,37539.36,successful
PAY-0007661,ORD-007661,2026-02-05,payment,wallet,3492.09,successful
PAY-0007662,ORD-007662,2026-01-11,payment,wallet,6147.19,successful
PAY-0007663,ORD-007663,2025-09-15,payment,credit_card,36275.65,successful
PAY-0007664,ORD-007664,2025-06-08,payment,debit_card,1334.29,successful
PAY-0007665,ORD-007665,2025-06-27,payment,upi,23961.43,successful
PAY-0007666,ORD-007666,2026-04-16,payment,upi,21015.89,successful
PAY-0007667,ORD-007667,2025-10-18,payment,debit_card,21970.28,successful
PAY-0007668,ORD-007668,2025-03-17,payment,credit_card,5775.44,successful
PAY-0007669,ORD-007669,2026-01-02,payment,net_banking,6704.19,successful
PAY-0007670,ORD-007670,2026-04-21,payment,upi,12169.94,successful
PAY-0007671,ORD-007671,2026-07-13,payment,upi,37059.02,successful
PAY-0007672,ORD-007672,2026-05-15,payment,upi,18926.21,successful
PAY-0007673,ORD-007673,2025-10-21,payment,wallet,12926.23,failed
PAY-0007674,ORD-007674,2025-10-08,payment,debit_card,10861.88,successful
PAY-0007675,ORD-007675,2026-07-27,payment,wallet,1310.41,pending
PAY-0007676,ORD-007676,2026-06-27,payment,wallet,13981.04,successful
PAY-0007677,ORD-007677,2025-04-24,payment,net_banking,10401.35,successful
PAY-0007678,ORD-007678,2025-11-24,payment,net_banking,3775.22,successful
PAY-0007679,ORD-007679,2026-05-05,payment,credit_card,17653.12,successful
PAY-0007680,ORD-007680,2025-12-20,payment,wallet,1626.79,successful
PAY-0007681,ORD-007681,2025-08-25,payment,net_banking,28888.98,successful
PAY-0007682,ORD-007682,2026-07-03,payment,debit_card,13053.89,successful
PAY-0007683,ORD-007683,2026-06-11,payment,upi,5326.87,failed
PAY-0007684,ORD-007684,2025-06-25,payment,credit_card,24951.24,successful
PAY-0007685,ORD-007685,2025-03-04,payment,credit_card,16301.0,successful
PAY-0007686,ORD-007686,2026-03-04,payment,credit_card,301.03,successful
PAY-0007687,ORD-007687,2026-03-19,payment,upi,16376.46,successful
PAY-0007688,ORD-007688,2025-09-10,payment,upi,4802.21,failed
PAY-0007689,ORD-007689,2025-09-29,payment,wallet,37787.1,successful
PAY-0007690,ORD-007690,2026-05-11,payment,upi,15879.89,successful
PAY-0007691,ORD-007691,2026-06-20,payment,upi,17103.45,successful
PAY-0007692,ORD-007692,2026-06-04,payment,credit_card,16323.53,successful
PAY-0007693,ORD-007693,2025-06-15,payment,wallet,915.69,successful
PAY-0007694,ORD-007694,2025-04-05,payment,upi,24155.38,successful
PAY-0007695,ORD-007695,2026-04-28,payment,debit_card,13733.67,successful
PAY-0007696,ORD-007696,2025-05-27,payment,debit_card,9396.22,successful
PAY-0007697,ORD-007697,2026-04-08,payment,net_banking,25336.3,successful
PAY-0007698,ORD-007698,2025-09-22,payment,credit_card,7809.02,pending
PAY-0007699,ORD-007699,2026-03-23,payment,upi,9302.33,pending
PAY-0007700,ORD-007700,2025-04-03,payment,net_banking,17675.77,successful
PAY-0007701,ORD-007701,2025-10-30,payment,upi,24468.13,successful
PAY-0007702,ORD-007702,2026-07-29,payment,credit_card,17118.7,successful
PAY-0007703,ORD-007703,2026-07-23,payment,net_banking,11550.08,successful
PAY-0007704,ORD-007704,2026-03-24,payment,upi,19210.27,successful
PAY-0007705,ORD-007705,2026-03-30,payment,upi,14696.52,failed
PAY-0007706,ORD-007706,2025-11-09,payment,wallet,11716.74,successful
PAY-0007707,ORD-007707,2026-06-05,payment,debit_card,39048.34,successful
PAY-0007708,ORD-007708,2025-12-23,payment,credit_card,31230.17,successful
PAY-0007709,ORD-007709,2026-03-05,payment,net_banking,1823.66,successful
PAY-0007710,ORD-007710,2026-06-03,payment,credit_card,11625.75,successful
PAY-0007711,ORD-007711,2026-04-27,payment,debit_card,12216.96,successful
PAY-0007712,ORD-007712,2026-07-17,payment,debit_card,41561.97,failed
PAY-0007713,ORD-007713,2026-04-07,payment,debit_card,16461.74,successful
PAY-0007714,ORD-007714,2025-08-16,payment,debit_card,38550.13,successful
PAY-0007715,ORD-007715,2025-11-13,payment,wallet,13119.74,failed
PAY-0007716,ORD-007716,2025-06-24,payment,debit_card,33053.78,successful
PAY-0007717,ORD-007717,2026-05-29,payment,upi,5072.81,successful
PAY-0007718,ORD-007718,2026-03-17,payment,wallet,18928.6,failed
PAY-0007719,ORD-007719,2025-10-20,payment,credit_card,4142.34,successful
PAY-0007720,ORD-007720,2025-08-10,payment,upi,16346.88,successful
PAY-0007721,ORD-007721,2026-03-25,payment,credit_card,28031.05,successful
PAY-0007722,ORD-007722,2026-04-19,payment,debit_card,15427.43,successful
PAY-0007723,ORD-007723,2026-05-05,payment,upi,5281.2,successful
PAY-0007724,ORD-007724,2026-05-15,payment,wallet,5733.1,successful
PAY-0007725,ORD-007725,2026-05-08,payment,net_banking,13468.46,successful
PAY-0007726,ORD-007726,2026-05-28,payment,upi,20099.03,successful
PAY-0007727,ORD-007727,2026-07-09,payment,net_banking,25748.45,successful
PAY-0007728,ORD-007728,2025-02-21,payment,net_banking,2367.42,successful
PAY-0007729,ORD-007729,2026-04-10,payment,wallet,6349.25,failed
PAY-0007730,ORD-007730,2026-07-18,payment,debit_card,18838.59,successful
PAY-0007731,ORD-007731,2026-01-09,payment,credit_card,7054.02,successful
PAY-0007732,ORD-007732,2026-06-11,payment,credit_card,21074.19,failed
PAY-0007733,ORD-007733,2026-07-30,payment,wallet,3467.01,failed
PAY-0007734,ORD-007734,2026-01-14,payment,credit_card,8235.3,successful
PAY-0007735,ORD-007735,2025-06-17,payment,credit_card,3058.52,successful
PAY-0007736,ORD-007736,2025-08-15,payment,upi,16775.79,successful
PAY-0007737,ORD-007737,2025-05-20,payment,credit_card,18422.37,successful
PAY-0007738,ORD-007738,2026-01-29,payment,debit_card,3008.48,successful
PAY-0007739,ORD-007739,2026-06-18,payment,credit_card,22648.29,successful
PAY-0007740,ORD-007740,2025-05-27,payment,debit_card,3478.2,successful
PAY-0007741,ORD-007741,2025-12-18,payment,credit_card,8280.39,successful
PAY-0007742,ORD-007742,2026-01-07,payment,upi,13582.59,successful
PAY-0007743,ORD-007743,2026-01-20,payment,credit_card,26741.86,successful
PAY-0007744,ORD-007744,2026-07-17,payment,credit_card,10506.2,failed
PAY-0007745,ORD-007745,2026-02-11,payment,debit_card,5489.55,successful
PAY-0007746,ORD-007746,2026-04-24,payment,debit_card,1183.6,successful
PAY-0007747,ORD-007747,2025-05-03,payment,debit_card,9500.3,successful
PAY-0007748,ORD-007748,2025-09-26,payment,debit_card,37944.82,successful
PAY-0007749,ORD-007749,2025-12-01,payment,net_banking,10334.71,successful
PAY-0007750,ORD-007750,2026-07-09,payment,wallet,10061.79,successful
PAY-0007751,ORD-007751,2026-03-14,payment,net_banking,10220.5,successful
PAY-0007752,ORD-007752,2026-06-10,payment,wallet,23964.48,successful
PAY-0007753,ORD-007753,2026-01-02,payment,debit_card,11522.58,successful
PAY-0007754,ORD-007754,2025-11-14,payment,upi,1647.78,successful
PAY-0007755,ORD-007755,2026-06-24,payment,upi,12734.96,successful
PAY-0007756,ORD-007756,2026-05-14,payment,debit_card,13005.74,successful
PAY-0007757,ORD-007757,2026-07-23,payment,upi,4015.2,successful
PAY-0007758,ORD-007758,2025-12-30,payment,net_banking,45883.76,successful
PAY-0007759,ORD-007759,2026-07-06,payment,upi,19488.87,successful
PAY-0007760,ORD-007760,2025-06-27,payment,upi,14756.42,successful
PAY-0007761,ORD-007761,2026-06-14,payment,upi,1182.11,successful
PAY-0007762,ORD-007762,2025-12-22,payment,credit_card,13236.64,successful
PAY-0007763,ORD-007763,2025-01-10,payment,credit_card,21890.42,successful
PAY-0007764,ORD-007764,2026-05-09,payment,upi,6691.6,successful
PAY-0007765,ORD-007765,2026-07-28,payment,wallet,7844.71,failed
PAY-0007766,ORD-007766,2025-01-23,payment,wallet,11764.26,successful
PAY-0007767,ORD-007767,2026-03-11,payment,upi,48005.47,successful
PAY-0007768,ORD-007768,2026-06-13,payment,debit_card,22255.57,successful
PAY-0007769,ORD-007769,2025-06-26,payment,upi,5847.66,pending
PAY-0007770,ORD-007770,2025-06-14,payment,wallet,4858.44,successful
PAY-0007771,ORD-007771,2025-11-11,payment,net_banking,4228.81,successful
PAY-0007772,ORD-007772,2025-11-04,payment,net_banking,38744.47,successful
PAY-0007773,ORD-007773,2026-05-29,payment,net_banking,9304.32,successful
PAY-0007774,ORD-007774,2026-02-21,payment,credit_card,11226.98,successful
PAY-0007775,ORD-007775,2025-12-07,payment,debit_card,23786.23,successful
PAY-0007776,ORD-007776,2026-02-24,payment,upi,33659.55,failed
PAY-0007777,ORD-007777,2025-01-08,payment,upi,5209.36,successful
PAY-0007778,ORD-007778,2026-06-01,payment,upi,6435.25,successful
PAY-0007779,ORD-007779,2026-07-31,payment,debit_card,18574.71,successful
PAY-0007780,ORD-007780,2025-11-23,payment,upi,11939.42,successful
PAY-0007781,ORD-007781,2025-06-01,payment,upi,10022.68,successful
PAY-0007782,ORD-007782,2026-06-18,payment,credit_card,633.34,successful
PAY-0007783,ORD-007783,2026-04-16,payment,net_banking,9040.96,successful
PAY-0007784,ORD-007784,2025-04-01,payment,credit_card,38311.5,successful
PAY-0007785,ORD-007785,2026-06-14,payment,upi,8980.48,successful
PAY-0007786,ORD-007786,2025-09-21,payment,upi,27742.15,successful
PAY-0007787,ORD-007787,2025-06-19,payment,net_banking,12097.51,successful
PAY-0007788,ORD-007788,2025-07-26,payment,credit_card,3036.38,successful
PAY-0007789,ORD-007789,2026-01-23,payment,net_banking,6244.64,successful
PAY-0007790,ORD-007790,2026-07-15,payment,debit_card,17842.9,successful
PAY-0007791,ORD-007791,2025-12-15,payment,debit_card,52411.12,successful
PAY-0007792,ORD-007792,2025-08-23,payment,upi,9373.99,failed
PAY-0007793,ORD-007793,2025-03-26,payment,upi,733.83,failed
PAY-0007794,ORD-007794,2026-05-29,payment,debit_card,6720.22,pending
PAY-0007795,ORD-007795,2025-10-11,payment,upi,1245.09,failed
PAY-0007796,ORD-007796,2026-07-15,payment,debit_card,3912.73,pending
PAY-0007797,ORD-007797,2026-03-27,payment,credit_card,31488.05,successful
PAY-0007798,ORD-007798,2026-07-30,payment,net_banking,3526.44,successful
PAY-0007799,ORD-007799,2025-03-21,payment,debit_card,6890.46,successful
PAY-0007800,ORD-007800,2026-07-02,payment,net_banking,5009.99,successful
PAY-0007801,ORD-007801,2026-06-07,payment,upi,5806.77,successful
PAY-0007802,ORD-007802,2025-10-18,payment,credit_card,3501.04,successful
PAY-0007803,ORD-007803,2025-04-01,payment,net_banking,18637.4,successful
PAY-0007804,ORD-007804,2025-03-18,payment,upi,10869.52,successful
PAY-0007805,ORD-007805,2026-01-12,payment,net_banking,4612.21,successful
PAY-0007806,ORD-007806,2025-01-07,payment,upi,13524.76,successful
PAY-0007807,ORD-007807,2025-03-13,payment,upi,16894.63,successful
PAY-0007808,ORD-007808,2025-11-03,payment,net_banking,28185.74,successful
PAY-0007809,ORD-007809,2026-02-18,payment,credit_card,13638.29,successful
PAY-0007810,ORD-007810,2026-05-29,payment,credit_card,30933.0,successful
PAY-0007811,ORD-007811,2026-07-26,payment,net_banking,29800.84,successful
PAY-0007812,ORD-007812,2025-06-04,payment,credit_card,24700.46,successful
PAY-0007813,ORD-007813,2025-10-14,payment,wallet,20529.75,successful
PAY-0007814,ORD-007814,2025-04-25,payment,credit_card,27240.61,successful
PAY-0007815,ORD-007815,2025-09-10,payment,net_banking,3919.09,successful
PAY-0007816,ORD-007816,2025-09-11,payment,net_banking,19095.63,failed
PAY-0007817,ORD-007817,2026-07-28,payment,credit_card,18240.77,successful
PAY-0007818,ORD-007818,2026-05-31,payment,wallet,6727.18,successful
PAY-0007819,ORD-007819,2026-06-11,payment,net_banking,22727.74,successful
PAY-0007820,ORD-007820,2025-09-18,payment,upi,15200.83,successful
PAY-0007821,ORD-007821,2026-01-24,payment,credit_card,12774.68,pending
PAY-0007822,ORD-007822,2026-06-19,payment,upi,25997.23,successful
PAY-0007823,ORD-007823,2026-06-15,payment,net_banking,5392.87,successful
PAY-0007824,ORD-007824,2025-10-09,payment,credit_card,25986.53,successful
PAY-0007825,ORD-007825,2025-12-18,payment,net_banking,42692.06,successful
PAY-0007826,ORD-007826,2025-08-04,payment,credit_card,43198.74,successful
PAY-0007827,ORD-007827,2025-09-30,payment,wallet,15492.93,successful
PAY-0007828,ORD-007828,2025-09-12,payment,upi,33839.76,successful
PAY-0007829,ORD-007829,2025-11-09,payment,upi,709.54,successful
PAY-0007830,ORD-007830,2026-03-20,payment,net_banking,19186.2,successful
PAY-0007831,ORD-007831,2026-06-04,payment,wallet,52330.43,successful
PAY-0007832,ORD-007832,2026-03-12,payment,upi,2757.72,successful
PAY-0007833,ORD-007833,2026-07-10,payment,wallet,17545.5,successful
PAY-0007834,ORD-007834,2025-11-08,payment,credit_card,15882.39,failed
PAY-0007835,ORD-007835,2025-02-02,payment,net_banking,6543.7,successful
PAY-0007836,ORD-007836,2025-06-04,payment,wallet,14151.53,successful
PAY-0007837,ORD-007837,2026-06-04,payment,debit_card,2153.94,successful
PAY-0007838,ORD-007838,2025-03-22,payment,debit_card,12363.47,successful
PAY-0007839,ORD-007839,2026-06-28,payment,debit_card,23498.77,failed
PAY-0007840,ORD-007840,2025-01-01,payment,credit_card,15804.24,successful
PAY-0007841,ORD-007841,2025-07-06,payment,debit_card,8805.83,successful
PAY-0007842,ORD-007842,2025-03-07,payment,debit_card,27104.38,successful
PAY-0007843,ORD-007843,2025-10-12,payment,upi,21294.2,successful
PAY-0007844,ORD-007844,2025-07-19,payment,upi,18101.84,successful
PAY-0007845,ORD-007845,2026-05-15,payment,debit_card,13088.5,successful
PAY-0007846,ORD-007846,2026-02-03,payment,upi,34953.04,failed
PAY-0007847,ORD-007847,2025-06-16,payment,debit_card,7989.33,successful
PAY-0007848,ORD-007848,2026-04-17,payment,debit_card,1584.58,failed
PAY-0007849,ORD-007849,2026-06-24,payment,net_banking,5514.56,successful
PAY-0007850,ORD-007850,2026-06-30,payment,upi,4734.33,successful
PAY-0007851,ORD-007851,2025-11-29,payment,upi,4662.35,successful
PAY-0007852,ORD-007852,2026-02-22,payment,debit_card,16497.78,failed
PAY-0007853,ORD-007853,2026-07-19,payment,upi,15824.07,successful
PAY-0007854,ORD-007854,2026-07-28,payment,net_banking,32936.16,successful
PAY-0007855,ORD-007855,2025-12-05,payment,upi,25862.17,successful
PAY-0007856,ORD-007856,2026-07-20,payment,debit_card,2186.39,successful
PAY-0007857,ORD-007857,2026-02-09,payment,upi,35500.1,failed
PAY-0007858,ORD-007858,2025-06-05,payment,upi,32468.61,successful
PAY-0007859,ORD-007859,2026-07-10,payment,credit_card,24626.32,successful
PAY-0007860,ORD-007860,2025-07-14,payment,credit_card,15103.58,successful
PAY-0007861,ORD-007861,2025-09-28,payment,credit_card,7847.21,successful
PAY-0007862,ORD-007862,2026-05-27,payment,wallet,11739.16,successful
PAY-0007863,ORD-007863,2026-03-29,payment,wallet,491.15,successful
PAY-0007864,ORD-007864,2026-06-15,payment,credit_card,18612.25,failed
PAY-0007865,ORD-007865,2026-04-18,payment,net_banking,5792.34,successful
PAY-0007866,ORD-007866,2025-03-01,payment,credit_card,6412.64,successful
PAY-0007867,ORD-007867,2025-06-06,payment,upi,11013.25,successful
PAY-0007868,ORD-007868,2025-08-01,payment,debit_card,13854.49,successful
PAY-0007869,ORD-007869,2025-03-08,payment,net_banking,21746.49,successful
PAY-0007870,ORD-007870,2026-02-21,payment,debit_card,9242.69,successful
PAY-0007871,ORD-007871,2025-01-20,payment,credit_card,6636.26,successful
PAY-0007872,ORD-007872,2025-12-22,payment,upi,15665.87,successful
PAY-0007873,ORD-007873,2026-07-10,payment,credit_card,20210.56,successful
PAY-0007874,ORD-007874,2026-01-07,payment,credit_card,25765.42,successful
PAY-0007875,ORD-007875,2026-06-11,payment,upi,16010.07,successful
PAY-0007876,ORD-007876,2026-04-14,payment,net_banking,15269.61,pending
PAY-0007877,ORD-007877,2025-05-30,payment,credit_card,17211.7,successful
PAY-0007878,ORD-007878,2025-11-26,payment,upi,17928.08,successful
PAY-0007879,ORD-007879,2026-04-09,payment,debit_card,9645.36,successful
PAY-0007880,ORD-007880,2026-06-22,payment,wallet,11461.89,successful
PAY-0007881,ORD-007881,2026-06-22,payment,upi,21977.81,successful
PAY-0007882,ORD-007882,2026-05-19,payment,upi,11937.82,successful
PAY-0007883,ORD-007883,2025-09-08,payment,credit_card,13006.74,successful
PAY-0007884,ORD-007884,2026-06-23,payment,net_banking,4656.62,failed
PAY-0007885,ORD-007885,2026-07-07,payment,credit_card,8104.0,failed
PAY-0007886,ORD-007886,2025-12-07,payment,debit_card,1199.7,successful
PAY-0007887,ORD-007887,2025-11-08,payment,credit_card,10700.04,successful
PAY-0007888,ORD-007888,2026-04-04,payment,wallet,5242.08,successful
PAY-0007889,ORD-007889,2025-07-18,payment,upi,10238.93,failed
PAY-0007890,ORD-007890,2026-07-22,payment,net_banking,994.03,successful
PAY-0007891,ORD-007891,2025-12-10,payment,net_banking,2813.5,successful
PAY-0007892,ORD-007892,2026-06-27,payment,upi,8888.43,successful
PAY-0007893,ORD-007893,2026-01-19,payment,wallet,12360.39,successful
PAY-0007894,ORD-007894,2026-05-03,payment,wallet,5469.87,successful
PAY-0007895,ORD-007895,2026-03-06,payment,upi,27012.43,successful
PAY-0007896,ORD-007896,2026-06-10,payment,net_banking,40358.94,successful
PAY-0007897,ORD-007897,2026-02-16,payment,credit_card,4332.33,successful
PAY-0007898,ORD-007898,2025-08-09,payment,debit_card,8028.71,successful
PAY-0007899,ORD-007899,2025-12-12,payment,wallet,49792.39,successful
PAY-0007900,ORD-007900,2025-05-27,payment,credit_card,5913.12,successful
PAY-0007901,ORD-007901,2026-03-11,payment,wallet,3858.8,successful
PAY-0007902,ORD-007902,2025-04-16,payment,wallet,4725.35,successful
PAY-0007903,ORD-007903,2025-06-27,payment,credit_card,24710.19,successful
PAY-0007904,ORD-007904,2026-05-20,payment,upi,43395.05,successful
PAY-0007905,ORD-007905,2025-09-11,payment,wallet,1690.16,failed
PAY-0007906,ORD-007906,2026-04-22,payment,net_banking,6334.83,successful
PAY-0007907,ORD-007907,2026-04-16,payment,upi,44823.82,failed
PAY-0007908,ORD-007908,2026-07-21,payment,debit_card,9823.03,successful
PAY-0007909,ORD-007909,2025-12-07,payment,net_banking,2843.92,successful
PAY-0007910,ORD-007910,2026-06-03,payment,wallet,7260.8,successful
PAY-0007911,ORD-007911,2025-12-10,payment,credit_card,18377.7,successful
PAY-0007912,ORD-007912,2026-05-16,payment,debit_card,17637.31,successful
PAY-0007913,ORD-007913,2026-04-13,payment,credit_card,14457.3,successful
PAY-0007914,ORD-007914,2026-05-24,payment,upi,12850.18,successful
PAY-0007915,ORD-007915,2026-06-04,payment,wallet,10560.09,successful
PAY-0007916,ORD-007916,2025-04-06,payment,net_banking,5900.97,successful
PAY-0007917,ORD-007917,2026-02-21,payment,wallet,9952.1,successful
PAY-0007918,ORD-007918,2025-10-01,payment,net_banking,5177.89,successful
PAY-0007919,ORD-007919,2025-06-26,payment,debit_card,12915.21,successful
PAY-0007920,ORD-007920,2026-06-12,payment,upi,13527.63,successful
PAY-0007921,ORD-007921,2025-01-09,payment,upi,37465.89,successful
PAY-0007922,ORD-007922,2025-04-10,payment,credit_card,17892.09,successful
PAY-0007923,ORD-007923,2025-09-29,payment,net_banking,20722.97,successful
PAY-0007924,ORD-007924,2026-07-30,payment,upi,4923.92,successful
PAY-0007925,ORD-007925,2026-06-15,payment,credit_card,23053.67,successful
PAY-0007926,ORD-007926,2026-02-07,payment,net_banking,5924.58,failed
PAY-0007927,ORD-007927,2026-02-15,payment,wallet,15830.18,successful
PAY-0007928,ORD-007928,2025-06-30,payment,upi,13447.35,successful
PAY-0007929,ORD-007929,2025-11-16,payment,credit_card,4041.83,successful
PAY-0007930,ORD-007930,2026-06-15,payment,net_banking,19097.88,successful
PAY-0007931,ORD-007931,2026-06-05,payment,wallet,5765.49,successful
PAY-0007932,ORD-007932,2025-12-12,payment,wallet,6350.11,pending
PAY-0007933,ORD-007933,2025-02-17,payment,upi,59985.03,successful
PAY-0007934,ORD-007934,2026-03-02,payment,upi,15050.73,successful
PAY-0007935,ORD-007935,2026-01-27,payment,credit_card,12707.24,failed
PAY-0007936,ORD-007936,2025-08-11,payment,net_banking,44461.53,successful
PAY-0007937,ORD-007937,2026-03-07,payment,debit_card,27802.11,successful
PAY-0007938,ORD-007938,2025-11-19,payment,debit_card,3936.4,successful
PAY-0007939,ORD-007939,2026-03-14,payment,net_banking,36290.71,failed
PAY-0007940,ORD-007940,2025-11-30,payment,upi,6127.24,successful
PAY-0007941,ORD-007941,2025-11-23,payment,upi,47332.77,successful
PAY-0007942,ORD-007942,2025-12-13,payment,upi,3302.16,failed
PAY-0007943,ORD-007943,2026-07-11,payment,net_banking,3697.81,successful
PAY-0007944,ORD-007944,2026-03-15,payment,net_banking,24064.61,successful
PAY-0007945,ORD-007945,2025-10-09,payment,upi,7973.54,successful
PAY-0007946,ORD-007946,2026-07-28,payment,upi,12727.43,successful
PAY-0007947,ORD-007947,2025-11-24,payment,upi,19540.13,successful
PAY-0007948,ORD-007948,2026-07-25,payment,debit_card,16813.03,successful
PAY-0007949,ORD-007949,2025-08-21,payment,credit_card,38371.33,successful
PAY-0007950,ORD-007950,2025-02-20,payment,credit_card,8648.7,successful
PAY-0007951,ORD-007951,2026-01-04,payment,net_banking,25019.54,successful
PAY-0007952,ORD-007952,2026-07-21,payment,upi,27158.96,successful
PAY-0007953,ORD-007953,2026-01-29,payment,wallet,3703.62,failed
PAY-0007954,ORD-007954,2025-04-13,payment,wallet,9199.98,successful
PAY-0007955,ORD-007955,2026-07-27,payment,credit_card,28542.98,successful
PAY-0007956,ORD-007956,2025-05-17,payment,upi,2142.06,successful
PAY-0007957,ORD-007957,2025-07-13,payment,credit_card,15873.08,successful
PAY-0007958,ORD-007958,2026-03-09,payment,credit_card,729.66,successful
PAY-0007959,ORD-007959,2025-03-12,payment,upi,25991.25,successful
PAY-0007960,ORD-007960,2026-06-07,payment,wallet,69620.61,successful
PAY-0007961,ORD-007961,2026-04-13,payment,wallet,7338.75,successful
PAY-0007962,ORD-007962,2026-07-23,payment,credit_card,14782.15,successful
PAY-0007963,ORD-007963,2026-04-29,payment,wallet,1775.59,successful
PAY-0007964,ORD-007964,2026-04-22,payment,upi,30011.95,successful
PAY-0007965,ORD-007965,2026-05-06,payment,credit_card,14048.14,successful
PAY-0007966,ORD-007966,2026-04-03,payment,debit_card,4793.76,successful
PAY-0007967,ORD-007967,2026-01-18,payment,wallet,10835.69,successful
PAY-0007968,ORD-007968,2025-07-03,payment,debit_card,9706.21,successful
PAY-0007969,ORD-007969,2026-02-04,payment,net_banking,4882.4,successful
PAY-0007970,ORD-007970,2025-06-22,payment,upi,15587.4,failed
PAY-0007971,ORD-007971,2026-02-17,payment,wallet,5276.82,successful
PAY-0007972,ORD-007972,2025-12-02,payment,upi,1194.06,successful
PAY-0007973,ORD-007973,2026-02-04,payment,upi,48700.52,successful
PAY-0007974,ORD-007974,2025-10-09,payment,wallet,22284.75,successful
PAY-0007975,ORD-007975,2025-05-09,payment,wallet,24688.08,successful
PAY-0007976,ORD-007976,2025-03-05,payment,credit_card,28504.6,successful
PAY-0007977,ORD-007977,2026-07-30,payment,upi,1541.76,successful
PAY-0007978,ORD-007978,2025-09-26,payment,wallet,4629.81,successful
PAY-0007979,ORD-007979,2025-12-12,payment,debit_card,33964.16,successful
PAY-0007980,ORD-007980,2026-02-05,payment,debit_card,36109.98,successful
PAY-0007981,ORD-007981,2025-08-01,payment,upi,7051.6,failed
PAY-0007982,ORD-007982,2026-07-18,payment,wallet,10421.22,successful
PAY-0007983,ORD-007983,2025-08-06,payment,wallet,45894.97,successful
PAY-0007984,ORD-007984,2025-08-27,payment,credit_card,18149.5,successful
PAY-0007985,ORD-007985,2026-04-09,payment,upi,25776.95,successful
PAY-0007986,ORD-007986,2026-04-26,payment,debit_card,14815.1,pending
PAY-0007987,ORD-007987,2026-02-08,payment,upi,20621.07,successful
PAY-0007988,ORD-007988,2026-01-20,payment,wallet,45602.04,successful
PAY-0007989,ORD-007989,2026-02-06,payment,wallet,60034.16,failed
PAY-0007990,ORD-007990,2026-06-29,payment,debit_card,46227.66,successful
PAY-0007991,ORD-007991,2026-04-08,payment,net_banking,496.3,successful
PAY-0007992,ORD-007992,2026-01-26,payment,wallet,16912.11,pending
PAY-0007993,ORD-007993,2026-06-19,payment,credit_card,5027.28,successful
PAY-0007994,ORD-007994,2025-12-30,payment,credit_card,47873.96,successful
PAY-0007995,ORD-007995,2025-09-22,payment,net_banking,27803.84,successful
PAY-0007996,ORD-007996,2026-07-04,payment,upi,16265.89,successful
PAY-0007997,ORD-007997,2026-06-14,payment,upi,19524.54,successful
PAY-0007998,ORD-007998,2026-04-10,payment,wallet,12512.5,successful
PAY-0007999,ORD-007999,2026-02-23,payment,upi,5820.9,successful
PAY-0008000,ORD-008000,2025-11-11,payment,upi,53695.9,successful
PAY-0008001,ORD-007429,2026-06-12,chargeback,original_payment_method,28904.43,posted
PAY-0008002,ORD-006422,2025-01-15,chargeback,original_payment_method,3246.74,posted
PAY-0008003,ORD-003434,2026-06-27,chargeback,original_payment_method,21402.18,posted
PAY-0008004,ORD-002577,2026-07-16,chargeback,original_payment_method,10296.83,posted
PAY-0008005,ORD-002764,2025-10-13,chargeback,original_payment_method,18394.25,posted
PAY-0008006,ORD-001818,2025-10-23,chargeback,original_payment_method,9113.41,posted
PAY-0008007,ORD-002678,2025-08-28,chargeback,original_payment_method,3620.24,posted
PAY-0008008,ORD-003197,2026-06-17,chargeback,original_payment_method,16256.73,posted
PAY-0008009,ORD-007904,2026-06-03,chargeback,original_payment_method,25904.05,posted
PAY-0008010,ORD-007243,2026-04-26,chargeback,original_payment_method,29929.39,posted
PAY-0008011,ORD-005812,2026-05-10,chargeback,original_payment_method,5497.32,posted
PAY-0008012,ORD-004895,2026-04-13,chargeback,original_payment_method,14899.96,posted
PAY-0008013,ORD-003725,2026-01-22,chargeback,original_payment_method,6930.19,posted
PAY-0008014,ORD-006775,2025-09-26,chargeback,original_payment_method,12617.55,posted
PAY-0008015,ORD-000447,2025-10-01,chargeback,original_payment_method,9186.93,posted
PAY-0008016,ORD-004077,2025-07-21,chargeback,original_payment_method,967.54,posted
PAY-0008017,ORD-002232,2025-02-18,chargeback,original_payment_method,8194.39,posted
PAY-0008018,ORD-001788,2025-11-12,chargeback,original_payment_method,9904.65,posted
PAY-0008019,ORD-005292,2025-03-29,chargeback,original_payment_method,7581.77,posted
PAY-0008020,ORD-001591,2026-01-30,chargeback,original_payment_method,11525.78,posted
PAY-0008021,ORD-007540,2025-12-30,chargeback,original_payment_method,2706.79,posted
PAY-0008022,ORD-005401,2025-09-07,chargeback,original_payment_method,26165.43,posted
PAY-0008023,ORD-007282,2026-04-10,chargeback,original_payment_method,5506.38,posted
PAY-0008024,ORD-003107,2026-04-21,chargeback,original_payment_method,6523.94,posted
PAY-0008025,ORD-006967,2025-09-06,chargeback,original_payment_method,3868.29,posted
PAY-0008026,ORD-007987,2026-03-04,chargeback,original_payment_method,20592.19,posted
PAY-0008027,ORD-003588,2026-06-08,chargeback,original_payment_method,3052.57,posted
PAY-0008028,ORD-006535,2025-08-13,chargeback,original_payment_method,18057.58,posted
PAY-0008029,ORD-004570,2026-05-03,chargeback,original_payment_method,7179.87,posted
PAY-0008030,ORD-007332,2026-02-22,chargeback,original_payment_method,21692.89,posted
PAY-0008031,ORD-002198,2026-07-19,chargeback,original_payment_method,233.86,posted
PAY-0008032,ORD-006858,2025-03-20,chargeback,original_payment_method,7932.18,posted
PAY-0008033,ORD-001648,2026-05-11,chargeback,original_payment_method,12323.53,posted
PAY-0008034,ORD-006212,2025-07-31,chargeback,original_payment_method,18016.54,posted
PAY-0008035,ORD-004930,2025-05-01,chargeback,original_payment_method,5884.9,posted
PAY-0008036,ORD-003206,2026-06-16,chargeback,original_payment_method,24283.58,posted
PAY-0008037,ORD-000798,2026-07-31,chargeback,original_payment_method,17762.9,posted
PAY-0008038,ORD-005766,2026-06-02,chargeback,original_payment_method,10996.71,posted
PAY-0008039,ORD-002037,2026-07-31,chargeback,original_payment_method,2340.46,posted
PAY-0008040,ORD-004943,2026-05-22,chargeback,original_payment_method,12829.3,posted
PAY-0008041,ORD-002374,2025-08-11,chargeback,original_payment_method,2671.26,posted
PAY-0008042,ORD-001298,2026-07-31,chargeback,original_payment_method,3092.86,posted
PAY-0008043,ORD-004962,2025-09-25,chargeback,original_payment_method,7938.71,posted
PAY-0008044,ORD-003167,2025-11-29,chargeback,original_payment_method,6707.35,posted
PAY-0008045,ORD-006436,2026-03-01,chargeback,original_payment_method,1228.8,posted
PAY-0008046,ORD-001379,2026-02-15,chargeback,original_payment_method,13699.98,posted
PAY-0008047,ORD-001803,2026-06-16,chargeback,original_payment_method,20421.77,posted
PAY-0008048,ORD-000644,2026-05-19,chargeback,original_payment_method,15098.97,posted
PAY-0008049,ORD-003876,2025-10-16,chargeback,original_payment_method,5578.41,posted
PAY-0008050,ORD-007799,2025-04-19,chargeback,original_payment_method,3817.44,posted
PAY-0008051,ORD-006716,2026-07-05,chargeback,original_payment_method,19400.53,posted
PAY-0008052,ORD-001768,2026-04-16,chargeback,original_payment_method,8619.28,posted
PAY-0008053,ORD-002922,2026-02-02,chargeback,original_payment_method,11813.4,posted
PAY-0008054,ORD-000218,2026-07-29,chargeback,original_payment_method,9212.68,posted
PAY-0008055,ORD-006729,2025-12-19,chargeback,original_payment_method,30540.27,posted
PAY-0008056,ORD-003701,2026-07-31,chargeback,original_payment_method,18382.34,posted
PAY-0008057,ORD-005751,2026-07-31,chargeback,original_payment_method,37535.76,posted
PAY-0008058,ORD-003992,2026-06-06,chargeback,original_payment_method,24322.11,posted
PAY-0008059,ORD-006144,2026-07-01,chargeback,original_payment_method,16297.97,posted
PAY-0008060,ORD-001405,2026-01-09,chargeback,original_payment_method,3457.36,posted
PAY-0008061,ORD-006946,2026-07-30,chargeback,original_payment_method,10620.56,posted
PAY-0008062,ORD-004297,2026-07-16,chargeback,original_payment_method,14778.62,posted
PAY-0008063,ORD-007600,2026-02-16,chargeback,original_payment_method,11635.15,posted
PAY-0008064,ORD-000381,2026-04-21,chargeback,original_payment_method,5230.08,posted
PAY-0008065,ORD-001225,2025-10-19,chargeback,original_payment_method,12862.0,posted
PAY-0008066,ORD-006929,2026-07-15,chargeback,original_payment_method,18469.82,posted
PAY-0008067,ORD-001501,2026-07-08,chargeback,original_payment_method,8284.02,posted
PAY-0008068,ORD-007801,2026-07-10,chargeback,original_payment_method,5481.18,posted
PAY-0008069,ORD-000481,2026-06-03,chargeback,original_payment_method,5336.5,posted
PAY-0008070,ORD-004207,2026-04-17,chargeback,original_payment_method,12139.93,posted
PAY-0008071,ORD-005014,2025-11-27,chargeback,original_payment_method,12776.93,posted
PAY-0008072,ORD-005065,2026-07-29,chargeback,original_payment_method,12259.85,posted
PAY-0008073,ORD-007326,2026-07-31,chargeback,original_payment_method,23139.79,posted
PAY-0008074,ORD-005416,2026-01-31,chargeback,original_payment_method,9422.27,posted
PAY-0008075,ORD-006148,2025-04-20,chargeback,original_payment_method,24807.63,posted
PAY-0008076,ORD-001521,2026-02-06,chargeback,original_payment_method,3718.13,posted
PAY-0008077,ORD-003493,2026-07-27,chargeback,original_payment_method,10824.0,posted
PAY-0008078,ORD-005789,2026-07-31,chargeback,original_payment_method,5322.73,posted
PAY-0008079,ORD-002491,2026-05-24,chargeback,original_payment_method,5914.41,posted
PAY-0008080,ORD-006618,2025-10-15,chargeback,original_payment_method,18028.38,posted
PAY-0008081,ORD-005591,2026-07-22,chargeback,original_payment_method,23663.23,posted
PAY-0008082,ORD-006614,2026-07-31,chargeback,original_payment_method,1679.27,posted
PAY-0008083,ORD-003680,2025-03-10,chargeback,original_payment_method,12240.62,posted
PAY-0008084,ORD-007294,2025-09-03,chargeback,original_payment_method,12505.47,posted
PAY-0008085,ORD-000288,2026-04-11,chargeback,original_payment_method,23953.31,posted
PAY-0008086,ORD-002760,2025-12-06,chargeback,original_payment_method,6334.78,posted
PAY-0008087,ORD-001092,2026-07-25,chargeback,original_payment_method,4369.92,posted
PAY-0008088,ORD-002790,2026-03-28,chargeback,original_payment_method,2398.47,posted
PAY-0008089,ORD-003467,2026-05-07,chargeback,original_payment_method,39833.44,posted
PAY-0008090,ORD-001766,2025-12-15,chargeback,original_payment_method,15759.98,posted
PAY-0008091,ORD-002030,2026-05-07,chargeback,original_payment_method,1405.99,posted
PAY-0008092,ORD-004487,2025-07-17,chargeback,original_payment_method,28879.75,posted
PAY-0008093,ORD-007047,2026-06-23,chargeback,original_payment_method,9286.35,posted
PAY-0008094,ORD-003619,2026-05-06,chargeback,original_payment_method,7371.04,posted
PAY-0008095,ORD-006447,2026-02-17,chargeback,original_payment_method,3042.41,posted
PAY-0008096,ORD-000164,2026-07-15,chargeback,original_payment_method,24623.82,posted
PAY-0008097,ORD-003927,2026-04-20,chargeback,original_payment_method,3649.32,posted
PAY-0008098,ORD-003514,2025-09-30,chargeback,original_payment_method,38091.89,posted
PAY-0008099,ORD-000834,2026-07-31,chargeback,original_payment_method,14635.95,posted
PAY-0008100,ORD-007468,2026-02-14,chargeback,original_payment_method,14421.39,posted
PAY-0008101,ORD-007680,2026-01-12,chargeback,original_payment_method,1491.54,posted
