order_id,customer_id,order_date,order_status,sales_channel,currency,gross_merchandise_amount,discount_amount,subtotal_amount,shipping_amount,tax_amount,order_total_amount
ORD-000001,CUST-01455,2025-09-25,completed,web,INR,27471.13,385.95,27085.18,0,4875.33,31960.51
ORD-000002,CUST-01748,2025-08-11,completed,mobile_app,INR,16962.29,2266.53,14695.76,0,2645.24,17341.0
ORD-000003,CUST-00287,2025-01-17,completed,mobile_app,INR,55156.31,3277.06,51879.25,0,9338.26,61217.51
ORD-000004,CUST-00493,2026-05-24,completed,mobile_app,INR,14068.619999999999,394.88,13673.74,0,2461.27,16135.01
ORD-000005,CUST-00075,2026-07-07,pending,web,INR,6878.37,687.84,6190.53,0,1114.3,7304.83
ORD-000006,CUST-00978,2026-05-07,completed,web,INR,3411.64,0.0,3411.64,0,614.1,4025.74
ORD-000007,CUST-00989,2025-06-28,completed,web,INR,19671.18,1818.2,17852.98,0,3213.54,21066.52
ORD-000008,CUST-00060,2026-02-27,cancelled,web,INR,3313.05,331.31,2981.74,0,536.71,3518.45
ORD-000009,CUST-01324,2026-07-27,completed,mobile_app,INR,628.49,62.85,565.64,79,101.82,746.46
ORD-000010,CUST-00018,2025-09-03,completed,mobile_app,INR,40977.36,4622.7699999999995,36354.59,0,6543.83,42898.42
ORD-000011,CUST-01586,2026-04-30,completed,web,INR,17966.9,832.72,17134.18,0,3084.15,20218.33
ORD-000012,CUST-01411,2025-11-30,completed,web,INR,651.63,65.16,586.47,99,105.56,791.03
ORD-000013,CUST-01631,2026-01-11,completed,web,INR,1909.87,0.0,1909.87,79,343.78,2332.65
ORD-000014,CUST-00237,2026-03-22,pending,mobile_app,INR,40692.07,733.44,39958.63,0,7192.55,47151.18
ORD-000015,CUST-01741,2025-06-10,completed,web,INR,14521.33,358.26,14163.07,0,2549.35,16712.42
ORD-000016,CUST-01096,2025-09-03,cancelled,web,INR,13230.82,437.13,12793.689999999999,0,2302.86,15096.55
ORD-000017,CUST-01727,2026-06-28,completed,web,INR,5020.83,0.0,5020.83,0,903.75,5924.58
ORD-000018,CUST-01393,2026-07-28,shipped,mobile_app,INR,12862.02,0.0,12862.02,0,2315.16,15177.18
ORD-000019,CUST-01313,2026-05-12,completed,web,INR,18186.03,0.0,18186.03,0,3273.49,21459.52
ORD-000020,CUST-00065,2025-09-01,shipped,web,INR,30465.2,1652.86,28812.34,0,5186.22,33998.56
ORD-000021,CUST-01384,2026-07-14,completed,mobile_app,INR,4035.54,443.03,3592.5099999999998,0,646.65,4239.16
ORD-000022,CUST-00898,2025-09-19,completed,mobile_app,INR,33996.409999999996,663.1,33333.31,0,6000.0,39333.31
ORD-000023,CUST-01699,2026-07-05,completed,web,INR,12328.050000000001,494.08,11833.970000000001,0,2130.11,13964.08
ORD-000024,CUST-01369,2026-07-18,completed,mobile_app,INR,24730.47,306.14,24424.33,0,4396.38,28820.71
ORD-000025,CUST-00149,2026-07-12,cancelled,web,INR,26414.08,3881.74,22532.34,0,4055.82,26588.16
ORD-000026,CUST-01780,2026-07-28,completed,mobile_app,INR,2086.24,208.62,1877.62,49,337.97,2264.59
ORD-000027,CUST-00126,2025-10-29,completed,web,INR,17739.62,96.99,17642.63,0,3175.67,20818.3
ORD-000028,CUST-00599,2025-11-14,returned,mobile_app,INR,17908.02,894.89,17013.13,0,3062.36,20075.49
ORD-000029,CUST-00434,2026-04-28,completed,mobile_app,INR,9502.2,997.0600000000001,8505.14,0,1530.93,10036.07
ORD-000030,CUST-01949,2025-05-14,completed,web,INR,3909.36,195.47,3713.89,0,668.5,4382.39
ORD-000031,CUST-00307,2026-03-10,cancelled,web,INR,38921.29,207.48,38713.81,0,6968.49,45682.3
ORD-000032,CUST-01690,2025-04-13,shipped,mobile_app,INR,20197.550000000003,0.0,20197.550000000003,0,3635.56,23833.11
ORD-000033,CUST-00445,2026-06-01,completed,web,INR,19332.09,2853.4300000000003,16478.66,0,2966.16,19444.82
ORD-000034,CUST-01302,2026-02-06,completed,mobile_app,INR,16162.89,564.2,15598.69,0,2807.76,18406.45
ORD-000035,CUST-00181,2026-07-03,completed,web,INR,12434.46,1865.17,10569.29,0,1902.47,12471.76
ORD-000036,CUST-00784,2025-09-17,completed,web,INR,69480.20999999999,0.0,69480.20999999999,0,12506.44,81986.65
ORD-000037,CUST-01247,2026-06-13,shipped,mobile_app,INR,4933.44,0.0,4933.44,0,888.02,5821.46
ORD-000038,CUST-01423,2025-12-06,pending,web,INR,10299.06,1918.2,8380.86,0,1508.55,9889.41
ORD-000039,CUST-01745,2025-08-18,completed,mobile_app,INR,11736.36,1211.99,10524.369999999999,0,1894.39,12418.76
ORD-000040,CUST-01633,2025-04-28,completed,web,INR,10210.83,238.82,9972.01,0,1794.96,11766.97
ORD-000041,CUST-01038,2025-04-02,shipped,web,INR,31286.370000000003,986.09,30300.280000000002,0,5454.05,35754.33
ORD-000042,CUST-00607,2026-05-30,completed,web,INR,24827.02,1580.47,23246.55,0,4184.38,27430.93
ORD-000043,CUST-00523,2026-03-09,cancelled,web,INR,1522.92,228.44,1294.48,79,233.01,1606.49
ORD-000044,CUST-01986,2026-04-14,completed,mobile_app,INR,10065.33,503.27,9562.060000000001,0,1721.17,11283.23
ORD-000045,CUST-01217,2026-05-14,completed,web,INR,8565.66,504.21,8061.450000000001,0,1451.06,9512.51
ORD-000046,CUST-01818,2025-12-17,shipped,web,INR,12896.16,672.27,12223.89,0,2200.3,14424.19
ORD-000047,CUST-00868,2026-05-31,pending,mobile_app,INR,5442.21,0.0,5442.21,0,979.6,6421.81
ORD-000048,CUST-00972,2025-04-01,completed,web,INR,21389.280000000002,159.12,21230.160000000003,0,3821.43,25051.59
ORD-000049,CUST-01652,2025-11-07,cancelled,web,INR,44069.63,1084.14,42985.49,0,7737.39,50722.88
ORD-000050,CUST-01446,2025-03-04,completed,mobile_app,INR,13343.369999999999,1516.4,11826.970000000001,0,2128.85,13955.82
ORD-000051,CUST-00402,2026-05-26,completed,mobile_app,INR,12325.929999999998,541.4,11784.529999999999,0,2121.22,13905.75
ORD-000052,CUST-01049,2025-10-13,completed,web,INR,16543.55,1446.69,15096.86,0,2717.43,17814.29
ORD-000053,CUST-00427,2026-05-30,completed,mobile_app,INR,3767.82,0.0,3767.82,0,678.21,4446.03
ORD-000054,CUST-01522,2026-02-09,shipped,web,INR,24639.32,1076.94,23562.38,0,4241.23,27803.61
ORD-000055,CUST-00060,2025-11-14,completed,web,INR,13052.78,1337.65,11715.130000000001,0,2108.72,13823.85
ORD-000056,CUST-01654,2026-01-12,completed,web,INR,7045.820000000001,326.12,6719.7,0,1209.55,7929.25
ORD-000057,CUST-01859,2025-08-07,completed,mobile_app,INR,29602.12,1811.71,27790.410000000003,0,5002.27,32792.68
ORD-000058,CUST-00047,2025-07-01,cancelled,web,INR,8955.59,485.03000000000003,8470.56,0,1524.7,9995.26
ORD-000059,CUST-01261,2026-05-29,returned,mobile_app,INR,14606.0,675.01,13930.99,0,2507.58,16438.57
ORD-000060,CUST-00159,2025-10-01,completed,web,INR,5510.52,826.58,4683.94,0,843.11,5527.05
ORD-000061,CUST-00721,2025-08-22,completed,web,INR,3564.4,0.0,3564.4,0,641.59,4205.99
ORD-000062,CUST-00673,2025-08-25,pending,mobile_app,INR,5674.58,680.25,4994.33,0,898.98,5893.31
ORD-000063,CUST-01040,2026-04-08,completed,mobile_app,INR,28308.14,1304.1299999999999,27004.010000000002,0,4860.72,31864.73
ORD-000064,CUST-01836,2025-07-22,cancelled,web,INR,28696.44,532.03,28164.409999999996,0,5069.59,33234.0
ORD-000065,CUST-00924,2026-02-19,completed,web,INR,1573.98,157.4,1416.58,79,254.98,1750.56
ORD-000066,CUST-00797,2026-07-05,returned,mobile_app,INR,29350.2,0.0,29350.2,0,5283.04,34633.24
ORD-000067,CUST-00186,2026-06-25,completed,web,INR,706.22,0.0,706.22,99,127.12,932.34
ORD-000068,CUST-01776,2025-03-16,completed,web,INR,5596.8,559.68,5037.12,0,906.68,5943.8
ORD-000069,CUST-00630,2026-01-12,completed,web,INR,10519.220000000001,0.0,10519.220000000001,0,1893.46,12412.68
ORD-000070,CUST-00925,2025-01-03,completed,mobile_app,INR,6658.95,0.0,6658.95,0,1198.61,7857.56
ORD-000071,CUST-00185,2026-05-07,completed,web,INR,19349.43,598.73,18750.7,0,3375.13,22125.83
ORD-000072,CUST-00578,2026-03-17,pending,web,INR,2345.94,351.89,1994.05,49,358.93,2401.98
ORD-000073,CUST-01107,2026-04-29,completed,web,INR,720.72,45.66,675.0600000000001,99,121.51,895.57
ORD-000074,CUST-01802,2026-06-27,completed,web,INR,18787.38,1868.73,16918.65,0,3045.36,19964.01
ORD-000075,CUST-00658,2026-06-04,completed,web,INR,8923.06,783.62,8139.4400000000005,0,1465.1,9604.54
ORD-000076,CUST-01122,2025-12-25,completed,web,INR,23266.949999999997,3578.92,19688.03,0,3543.85,23231.88
ORD-000077,CUST-01752,2026-07-14,completed,web,INR,43348.15,4189.3,39158.850000000006,0,7048.59,46207.44
ORD-000078,CUST-00721,2025-02-25,completed,web,INR,34450.14,0.0,34450.14,0,6201.03,40651.17
ORD-000079,CUST-00590,2026-06-09,cancelled,web,INR,11669.45,577.78,11091.67,0,1996.5,13088.17
ORD-000080,CUST-00089,2026-07-29,cancelled,mobile_app,INR,26066.79,669.96,25396.83,0,4571.43,29968.26
ORD-000081,CUST-01816,2025-08-06,completed,web,INR,17670.93,830.56,16840.37,0,3031.27,19871.64
ORD-000082,CUST-00222,2026-07-19,cancelled,web,INR,3075.5499999999997,0.0,3075.5499999999997,0,553.6,3629.15
ORD-000083,CUST-00431,2025-10-20,completed,web,INR,7334.55,1086.48,6248.07,0,1124.65,7372.72
ORD-000084,CUST-00279,2025-09-28,completed,web,INR,6226.72,534.4,5692.32,0,1024.62,6716.94
ORD-000085,CUST-01416,2026-03-11,returned,mobile_app,INR,10845.66,602.11,10243.55,0,1843.84,12087.39
ORD-000086,CUST-00730,2025-10-16,returned,mobile_app,INR,8436.93,855.38,7581.55,0,1364.68,8946.23
ORD-000087,CUST-01410,2026-05-21,completed,mobile_app,INR,11972.73,0.0,11972.73,0,2155.09,14127.82
ORD-000088,CUST-01215,2026-02-20,completed,web,INR,2811.42,0.0,2811.42,0,506.06,3317.48
ORD-000089,CUST-00031,2025-09-24,completed,mobile_app,INR,9478.29,693.6,8784.69,0,1581.24,10365.93
ORD-000090,CUST-00616,2026-07-18,completed,web,INR,6669.709999999999,0.0,6669.709999999999,0,1200.55,7870.26
ORD-000091,CUST-00009,2025-04-17,shipped,web,INR,1851.71,0.0,1851.71,99,333.31,2284.02
ORD-000092,CUST-00132,2026-04-29,completed,web,INR,2726.24,311.11,2415.13,0,434.72,2849.85
ORD-000093,CUST-00947,2026-07-17,returned,web,INR,8770.119999999999,134.67,8635.45,0,1554.38,10189.83
ORD-000094,CUST-00530,2026-07-03,shipped,web,INR,9010.279999999999,1057.43,7952.849999999999,0,1431.51,9384.36
ORD-000095,CUST-00179,2026-05-02,completed,web,INR,21653.12,1500.05,20153.07,0,3627.55,23780.62
ORD-000096,CUST-00818,2025-12-19,cancelled,mobile_app,INR,1474.48,0.0,1474.48,49,265.41,1788.89
ORD-000097,CUST-00904,2026-06-26,shipped,mobile_app,INR,5654.73,0.0,5654.73,0,1017.85,6672.58
ORD-000098,CUST-01985,2026-07-24,completed,web,INR,8960.400000000001,1017.08,7943.320000000001,0,1429.8,9373.12
ORD-000099,CUST-01324,2026-05-23,completed,web,INR,9343.5,590.88,8752.619999999999,0,1575.47,10328.09
ORD-000100,CUST-00786,2025-08-06,cancelled,web,INR,33883.18,696.23,33186.95,0,5973.65,39160.6
ORD-000101,CUST-00947,2026-07-07,pending,mobile_app,INR,4282.18,226.85999999999999,4055.3199999999997,0,729.96,4785.28
ORD-000102,CUST-00179,2026-05-13,completed,web,INR,16164.830000000002,362.79,15802.04,0,2844.37,18646.41
ORD-000103,CUST-00774,2026-01-26,shipped,web,INR,18092.9,624.0999999999999,17468.8,0,3144.38,20613.18
ORD-000104,CUST-01163,2026-07-07,cancelled,web,INR,10612.95,644.8,9968.150000000001,0,1794.27,11762.42
ORD-000105,CUST-00042,2026-01-29,pending,web,INR,24714.83,292.69,24422.140000000003,0,4395.99,28818.13
ORD-000106,CUST-01840,2025-08-05,completed,web,INR,25440.16,0.0,25440.16,0,4579.23,30019.39
ORD-000107,CUST-01031,2025-04-20,completed,mobile_app,INR,7209.65,570.64,6639.01,0,1195.02,7834.03
ORD-000108,CUST-01574,2026-04-13,returned,mobile_app,INR,3130.1099999999997,468.32,2661.79,0,479.12,3140.91
ORD-000109,CUST-00552,2025-12-17,completed,mobile_app,INR,11955.890000000001,581.96,11373.93,0,2047.31,13421.24
ORD-000110,CUST-01673,2025-06-12,completed,web,INR,24809.620000000003,1091.27,23718.35,0,4269.3,27987.65
ORD-000111,CUST-00734,2026-04-15,completed,web,INR,14552.320000000002,1700.6699999999998,12851.650000000001,0,2313.3,15164.95
ORD-000112,CUST-01857,2025-05-21,completed,mobile_app,INR,21899.43,2963.71,18935.72,0,3408.43,22344.15
ORD-000113,CUST-01045,2026-06-07,shipped,web,INR,2749.32,274.93,2474.39,0,445.39,2919.78
ORD-000114,CUST-01274,2025-10-06,completed,web,INR,8657.29,772.19,7885.1,0,1419.32,9304.42
ORD-000115,CUST-00408,2025-04-26,cancelled,mobile_app,INR,14211.99,371.06,13840.93,0,2491.37,16332.3
ORD-000116,CUST-01990,2026-06-30,completed,web,INR,1039.17,108.56,930.61,79,167.51,1177.12
ORD-000117,CUST-00386,2026-05-02,cancelled,web,INR,8491.38,0.0,8491.38,0,1528.45,10019.83
ORD-000118,CUST-00067,2026-06-08,completed,web,INR,2196.42,0.0,2196.42,0,395.36,2591.78
ORD-000119,CUST-00880,2025-09-10,completed,web,INR,20863.18,1591.02,19272.16,0,3468.99,22741.15
ORD-000120,CUST-01670,2026-04-06,pending,web,INR,4835.709999999999,241.95,4593.76,0,826.88,5420.64
ORD-000121,CUST-01843,2026-03-27,cancelled,web,INR,8952.939999999999,647.51,8305.43,0,1494.98,9800.41
ORD-000122,CUST-01715,2025-12-11,completed,web,INR,3462.62,0.0,3462.62,0,623.27,4085.89
ORD-000123,CUST-01107,2026-06-17,completed,mobile_app,INR,3148.66,472.3,2676.36,0,481.74,3158.1
ORD-000124,CUST-01834,2026-06-28,completed,mobile_app,INR,30025.61,2765.77,27259.84,0,4906.77,32166.61
ORD-000125,CUST-00985,2025-10-16,pending,mobile_app,INR,17149.46,1391.25,15758.21,0,2836.48,18594.69
ORD-000126,CUST-00957,2025-12-13,completed,mobile_app,INR,1311.44,196.72,1114.72,49,200.65,1364.37
ORD-000127,CUST-00362,2026-06-14,returned,web,INR,24864.51,646.1600000000001,24218.350000000002,0,4359.3,28577.65
ORD-000128,CUST-01576,2026-07-09,completed,web,INR,13510.029999999999,938.21,12571.82,0,2262.93,14834.75
ORD-000129,CUST-00633,2026-07-03,shipped,web,INR,12961.55,649.69,12311.86,0,2216.13,14527.99
ORD-000130,CUST-00391,2026-02-26,completed,web,INR,17807.89,567.24,17240.65,0,3103.32,20343.97
ORD-000131,CUST-00740,2026-04-29,completed,mobile_app,INR,12352.74,792.28,11560.46,0,2080.88,13641.34
ORD-000132,CUST-01207,2025-05-02,returned,web,INR,9046.92,1298.6399999999999,7748.280000000001,0,1394.69,9142.97
ORD-000133,CUST-00541,2025-10-31,completed,mobile_app,INR,8921.29,196.14999999999998,8725.14,0,1570.53,10295.67
ORD-000134,CUST-00718,2026-04-18,returned,web,INR,8071.49,561.06,7510.43,0,1351.88,8862.31
ORD-000135,CUST-00661,2026-03-03,completed,web,INR,8427.12,1328.1599999999999,7098.96,0,1277.81,8376.77
ORD-000136,CUST-01193,2026-04-23,completed,mobile_app,INR,34559.020000000004,3594.7,30964.32,0,5573.58,36537.9
ORD-000137,CUST-01429,2025-03-22,returned,web,INR,20867.0,0.0,20867.0,0,3756.06,24623.06
ORD-000138,CUST-01352,2025-02-07,shipped,mobile_app,INR,5919.72,1183.94,4735.78,0,852.44,5588.22
ORD-000139,CUST-00283,2025-11-16,completed,mobile_app,INR,9964.07,107.88,9856.19,0,1774.11,11630.3
ORD-000140,CUST-00695,2025-12-27,completed,mobile_app,INR,9614.56,0.0,9614.56,0,1730.62,11345.18
ORD-000141,CUST-01297,2025-01-06,completed,mobile_app,INR,14105.419999999998,2115.81,11989.61,0,2158.13,14147.74
ORD-000142,CUST-00433,2026-06-06,returned,web,INR,15191.82,1916.7400000000002,13275.08,0,2389.51,15664.59
ORD-000143,CUST-00139,2026-05-28,completed,web,INR,17225.16,2096.84,15128.32,0,2723.1,17851.42
ORD-000144,CUST-00644,2025-06-09,completed,mobile_app,INR,7330.4,0.0,7330.4,0,1319.47,8649.87
ORD-000145,CUST-01358,2026-03-03,completed,web,INR,13811.08,425.83,13385.25,0,2409.34,15794.59
ORD-000146,CUST-01328,2025-11-15,shipped,web,INR,29405.840000000004,0.0,29405.840000000004,0,5293.05,34698.89
ORD-000147,CUST-00260,2026-07-10,returned,web,INR,5826.64,582.66,5243.98,0,943.92,6187.9
ORD-000148,CUST-01354,2026-06-01,cancelled,web,INR,19387.449999999997,417.65,18969.8,0,3414.56,22384.36
ORD-000149,CUST-00389,2026-05-14,completed,web,INR,1095.08,48.32,1046.76,49,188.42,1284.18
ORD-000150,CUST-01483,2025-01-10,completed,mobile_app,INR,3339.53,500.93,2838.6,0,510.95,3349.55
ORD-000151,CUST-01134,2026-05-26,completed,web,INR,3671.55,183.58,3487.97,0,627.83,4115.8
ORD-000152,CUST-00254,2026-05-16,returned,web,INR,18695.719999999998,152.36,18543.36,0,3337.8,21881.16
ORD-000153,CUST-00701,2025-05-14,completed,web,INR,14365.939999999999,2154.89,12211.05,0,2197.99,14409.04
ORD-000154,CUST-01638,2026-01-31,completed,web,INR,20827.61,2390.89,18436.72,0,3318.61,21755.33
ORD-000155,CUST-00866,2026-05-14,completed,web,INR,1197.13,119.71,1077.42,99,193.94,1370.36
ORD-000156,CUST-01377,2026-07-24,pending,mobile_app,INR,8855.18,737.29,8117.890000000001,0,1461.22,9579.11
ORD-000157,CUST-01497,2026-07-02,completed,web,INR,5726.8,795.61,4931.1900000000005,0,887.61,5818.8
ORD-000158,CUST-00062,2026-05-26,completed,web,INR,23289.63,2328.96,20960.67,0,3772.92,24733.59
ORD-000159,CUST-01863,2026-07-20,returned,web,INR,25276.120000000003,1657.92,23618.2,0,4251.28,27869.48
ORD-000160,CUST-00672,2026-07-29,pending,web,INR,11627.35,448.28999999999996,11179.060000000001,0,2012.23,13191.29
ORD-000161,CUST-01587,2026-07-19,completed,mobile_app,INR,17809.58,2346.82,15462.76,0,2783.3,18246.06
ORD-000162,CUST-00934,2026-01-26,cancelled,mobile_app,INR,14155.96,0.0,14155.96,0,2548.07,16704.03
ORD-000163,CUST-01154,2026-06-11,completed,mobile_app,INR,1757.5500000000002,36.24,1721.31,79,309.84,2110.15
ORD-000164,CUST-00722,2026-06-24,completed,mobile_app,INR,22932.28,1317.47,21614.809999999998,0,3890.67,25505.48
ORD-000165,CUST-01707,2026-07-31,completed,web,INR,2659.57,0.0,2659.57,0,478.72,3138.29
ORD-000166,CUST-00235,2025-08-22,shipped,mobile_app,INR,7253.79,1088.07,6165.719999999999,0,1109.83,7275.55
ORD-000167,CUST-01793,2026-03-11,shipped,web,INR,16606.47,2722.16,13884.310000000001,0,2499.18,16383.49
ORD-000168,CUST-00415,2025-12-27,completed,mobile_app,INR,11216.220000000001,1682.44,9533.78,0,1716.08,11249.86
ORD-000169,CUST-01767,2025-05-19,completed,web,INR,11554.02,1461.94,10092.08,0,1816.57,11908.65
ORD-000170,CUST-00050,2026-04-15,shipped,web,INR,42682.56,365.58000000000004,42316.979999999996,0,7617.06,49934.04
ORD-000171,CUST-00028,2026-03-19,completed,web,INR,2054.88,0.0,2054.88,0,369.88,2424.76
ORD-000172,CUST-00187,2026-02-25,shipped,web,INR,11043.8,0.0,11043.8,0,1987.88,13031.68
ORD-000173,CUST-01096,2025-09-16,shipped,web,INR,5291.64,389.98,4901.66,0,882.3,5783.96
ORD-000174,CUST-00533,2025-07-25,completed,web,INR,23965.58,930.69,23034.89,0,4146.28,27181.17
ORD-000175,CUST-01196,2025-09-12,completed,mobile_app,INR,16564.530000000002,1284.11,15280.42,0,2750.48,18030.9
ORD-000176,CUST-01640,2025-03-17,completed,web,INR,4112.63,0.0,4112.63,0,740.27,4852.9
ORD-000177,CUST-00055,2026-04-11,completed,web,INR,9320.56,964.4200000000001,8356.14,0,1504.11,9860.25
ORD-000178,CUST-01054,2026-07-26,completed,web,INR,22671.36,906.4499999999999,21764.91,0,3917.68,25682.59
ORD-000179,CUST-01479,2025-06-17,shipped,web,INR,12499.96,746.52,11753.44,0,2115.62,13869.06
ORD-000180,CUST-00849,2026-07-02,cancelled,web,INR,3901.74,585.26,3316.48,0,596.97,3913.45
ORD-000181,CUST-01851,2025-11-15,completed,web,INR,1367.46,68.37,1299.09,49,233.84,1581.93
ORD-000182,CUST-01325,2026-05-11,shipped,web,INR,28202.66,1918.6399999999999,26284.02,0,4731.12,31015.14
ORD-000183,CUST-00070,2025-10-30,completed,web,INR,4410.08,0.0,4410.08,0,793.81,5203.89
ORD-000184,CUST-01084,2026-03-24,cancelled,web,INR,5450.77,175.09,5275.68,0,949.62,6225.3
ORD-000185,CUST-00768,2026-06-17,completed,web,INR,5664.03,566.4,5097.63,0,917.57,6015.2
ORD-000186,CUST-00264,2026-06-25,completed,mobile_app,INR,9905.81,1628.48,8277.33,0,1489.92,9767.25
ORD-000187,CUST-01901,2025-10-18,completed,mobile_app,INR,5805.18,290.25,5514.93,0,992.69,6507.62
ORD-000188,CUST-00446,2026-05-16,completed,web,INR,31381.34,0.0,31381.34,0,5648.64,37029.98
ORD-000189,CUST-00167,2025-10-30,pending,mobile_app,INR,18441.29,1351.18,17090.11,0,3076.22,20166.33
ORD-000190,CUST-00446,2026-01-19,completed,mobile_app,INR,4189.9,209.5,3980.4,0,716.47,4696.87
ORD-000191,CUST-01647,2025-09-23,completed,web,INR,20553.49,0.0,20553.49,0,3699.63,24253.12
ORD-000192,CUST-01200,2026-02-15,completed,web,INR,3408.4199999999996,297.85,3110.5699999999997,0,559.9,3670.47
ORD-000193,CUST-01640,2025-03-22,completed,web,INR,7764.070000000001,718.84,7045.23,0,1268.14,8313.37
ORD-000194,CUST-00924,2025-02-03,completed,web,INR,21887.230000000003,2146.05,19741.18,0,3553.41,23294.59
ORD-000195,CUST-00234,2026-05-16,completed,mobile_app,INR,7578.24,757.82,6820.42,0,1227.68,8048.1
ORD-000196,CUST-00776,2026-06-24,completed,mobile_app,INR,38653.920000000006,3414.71,35239.21,0,6343.06,41582.27
ORD-000197,CUST-00400,2025-11-03,cancelled,web,INR,38296.55,699.6,37596.95,0,6767.45,44364.4
ORD-000198,CUST-01114,2026-03-28,completed,web,INR,40555.32,1955.4099999999999,38599.91,0,6947.98,45547.89
ORD-000199,CUST-00539,2025-08-25,completed,mobile_app,INR,30404.979999999996,2438.75,27966.229999999996,0,5033.92,33000.15
ORD-000200,CUST-01941,2025-08-09,completed,web,INR,19980.239999999998,385.1,19595.14,0,3527.13,23122.27
ORD-000201,CUST-00755,2026-07-22,returned,web,INR,830.91,124.64,706.27,49,127.13,882.4
ORD-000202,CUST-00629,2025-05-07,returned,web,INR,11302.560000000001,1006.27,10296.29,0,1853.33,12149.62
ORD-000203,CUST-01969,2026-06-24,completed,mobile_app,INR,18065.22,0.0,18065.22,0,3251.74,21316.96
ORD-000204,CUST-01041,2025-12-13,shipped,mobile_app,INR,10820.1,1481.8,9338.300000000001,0,1680.89,11019.19
ORD-000205,CUST-00341,2026-06-29,completed,web,INR,13629.01,1079.44,12549.57,0,2258.92,14808.49
ORD-000206,CUST-00961,2025-08-26,completed,mobile_app,INR,38817.35,1497.91,37319.44,0,6717.5,44036.94
ORD-000207,CUST-00510,2025-01-04,cancelled,web,INR,30905.14,1295.59,29609.550000000003,0,5329.72,34939.27
ORD-000208,CUST-01434,2026-04-06,returned,web,INR,12131.27,0.0,12131.27,0,2183.63,14314.9
ORD-000209,CUST-01148,2026-01-27,completed,mobile_app,INR,20126.51,0.0,20126.51,0,3622.77,23749.28
ORD-000210,CUST-01461,2026-03-27,returned,mobile_app,INR,10727.94,0.0,10727.94,0,1931.03,12658.97
ORD-000211,CUST-01881,2025-10-17,shipped,web,INR,40750.31,1558.01,39192.3,0,7054.61,46246.91
ORD-000212,CUST-01459,2026-03-06,cancelled,web,INR,7626.879999999999,473.69,7153.1900000000005,0,1287.57,8440.76
ORD-000213,CUST-00682,2025-08-30,cancelled,mobile_app,INR,813.04,81.3,731.74,99,131.71,962.45
ORD-000214,CUST-00404,2026-07-28,completed,web,INR,5630.18,0.0,5630.18,0,1013.43,6643.61
ORD-000215,CUST-01059,2025-10-23,returned,web,INR,10399.37,144.77,10254.6,0,1845.83,12100.43
ORD-000216,CUST-00899,2025-07-16,completed,web,INR,3158.56,0.0,3158.56,0,568.54,3727.1
ORD-000217,CUST-00627,2025-07-14,completed,web,INR,41733.03,2373.78,39359.25,0,7084.66,46443.91
ORD-000218,CUST-01623,2026-07-17,completed,web,INR,9510.3,0.0,9510.3,0,1711.85,11222.15
ORD-000219,CUST-01819,2026-01-19,cancelled,web,INR,4191.3,0.0,4191.3,0,754.43,4945.73
ORD-000220,CUST-00764,2026-06-08,completed,web,INR,5442.370000000001,272.12,5170.25,0,930.64,6100.89
ORD-000221,CUST-01362,2026-03-09,completed,web,INR,14825.7,677.23,14148.470000000001,0,2546.72,16695.19
ORD-000222,CUST-01969,2026-05-04,cancelled,web,INR,21560.29,1408.67,20151.620000000003,0,3627.29,23778.91
ORD-000223,CUST-00024,2026-06-17,completed,web,INR,19072.36,2168.79,16903.57,0,3042.64,19946.21
ORD-000224,CUST-00730,2025-10-13,completed,web,INR,24412.92,0.0,24412.92,0,4394.33,28807.25
ORD-000225,CUST-01476,2026-07-30,completed,web,INR,39055.72,1239.17,37816.549999999996,0,6806.98,44623.53
ORD-000226,CUST-00996,2025-08-31,shipped,mobile_app,INR,348.18,0.0,348.18,99,62.67,509.85
ORD-000227,CUST-01584,2026-07-30,completed,mobile_app,INR,5328.06,0.0,5328.06,0,959.05,6287.11
ORD-000228,CUST-00950,2025-02-07,completed,web,INR,13001.73,941.98,12059.75,0,2170.76,14230.51
ORD-000229,CUST-00129,2026-01-14,completed,mobile_app,INR,19603.120000000003,1307.88,18295.239999999998,0,3293.14,21588.38
ORD-000230,CUST-00868,2026-03-17,returned,mobile_app,INR,32761.36,2548.7000000000003,30212.66,0,5438.28,35650.94
ORD-000231,CUST-00810,2026-07-30,cancelled,web,INR,43530.04,380.86,43149.18,0,7766.85,50916.03
ORD-000232,CUST-01692,2026-07-14,completed,mobile_app,INR,12341.939999999999,481.2,11860.74,0,2134.93,13995.67
ORD-000233,CUST-00295,2026-02-06,returned,web,INR,32093.62,0.0,32093.62,0,5776.85,37870.47
ORD-000234,CUST-00311,2026-03-10,cancelled,web,INR,17157.9,699.25,16458.65,0,2962.56,19421.21
ORD-000235,CUST-00283,2025-10-31,shipped,web,INR,18985.45,2417.11,16568.34,0,2982.3,19550.64
ORD-000236,CUST-01136,2026-07-01,completed,web,INR,2027.53,0.0,2027.53,0,364.96,2392.49
ORD-000237,CUST-01992,2025-09-03,completed,mobile_app,INR,22289.84,153.62,22136.22,0,3984.52,26120.74
ORD-000238,CUST-01238,2025-11-07,shipped,mobile_app,INR,8736.08,305.7,8430.380000000001,0,1517.47,9947.85
ORD-000239,CUST-01633,2026-06-02,completed,web,INR,36347.44,3103.94,33243.5,0,5983.83,39227.33
ORD-000240,CUST-01703,2026-04-11,completed,web,INR,4167.64,416.76,3750.88,0,675.16,4426.04
ORD-000241,CUST-01202,2026-03-23,completed,mobile_app,INR,4689.53,380.85,4308.68,0,775.56,5084.24
ORD-000242,CUST-01219,2026-03-07,completed,mobile_app,INR,16528.239999999998,1295.43,15232.81,0,2741.91,17974.72
ORD-000243,CUST-00487,2025-09-23,completed,web,INR,3733.9,662.21,3071.69,0,552.9,3624.59
ORD-000244,CUST-01921,2025-11-11,completed,web,INR,38772.78,0.0,38772.78,0,6979.1,45751.88
ORD-000245,CUST-01576,2025-04-12,shipped,web,INR,48433.59,6064.77,42368.82000000001,0,7626.39,49995.21
ORD-000246,CUST-01745,2025-08-11,cancelled,web,INR,19437.76,1943.77,17493.989999999998,0,3148.92,20642.91
ORD-000247,CUST-01968,2026-05-08,completed,mobile_app,INR,8107.77,256.9,7850.87,0,1413.16,9264.03
ORD-000248,CUST-00698,2026-07-05,completed,mobile_app,INR,22984.03,59.95,22924.08,0,4126.33,27050.41
ORD-000249,CUST-00288,2026-05-21,completed,mobile_app,INR,8762.67,0.0,8762.67,0,1577.28,10339.95
ORD-000250,CUST-01720,2026-07-01,completed,web,INR,23868.53,1452.92,22415.61,0,4034.81,26450.42
ORD-000251,CUST-00946,2026-07-31,cancelled,mobile_app,INR,6293.55,0.0,6293.55,0,1132.84,7426.39
ORD-000252,CUST-01917,2025-04-25,completed,mobile_app,INR,7661.16,383.06,7278.1,0,1310.06,8588.16
ORD-000253,CUST-01389,2026-07-17,cancelled,mobile_app,INR,2705.92,0.0,2705.92,0,487.07,3192.99
ORD-000254,CUST-00515,2026-07-17,pending,mobile_app,INR,22881.879999999997,799.65,22082.23,0,3974.8,26057.03
ORD-000255,CUST-00710,2026-05-21,completed,web,INR,13677.25,518.57,13158.68,0,2368.56,15527.24
ORD-000256,CUST-01221,2026-04-03,shipped,web,INR,3722.8999999999996,0.0,3722.8999999999996,0,670.12,4393.02
ORD-000257,CUST-00789,2025-07-20,completed,web,INR,9246.810000000001,770.37,8476.44,0,1525.76,10002.2
ORD-000258,CUST-00564,2025-11-21,completed,web,INR,16756.53,774.87,15981.66,0,2876.7,18858.36
ORD-000259,CUST-00420,2026-04-11,completed,web,INR,15224.569999999998,140.63,15083.939999999999,0,2715.11,17799.05
ORD-000260,CUST-01300,2025-03-13,completed,mobile_app,INR,9956.07,431.3,9524.77,0,1714.46,11239.23
ORD-000261,CUST-00071,2026-04-27,shipped,web,INR,21619.35,3143.69,18475.66,0,3325.62,21801.28
ORD-000262,CUST-00188,2026-01-13,completed,web,INR,7346.83,61.3,7285.53,0,1311.4,8596.93
ORD-000263,CUST-00086,2026-03-02,completed,web,INR,29228.129999999997,2484.26,26743.870000000003,0,4813.9,31557.77
ORD-000264,CUST-01469,2026-06-19,completed,mobile_app,INR,298.8,29.88,268.92,99,48.41,416.33
ORD-000265,CUST-00059,2026-01-01,completed,mobile_app,INR,17055.059999999998,2369.94,14685.12,0,2643.32,17328.44
ORD-000266,CUST-00840,2026-06-06,shipped,web,INR,21928.0,411.14,21516.86,0,3873.03,25389.89
ORD-000267,CUST-00243,2026-07-03,completed,mobile_app,INR,2784.08,235.78000000000003,2548.3,0,458.69,3006.99
ORD-000268,CUST-01175,2025-10-24,completed,mobile_app,INR,6575.389999999999,233.62,6341.77,0,1141.52,7483.29
ORD-000269,CUST-00069,2025-04-15,completed,mobile_app,INR,11513.25,1885.8899999999999,9627.36,0,1732.92,11360.28
ORD-000270,CUST-00052,2025-03-09,cancelled,mobile_app,INR,2296.25,0.0,2296.25,0,413.32,2709.57
ORD-000271,CUST-00823,2025-12-09,shipped,web,INR,14915.98,0.0,14915.98,0,2684.88,17600.86
ORD-000272,CUST-01391,2026-06-22,completed,mobile_app,INR,14205.2,0.0,14205.2,0,2556.94,16762.14
ORD-000273,CUST-00220,2026-05-05,completed,web,INR,7117.78,500.42999999999995,6617.35,0,1191.12,7808.47
ORD-000274,CUST-00992,2025-07-18,completed,mobile_app,INR,41762.1,768.5699999999999,40993.53,0,7378.84,48372.37
ORD-000275,CUST-01621,2025-08-05,shipped,web,INR,2176.69,326.5,1850.19,99,333.03,2282.22
ORD-000276,CUST-01251,2025-05-01,completed,web,INR,6176.54,0.0,6176.54,0,1111.78,7288.32
ORD-000277,CUST-01501,2025-07-07,completed,mobile_app,INR,30467.65,1087.19,29380.46,0,5288.48,34668.94
ORD-000278,CUST-00632,2025-06-22,returned,mobile_app,INR,21819.5,1361.81,20457.690000000002,0,3682.38,24140.07
ORD-000279,CUST-01885,2026-03-25,completed,mobile_app,INR,20943.11,2031.86,18911.25,0,3404.02,22315.27
ORD-000280,CUST-00292,2026-04-22,completed,mobile_app,INR,11465.41,1293.52,10171.89,0,1830.94,12002.83
ORD-000281,CUST-01211,2025-11-27,completed,mobile_app,INR,30271.1,2865.1,27406.0,0,4933.08,32339.08
ORD-000282,CUST-00871,2026-02-28,completed,web,INR,1550.2,0.0,1550.2,99,279.04,1928.24
ORD-000283,CUST-00064,2026-07-26,returned,mobile_app,INR,22336.86,1300.61,21036.25,0,3786.52,24822.77
ORD-000284,CUST-01888,2025-01-28,pending,web,INR,26608.29,3112.51,23495.78,0,4229.24,27725.02
ORD-000285,CUST-01405,2026-05-08,completed,web,INR,12455.94,622.8,11833.14,0,2129.97,13963.11
ORD-000286,CUST-00456,2025-08-23,returned,web,INR,20094.52,0.0,20094.52,0,3617.01,23711.53
ORD-000287,CUST-00105,2026-06-01,completed,web,INR,20347.57,3478.8599999999997,16868.71,0,3036.37,19905.08
ORD-000288,CUST-01352,2026-03-10,completed,mobile_app,INR,33473.86,5970.68,27503.18,0,4950.57,32453.75
ORD-000289,CUST-01091,2026-05-20,shipped,mobile_app,INR,5075.35,925.27,4150.08,0,747.01,4897.09
ORD-000290,CUST-00100,2025-08-22,completed,web,INR,6758.91,0.0,6758.91,0,1216.6,7975.51
ORD-000291,CUST-01973,2026-04-20,completed,mobile_app,INR,30999.37,2128.82,28870.55,0,5196.7,34067.25
ORD-000292,CUST-01437,2025-02-21,completed,web,INR,2874.33,143.72,2730.61,0,491.51,3222.12
ORD-000293,CUST-00926,2026-07-03,completed,mobile_app,INR,2261.57,0.0,2261.57,0,407.08,2668.65
ORD-000294,CUST-00477,2026-07-26,pending,web,INR,2477.04,0.0,2477.04,0,445.87,2922.91
ORD-000295,CUST-00543,2025-04-02,completed,web,INR,2818.06,0.0,2818.06,0,507.25,3325.31
ORD-000296,CUST-00904,2026-04-29,completed,mobile_app,INR,6609.82,262.87,6346.95,0,1142.45,7489.4
ORD-000297,CUST-00115,2026-03-14,returned,web,INR,18359.05,1182.61,17176.44,0,3091.76,20268.2
ORD-000298,CUST-00736,2026-03-02,completed,web,INR,22669.68,1963.09,20706.59,0,3727.19,24433.78
ORD-000299,CUST-00435,2025-10-13,completed,web,INR,22934.37,127.77,22806.6,0,4105.19,26911.79
ORD-000300,CUST-00226,2025-05-24,completed,web,INR,6855.12,1028.27,5826.85,0,1048.83,6875.68
ORD-000301,CUST-00252,2025-07-01,completed,web,INR,3148.65,314.87,2833.78,0,510.08,3343.86
ORD-000302,CUST-00692,2026-06-11,completed,web,INR,10029.26,785.79,9243.47,0,1663.82,10907.29
ORD-000303,CUST-00766,2026-03-21,completed,web,INR,19291.3,2160.43,17130.87,0,3083.56,20214.43
ORD-000304,CUST-00701,2026-04-22,completed,mobile_app,INR,17601.71,1077.85,16523.86,0,2974.29,19498.15
ORD-000305,CUST-01380,2025-12-02,completed,web,INR,22558.17,2364.4500000000003,20193.72,0,3634.87,23828.59
ORD-000306,CUST-01045,2026-02-16,returned,web,INR,12533.34,1908.71,10624.630000000001,0,1912.43,12537.06
ORD-000307,CUST-00386,2025-05-13,returned,mobile_app,INR,11229.91,517.39,10712.519999999999,0,1928.25,12640.77
ORD-000308,CUST-01945,2026-01-15,completed,mobile_app,INR,16253.27,692.58,15560.689999999999,0,2800.92,18361.61
ORD-000309,CUST-01461,2026-03-12,pending,mobile_app,INR,3766.4,753.28,3013.12,0,542.36,3555.48
ORD-000310,CUST-00941,2026-07-05,cancelled,mobile_app,INR,22969.82,845.3,22124.52,0,3982.41,26106.93
ORD-000311,CUST-00099,2026-01-10,returned,mobile_app,INR,18918.75,1357.09,17561.66,0,3161.1,20722.76
ORD-000312,CUST-01829,2026-05-25,shipped,mobile_app,INR,2450.94,271.15999999999997,2179.78,0,392.36,2572.14
ORD-000313,CUST-01490,2025-11-28,completed,mobile_app,INR,25653.51,5130.71,20522.8,0,3694.1,24216.9
ORD-000314,CUST-00924,2025-08-28,completed,web,INR,12188.89,1020.91,11167.98,0,2010.24,13178.22
ORD-000315,CUST-00324,2026-06-18,returned,web,INR,9403.19,0.0,9403.19,0,1692.57,11095.76
ORD-000316,CUST-00216,2025-09-12,completed,web,INR,7202.28,0.0,7202.28,0,1296.41,8498.69
ORD-000317,CUST-00580,2025-10-04,returned,web,INR,18913.93,1881.58,17032.35,0,3065.82,20098.17
ORD-000318,CUST-00461,2026-07-02,shipped,web,INR,6052.38,21.33,6031.05,0,1085.59,7116.64
ORD-000319,CUST-00419,2026-02-10,completed,web,INR,16427.97,3285.59,13142.38,0,2365.63,15508.01
ORD-000320,CUST-00816,2026-03-05,completed,mobile_app,INR,25646.59,1648.96,23997.63,0,4319.57,28317.2
ORD-000321,CUST-00094,2025-02-03,pending,web,INR,28696.55,2254.2200000000003,26442.33,0,4759.62,31201.95
ORD-000322,CUST-00651,2025-04-16,completed,mobile_app,INR,2854.62,285.46,2569.16,0,462.45,3031.61
ORD-000323,CUST-01743,2026-02-23,shipped,mobile_app,INR,18465.72,1137.2,17328.52,0,3119.13,20447.65
ORD-000324,CUST-01732,2026-05-20,pending,mobile_app,INR,6485.88,0.0,6485.88,0,1167.46,7653.34
ORD-000325,CUST-00017,2025-10-22,completed,web,INR,6338.28,0.0,6338.28,0,1140.89,7479.17
ORD-000326,CUST-01358,2026-04-23,completed,mobile_app,INR,11726.07,183.23,11542.84,0,2077.71,13620.55
ORD-000327,CUST-01983,2025-03-18,completed,mobile_app,INR,25703.170000000002,3130.6000000000004,22572.57,0,4063.06,26635.63
ORD-000328,CUST-01157,2025-03-30,cancelled,web,INR,6726.150000000001,74.5,6651.650000000001,0,1197.3,7848.95
ORD-000329,CUST-00781,2026-04-17,completed,web,INR,3222.36,161.12,3061.24,0,551.02,3612.26
ORD-000330,CUST-00983,2025-09-29,completed,web,INR,17206.9,375.46,16831.440000000002,0,3029.66,19861.1
ORD-000331,CUST-00427,2026-04-06,completed,mobile_app,INR,1160.76,232.15,928.61,79,167.15,1174.76
ORD-000332,CUST-00795,2026-01-14,completed,mobile_app,INR,6939.4400000000005,493.1,6446.34,0,1160.34,7606.68
ORD-000333,CUST-01874,2026-07-17,completed,web,INR,33942.8,234.48,33708.32,0,6067.5,39775.82
ORD-000334,CUST-01225,2025-05-09,completed,mobile_app,INR,25675.22,614.12,25061.1,0,4511.0,29572.1
ORD-000335,CUST-00862,2026-06-29,cancelled,web,INR,56224.92,3178.54,53046.380000000005,0,9548.35,62594.73
ORD-000336,CUST-00250,2025-06-24,completed,mobile_app,INR,4929.36,0.0,4929.36,0,887.28,5816.64
ORD-000337,CUST-01813,2025-10-21,cancelled,mobile_app,INR,5532.860000000001,32.83,5500.030000000001,0,990.01,6490.04
ORD-000338,CUST-00326,2025-09-27,returned,web,INR,4351.34,435.13,3916.21,0,704.92,4621.13
ORD-000339,CUST-01444,2026-02-20,completed,mobile_app,INR,22641.28,1438.58,21202.7,0,3816.49,25019.19
ORD-000340,CUST-00607,2025-05-12,completed,mobile_app,INR,17768.05,936.84,16831.21,0,3029.62,19860.83
ORD-000341,CUST-00558,2026-07-06,completed,web,INR,11099.619999999999,1008.4100000000001,10091.21,0,1816.42,11907.63
ORD-000342,CUST-00343,2026-07-29,completed,mobile_app,INR,5837.91,291.9,5546.01,0,998.28,6544.29
ORD-000343,CUST-00751,2026-06-27,completed,web,INR,23265.359999999997,387.44,22877.92,0,4118.03,26995.95
ORD-000344,CUST-01355,2025-04-05,completed,web,INR,32573.07,1781.04,30792.03,0,5542.57,36334.6
ORD-000345,CUST-00834,2025-06-16,completed,web,INR,36998.83,214.81,36784.020000000004,0,6621.12,43405.14
ORD-000346,CUST-00050,2026-06-30,completed,web,INR,11698.23,633.9,11064.330000000002,0,1991.58,13055.91
ORD-000347,CUST-00529,2026-05-24,completed,web,INR,2839.92,283.99,2555.93,0,460.07,3016.0
ORD-000348,CUST-00321,2025-09-29,shipped,web,INR,5289.92,174.74,5115.18,0,920.73,6035.91
ORD-000349,CUST-00804,2026-06-26,completed,mobile_app,INR,5407.44,540.74,4866.7,0,876.01,5742.71
ORD-000350,CUST-01806,2025-03-16,completed,web,INR,6574.36,328.72,6245.64,0,1124.22,7369.86
ORD-000351,CUST-01926,2025-01-25,completed,mobile_app,INR,5903.76,0.0,5903.76,0,1062.68,6966.44
ORD-000352,CUST-01996,2025-03-10,completed,web,INR,2119.12,0.0,2119.12,0,381.44,2500.56
ORD-000353,CUST-00226,2025-02-02,completed,web,INR,12775.93,1146.8600000000001,11629.07,0,2093.23,13722.3
ORD-000354,CUST-00976,2025-10-16,completed,mobile_app,INR,13503.900000000001,824.87,12679.03,0,2282.23,14961.26
ORD-000355,CUST-00092,2026-07-20,completed,web,INR,17254.59,490.27,16764.32,0,3017.58,19781.9
ORD-000356,CUST-00991,2025-07-23,completed,web,INR,20557.760000000002,0.0,20557.760000000002,0,3700.4,24258.16
ORD-000357,CUST-01154,2026-05-29,pending,mobile_app,INR,3933.54,0.0,3933.54,0,708.04,4641.58
ORD-000358,CUST-01547,2025-12-18,completed,web,INR,8399.2,419.96,7979.24,0,1436.26,9415.5
ORD-000359,CUST-00673,2026-07-25,completed,web,INR,10548.83,1684.82,8864.01,0,1595.52,10459.53
ORD-000360,CUST-00073,2026-07-11,completed,web,INR,1868.14,0.0,1868.14,99,336.27,2303.41
ORD-000361,CUST-00909,2026-01-10,returned,web,INR,2170.16,108.51,2061.65,0,371.1,2432.75
ORD-000362,CUST-00855,2025-09-25,returned,mobile_app,INR,26805.46,811.01,25994.45,0,4679.0,30673.45
ORD-000363,CUST-01249,2025-04-03,completed,web,INR,1609.16,160.92,1448.24,49,260.68,1757.92
ORD-000364,CUST-00200,2026-07-29,completed,web,INR,12396.6,1876.46,10520.140000000001,0,1893.63,12413.77
ORD-000365,CUST-01227,2025-01-01,completed,web,INR,2288.24,120.62,2167.62,0,390.17,2557.79
ORD-000366,CUST-00802,2025-04-05,cancelled,web,INR,3598.87,0.0,3598.87,0,647.8,4246.67
ORD-000367,CUST-01479,2026-01-27,completed,mobile_app,INR,20900.15,763.66,20136.489999999998,0,3624.57,23761.06
ORD-000368,CUST-01968,2025-06-17,returned,mobile_app,INR,12420.19,1036.8200000000002,11383.369999999999,0,2049.01,13432.38
ORD-000369,CUST-00456,2025-07-22,completed,mobile_app,INR,28457.65,2182.4700000000003,26275.18,0,4729.53,31004.71
ORD-000370,CUST-01508,2026-01-15,completed,web,INR,62779.03,8828.51,53950.520000000004,0,9711.09,63661.61
ORD-000371,CUST-00256,2025-01-16,completed,mobile_app,INR,3711.7,556.75,3154.95,0,567.89,3722.84
ORD-000372,CUST-01971,2026-04-04,completed,mobile_app,INR,17840.04,309.53,17530.51,0,3155.49,20686.0
ORD-000373,CUST-00962,2026-01-14,completed,web,INR,9670.279999999999,0.0,9670.279999999999,0,1740.65,11410.93
ORD-000374,CUST-01493,2025-04-17,shipped,web,INR,15940.78,236.33,15704.45,0,2826.8,18531.25
ORD-000375,CUST-01556,2026-03-15,completed,web,INR,33910.86,3852.17,30058.69,0,5410.56,35469.25
ORD-000376,CUST-01217,2025-06-06,completed,web,INR,5984.52,1196.9,4787.62,0,861.77,5649.39
ORD-000377,CUST-00769,2025-12-20,shipped,web,INR,7062.0,956.15,6105.85,0,1099.05,7204.9
ORD-000378,CUST-01509,2026-04-03,returned,web,INR,20011.559999999998,157.89,19853.67,0,3573.66,23427.33
ORD-000379,CUST-00953,2026-04-25,cancelled,mobile_app,INR,3333.88,0.0,3333.88,0,600.1,3933.98
ORD-000380,CUST-01319,2026-03-25,shipped,web,INR,15147.45,757.37,14390.08,0,2590.21,16980.29
ORD-000381,CUST-01227,2026-04-04,completed,web,INR,5068.379999999999,402.1,4666.28,0,839.93,5506.21
ORD-000382,CUST-00929,2025-07-03,returned,mobile_app,INR,16724.13,0.0,16724.13,0,3010.34,19734.47
ORD-000383,CUST-00235,2025-07-31,completed,web,INR,3037.42,0.0,3037.42,0,546.74,3584.16
ORD-000384,CUST-00586,2026-07-30,returned,web,INR,8345.37,1600.78,6744.59,0,1214.03,7958.62
ORD-000385,CUST-01876,2026-02-25,cancelled,web,INR,358.47,53.77,304.7,49,54.85,408.55
ORD-000386,CUST-01041,2025-12-17,completed,mobile_app,INR,7441.2699999999995,788.6,6652.67,0,1197.48,7850.15
ORD-000387,CUST-01273,2026-05-29,completed,web,INR,9672.05,172.63,9499.42,0,1709.9,11209.32
ORD-000388,CUST-00517,2026-05-20,shipped,web,INR,14260.53,214.1,14046.43,0,2528.36,16574.79
ORD-000389,CUST-01412,2026-03-15,shipped,mobile_app,INR,40869.130000000005,2253.05,38616.08,0,6950.89,45566.97
ORD-000390,CUST-00974,2025-09-24,completed,mobile_app,INR,21604.629999999997,1546.34,20058.29,0,3610.49,23668.78
ORD-000391,CUST-00438,2026-07-18,pending,mobile_app,INR,15969.699999999999,637.23,15332.47,0,2759.84,18092.31
ORD-000392,CUST-00293,2026-07-10,completed,mobile_app,INR,15291.490000000002,183.82,15107.670000000002,0,2719.38,17827.05
ORD-000393,CUST-00791,2026-07-26,completed,mobile_app,INR,871.44,0.0,871.44,79,156.86,1107.3
ORD-000394,CUST-01131,2026-05-20,completed,web,INR,18359.82,2570.03,15789.79,0,2842.16,18631.95
ORD-000395,CUST-00561,2025-12-12,completed,web,INR,4825.74,241.29,4584.45,0,825.2,5409.65
ORD-000396,CUST-00491,2026-07-21,completed,web,INR,1937.51,0.0,1937.51,79,348.75,2365.26
ORD-000397,CUST-00540,2025-09-16,returned,web,INR,10890.369999999999,872.24,10018.130000000001,0,1803.26,11821.39
ORD-000398,CUST-00588,2025-01-06,completed,web,INR,4984.5,249.23,4735.27,0,852.35,5587.62
ORD-000399,CUST-01479,2025-06-27,cancelled,web,INR,8742.92,1375.49,7367.43,0,1326.14,8693.57
ORD-000400,CUST-00999,2026-07-10,cancelled,web,INR,9356.18,0.0,9356.18,0,1684.11,11040.29
ORD-000401,CUST-00939,2026-07-20,completed,web,INR,3285.02,392.45,2892.5699999999997,0,520.66,3413.23
ORD-000402,CUST-00326,2026-04-23,cancelled,web,INR,27519.440000000002,2272.34,25247.1,0,4544.48,29791.58
ORD-000403,CUST-01090,2025-03-26,shipped,mobile_app,INR,13745.17,536.62,13208.55,0,2377.54,15586.09
ORD-000404,CUST-01925,2025-01-01,completed,web,INR,5163.53,465.78,4697.75,0,845.59,5543.34
ORD-000405,CUST-01492,2025-12-17,completed,mobile_app,INR,19927.35,875.26,19052.09,0,3429.38,22481.47
ORD-000406,CUST-00894,2026-07-23,completed,web,INR,41617.64,1729.6100000000001,39888.03,0,7179.85,47067.88
ORD-000407,CUST-00614,2026-03-01,completed,web,INR,14173.65,2126.05,12047.6,0,2168.57,14216.17
ORD-000408,CUST-00705,2025-05-30,completed,mobile_app,INR,14928.77,2985.75,11943.02,0,2149.74,14092.76
ORD-000409,CUST-00054,2026-04-28,completed,mobile_app,INR,17480.27,989.3399999999999,16490.93,0,2968.37,19459.3
ORD-000410,CUST-00059,2026-03-11,returned,mobile_app,INR,4983.25,347.92,4635.33,0,834.36,5469.69
ORD-000411,CUST-01553,2025-10-12,shipped,mobile_app,INR,17309.13,0.0,17309.13,0,3115.64,20424.77
ORD-000412,CUST-01687,2025-09-22,shipped,web,INR,2982.3,298.23,2684.07,0,483.13,3167.2
ORD-000413,CUST-01938,2026-07-08,pending,mobile_app,INR,39292.36,1165.13,38127.23,0,6862.9,44990.13
ORD-000414,CUST-01252,2025-08-28,completed,mobile_app,INR,14369.84,133.37,14236.47,0,2562.56,16799.03
ORD-000415,CUST-01859,2026-01-15,completed,mobile_app,INR,7420.89,742.09,6678.8,0,1202.18,7880.98
ORD-000416,CUST-00833,2026-06-06,shipped,mobile_app,INR,9963.84,0.0,9963.84,0,1793.49,11757.33
ORD-000417,CUST-00509,2025-01-11,completed,mobile_app,INR,692.62,69.26,623.36,79,112.2,814.56
ORD-000418,CUST-00492,2026-06-04,completed,web,INR,8083.49,653.99,7429.5,0,1337.31,8766.81
ORD-000419,CUST-00474,2026-03-07,cancelled,web,INR,9124.7,576.04,8548.66,0,1538.76,10087.42
ORD-000420,CUST-01491,2026-06-06,completed,web,INR,24824.04,2236.81,22587.230000000003,0,4065.7,26652.93
ORD-000421,CUST-00020,2025-04-01,completed,mobile_app,INR,22347.75,589.36,21758.39,0,3916.51,25674.9
ORD-000422,CUST-01891,2026-02-24,completed,web,INR,60374.12,6954.99,53419.13,0,9615.44,63034.57
ORD-000423,CUST-01550,2026-04-09,completed,mobile_app,INR,21633.340000000004,957.01,20676.33,0,3721.74,24398.07
ORD-000424,CUST-00762,2025-10-31,completed,web,INR,26055.04,750.73,25304.309999999998,0,4554.78,29859.09
ORD-000425,CUST-01404,2026-03-07,completed,web,INR,5613.4,0.0,5613.4,0,1010.41,6623.81
ORD-000426,CUST-00270,2026-01-17,returned,web,INR,1745.26,0.0,1745.26,49,314.15,2108.41
ORD-000427,CUST-00863,2026-01-15,returned,web,INR,977.1,97.71,879.39,79,158.29,1116.68
ORD-000428,CUST-00219,2025-09-17,completed,mobile_app,INR,22516.269999999997,165.62,22350.649999999998,0,4023.12,26373.77
ORD-000429,CUST-00225,2025-12-27,completed,web,INR,25038.54,2503.85,22534.69,0,4056.24,26590.93
ORD-000430,CUST-00013,2026-06-19,completed,web,INR,17033.760000000002,330.04,16703.72,0,3006.67,19710.39
ORD-000431,CUST-01592,2025-05-05,completed,web,INR,8700.220000000001,179.43,8520.79,0,1533.74,10054.53
ORD-000432,CUST-01488,2025-04-19,completed,web,INR,29180.78,0.0,29180.78,0,5252.54,34433.32
ORD-000433,CUST-01786,2026-05-27,completed,web,INR,11731.61,1759.74,9971.87,0,1794.94,11766.81
ORD-000434,CUST-01963,2026-06-25,completed,web,INR,31489.210000000003,2899.2400000000002,28589.97,0,5146.19,33736.16
ORD-000435,CUST-01930,2026-07-14,completed,mobile_app,INR,4915.44,0.0,4915.44,0,884.78,5800.22
ORD-000436,CUST-01986,2026-05-11,completed,mobile_app,INR,42222.08,873.23,41348.850000000006,0,7442.79,48791.64
ORD-000437,CUST-00032,2025-07-28,cancelled,mobile_app,INR,14449.060000000001,2030.3899999999999,12418.67,0,2235.36,14654.03
ORD-000438,CUST-01569,2026-06-28,completed,web,INR,5722.36,736.53,4985.83,0,897.45,5883.28
ORD-000439,CUST-01447,2026-07-08,completed,web,INR,20682.81,2005.16,18677.65,0,3361.98,22039.63
ORD-000440,CUST-00325,2026-07-20,completed,web,INR,4111.67,153.21,3958.4600000000005,0,712.52,4670.98
ORD-000441,CUST-00274,2026-07-18,returned,web,INR,25281.65,1062.15,24219.5,0,4359.51,28579.01
ORD-000442,CUST-01956,2025-11-22,completed,web,INR,17435.53,1565.01,15870.519999999999,0,2856.69,18727.21
ORD-000443,CUST-01766,2026-07-24,completed,web,INR,10685.24,0.0,10685.24,0,1923.34,12608.58
ORD-000444,CUST-00656,2026-03-07,completed,web,INR,51673.47,3065.08,48608.39,0,8749.51,57357.9
ORD-000445,CUST-00150,2025-08-11,shipped,web,INR,11055.16,504.18,10550.98,0,1899.18,12450.16
ORD-000446,CUST-00668,2026-06-16,cancelled,web,INR,29619.899999999998,3272.39,26347.51,0,4742.55,31090.06
ORD-000447,CUST-00011,2025-08-21,completed,mobile_app,INR,16030.21,1190.91,14839.3,0,2671.07,17510.37
ORD-000448,CUST-01375,2026-05-08,completed,mobile_app,INR,26430.6,808.51,25622.09,0,4611.98,30234.07
ORD-000449,CUST-00761,2026-04-23,completed,web,INR,5490.389999999999,0.0,5490.389999999999,0,988.27,6478.66
ORD-000450,CUST-00099,2026-03-10,completed,web,INR,9050.51,360.02,8690.49,0,1564.29,10254.78
ORD-000451,CUST-01960,2025-02-01,completed,web,INR,24726.260000000002,1902.75,22823.51,0,4108.23,26931.74
ORD-000452,CUST-01652,2025-07-24,completed,web,INR,31462.34,1701.31,29761.03,0,5356.99,35118.02
ORD-000453,CUST-01810,2026-07-31,completed,web,INR,6734.31,0.0,6734.31,0,1212.18,7946.49
ORD-000454,CUST-01995,2026-05-08,returned,web,INR,444.76,66.71,378.05,99,68.05,545.1
ORD-000455,CUST-00029,2026-06-05,completed,web,INR,8875.45,410.91,8464.54,0,1523.62,9988.16
ORD-000456,CUST-01551,2025-11-13,completed,web,INR,5214.63,369.35,4845.28,0,872.15,5717.43
ORD-000457,CUST-01576,2025-01-25,returned,mobile_app,INR,25855.41,206.84,25648.57,0,4616.74,30265.31
ORD-000458,CUST-01564,2026-05-29,shipped,mobile_app,INR,56955.04,160.18,56794.86,0,10223.07,67017.93
ORD-000459,CUST-00531,2025-08-21,completed,web,INR,16565.14,3277.44,13287.7,0,2391.79,15679.49
ORD-000460,CUST-00781,2026-07-01,shipped,web,INR,18327.81,1832.78,16495.03,0,2969.11,19464.14
ORD-000461,CUST-01859,2026-04-13,completed,mobile_app,INR,12125.9,2270.33,9855.57,0,1774.0,11629.57
ORD-000462,CUST-00132,2025-12-15,cancelled,web,INR,4300.33,379.95,3920.38,0,705.67,4626.05
ORD-000463,CUST-01283,2026-02-24,completed,mobile_app,INR,16032.2,1970.4099999999999,14061.79,0,2531.12,16592.91
ORD-000464,CUST-01586,2025-11-15,pending,web,INR,25668.13,1806.73,23861.4,0,4295.05,28156.45
ORD-000465,CUST-01597,2026-05-09,completed,mobile_app,INR,22293.3,546.03,21747.27,0,3914.51,25661.78
ORD-000466,CUST-01195,2026-03-07,completed,web,INR,18237.989999999998,0.0,18237.989999999998,0,3282.84,21520.83
ORD-000467,CUST-01534,2025-09-20,completed,web,INR,29811.78,2470.19,27341.59,0,4921.49,32263.08
ORD-000468,CUST-01819,2026-01-12,completed,mobile_app,INR,18721.52,406.88,18314.64,0,3296.64,21611.28
ORD-000469,CUST-01532,2025-07-03,completed,mobile_app,INR,10814.6,1576.1100000000001,9238.49,0,1662.93,10901.42
ORD-000470,CUST-00232,2026-06-27,cancelled,web,INR,2323.5,0.0,2323.5,0,418.23,2741.73
ORD-000471,CUST-00490,2026-06-29,completed,mobile_app,INR,7772.39,0.0,7772.39,0,1399.03,9171.42
ORD-000472,CUST-00611,2026-03-29,pending,mobile_app,INR,11184.09,0.0,11184.09,0,2013.14,13197.23
ORD-000473,CUST-00687,2026-01-26,completed,web,INR,15366.64,0.0,15366.64,0,2766.0,18132.64
ORD-000474,CUST-00722,2026-06-04,completed,web,INR,7511.8,0.0,7511.8,0,1352.12,8863.92
ORD-000475,CUST-00440,2025-08-12,completed,web,INR,20477.72,2047.77,18429.95,0,3317.39,21747.34
ORD-000476,CUST-01367,2026-01-22,completed,mobile_app,INR,9709.22,485.46,9223.76,0,1660.28,10884.04
ORD-000477,CUST-00221,2025-06-10,shipped,web,INR,48075.83,3905.21,44170.619999999995,0,7950.71,52121.33
ORD-000478,CUST-01576,2025-05-17,shipped,web,INR,5071.58,475.52000000000004,4596.0599999999995,0,827.29,5423.35
ORD-000479,CUST-01318,2025-12-06,completed,web,INR,13630.66,872.92,12757.74,0,2296.39,15054.13
ORD-000480,CUST-01923,2026-03-07,completed,web,INR,11759.14,256.61,11502.53,0,2070.46,13572.99
ORD-000481,CUST-00014,2026-05-08,completed,web,INR,8111.82,221.94,7889.879999999999,0,1420.18,9310.06
ORD-000482,CUST-00591,2026-02-18,completed,web,INR,18705.81,1555.2,17150.61,0,3087.11,20237.72
ORD-000483,CUST-01797,2026-07-16,completed,web,INR,43264.16,3660.95,39603.21,0,7128.58,46731.79
ORD-000484,CUST-00988,2025-06-30,completed,web,INR,8330.11,1059.89,7270.219999999999,0,1308.64,8578.86
ORD-000485,CUST-01122,2026-07-13,completed,web,INR,2816.12,422.42,2393.7,0,430.87,2824.57
ORD-000486,CUST-00058,2026-07-27,returned,web,INR,17522.19,0.0,17522.19,0,3153.99,20676.18
ORD-000487,CUST-01525,2025-08-21,completed,web,INR,7029.44,0.0,7029.44,0,1265.3,8294.74
ORD-000488,CUST-00506,2025-05-23,completed,mobile_app,INR,13248.75,0.0,13248.75,0,2384.78,15633.53
ORD-000489,CUST-01927,2026-02-27,completed,web,INR,42624.27,2476.14,40148.130000000005,0,7226.66,47374.79
ORD-000490,CUST-00749,2025-06-22,completed,web,INR,27935.44,763.07,27172.37,0,4891.03,32063.4
ORD-000491,CUST-00378,2026-05-07,shipped,web,INR,12039.72,0.0,12039.72,0,2167.15,14206.87
ORD-000492,CUST-01188,2026-07-01,shipped,mobile_app,INR,9526.36,394.89,9131.470000000001,0,1643.66,10775.13
ORD-000493,CUST-00955,2026-02-12,shipped,mobile_app,INR,19864.03,1688.06,18175.97,0,3271.67,21447.64
ORD-000494,CUST-00942,2026-07-11,cancelled,mobile_app,INR,11481.93,0.0,11481.93,0,2066.75,13548.68
ORD-000495,CUST-01900,2025-01-31,completed,web,INR,13010.369999999999,722.89,12287.48,0,2211.75,14499.23
ORD-000496,CUST-00729,2025-07-24,completed,web,INR,15339.52,1014.43,14325.09,0,2578.52,16903.61
ORD-000497,CUST-00796,2025-10-20,completed,web,INR,12217.93,638.52,11579.41,0,2084.29,13663.7
ORD-000498,CUST-01249,2026-05-24,returned,web,INR,9879.18,372.06,9507.119999999999,0,1711.28,11218.4
ORD-000499,CUST-00341,2026-02-28,cancelled,mobile_app,INR,40750.219999999994,1959.32,38790.9,0,6982.36,45773.26
ORD-000500,CUST-01658,2026-04-20,completed,web,INR,21560.4,1494.2,20066.199999999997,0,3611.92,23678.12
ORD-000501,CUST-00460,2025-05-24,completed,mobile_app,INR,32312.11,4406.76,27905.35,0,5022.96,32928.31
ORD-000502,CUST-00484,2026-06-16,completed,mobile_app,INR,8813.24,662.56,8150.68,0,1467.12,9617.8
ORD-000503,CUST-00022,2025-11-21,pending,mobile_app,INR,25295.61,934.5,24361.11,0,4385.0,28746.11
ORD-000504,CUST-00686,2026-01-27,completed,web,INR,51656.55,29.37,51627.18,0,9292.89,60920.07
ORD-000505,CUST-01166,2025-10-17,completed,mobile_app,INR,21710.82,0.0,21710.82,0,3907.95,25618.77
ORD-000506,CUST-01410,2025-08-23,completed,web,INR,27694.04,0.0,27694.04,0,4984.93,32678.97
ORD-000507,CUST-01798,2025-01-01,completed,web,INR,6502.75,0.0,6502.75,0,1170.49,7673.24
ORD-000508,CUST-01556,2025-05-23,completed,web,INR,4904.48,980.9,3923.58,0,706.24,4629.82
ORD-000509,CUST-00643,2026-07-23,completed,mobile_app,INR,9053.74,915.5,8138.24,0,1464.88,9603.12
ORD-000510,CUST-01651,2026-02-11,cancelled,mobile_app,INR,8723.49,236.63,8486.86,0,1527.63,10014.49
ORD-000511,CUST-00390,2025-02-10,completed,web,INR,19711.09,2045.5900000000001,17665.5,0,3179.79,20845.29
ORD-000512,CUST-00419,2025-01-10,cancelled,mobile_app,INR,5644.31,0.0,5644.31,0,1015.98,6660.29
ORD-000513,CUST-00717,2025-10-07,completed,web,INR,21408.05,1239.84,20168.21,0,3630.28,23798.49
ORD-000514,CUST-01079,2025-10-11,completed,mobile_app,INR,12923.31,517.75,12405.56,0,2233.0,14638.56
ORD-000515,CUST-00407,2025-10-13,completed,web,INR,34940.56,1156.3,33784.26,0,6081.17,39865.43
ORD-000516,CUST-01801,2026-02-07,completed,web,INR,19316.65,2397.89,16918.760000000002,0,3045.38,19964.14
ORD-000517,CUST-00541,2025-12-16,completed,web,INR,7865.62,1179.84,6685.78,0,1203.44,7889.22
ORD-000518,CUST-00784,2025-01-27,completed,mobile_app,INR,26064.93,777.78,25287.149999999998,0,4551.69,29838.84
ORD-000519,CUST-01210,2026-07-20,completed,mobile_app,INR,12487.32,1436.66,11050.66,0,1989.12,13039.78
ORD-000520,CUST-00860,2026-07-12,completed,web,INR,52305.100000000006,5944.530000000001,46360.57,0,8344.9,54705.47
ORD-000521,CUST-00808,2025-04-07,cancelled,web,INR,15707.99,375.32,15332.67,0,2759.88,18092.55
ORD-000522,CUST-01970,2025-07-28,completed,web,INR,9918.23,1571.75,8346.48,0,1502.37,9848.85
ORD-000523,CUST-00872,2025-12-28,completed,mobile_app,INR,2178.32,435.66,1742.66,49,313.68,2105.34
ORD-000524,CUST-00227,2026-03-02,completed,web,INR,466.09,69.91,396.18,99,71.31,566.49
ORD-000525,CUST-01461,2026-07-04,completed,web,INR,35594.61,2290.03,33304.58,0,5994.82,39299.4
ORD-000526,CUST-01412,2025-09-14,cancelled,web,INR,7212.1,129.0,7083.1,0,1274.96,8358.06
ORD-000527,CUST-00438,2026-06-29,completed,web,INR,15935.52,0.0,15935.52,0,2868.39,18803.91
ORD-000528,CUST-01701,2025-07-15,returned,mobile_app,INR,39037.51,1516.0600000000002,37521.45,0,6753.86,44275.31
ORD-000529,CUST-00784,2026-01-21,returned,web,INR,3183.93,0.0,3183.93,0,573.11,3757.04
ORD-000530,CUST-00302,2026-03-22,completed,web,INR,11414.35,700.65,10713.7,0,1928.47,12642.17
ORD-000531,CUST-00345,2026-05-12,completed,web,INR,9388.69,566.21,8822.48,0,1588.05,10410.53
ORD-000532,CUST-01429,2025-10-22,shipped,web,INR,2966.46,148.32,2818.14,0,507.27,3325.41
ORD-000533,CUST-00433,2026-07-09,shipped,web,INR,9507.19,1412.52,8094.67,0,1457.04,9551.71
ORD-000534,CUST-00940,2026-02-11,completed,web,INR,1732.14,173.21,1558.93,99,280.61,1938.54
ORD-000535,CUST-01469,2026-06-10,completed,mobile_app,INR,13131.8,521.61,12610.189999999999,0,2269.83,14880.02
ORD-000536,CUST-01706,2026-05-17,completed,web,INR,9076.29,0.0,9076.29,0,1633.73,10710.02
ORD-000537,CUST-00980,2025-08-13,shipped,web,INR,45888.74,0.0,45888.74,0,8259.97,54148.71
ORD-000538,CUST-01815,2026-05-29,shipped,web,INR,19984.54,1012.04,18972.5,0,3415.05,22387.55
ORD-000539,CUST-00606,2026-07-26,completed,web,INR,30522.8,0.0,30522.8,0,5494.1,36016.9
ORD-000540,CUST-01745,2026-03-28,completed,web,INR,26650.850000000002,2897.79,23753.06,0,4275.55,28028.61
ORD-000541,CUST-00501,2026-02-10,shipped,mobile_app,INR,25799.45,1786.66,24012.79,0,4322.3,28335.09
ORD-000542,CUST-00129,2025-10-24,returned,web,INR,34295.049999999996,2218.7799999999997,32076.269999999997,0,5773.73,37850.0
ORD-000543,CUST-01451,2025-12-13,completed,mobile_app,INR,12005.75,749.23,11256.52,0,2026.17,13282.69
ORD-000544,CUST-01514,2025-12-26,completed,web,INR,5302.5599999999995,59.67,5242.889999999999,0,943.72,6186.61
ORD-000545,CUST-01853,2026-02-03,completed,web,INR,5338.61,0.0,5338.61,0,960.95,6299.56
ORD-000546,CUST-01844,2026-07-16,completed,web,INR,17804.46,2939.8,14864.66,0,2675.64,17540.3
ORD-000547,CUST-00205,2026-02-18,completed,mobile_app,INR,19532.21,1629.71,17902.5,0,3222.45,21124.95
ORD-000548,CUST-01243,2026-07-04,completed,web,INR,38634.36,2819.42,35814.94,0,6446.69,42261.63
ORD-000549,CUST-01409,2025-05-08,cancelled,mobile_app,INR,11246.51,692.59,10553.92,0,1899.71,12453.63
ORD-000550,CUST-01202,2026-01-25,completed,web,INR,28299.59,1303.45,26996.14,0,4859.31,31855.45
ORD-000551,CUST-00038,2026-07-10,completed,web,INR,25373.989999999998,1636.83,23737.16,0,4272.69,28009.85
ORD-000552,CUST-00091,2026-07-04,completed,web,INR,3572.99,0.0,3572.99,0,643.14,4216.13
ORD-000553,CUST-01342,2025-12-18,completed,web,INR,43738.47,0.0,43738.47,0,7872.92,51611.39
ORD-000554,CUST-01713,2026-06-08,completed,web,INR,9799.970000000001,1142.18,8657.79,0,1558.4,10216.19
ORD-000555,CUST-00359,2026-04-16,completed,web,INR,24164.370000000003,771.04,23393.33,0,4210.8,27604.13
ORD-000556,CUST-00093,2026-07-28,completed,web,INR,12679.759999999998,387.92,12291.84,0,2212.53,14504.37
ORD-000557,CUST-00809,2025-01-19,completed,web,INR,9184.71,390.11,8794.6,0,1583.03,10377.63
ORD-000558,CUST-00628,2025-06-28,returned,mobile_app,INR,3273.09,72.1,3200.99,0,576.18,3777.17
ORD-000559,CUST-01966,2026-02-19,returned,mobile_app,INR,36953.93,0.0,36953.93,0,6651.71,43605.64
ORD-000560,CUST-01852,2025-11-22,completed,web,INR,8944.42,1693.6399999999999,7250.780000000001,0,1305.14,8555.92
ORD-000561,CUST-01117,2026-07-28,completed,web,INR,4419.0,409.97,4009.0299999999997,0,721.63,4730.66
ORD-000562,CUST-01900,2025-06-29,completed,web,INR,30780.45,4617.07,26163.38,0,4709.41,30872.79
ORD-000563,CUST-00458,2025-08-29,cancelled,web,INR,14756.38,0.0,14756.38,0,2656.15,17412.53
ORD-000564,CUST-01984,2025-12-09,returned,web,INR,18565.83,202.45,18363.38,0,3305.41,21668.79
ORD-000565,CUST-00894,2026-07-21,completed,web,INR,21763.42,952.25,20811.17,0,3746.01,24557.18
ORD-000566,CUST-00953,2026-07-31,completed,web,INR,23981.21,1331.83,22649.38,0,4076.89,26726.27
ORD-000567,CUST-00102,2025-06-20,completed,web,INR,13205.77,934.65,12271.12,0,2208.8,14479.92
ORD-000568,CUST-00355,2026-07-09,completed,web,INR,21612.780000000002,0.0,21612.780000000002,0,3890.3,25503.08
ORD-000569,CUST-00389,2026-05-17,completed,web,INR,12666.47,0.0,12666.47,0,2279.96,14946.43
ORD-000570,CUST-00976,2026-07-16,completed,web,INR,13785.48,1252.6000000000001,12532.88,0,2255.92,14788.8
ORD-000571,CUST-00380,2026-01-19,shipped,web,INR,13019.04,1137.0300000000002,11882.01,0,2138.76,14020.77
ORD-000572,CUST-00205,2026-02-04,completed,mobile_app,INR,17597.46,1321.8899999999999,16275.57,0,2929.6,19205.17
ORD-000573,CUST-01211,2025-10-17,completed,web,INR,3278.92,0.0,3278.92,0,590.21,3869.13
ORD-000574,CUST-01746,2026-07-30,completed,web,INR,8041.209999999999,537.64,7503.57,0,1350.64,8854.21
ORD-000575,CUST-00140,2025-05-31,cancelled,mobile_app,INR,22004.980000000003,542.72,21462.260000000002,0,3863.21,25325.47
ORD-000576,CUST-01122,2026-07-13,completed,web,INR,10863.75,1086.38,9777.37,0,1759.93,11537.3
ORD-000577,CUST-01921,2026-07-04,completed,web,INR,944.52,141.68,802.84,79,144.51,1026.35
ORD-000578,CUST-00810,2026-07-30,cancelled,mobile_app,INR,11203.24,976.5,10226.74,0,1840.81,12067.55
ORD-000579,CUST-00366,2026-06-02,completed,mobile_app,INR,20064.27,501.4,19562.87,0,3521.32,23084.19
ORD-000580,CUST-00160,2026-07-31,completed,mobile_app,INR,3133.96,195.91,2938.05,0,528.85,3466.9
ORD-000581,CUST-01873,2026-02-25,completed,mobile_app,INR,37701.6,3028.63,34672.97,0,6241.13,40914.1
ORD-000582,CUST-00811,2026-03-19,completed,mobile_app,INR,20607.12,1243.59,19363.53,0,3485.44,22848.97
ORD-000583,CUST-00211,2025-12-07,pending,web,INR,5492.200000000001,124.14,5368.0599999999995,0,966.25,6334.31
ORD-000584,CUST-01733,2026-03-18,completed,web,INR,11739.99,0.0,11739.99,0,2113.2,13853.19
ORD-000585,CUST-01605,2025-07-13,completed,web,INR,20456.07,1807.17,18648.9,0,3356.8,22005.7
ORD-000586,CUST-01407,2026-01-13,completed,web,INR,7892.38,1183.86,6708.52,0,1207.53,7916.05
ORD-000587,CUST-00169,2025-06-04,pending,mobile_app,INR,35769.8,1828.6,33941.200000000004,0,6109.42,40050.62
ORD-000588,CUST-00165,2025-05-15,cancelled,web,INR,19815.15,404.95,19410.2,0,3493.84,22904.04
ORD-000589,CUST-00438,2026-06-12,completed,mobile_app,INR,958.74,95.87,862.87,79,155.32,1097.19
ORD-000590,CUST-00320,2025-12-28,completed,web,INR,36074.39,0.0,36074.39,0,6493.39,42567.78
ORD-000591,CUST-01064,2026-07-13,completed,web,INR,34166.25,2861.61,31304.64,0,5634.84,36939.48
ORD-000592,CUST-00785,2025-07-31,shipped,mobile_app,INR,5503.049999999999,161.48,5341.57,0,961.48,6303.05
ORD-000593,CUST-01531,2026-04-07,completed,web,INR,18473.83,122.05,18351.78,0,3303.32,21655.1
ORD-000594,CUST-00203,2025-11-05,completed,web,INR,9595.03,707.05,8887.98,0,1599.84,10487.82
ORD-000595,CUST-01456,2025-07-15,completed,web,INR,4721.0,0.0,4721.0,0,849.78,5570.78
ORD-000596,CUST-01869,2025-05-12,returned,web,INR,4666.24,0.0,4666.24,0,839.92,5506.16
ORD-000597,CUST-00262,2026-04-19,completed,web,INR,6214.36,932.15,5282.21,0,950.8,6233.01
ORD-000598,CUST-01305,2026-02-03,completed,mobile_app,INR,15643.509999999998,335.06,15308.449999999999,0,2755.52,18063.97
ORD-000599,CUST-01019,2025-09-17,returned,mobile_app,INR,13069.03,1971.78,11097.25,0,1997.5,13094.75
ORD-000600,CUST-00190,2026-01-15,completed,mobile_app,INR,14455.609999999999,1187.67,13267.939999999999,0,2388.23,15656.17
ORD-000601,CUST-00586,2026-07-17,completed,mobile_app,INR,11349.07,999.91,10349.16,0,1862.85,12212.01
ORD-000602,CUST-01577,2026-03-07,completed,mobile_app,INR,6442.3,983.62,5458.68,0,982.56,6441.24
ORD-000603,CUST-01739,2025-09-27,completed,web,INR,15055.33,1850.37,13204.960000000001,0,2376.89,15581.85
ORD-000604,CUST-00737,2026-07-05,completed,mobile_app,INR,14723.13,1472.3100000000002,13250.82,0,2385.15,15635.97
ORD-000605,CUST-00214,2026-06-07,completed,mobile_app,INR,8876.34,1775.27,7101.07,0,1278.19,8379.26
ORD-000606,CUST-00490,2026-07-19,completed,web,INR,17374.28,606.17,16768.11,0,3018.26,19786.37
ORD-000607,CUST-01687,2025-03-29,completed,web,INR,22173.99,1295.6100000000001,20878.379999999997,0,3758.11,24636.49
ORD-000608,CUST-01140,2026-06-14,cancelled,mobile_app,INR,8207.1,820.71,7386.39,0,1329.55,8715.94
ORD-000609,CUST-00861,2026-07-07,completed,mobile_app,INR,748.95,0.0,748.95,49,134.81,932.76
ORD-000610,CUST-00027,2025-12-30,shipped,mobile_app,INR,34029.99,1840.7399999999998,32189.25,0,5794.06,37983.31
ORD-000611,CUST-01566,2026-02-06,completed,web,INR,3511.24,0.0,3511.24,0,632.02,4143.26
ORD-000612,CUST-00931,2025-08-19,completed,mobile_app,INR,153.47,7.67,145.8,99,26.24,271.04
ORD-000613,CUST-01091,2025-04-22,completed,web,INR,21814.9,899.28,20915.62,0,3764.81,24680.43
ORD-000614,CUST-01688,2026-06-30,completed,mobile_app,INR,12898.46,1367.12,11531.34,0,2075.64,13606.98
ORD-000615,CUST-01125,2026-07-15,completed,mobile_app,INR,2469.64,123.48,2346.16,0,422.31,2768.47
ORD-000616,CUST-01857,2025-04-11,completed,mobile_app,INR,3911.52,195.58,3715.94,0,668.87,4384.81
ORD-000617,CUST-01120,2026-01-22,shipped,mobile_app,INR,2646.87,0.0,2646.87,0,476.44,3123.31
ORD-000618,CUST-00686,2026-02-22,returned,web,INR,28471.21,278.61,28192.6,0,5074.67,33267.27
ORD-000619,CUST-01846,2026-02-25,completed,mobile_app,INR,10533.51,0.0,10533.51,0,1896.03,12429.54
ORD-000620,CUST-01285,2025-07-03,returned,mobile_app,INR,9245.82,1189.87,8055.95,0,1450.07,9506.02
ORD-000621,CUST-01521,2026-06-29,completed,web,INR,30288.68,1491.72,28796.960000000003,0,5183.45,33980.41
ORD-000622,CUST-00454,2025-11-27,completed,web,INR,2715.46,271.55,2443.91,0,439.9,2883.81
ORD-000623,CUST-01343,2025-10-15,completed,mobile_app,INR,7794.09,0.0,7794.09,0,1402.94,9197.03
ORD-000624,CUST-01121,2026-01-29,cancelled,web,INR,17810.19,718.27,17091.920000000002,0,3076.55,20168.47
ORD-000625,CUST-00211,2025-10-02,shipped,web,INR,9864.61,1900.7799999999997,7963.83,0,1433.49,9397.32
ORD-000626,CUST-00509,2025-01-08,pending,web,INR,18285.95,438.85,17847.1,0,3212.48,21059.58
ORD-000627,CUST-01824,2026-06-14,shipped,web,INR,8983.09,1115.88,7867.210000000001,0,1416.1,9283.31
ORD-000628,CUST-01143,2026-07-17,completed,web,INR,24348.63,695.3199999999999,23653.31,0,4257.6,27910.91
ORD-000629,CUST-01549,2025-11-30,returned,mobile_app,INR,18120.58,1209.5500000000002,16911.03,0,3043.99,19955.02
ORD-000630,CUST-00344,2025-07-19,pending,web,INR,19176.18,0.0,19176.18,0,3451.71,22627.89
ORD-000631,CUST-00436,2025-01-05,cancelled,web,INR,22667.54,2360.11,20307.43,0,3655.34,23962.77
ORD-000632,CUST-01883,2025-06-21,completed,web,INR,14340.400000000001,2065.43,12274.970000000001,0,2209.49,14484.46
ORD-000633,CUST-00841,2026-03-20,cancelled,mobile_app,INR,13064.869999999999,1126.67,11938.2,0,2148.88,14087.08
ORD-000634,CUST-01774,2025-07-09,completed,web,INR,10670.099999999999,63.04,10607.06,0,1909.27,12516.33
ORD-000635,CUST-01617,2026-07-23,returned,mobile_app,INR,25890.25,1443.28,24446.97,0,4400.45,28847.42
ORD-000636,CUST-00674,2025-07-11,pending,mobile_app,INR,11533.67,791.88,10741.79,0,1933.52,12675.31
ORD-000637,CUST-01900,2025-09-04,shipped,mobile_app,INR,11979.48,2395.9,9583.58,0,1725.04,11308.62
ORD-000638,CUST-01554,2026-05-06,completed,web,INR,15902.49,1590.25,14312.24,0,2576.2,16888.44
ORD-000639,CUST-00256,2025-12-21,completed,web,INR,7210.71,270.88,6939.83,0,1249.17,8189.0
ORD-000640,CUST-00192,2025-08-31,pending,web,INR,9256.26,88.86,9167.4,0,1650.13,10817.53
ORD-000641,CUST-00254,2025-02-14,returned,web,INR,8390.99,188.04,8202.95,0,1476.53,9679.48
ORD-000642,CUST-01481,2025-04-24,shipped,web,INR,20697.48,0.0,20697.48,0,3725.55,24423.03
ORD-000643,CUST-00287,2026-05-18,returned,web,INR,2217.12,0.0,2217.12,0,399.08,2616.2
ORD-000644,CUST-00565,2026-04-20,completed,web,INR,15862.8,1124.29,14738.51,0,2652.93,17391.44
ORD-000645,CUST-00869,2025-04-03,returned,web,INR,29132.18,3163.98,25968.2,0,4674.28,30642.48
ORD-000646,CUST-00272,2026-03-26,completed,web,INR,5427.55,0.0,5427.55,0,976.96,6404.51
ORD-000647,CUST-00661,2025-12-26,completed,web,INR,6434.860000000001,250.48,6184.38,0,1113.19,7297.57
ORD-000648,CUST-01357,2026-07-22,completed,mobile_app,INR,6275.139999999999,606.3,5668.84,0,1020.39,6689.23
ORD-000649,CUST-01945,2025-05-07,completed,web,INR,3544.58,438.86,3105.72,0,559.03,3664.75
ORD-000650,CUST-00940,2026-02-24,completed,web,INR,36769.93,3198.44,33571.49,0,6042.87,39614.36
ORD-000651,CUST-01494,2025-03-19,cancelled,web,INR,3955.44,689.43,3266.01,0,587.88,3853.89
ORD-000652,CUST-01061,2026-05-04,completed,mobile_app,INR,36056.85,6768.75,29288.1,0,5271.86,34559.96
ORD-000653,CUST-00933,2025-03-03,shipped,mobile_app,INR,7581.35,534.12,7047.2300000000005,0,1268.5,8315.73
ORD-000654,CUST-01042,2026-07-19,completed,web,INR,32395.93,0.0,32395.93,0,5831.27,38227.2
ORD-000655,CUST-01918,2025-10-24,cancelled,web,INR,2798.58,16.25,2782.33,0,500.82,3283.15
ORD-000656,CUST-00119,2025-05-28,completed,mobile_app,INR,4945.42,741.81,4203.61,0,756.65,4960.26
ORD-000657,CUST-01027,2026-07-23,shipped,mobile_app,INR,14691.0,1469.1,13221.9,0,2379.94,15601.84
ORD-000658,CUST-00103,2026-02-10,completed,web,INR,11532.82,141.79,11391.029999999999,0,2050.39,13441.42
ORD-000659,CUST-01751,2026-07-18,completed,web,INR,20408.550000000003,2548.27,17860.28,0,3214.85,21075.13
ORD-000660,CUST-01203,2026-07-24,completed,web,INR,19291.6,1891.0500000000002,17400.55,0,3132.1,20532.65
ORD-000661,CUST-00095,2026-07-01,completed,mobile_app,INR,2727.69,136.38,2591.31,0,466.44,3057.75
ORD-000662,CUST-01248,2025-07-24,completed,web,INR,14401.66,258.74,14142.92,0,2545.73,16688.65
ORD-000663,CUST-00872,2026-05-24,completed,mobile_app,INR,2643.94,132.2,2511.74,0,452.11,2963.85
ORD-000664,CUST-00095,2026-06-08,completed,mobile_app,INR,18962.82,643.58,18319.24,0,3297.46,21616.7
ORD-000665,CUST-01957,2025-11-15,shipped,mobile_app,INR,9206.21,450.1,8756.11,0,1576.1,10332.21
ORD-000666,CUST-00757,2026-03-19,completed,mobile_app,INR,28320.460000000003,1852.28,26468.18,0,4764.27,31232.45
ORD-000667,CUST-00048,2026-05-21,completed,web,INR,32434.74,0.0,32434.74,0,5838.25,38272.99
ORD-000668,CUST-01226,2026-07-12,completed,mobile_app,INR,15642.560000000001,790.89,14851.670000000002,0,2673.3,17524.97
ORD-000669,CUST-00751,2026-06-30,completed,mobile_app,INR,6750.9,675.09,6075.81,0,1093.65,7169.46
ORD-000670,CUST-01314,2026-05-21,completed,mobile_app,INR,2409.24,240.92,2168.32,0,390.3,2558.62
ORD-000671,CUST-00325,2026-07-19,shipped,web,INR,12099.619999999999,1036.82,11062.8,0,1991.3,13054.1
ORD-000672,CUST-01657,2026-05-03,completed,web,INR,9642.85,1366.3899999999999,8276.46,0,1489.76,9766.22
ORD-000673,CUST-00841,2026-07-23,completed,mobile_app,INR,13593.0,411.55,13181.45,0,2372.66,15554.11
ORD-000674,CUST-00842,2025-10-17,completed,web,INR,26809.93,497.25,26312.68,0,4736.28,31048.96
ORD-000675,CUST-01608,2026-06-27,completed,mobile_app,INR,22957.1,1697.9499999999998,21259.15,0,3826.65,25085.8
ORD-000676,CUST-01097,2026-07-11,shipped,web,INR,27911.75,4186.76,23724.989999999998,0,4270.5,27995.49
ORD-000677,CUST-00003,2025-09-16,completed,web,INR,8830.58,1029.82,7800.76,0,1404.14,9204.9
ORD-000678,CUST-01158,2026-06-19,cancelled,mobile_app,INR,10812.17,354.82,10457.35,0,1882.32,12339.67
ORD-000679,CUST-01292,2026-04-17,completed,mobile_app,INR,9290.3,0.0,9290.3,0,1672.25,10962.55
ORD-000680,CUST-00625,2025-08-08,completed,web,INR,47461.93,4745.08,42716.85,0,7689.03,50405.88
ORD-000681,CUST-00362,2026-07-17,completed,web,INR,63544.72,5799.360000000001,57745.36,0,10394.16,68139.52
ORD-000682,CUST-00108,2025-10-25,returned,web,INR,7581.48,0.0,7581.48,0,1364.67,8946.15
ORD-000683,CUST-01693,2025-12-17,completed,web,INR,7739.8,0.0,7739.8,0,1393.16,9132.96
ORD-000684,CUST-00009,2025-02-25,completed,web,INR,6309.0199999999995,118.22,6190.799999999999,0,1114.34,7305.14
ORD-000685,CUST-01167,2025-03-23,returned,web,INR,47396.130000000005,6326.38,41069.75,0,7392.55,48462.3
ORD-000686,CUST-01673,2025-02-05,completed,web,INR,10068.13,950.69,9117.44,0,1641.14,10758.58
ORD-000687,CUST-00705,2026-05-02,completed,web,INR,6410.99,320.55,6090.44,0,1096.28,7186.72
ORD-000688,CUST-00401,2026-07-30,completed,mobile_app,INR,15572.62,915.24,14657.380000000001,0,2638.33,17295.71
ORD-000689,CUST-01430,2026-06-13,completed,mobile_app,INR,33605.73,0.0,33605.73,0,6049.03,39654.76
ORD-000690,CUST-01261,2025-04-01,cancelled,web,INR,18014.28,0.0,18014.28,0,3242.57,21256.85
ORD-000691,CUST-00030,2026-06-17,completed,mobile_app,INR,16249.83,1274.75,14975.08,0,2695.51,17670.59
ORD-000692,CUST-01155,2026-05-05,completed,web,INR,27191.44,2102.67,25088.77,0,4515.98,29604.75
ORD-000693,CUST-00001,2025-12-30,completed,web,INR,2656.31,0.0,2656.31,0,478.14,3134.45
ORD-000694,CUST-00800,2026-05-02,pending,web,INR,44481.27,266.24,44215.03,0,7958.71,52173.74
ORD-000695,CUST-00609,2026-07-09,completed,mobile_app,INR,6816.7,985.8100000000001,5830.889999999999,0,1049.56,6880.45
ORD-000696,CUST-01667,2026-06-11,completed,web,INR,42540.22,255.31,42284.91,0,7611.28,49896.19
ORD-000697,CUST-01955,2026-07-10,returned,web,INR,29723.3,1758.6599999999999,27964.64,0,5033.64,32998.28
ORD-000698,CUST-01397,2026-03-15,completed,mobile_app,INR,2733.69,136.68,2597.01,0,467.46,3064.47
ORD-000699,CUST-01469,2026-07-15,cancelled,mobile_app,INR,14379.44,793.21,13586.23,0,2445.52,16031.75
ORD-000700,CUST-00046,2026-07-24,shipped,mobile_app,INR,8015.46,801.55,7213.91,0,1298.5,8512.41
ORD-000701,CUST-00128,2026-02-19,completed,mobile_app,INR,11407.71,1281.35,10126.359999999999,0,1822.74,11949.1
ORD-000702,CUST-01554,2026-04-29,cancelled,mobile_app,INR,14241.059999999998,1240.73,13000.33,0,2340.06,15340.39
ORD-000703,CUST-00857,2026-05-25,pending,web,INR,14301.77,2471.54,11830.23,0,2129.44,13959.67
ORD-000704,CUST-01014,2026-05-29,completed,mobile_app,INR,23690.149999999998,0.0,23690.149999999998,0,4264.23,27954.38
ORD-000705,CUST-01384,2026-07-06,completed,web,INR,27431.17,2870.79,24560.38,0,4420.87,28981.25
ORD-000706,CUST-00695,2026-02-27,cancelled,web,INR,16408.91,0.0,16408.91,0,2953.6,19362.51
ORD-000707,CUST-01364,2026-03-29,completed,mobile_app,INR,18531.760000000002,2688.37,15843.39,0,2851.81,18695.2
ORD-000708,CUST-01454,2026-03-01,completed,web,INR,33221.08,2701.12,30519.96,0,5493.59,36013.55
ORD-000709,CUST-00481,2025-03-19,completed,web,INR,24741.449999999997,2403.08,22338.37,0,4020.91,26359.28
ORD-000710,CUST-01373,2026-04-21,cancelled,web,INR,9912.42,0.0,9912.42,0,1784.24,11696.66
ORD-000711,CUST-00339,2025-04-14,shipped,mobile_app,INR,43496.36,670.71,42825.649999999994,0,7708.62,50534.27
ORD-000712,CUST-00622,2025-12-25,pending,mobile_app,INR,27689.229999999996,1126.97,26562.26,0,4781.21,31343.47
ORD-000713,CUST-01561,2025-07-15,completed,web,INR,23955.89,1466.4699999999998,22489.420000000002,0,4048.1,26537.52
ORD-000714,CUST-01967,2025-05-03,pending,web,INR,16606.18,0.0,16606.18,0,2989.11,19595.29
ORD-000715,CUST-00130,2025-11-26,completed,mobile_app,INR,19475.86,3403.02,16072.84,0,2893.11,18965.95
ORD-000716,CUST-01298,2025-10-26,completed,mobile_app,INR,23511.32,2170.2200000000003,21341.1,0,3841.4,25182.5
ORD-000717,CUST-01140,2025-11-30,shipped,web,INR,33230.729999999996,3767.2,29463.53,0,5303.44,34766.97
ORD-000718,CUST-01212,2026-04-03,completed,web,INR,16786.61,2342.2799999999997,14444.330000000002,0,2599.98,17044.31
ORD-000719,CUST-01574,2026-04-17,completed,web,INR,39393.25,2643.48,36749.770000000004,0,6614.96,43364.73
ORD-000720,CUST-00140,2025-04-05,completed,web,INR,15715.27,2357.2999999999997,13357.97,0,2404.43,15762.4
ORD-000721,CUST-01479,2025-12-17,completed,mobile_app,INR,20945.85,3914.55,17031.3,0,3065.63,20096.93
ORD-000722,CUST-00559,2026-02-19,shipped,web,INR,20039.14,0.0,20039.14,0,3607.05,23646.19
ORD-000723,CUST-00309,2026-05-09,completed,mobile_app,INR,2422.96,0.0,2422.96,0,436.13,2859.09
ORD-000724,CUST-00894,2026-07-13,shipped,mobile_app,INR,11568.89,584.1500000000001,10984.740000000002,0,1977.25,12961.99
ORD-000725,CUST-00055,2025-05-10,completed,mobile_app,INR,49727.78,2088.59,47639.19,0,8575.05,56214.24
ORD-000726,CUST-01262,2026-06-12,completed,mobile_app,INR,22039.59,1291.31,20748.28,0,3734.69,24482.97
ORD-000727,CUST-01131,2025-09-04,shipped,web,INR,29772.45,305.92,29466.530000000002,0,5303.98,34770.51
ORD-000728,CUST-01026,2026-07-14,completed,web,INR,7839.42,391.97,7447.45,0,1340.54,8787.99
ORD-000729,CUST-00062,2026-04-08,pending,web,INR,38226.42,2329.43,35896.99,0,6461.46,42358.45
ORD-000730,CUST-01527,2025-08-07,pending,mobile_app,INR,22597.11,995.69,21601.42,0,3888.26,25489.68
ORD-000731,CUST-00071,2026-06-30,completed,mobile_app,INR,15585.87,1026.65,14559.220000000001,0,2620.66,17179.88
ORD-000732,CUST-00526,2025-05-19,completed,web,INR,6418.38,585.86,5832.52,0,1049.85,6882.37
ORD-000733,CUST-00792,2026-06-08,completed,mobile_app,INR,2206.32,220.63,1985.69,49,357.42,2392.11
ORD-000734,CUST-01405,2025-08-21,cancelled,web,INR,12752.689999999999,792.13,11960.56,0,2152.9,14113.46
ORD-000735,CUST-00816,2026-04-17,completed,web,INR,7191.6,359.58,6832.02,0,1229.76,8061.78
ORD-000736,CUST-01634,2026-05-14,returned,web,INR,51276.43000000001,0.0,51276.43000000001,0,9229.76,60506.19
ORD-000737,CUST-01869,2025-01-06,pending,mobile_app,INR,7839.34,0.0,7839.34,0,1411.08,9250.42
ORD-000738,CUST-01531,2026-01-24,completed,web,INR,13254.73,989.66,12265.07,0,2207.71,14472.78
ORD-000739,CUST-00078,2025-11-30,shipped,web,INR,24078.36,353.24,23725.120000000003,0,4270.52,27995.64
ORD-000740,CUST-01542,2026-01-02,completed,mobile_app,INR,44808.5,3489.2000000000003,41319.299999999996,0,7437.47,48756.77
ORD-000741,CUST-00413,2026-01-12,completed,web,INR,12823.79,1457.92,11365.869999999999,0,2045.86,13411.73
ORD-000742,CUST-01778,2025-01-16,completed,web,INR,21245.21,0.0,21245.21,0,3824.14,25069.35
ORD-000743,CUST-01958,2026-06-08,shipped,web,INR,30742.940000000002,2799.0699999999997,27943.87,0,5029.9,32973.77
ORD-000744,CUST-00169,2025-10-23,completed,web,INR,15930.66,438.1,15492.56,0,2788.66,18281.22
ORD-000745,CUST-00198,2026-02-03,returned,web,INR,33078.13,3590.84,29487.29,0,5307.71,34795.0
ORD-000746,CUST-01395,2025-01-21,completed,web,INR,8991.3,449.56,8541.74,0,1537.51,10079.25
ORD-000747,CUST-00287,2026-03-16,completed,mobile_app,INR,8809.13,0.0,8809.13,0,1585.64,10394.77
ORD-000748,CUST-01938,2026-03-18,returned,mobile_app,INR,3909.4799999999996,32.69,3876.79,0,697.82,4574.61
ORD-000749,CUST-01081,2026-06-14,shipped,mobile_app,INR,9347.38,934.74,8412.64,0,1514.28,9926.92
ORD-000750,CUST-01148,2026-07-18,completed,web,INR,18618.9,221.13,18397.77,0,3311.6,21709.37
ORD-000751,CUST-01721,2026-01-11,completed,web,INR,21595.17,124.38,21470.79,0,3864.74,25335.53
ORD-000752,CUST-00435,2026-06-12,completed,web,INR,23941.08,0.0,23941.08,0,4309.39,28250.47
ORD-000753,CUST-01112,2026-04-20,completed,web,INR,11835.800000000001,617.45,11218.35,0,2019.3,13237.65
ORD-000754,CUST-01998,2026-07-26,returned,web,INR,23582.2,1311.01,22271.19,0,4008.81,26280.0
ORD-000755,CUST-00045,2026-07-29,completed,web,INR,1731.98,259.8,1472.18,49,264.99,1786.17
ORD-000756,CUST-00350,2026-03-05,completed,mobile_app,INR,14583.26,408.55,14174.71,0,2551.45,16726.16
ORD-000757,CUST-00293,2026-06-26,cancelled,mobile_app,INR,13487.060000000001,463.38,13023.68,0,2344.26,15367.94
ORD-000758,CUST-00672,2026-05-17,completed,web,INR,8826.27,1765.25,7061.02,0,1270.98,8332.0
ORD-000759,CUST-00260,2025-12-21,returned,mobile_app,INR,3302.01,0.0,3302.01,0,594.36,3896.37
ORD-000760,CUST-00345,2026-07-19,completed,web,INR,4384.889999999999,300.84,4084.05,0,735.13,4819.18
ORD-000761,CUST-01706,2026-04-13,completed,mobile_app,INR,2484.94,0.0,2484.94,0,447.29,2932.23
ORD-000762,CUST-00930,2025-10-10,completed,web,INR,27147.309999999998,2660.52,24486.79,0,4407.62,28894.41
ORD-000763,CUST-00717,2025-10-08,completed,web,INR,2143.07,214.31,1928.76,49,347.18,2324.94
ORD-000764,CUST-00838,2025-09-18,returned,web,INR,18729.15,275.43,18453.72,0,3321.67,21775.39
ORD-000765,CUST-01942,2025-12-31,completed,web,INR,11594.16,448.6,11145.56,0,2006.2,13151.76
ORD-000766,CUST-00983,2025-09-02,completed,mobile_app,INR,7047.52,801.96,6245.5599999999995,0,1124.2,7369.76
ORD-000767,CUST-00938,2026-02-12,completed,web,INR,11719.96,916.63,10803.33,0,1944.6,12747.93
ORD-000768,CUST-01856,2026-03-17,completed,mobile_app,INR,1894.72,189.47,1705.25,79,306.94,2091.19
ORD-000769,CUST-00075,2026-01-14,completed,web,INR,4627.73,462.77000000000004,4164.96,0,749.69,4914.65
ORD-000770,CUST-00957,2026-01-20,completed,mobile_app,INR,40062.85,1049.76,39013.09,0,7022.36,46035.45
ORD-000771,CUST-01497,2025-09-24,completed,web,INR,5170.48,54.83,5115.65,0,920.82,6036.47
ORD-000772,CUST-01030,2025-09-06,returned,mobile_app,INR,10774.56,0.0,10774.56,0,1939.42,12713.98
ORD-000773,CUST-01737,2026-01-28,completed,mobile_app,INR,15627.48,0.0,15627.48,0,2812.95,18440.43
ORD-000774,CUST-01774,2025-05-28,shipped,web,INR,21808.550000000003,1403.33,20405.22,0,3672.94,24078.16
ORD-000775,CUST-00673,2026-07-19,completed,web,INR,13470.73,1174.44,12296.29,0,2213.33,14509.62
ORD-000776,CUST-01636,2026-05-26,cancelled,web,INR,13854.810000000001,1626.4299999999998,12228.380000000001,0,2201.11,14429.49
ORD-000777,CUST-00488,2026-07-19,completed,mobile_app,INR,21803.19,1860.93,19942.26,0,3589.61,23531.87
ORD-000778,CUST-00480,2025-10-14,completed,mobile_app,INR,4046.52,606.98,3439.54,0,619.12,4058.66
ORD-000779,CUST-01955,2026-07-13,completed,web,INR,18900.1,973.25,17926.85,0,3226.83,21153.68
ORD-000780,CUST-00026,2026-07-30,completed,mobile_app,INR,16376.800000000001,131.17,16245.630000000001,0,2924.21,19169.84
ORD-000781,CUST-00707,2026-02-25,completed,mobile_app,INR,19387.55,2687.8599999999997,16699.69,0,3005.94,19705.63
ORD-000782,CUST-01259,2026-05-03,completed,mobile_app,INR,29538.53,2532.87,27005.66,0,4861.02,31866.68
ORD-000783,CUST-00828,2026-05-13,returned,web,INR,27562.25,2897.14,24665.11,0,4439.72,29104.83
ORD-000784,CUST-01690,2026-05-17,completed,web,INR,18738.0,1303.39,17434.61,0,3138.23,20572.84
ORD-000785,CUST-00504,2026-06-03,pending,mobile_app,INR,23744.559999999998,805.3499999999999,22939.21,0,4129.06,27068.27
ORD-000786,CUST-01106,2026-03-23,completed,mobile_app,INR,19708.41,2313.41,17395.0,0,3131.1,20526.1
ORD-000787,CUST-00251,2026-04-22,completed,web,INR,3100.56,0.0,3100.56,0,558.1,3658.66
ORD-000788,CUST-00423,2026-01-15,completed,mobile_app,INR,38823.64000000001,3533.9100000000003,35289.73,0,6352.15,41641.88
ORD-000789,CUST-00348,2026-06-07,completed,web,INR,28079.48,0.0,28079.48,0,5054.31,33133.79
ORD-000790,CUST-01483,2025-02-07,cancelled,mobile_app,INR,1534.98,153.5,1381.48,79,248.67,1709.15
ORD-000791,CUST-00406,2026-02-13,completed,mobile_app,INR,8567.61,1065.6599999999999,7501.95,0,1350.35,8852.3
ORD-000792,CUST-01340,2026-06-14,returned,mobile_app,INR,9254.92,496.63,8758.29,0,1576.49,10334.78
ORD-000793,CUST-00692,2026-01-24,completed,mobile_app,INR,5418.16,0.0,5418.16,0,975.27,6393.43
ORD-000794,CUST-01131,2025-04-06,completed,web,INR,3616.58,723.32,2893.26,0,520.79,3414.05
ORD-000795,CUST-01748,2025-10-08,completed,web,INR,30432.27,113.66,30318.61,0,5457.35,35775.96
ORD-000796,CUST-01727,2026-07-02,shipped,mobile_app,INR,4034.37,605.16,3429.21,0,617.26,4046.47
ORD-000797,CUST-00023,2025-03-01,completed,mobile_app,INR,5988.360000000001,408.52,5579.84,0,1004.37,6584.21
ORD-000798,CUST-01569,2026-06-28,returned,web,INR,29293.239999999998,1570.88,27722.36,0,4990.02,32712.38
ORD-000799,CUST-01912,2026-07-21,completed,mobile_app,INR,9555.19,484.57,9070.619999999999,0,1632.71,10703.33
ORD-000800,CUST-01336,2026-07-30,completed,web,INR,4181.26,0.0,4181.26,0,752.63,4933.89
ORD-000801,CUST-00375,2026-04-15,shipped,web,INR,4179.49,337.42,3842.0699999999997,0,691.57,4533.64
ORD-000802,CUST-01330,2025-05-10,completed,mobile_app,INR,3319.23,165.96,3153.27,0,567.59,3720.86
ORD-000803,CUST-01273,2026-06-08,cancelled,mobile_app,INR,7443.44,167.85,7275.59,0,1309.61,8585.2
ORD-000804,CUST-01325,2026-05-25,completed,mobile_app,INR,10120.550000000001,835.93,9284.62,0,1671.23,10955.85
ORD-000805,CUST-00858,2025-03-03,shipped,mobile_app,INR,16731.12,451.21,16279.91,0,2930.38,19210.29
ORD-000806,CUST-01051,2025-10-08,completed,web,INR,9440.27,598.77,8841.5,0,1591.47,10432.97
ORD-000807,CUST-01304,2026-05-05,pending,web,INR,8615.87,401.09,8214.78,0,1478.66,9693.44
ORD-000808,CUST-00928,2026-01-26,completed,mobile_app,INR,31032.86,4903.85,26129.010000000002,0,4703.22,30832.23
ORD-000809,CUST-01548,2026-05-17,cancelled,web,INR,12736.51,2377.13,10359.380000000001,0,1864.69,12224.07
ORD-000810,CUST-01420,2025-05-01,completed,web,INR,15365.95,1302.04,14063.91,0,2531.5,16595.41
ORD-000811,CUST-00607,2025-01-26,cancelled,web,INR,13226.52,1322.65,11903.87,0,2142.7,14046.57
ORD-000812,CUST-01221,2026-02-12,cancelled,web,INR,25617.14,0.0,25617.14,0,4611.09,30228.23
ORD-000813,CUST-01514,2025-12-08,returned,web,INR,2281.27,0.0,2281.27,0,410.63,2691.9
ORD-000814,CUST-00980,2025-08-27,completed,web,INR,476.05,71.41,404.64,49,72.84,526.48
ORD-000815,CUST-01431,2025-08-27,completed,mobile_app,INR,15503.279999999999,2230.92,13272.36,0,2389.02,15661.38
ORD-000816,CUST-00254,2025-12-17,cancelled,web,INR,4846.82,484.68,4362.14,0,785.19,5147.33
ORD-000817,CUST-00773,2025-09-29,completed,web,INR,6327.129999999999,376.40999999999997,5950.72,0,1071.13,7021.85
ORD-000818,CUST-01404,2025-03-09,completed,web,INR,3186.37,326.69,2859.68,0,514.74,3374.42
ORD-000819,CUST-01791,2025-12-05,completed,mobile_app,INR,19043.55,926.63,18116.920000000002,0,3261.05,21377.97
ORD-000820,CUST-01292,2026-04-15,completed,web,INR,12144.43,1839.5900000000001,10304.84,0,1854.87,12159.71
ORD-000821,CUST-01328,2026-06-19,completed,web,INR,2597.83,129.89,2467.94,0,444.23,2912.17
ORD-000822,CUST-00685,2026-04-09,shipped,mobile_app,INR,11936.83,829.0400000000001,11107.789999999999,0,1999.4,13107.19
ORD-000823,CUST-01402,2025-06-30,completed,web,INR,30986.57,5662.04,25324.53,0,4558.42,29882.95
ORD-000824,CUST-00713,2026-01-16,completed,web,INR,7693.870000000001,215.55,7478.32,0,1346.1,8824.42
ORD-000825,CUST-00105,2026-02-15,cancelled,mobile_app,INR,6898.65,183.26,6715.389999999999,0,1208.77,7924.16
ORD-000826,CUST-00494,2026-04-24,completed,web,INR,16779.12,128.29,16650.829999999998,0,2997.15,19647.98
ORD-000827,CUST-01223,2026-07-28,returned,web,INR,18746.2,2585.94,16160.26,0,2908.85,19069.11
ORD-000828,CUST-01924,2025-07-09,completed,web,INR,7837.5,95.52,7741.9800000000005,0,1393.56,9135.54
ORD-000829,CUST-00992,2026-02-28,completed,mobile_app,INR,37415.15,1012.09,36403.06,0,6552.55,42955.61
ORD-000830,CUST-01721,2025-05-16,completed,mobile_app,INR,30232.39,1836.01,28396.379999999997,0,5111.35,33507.73
ORD-000831,CUST-01557,2026-07-23,completed,mobile_app,INR,4881.96,244.1,4637.86,0,834.81,5472.67
ORD-000832,CUST-01123,2025-06-22,shipped,mobile_app,INR,8667.14,866.71,7800.43,0,1404.08,9204.51
ORD-000833,CUST-01609,2025-02-25,completed,mobile_app,INR,6792.17,426.73,6365.4400000000005,0,1145.78,7511.22
ORD-000834,CUST-00804,2026-07-22,completed,web,INR,17277.399999999998,568.06,16709.34,0,3007.68,19717.02
ORD-000835,CUST-00886,2026-07-18,completed,web,INR,9295.31,0.0,9295.31,0,1673.16,10968.47
ORD-000836,CUST-01474,2025-08-18,completed,mobile_app,INR,10296.060000000001,322.18,9973.880000000001,0,1795.3,11769.18
ORD-000837,CUST-01278,2026-07-12,cancelled,mobile_app,INR,1048.26,209.65,838.61,99,150.95,1088.56
ORD-000838,CUST-01056,2026-07-28,completed,web,INR,28215.230000000003,476.8,27738.43,0,4992.92,32731.35
ORD-000839,CUST-00867,2026-03-30,completed,web,INR,21279.34,265.45,21013.89,0,3782.5,24796.39
ORD-000840,CUST-01952,2026-02-10,completed,web,INR,3174.46,0.0,3174.46,0,571.4,3745.86
ORD-000841,CUST-00132,2026-02-13,shipped,web,INR,4276.12,285.97,3990.15,0,718.23,4708.38
ORD-000842,CUST-00111,2025-08-11,completed,web,INR,28156.65,2091.33,26065.32,0,4691.76,30757.08
ORD-000843,CUST-00959,2026-07-26,completed,mobile_app,INR,36667.310000000005,3114.8299999999995,33552.48,0,6039.45,39591.93
ORD-000844,CUST-00069,2026-04-01,cancelled,mobile_app,INR,18905.120000000003,672.79,18232.33,0,3281.82,21514.15
ORD-000845,CUST-00682,2025-03-11,completed,web,INR,9474.71,155.52,9319.19,0,1677.45,10996.64
ORD-000846,CUST-01138,2026-07-26,shipped,mobile_app,INR,27678.25,1585.09,26093.16,0,4696.77,30789.93
ORD-000847,CUST-00811,2025-04-02,completed,web,INR,29887.79,328.07,29559.72,0,5320.75,34880.47
ORD-000848,CUST-00407,2025-11-21,returned,web,INR,27359.82,1757.06,25602.760000000002,0,4608.5,30211.26
ORD-000849,CUST-00570,2025-12-10,completed,mobile_app,INR,23121.14,1338.87,21782.269999999997,0,3920.81,25703.08
ORD-000850,CUST-01209,2025-09-18,completed,mobile_app,INR,919.7,0.0,919.7,79,165.55,1164.25
ORD-000851,CUST-01903,2025-12-13,completed,mobile_app,INR,10958.89,1854.5700000000002,9104.32,0,1638.78,10743.1
ORD-000852,CUST-01563,2025-07-17,completed,web,INR,7988.86,349.43,7639.429999999999,0,1375.1,9014.53
ORD-000853,CUST-01095,2025-01-18,completed,web,INR,4543.62,908.72,3634.9,0,654.28,4289.18
ORD-000854,CUST-00277,2026-07-18,completed,mobile_app,INR,6924.09,996.38,5927.71,0,1066.99,6994.7
ORD-000855,CUST-00486,2025-03-25,completed,mobile_app,INR,10160.369999999999,854.97,9305.400000000001,0,1674.97,10980.37
ORD-000856,CUST-00882,2026-05-20,shipped,web,INR,30167.31,5676.58,24490.730000000003,0,4408.33,28899.06
ORD-000857,CUST-00494,2025-10-11,completed,web,INR,37423.61,1979.16,35444.45,0,6380.0,41824.45
ORD-000858,CUST-01378,2026-01-20,shipped,web,INR,3761.07,0.0,3761.07,0,676.99,4438.06
ORD-000859,CUST-00733,2026-06-16,completed,web,INR,18274.96,227.39,18047.57,0,3248.56,21296.13
ORD-000860,CUST-01668,2026-07-22,completed,web,INR,12849.4,1067.8899999999999,11781.51,0,2120.67,13902.18
ORD-000861,CUST-00539,2025-12-17,shipped,mobile_app,INR,28290.97,0.0,28290.97,0,5092.37,33383.34
ORD-000862,CUST-00993,2026-07-09,returned,web,INR,16601.61,0.0,16601.61,0,2988.29,19589.9
ORD-000863,CUST-01429,2026-04-23,cancelled,mobile_app,INR,19023.65,2221.28,16802.37,0,3024.43,19826.8
ORD-000864,CUST-00413,2025-09-09,completed,web,INR,23510.649999999998,674.43,22836.219999999998,0,4110.52,26946.74
ORD-000865,CUST-01523,2026-06-04,completed,web,INR,29439.11,1753.72,27685.39,0,4983.37,32668.76
ORD-000866,CUST-01172,2025-12-17,returned,web,INR,20397.809999999998,480.58,19917.23,0,3585.1,23502.33
ORD-000867,CUST-01296,2025-12-15,completed,mobile_app,INR,24253.59,1212.68,23040.91,0,4147.36,27188.27
ORD-000868,CUST-00910,2026-01-28,completed,web,INR,16596.37,502.23,16094.14,0,2896.95,18991.09
ORD-000869,CUST-01871,2025-12-07,completed,mobile_app,INR,7631.639999999999,607.9,7023.74,0,1264.27,8288.01
ORD-000870,CUST-01544,2026-05-23,shipped,web,INR,17498.48,0.0,17498.48,0,3149.73,20648.21
ORD-000871,CUST-00385,2025-04-04,cancelled,web,INR,6324.51,616.38,5708.13,0,1027.46,6735.59
ORD-000872,CUST-01112,2025-10-15,returned,mobile_app,INR,23913.53,3117.78,20795.75,0,3743.23,24538.98
ORD-000873,CUST-01807,2026-01-19,returned,web,INR,31469.33,3379.54,28089.79,0,5056.16,33145.95
ORD-000874,CUST-00559,2026-03-22,completed,web,INR,12708.69,0.0,12708.69,0,2287.56,14996.25
ORD-000875,CUST-01073,2026-07-01,completed,mobile_app,INR,2850.3399999999997,332.36,2517.98,0,453.24,2971.22
ORD-000876,CUST-01509,2026-05-02,completed,web,INR,5308.3,0.0,5308.3,0,955.49,6263.79
ORD-000877,CUST-00547,2025-07-21,completed,web,INR,12415.17,948.1899999999999,11466.98,0,2064.06,13531.04
ORD-000878,CUST-01036,2026-02-18,completed,mobile_app,INR,12142.55,31.9,12110.650000000001,0,2179.92,14290.57
ORD-000879,CUST-01106,2026-01-26,returned,web,INR,1410.24,0.0,1410.24,79,253.84,1743.08
ORD-000880,CUST-00356,2026-07-24,completed,web,INR,15207.38,68.47,15138.91,0,2725.0,17863.91
ORD-000881,CUST-00356,2026-07-25,completed,mobile_app,INR,12904.32,0.0,12904.32,0,2322.78,15227.1
ORD-000882,CUST-01127,2026-07-01,completed,mobile_app,INR,9630.72,1444.6100000000001,8186.11,0,1473.5,9659.61
ORD-000883,CUST-00358,2026-05-11,completed,web,INR,6619.07,524.3199999999999,6094.75,0,1097.06,7191.81
ORD-000884,CUST-01897,2025-08-06,completed,web,INR,15869.14,296.2,15572.94,0,2803.13,18376.07
ORD-000885,CUST-01048,2025-10-27,completed,mobile_app,INR,6663.07,510.81,6152.259999999999,0,1107.41,7259.67
ORD-000886,CUST-01412,2025-11-24,completed,mobile_app,INR,23936.13,464.56,23471.57,0,4224.88,27696.45
ORD-000887,CUST-00794,2026-02-22,completed,web,INR,25300.14,773.86,24526.28,0,4414.73,28941.01
ORD-000888,CUST-00598,2026-06-27,cancelled,web,INR,89113.92,0.0,89113.92,0,16040.51,105154.43
ORD-000889,CUST-00974,2025-05-20,shipped,web,INR,24375.559999999998,1656.16,22719.4,0,4089.49,26808.89
ORD-000890,CUST-01422,2026-07-29,cancelled,web,INR,26594.84,1579.5,25015.340000000004,0,4502.76,29518.1
ORD-000891,CUST-00796,2025-04-27,completed,mobile_app,INR,5218.2,0.0,5218.2,0,939.28,6157.48
ORD-000892,CUST-00566,2025-06-20,completed,mobile_app,INR,5664.3,318.12,5346.18,0,962.31,6308.49
ORD-000893,CUST-00288,2025-07-11,completed,web,INR,33741.96,0.0,33741.96,0,6073.55,39815.51
ORD-000894,CUST-01086,2026-07-24,pending,mobile_app,INR,33004.49,3001.95,30002.54,0,5400.46,35403.0
ORD-000895,CUST-01360,2026-06-25,completed,mobile_app,INR,40202.31,3394.82,36807.49,0,6625.35,43432.84
ORD-000896,CUST-01054,2026-06-27,completed,mobile_app,INR,18009.78,2823.02,15186.76,0,2733.62,17920.38
ORD-000897,CUST-00510,2025-04-24,returned,mobile_app,INR,2816.79,140.84,2675.95,0,481.67,3157.62
ORD-000898,CUST-00495,2026-05-26,returned,web,INR,10199.970000000001,959.96,9240.01,0,1663.2,10903.21
ORD-000899,CUST-00755,2025-11-28,completed,mobile_app,INR,8441.32,1688.26,6753.06,0,1215.55,7968.61
ORD-000900,CUST-00696,2025-02-05,shipped,web,INR,19441.8,1451.47,17990.33,0,3238.26,21228.59
ORD-000901,CUST-00408,2025-03-20,completed,web,INR,5243.44,0.0,5243.44,0,943.82,6187.26
ORD-000902,CUST-01885,2026-01-01,completed,web,INR,7094.85,919.04,6175.8099999999995,0,1111.65,7287.46
ORD-000903,CUST-00660,2025-11-18,completed,web,INR,21570.39,1240.95,20329.44,0,3659.3,23988.74
ORD-000904,CUST-00502,2026-04-02,pending,mobile_app,INR,31309.02,2324.71,28984.31,0,5217.18,34201.49
ORD-000905,CUST-01214,2026-04-16,completed,web,INR,19857.5,389.83,19467.67,0,3504.18,22971.85
ORD-000906,CUST-01603,2026-04-19,cancelled,web,INR,8129.540000000001,47.8,8081.740000000001,0,1454.71,9536.45
ORD-000907,CUST-00930,2025-10-10,completed,web,INR,24592.18,481.48,24110.7,0,4339.93,28450.63
ORD-000908,CUST-01335,2026-01-08,completed,web,INR,1564.14,78.21,1485.93,79,267.47,1832.4
ORD-000909,CUST-00191,2026-01-10,shipped,web,INR,10569.41,1504.58,9064.83,0,1631.67,10696.5
ORD-000910,CUST-01066,2025-04-28,shipped,web,INR,13434.89,1775.63,11659.26,0,2098.67,13757.93
ORD-000911,CUST-00134,2026-05-16,returned,mobile_app,INR,7799.38,0.0,7799.38,0,1403.89,9203.27
ORD-000912,CUST-00276,2026-01-02,shipped,mobile_app,INR,4957.78,991.56,3966.22,0,713.92,4680.14
ORD-000913,CUST-01184,2025-10-31,shipped,web,INR,3493.6,0.0,3493.6,0,628.85,4122.45
ORD-000914,CUST-00410,2025-03-19,completed,mobile_app,INR,3409.45,26.76,3382.69,0,608.88,3991.57
ORD-000915,CUST-00074,2025-02-10,pending,mobile_app,INR,31450.79,624.31,30826.48,0,5548.77,36375.25
ORD-000916,CUST-00358,2026-07-10,completed,web,INR,1929.17,289.38,1639.79,49,295.16,1983.95
ORD-000917,CUST-01546,2026-07-19,completed,web,INR,20883.760000000002,2771.52,18112.24,0,3260.2,21372.44
ORD-000918,CUST-01174,2025-12-03,completed,web,INR,24179.18,939.38,23239.8,0,4183.16,27422.96
ORD-000919,CUST-00764,2026-06-03,completed,web,INR,33041.7,4587.17,28454.53,0,5121.82,33576.35
ORD-000920,CUST-01947,2025-10-06,completed,mobile_app,INR,12718.52,777.7,11940.82,0,2149.35,14090.17
ORD-000921,CUST-00772,2026-07-22,completed,web,INR,25421.84,0.0,25421.84,0,4575.93,29997.77
ORD-000922,CUST-01755,2025-09-02,completed,web,INR,28750.61,2879.18,25871.43,0,4656.86,30528.29
ORD-000923,CUST-00690,2026-02-06,returned,web,INR,9121.58,1436.59,7684.99,0,1383.3,9068.29
ORD-000924,CUST-00051,2026-04-09,returned,mobile_app,INR,20932.04,465.95,20466.09,0,3683.9,24149.99
ORD-000925,CUST-00221,2025-09-04,completed,mobile_app,INR,4869.45,172.23,4697.219999999999,0,845.5,5542.72
ORD-000926,CUST-00548,2026-02-13,pending,web,INR,5737.55,654.85,5082.7,0,914.89,5997.59
ORD-000927,CUST-00374,2026-02-05,completed,web,INR,16936.41,738.5,16197.91,0,2915.62,19113.53
ORD-000928,CUST-00315,2025-06-03,completed,mobile_app,INR,15239.019999999999,24.75,15214.269999999999,0,2738.57,17952.84
ORD-000929,CUST-00767,2025-11-13,returned,web,INR,9431.12,1261.75,8169.37,0,1470.49,9639.86
ORD-000930,CUST-01952,2026-04-03,completed,web,INR,7973.15,393.54,7579.61,0,1364.33,8943.94
ORD-000931,CUST-00402,2026-02-13,shipped,mobile_app,INR,11415.94,570.8,10845.14,0,1952.13,12797.27
ORD-000932,CUST-00472,2026-02-11,completed,web,INR,10164.650000000001,564.96,9599.69,0,1727.94,11327.63
ORD-000933,CUST-01991,2026-05-28,completed,web,INR,498.88,0.0,498.88,49,89.8,637.68
ORD-000934,CUST-00403,2025-05-01,completed,web,INR,6892.22,1033.83,5858.39,0,1054.51,6912.9
ORD-000935,CUST-01661,2025-09-19,pending,web,INR,977.7,146.66,831.04,49,149.59,1029.63
ORD-000936,CUST-01242,2026-06-06,completed,mobile_app,INR,53202.61,3074.2300000000005,50128.38,0,9023.11,59151.49
ORD-000937,CUST-01856,2026-05-27,completed,web,INR,21102.28,0.0,21102.28,0,3798.41,24900.69
ORD-000938,CUST-01113,2025-03-26,completed,web,INR,7005.34,274.32,6731.02,0,1211.58,7942.6
ORD-000939,CUST-01187,2026-05-06,completed,mobile_app,INR,2546.51,0.0,2546.51,0,458.37,3004.88
ORD-000940,CUST-00452,2026-06-08,completed,mobile_app,INR,35895.32,3003.82,32891.5,0,5920.47,38811.97
ORD-000941,CUST-01150,2026-06-16,shipped,web,INR,1571.84,0.0,1571.84,79,282.93,1933.77
ORD-000942,CUST-01341,2026-02-28,completed,web,INR,14938.83,292.95,14645.880000000001,0,2636.26,17282.14
ORD-000943,CUST-01974,2026-04-24,completed,web,INR,1907.82,0.0,1907.82,49,343.41,2300.23
ORD-000944,CUST-00195,2026-07-21,completed,web,INR,4189.62,0.0,4189.62,0,754.13,4943.75
ORD-000945,CUST-00314,2026-02-10,completed,web,INR,8556.11,161.98,8394.13,0,1510.94,9905.07
ORD-000946,CUST-00039,2025-01-30,shipped,mobile_app,INR,1050.3,210.06,840.24,49,151.24,1040.48
ORD-000947,CUST-01581,2026-06-26,cancelled,web,INR,11997.52,858.9699999999999,11138.550000000001,0,2004.94,13143.49
ORD-000948,CUST-00165,2025-04-08,completed,web,INR,18962.93,1518.73,17444.2,0,3139.96,20584.16
ORD-000949,CUST-01831,2025-05-27,completed,web,INR,12116.77,285.72,11831.050000000001,0,2129.59,13960.64
ORD-000950,CUST-00730,2026-02-03,completed,web,INR,15323.310000000001,1138.98,14184.33,0,2553.18,16737.51
ORD-000951,CUST-00577,2026-06-12,returned,web,INR,17213.37,1721.3400000000001,15492.029999999999,0,2788.57,18280.6
ORD-000952,CUST-01951,2026-06-29,pending,web,INR,46179.18,3554.96,42624.22,0,7672.36,50296.58
ORD-000953,CUST-01441,2026-01-16,shipped,mobile_app,INR,5595.45,618.04,4977.41,0,895.93,5873.34
ORD-000954,CUST-01095,2025-09-19,completed,mobile_app,INR,16498.72,2203.2799999999997,14295.44,0,2573.18,16868.62
ORD-000955,CUST-01778,2025-07-21,completed,web,INR,22365.34,1448.8000000000002,20916.539999999997,0,3764.98,24681.52
ORD-000956,CUST-01510,2026-04-17,pending,web,INR,27503.92,2258.17,25245.75,0,4544.23,29789.98
ORD-000957,CUST-01275,2026-04-15,completed,mobile_app,INR,15058.130000000001,751.86,14306.27,0,2575.13,16881.4
ORD-000958,CUST-00643,2026-06-28,shipped,mobile_app,INR,9102.38,531.01,8571.37,0,1542.85,10114.22
ORD-000959,CUST-01973,2025-11-23,returned,mobile_app,INR,17652.7,1006.52,16646.18,0,2996.31,19642.49
ORD-000960,CUST-01439,2026-07-02,cancelled,web,INR,19263.44,208.43,19055.010000000002,0,3429.9,22484.91
ORD-000961,CUST-01892,2025-08-15,completed,web,INR,26363.09,2579.4500000000003,23783.64,0,4281.06,28064.7
ORD-000962,CUST-01933,2026-04-20,completed,web,INR,7320.28,0.0,7320.28,0,1317.65,8637.93
ORD-000963,CUST-01099,2025-11-13,returned,mobile_app,INR,1097.18,54.86,1042.32,79,187.62,1308.94
ORD-000964,CUST-00716,2026-02-22,completed,mobile_app,INR,13085.3,1666.7600000000002,11418.54,0,2055.34,13473.88
ORD-000965,CUST-01895,2026-04-16,returned,web,INR,5741.4,861.21,4880.19,0,878.43,5758.62
ORD-000966,CUST-01999,2025-06-02,completed,mobile_app,INR,20077.94,0.0,20077.94,0,3614.03,23691.97
ORD-000967,CUST-00244,2026-07-08,shipped,mobile_app,INR,6271.780000000001,440.85,5830.93,0,1049.57,6880.5
ORD-000968,CUST-01277,2025-10-29,returned,mobile_app,INR,10379.09,939.74,9439.349999999999,0,1699.08,11138.43
ORD-000969,CUST-01205,2026-06-17,completed,web,INR,2612.18,130.61,2481.57,0,446.68,2928.25
ORD-000970,CUST-01498,2026-03-28,completed,web,INR,12637.71,846.12,11791.59,0,2122.49,13914.08
ORD-000971,CUST-01951,2026-06-30,completed,mobile_app,INR,17464.73,731.61,16733.12,0,3011.96,19745.08
ORD-000972,CUST-00505,2026-05-19,cancelled,web,INR,35920.61,321.83,35598.78,0,6407.78,42006.56
ORD-000973,CUST-01952,2025-09-12,completed,web,INR,39871.600000000006,4586.9800000000005,35284.62,0,6351.23,41635.85
ORD-000974,CUST-01287,2026-06-05,completed,web,INR,4406.76,440.68,3966.08,0,713.89,4679.97
ORD-000975,CUST-00166,2026-07-22,returned,web,INR,16169.82,1351.98,14817.84,0,2667.21,17485.05
ORD-000976,CUST-01023,2026-04-17,returned,web,INR,20468.010000000002,3111.62,17356.39,0,3124.15,20480.54
ORD-000977,CUST-00267,2025-04-20,returned,web,INR,34303.59,3527.2,30776.39,0,5539.75,36316.14
ORD-000978,CUST-01913,2025-10-29,completed,mobile_app,INR,9339.85,0.0,9339.85,0,1681.17,11021.02
ORD-000979,CUST-01527,2025-01-15,pending,web,INR,10601.33,71.4,10529.93,0,1895.39,12425.32
ORD-000980,CUST-01810,2026-07-31,returned,mobile_app,INR,13328.84,238.06,13090.779999999999,0,2356.34,15447.12
ORD-000981,CUST-01206,2026-07-23,completed,mobile_app,INR,18915.75,549.1700000000001,18366.58,0,3305.98,21672.56
ORD-000982,CUST-00794,2026-03-20,pending,mobile_app,INR,2699.73,0.0,2699.73,0,485.95,3185.68
ORD-000983,CUST-00857,2025-04-10,completed,web,INR,9338.45,902.1999999999999,8436.25,0,1518.52,9954.77
ORD-000984,CUST-01894,2026-06-01,returned,mobile_app,INR,18035.519999999997,2619.9700000000003,15415.55,0,2774.8,18190.35
ORD-000985,CUST-00304,2026-06-15,shipped,web,INR,12006.6,238.15,11768.45,0,2118.32,13886.77
ORD-000986,CUST-01770,2026-04-21,completed,web,INR,15052.12,0.0,15052.12,0,2709.38,17761.5
ORD-000987,CUST-00845,2026-07-13,completed,mobile_app,INR,15531.849999999999,1473.26,14058.59,0,2530.55,16589.14
ORD-000988,CUST-01181,2025-12-22,completed,web,INR,35055.42,3488.75,31566.67,0,5682.0,37248.67
ORD-000989,CUST-01334,2026-03-18,completed,mobile_app,INR,4109.67,410.97,3698.7,0,665.77,4364.47
ORD-000990,CUST-00165,2026-01-04,shipped,web,INR,21986.79,1683.79,20303.0,0,3654.54,23957.54
ORD-000991,CUST-00298,2026-01-19,cancelled,web,INR,19062.6,951.3599999999999,18111.239999999998,0,3260.02,21371.26
ORD-000992,CUST-00322,2025-09-07,completed,mobile_app,INR,38506.58,297.7,38208.88,0,6877.6,45086.48
ORD-000993,CUST-01558,2026-03-03,completed,web,INR,14307.66,340.61,13967.05,0,2514.07,16481.12
ORD-000994,CUST-00154,2025-06-01,shipped,web,INR,26190.4,0.0,26190.4,0,4714.27,30904.67
ORD-000995,CUST-01222,2026-01-11,completed,mobile_app,INR,38532.76,7070.82,31461.940000000002,0,5663.15,37125.09
ORD-000996,CUST-00216,2025-09-03,completed,web,INR,36749.33,0.0,36749.33,0,6614.88,43364.21
ORD-000997,CUST-01536,2025-09-21,completed,web,INR,9229.130000000001,331.06,8898.07,0,1601.65,10499.72
ORD-000998,CUST-01954,2025-05-02,completed,mobile_app,INR,2061.08,0.0,2061.08,0,370.99,2432.07
ORD-000999,CUST-00829,2026-07-16,completed,web,INR,13991.400000000001,0.0,13991.400000000001,0,2518.45,16509.85
ORD-001000,CUST-00425,2026-02-20,cancelled,web,INR,10812.310000000001,878.3000000000001,9934.01,0,1788.12,11722.13
ORD-001001,CUST-00890,2026-06-15,completed,web,INR,2748.12,0.0,2748.12,0,494.66,3242.78
ORD-001002,CUST-01382,2026-04-24,completed,web,INR,5259.84,258.61,5001.23,0,900.22,5901.45
ORD-001003,CUST-01455,2026-02-27,cancelled,mobile_app,INR,16924.449999999997,0.0,16924.449999999997,0,3046.4,19970.85
ORD-001004,CUST-01274,2026-01-01,pending,web,INR,16139.65,1165.76,14973.890000000001,0,2695.3,17669.19
ORD-001005,CUST-01164,2026-03-01,completed,mobile_app,INR,20575.47,1352.54,19222.93,0,3460.13,22683.06
ORD-001006,CUST-01263,2025-12-16,cancelled,web,INR,26194.379999999997,764.68,25429.699999999997,0,4577.35,30007.05
ORD-001007,CUST-00435,2026-06-21,shipped,web,INR,23214.39,3387.79,19826.600000000002,0,3568.79,23395.39
ORD-001008,CUST-00414,2025-05-14,returned,mobile_app,INR,1733.35,0.0,1733.35,49,312.0,2094.35
ORD-001009,CUST-01862,2025-01-15,completed,web,INR,6197.24,442.52,5754.719999999999,0,1035.85,6790.57
ORD-001010,CUST-01159,2025-03-15,completed,web,INR,1446.75,217.01,1229.74,79,221.35,1530.09
ORD-001011,CUST-01723,2025-11-03,completed,mobile_app,INR,15182.220000000001,388.68,14793.54,0,2662.84,17456.38
ORD-001012,CUST-01252,2026-01-26,shipped,mobile_app,INR,20309.97,3111.33,17198.64,0,3095.76,20294.4
ORD-001013,CUST-00911,2026-01-27,cancelled,web,INR,10045.029999999999,0.0,10045.029999999999,0,1808.11,11853.14
ORD-001014,CUST-01141,2026-04-26,completed,mobile_app,INR,15417.96,333.35,15084.609999999999,0,2715.23,17799.84
ORD-001015,CUST-01384,2026-06-02,completed,mobile_app,INR,13154.970000000001,657.75,12497.220000000001,0,2249.5,14746.72
ORD-001016,CUST-00373,2026-04-01,completed,web,INR,7595.0599999999995,0.0,7595.0599999999995,0,1367.11,8962.17
ORD-001017,CUST-00925,2025-09-02,completed,mobile_app,INR,4907.67,981.53,3926.14,0,706.71,4632.85
ORD-001018,CUST-01447,2026-06-19,returned,web,INR,52679.05,213.84,52465.21,0,9443.74,61908.95
ORD-001019,CUST-00175,2026-01-08,completed,web,INR,46910.78,5472.22,41438.56,0,7458.94,48897.5
ORD-001020,CUST-00147,2026-04-18,shipped,web,INR,69086.72,10278.69,58808.03,0,10585.45,69393.48
ORD-001021,CUST-00321,2025-09-08,completed,web,INR,40639.58,3349.7599999999998,37289.82,0,6712.17,44001.99
ORD-001022,CUST-01183,2026-01-28,returned,mobile_app,INR,6985.05,154.27,6830.78,0,1229.54,8060.32
ORD-001023,CUST-00477,2026-06-29,cancelled,web,INR,7641.87,0.0,7641.87,0,1375.54,9017.41
ORD-001024,CUST-00873,2025-08-01,completed,web,INR,14610.82,951.43,13659.39,0,2458.69,16118.08
ORD-001025,CUST-00268,2025-07-25,shipped,web,INR,7548.24,0.0,7548.24,0,1358.68,8906.92
ORD-001026,CUST-00501,2026-03-10,cancelled,web,INR,6742.75,458.03999999999996,6284.71,0,1131.25,7415.96
ORD-001027,CUST-00036,2025-07-08,returned,web,INR,8832.41,507.29999999999995,8325.11,0,1498.52,9823.63
ORD-001028,CUST-01615,2025-10-22,completed,web,INR,10691.2,1289.66,9401.539999999999,0,1692.28,11093.82
ORD-001029,CUST-00934,2026-04-12,completed,web,INR,8718.2,351.9,8366.3,0,1505.93,9872.23
ORD-001030,CUST-00352,2025-04-26,completed,web,INR,15105.97,1011.34,14094.630000000001,0,2537.03,16631.66
ORD-001031,CUST-01053,2025-06-17,shipped,web,INR,17643.9,1357.82,16286.080000000002,0,2931.49,19217.57
ORD-001032,CUST-01866,2026-05-09,completed,web,INR,39999.979999999996,475.89,39524.09,0,7114.34,46638.43
ORD-001033,CUST-01650,2026-04-14,pending,web,INR,29662.93,1111.71,28551.22,0,5139.22,33690.44
ORD-001034,CUST-01770,2025-07-16,completed,mobile_app,INR,32168.05,2332.78,29835.27,0,5370.35,35205.62
ORD-001035,CUST-00813,2026-03-31,returned,web,INR,4259.76,0.0,4259.76,0,766.76,5026.52
ORD-001036,CUST-00722,2026-06-03,completed,web,INR,9260.73,0.0,9260.73,0,1666.93,10927.66
ORD-001037,CUST-00633,2025-03-09,completed,web,INR,14336.380000000001,977.35,13359.029999999999,0,2404.63,15763.66
ORD-001038,CUST-00611,2026-05-01,completed,web,INR,2921.44,0.0,2921.44,0,525.86,3447.3
ORD-001039,CUST-01840,2026-07-18,completed,web,INR,1559.46,311.89,1247.57,49,224.56,1521.13
ORD-001040,CUST-00275,2025-12-10,cancelled,web,INR,6196.23,0.0,6196.23,0,1115.32,7311.55
ORD-001041,CUST-01703,2026-03-27,completed,mobile_app,INR,10395.35,908.21,9487.14,0,1707.69,11194.83
ORD-001042,CUST-01833,2026-03-02,completed,web,INR,15319.630000000001,1831.26,13488.369999999999,0,2427.91,15916.28
ORD-001043,CUST-01689,2026-07-23,returned,web,INR,3840.71,768.14,3072.57,0,553.06,3625.63
ORD-001044,CUST-01256,2026-04-28,completed,mobile_app,INR,933.96,0.0,933.96,99,168.11,1201.07
ORD-001045,CUST-01712,2025-03-31,completed,mobile_app,INR,25262.58,1482.19,23780.39,0,4280.47,28060.86
ORD-001046,CUST-00064,2026-07-17,returned,web,INR,17511.53,829.18,16682.350000000002,0,3002.82,19685.17
ORD-001047,CUST-01635,2025-11-23,completed,web,INR,14151.04,0.0,14151.04,0,2547.19,16698.23
ORD-001048,CUST-01022,2025-05-10,completed,web,INR,26079.4,3589.1200000000003,22490.280000000002,0,4048.25,26538.53
ORD-001049,CUST-01917,2026-07-17,completed,mobile_app,INR,3952.99,0.0,3952.99,0,711.54,4664.53
ORD-001050,CUST-00172,2025-05-31,completed,web,INR,17250.99,1307.35,15943.64,0,2869.86,18813.5
ORD-001051,CUST-01861,2026-06-21,completed,web,INR,14171.3,1543.6699999999998,12627.63,0,2272.97,14900.6
ORD-001052,CUST-01148,2026-01-16,returned,web,INR,1600.67,160.07,1440.6,79,259.31,1778.91
ORD-001053,CUST-00208,2026-07-20,completed,web,INR,14636.61,0.0,14636.61,0,2634.59,17271.2
ORD-001054,CUST-01018,2026-03-28,pending,mobile_app,INR,11160.630000000001,0.0,11160.630000000001,0,2008.91,13169.54
ORD-001055,CUST-00075,2026-03-07,completed,web,INR,2234.59,0.0,2234.59,0,402.23,2636.82
ORD-001056,CUST-00166,2026-02-24,completed,web,INR,35787.57,5368.14,30419.43,0,5475.5,35894.93
ORD-001057,CUST-01064,2025-11-30,completed,web,INR,3018.84,452.83,2566.01,0,461.88,3027.89
ORD-001058,CUST-01632,2026-06-23,completed,mobile_app,INR,26019.02,4243.88,21775.14,0,3919.53,25694.67
ORD-001059,CUST-00217,2026-05-13,completed,web,INR,21403.11,3034.29,18368.82,0,3306.39,21675.21
ORD-001060,CUST-00525,2025-12-11,cancelled,mobile_app,INR,21531.47,1339.9,20191.57,0,3634.48,23826.05
ORD-001061,CUST-00783,2025-02-28,cancelled,web,INR,11988.74,0.0,11988.74,0,2157.97,14146.71
ORD-001062,CUST-01083,2026-07-23,shipped,web,INR,19553.35,0.0,19553.35,0,3519.6,23072.95
ORD-001063,CUST-00002,2026-04-07,completed,web,INR,1126.82,0.0,1126.82,49,202.83,1378.65
ORD-001064,CUST-01279,2025-02-13,cancelled,web,INR,8543.94,854.39,7689.55,0,1384.12,9073.67
ORD-001065,CUST-00996,2025-12-20,completed,web,INR,19491.79,494.85,18996.940000000002,0,3419.45,22416.39
ORD-001066,CUST-01925,2025-04-28,shipped,web,INR,4002.2,47.57,3954.63,0,711.83,4666.46
ORD-001067,CUST-00603,2026-07-28,shipped,web,INR,24660.42,2948.87,21711.55,0,3908.08,25619.63
ORD-001068,CUST-00988,2026-06-09,completed,web,INR,32651.98,3661.51,28990.47,0,5218.28,34208.75
ORD-001069,CUST-00164,2025-03-18,completed,mobile_app,INR,10189.97,1528.49,8661.48,0,1559.07,10220.55
ORD-001070,CUST-01835,2025-12-06,returned,web,INR,3986.76,398.68,3588.08,0,645.85,4233.93
ORD-001071,CUST-01668,2025-10-03,completed,mobile_app,INR,30536.23,1031.53,29504.7,0,5310.85,34815.55
ORD-001072,CUST-00710,2025-10-31,shipped,mobile_app,INR,17572.739999999998,2606.74,14966.0,0,2693.88,17659.88
ORD-001073,CUST-00921,2026-04-21,pending,mobile_app,INR,21248.77,587.87,20660.899999999998,0,3718.96,24379.86
ORD-001074,CUST-01715,2026-05-08,completed,web,INR,22372.06,1846.75,20525.31,0,3694.56,24219.87
ORD-001075,CUST-00591,2026-02-07,completed,web,INR,18427.440000000002,2393.83,16033.61,0,2886.05,18919.66
ORD-001076,CUST-00472,2026-07-13,completed,mobile_app,INR,13263.45,179.85,13083.600000000002,0,2355.05,15438.65
ORD-001077,CUST-00484,2026-03-06,cancelled,web,INR,8821.58,0.0,8821.58,0,1587.88,10409.46
ORD-001078,CUST-01415,2025-10-16,completed,web,INR,29860.08,0.0,29860.08,0,5374.81,35234.89
ORD-001079,CUST-00423,2026-07-06,completed,web,INR,20488.43,0.0,20488.43,0,3687.92,24176.35
ORD-001080,CUST-00178,2026-06-05,completed,web,INR,9365.49,1120.88,8244.61,0,1484.03,9728.64
ORD-001081,CUST-00331,2025-07-10,pending,web,INR,8850.41,469.24,8381.17,0,1508.61,9889.78
ORD-001082,CUST-01973,2025-11-06,returned,web,INR,7908.49,280.83,7627.66,0,1372.98,9000.64
ORD-001083,CUST-01746,2026-07-29,completed,mobile_app,INR,10278.140000000001,13.82,10264.32,0,1847.58,12111.9
ORD-001084,CUST-01908,2026-07-19,pending,web,INR,32076.690000000002,0.0,32076.690000000002,0,5773.8,37850.49
ORD-001085,CUST-00555,2026-07-24,shipped,web,INR,7492.59,749.26,6743.33,0,1213.8,7957.13
ORD-001086,CUST-00885,2026-03-07,pending,mobile_app,INR,34808.79,0.0,34808.79,0,6265.58,41074.37
ORD-001087,CUST-00982,2025-12-05,completed,web,INR,3122.14,468.32,2653.82,0,477.69,3131.51
ORD-001088,CUST-01048,2025-10-28,completed,web,INR,8024.97,401.25,7623.72,0,1372.27,8995.99
ORD-001089,CUST-00054,2026-02-23,returned,web,INR,4342.89,0.0,4342.89,0,781.72,5124.61
ORD-001090,CUST-01196,2025-09-23,completed,web,INR,11106.949999999999,1548.34,9558.609999999999,0,1720.55,11279.16
ORD-001091,CUST-00078,2026-01-06,completed,web,INR,14382.69,0.0,14382.69,0,2588.88,16971.57
ORD-001092,CUST-00551,2026-06-25,shipped,web,INR,5984.05,0.0,5984.05,0,1077.13,7061.18
ORD-001093,CUST-00585,2025-04-06,completed,mobile_app,INR,1163.16,0.0,1163.16,49,209.37,1421.53
ORD-001094,CUST-01349,2026-07-28,completed,mobile_app,INR,4866.35,0.0,4866.35,0,875.94,5742.29
ORD-001095,CUST-01793,2026-07-24,completed,web,INR,5838.599999999999,33.46,5805.139999999999,0,1044.93,6850.07
ORD-001096,CUST-01398,2025-12-14,completed,mobile_app,INR,7736.469999999999,530.95,7205.5199999999995,0,1296.99,8502.51
ORD-001097,CUST-00871,2025-05-02,completed,web,INR,5065.950000000001,703.81,4362.14,0,785.19,5147.33
ORD-001098,CUST-01051,2025-09-22,completed,mobile_app,INR,14031.2,92.88,13938.320000000002,0,2508.9,16447.22
ORD-001099,CUST-01025,2026-03-29,completed,web,INR,19926.0,1959.1599999999999,17966.84,0,3234.03,21200.87
ORD-001100,CUST-00296,2025-09-09,cancelled,web,INR,2519.8700000000003,118.1,2401.77,0,432.32,2834.09
ORD-001101,CUST-01915,2026-06-18,completed,web,INR,9852.0,1781.82,8070.18,0,1452.63,9522.81
ORD-001102,CUST-01839,2025-03-31,completed,web,INR,13933.38,159.15,13774.229999999998,0,2479.36,16253.59
ORD-001103,CUST-00481,2025-07-02,shipped,mobile_app,INR,4885.94,732.89,4153.05,0,747.55,4900.6
ORD-001104,CUST-00231,2026-04-15,completed,web,INR,2900.48,0.0,2900.48,0,522.09,3422.57
ORD-001105,CUST-00331,2025-06-24,completed,web,INR,14892.0,1427.41,13464.59,0,2423.63,15888.22
ORD-001106,CUST-01259,2025-06-20,completed,web,INR,10928.66,1285.92,9642.74,0,1735.69,11378.43
ORD-001107,CUST-00059,2026-02-13,shipped,mobile_app,INR,8386.34,717.5,7668.84,0,1380.39,9049.23
ORD-001108,CUST-00207,2026-07-24,completed,web,INR,5222.28,0.0,5222.28,0,940.01,6162.29
ORD-001109,CUST-01297,2026-04-30,completed,web,INR,21898.64,0.0,21898.64,0,3941.76,25840.4
ORD-001110,CUST-00293,2026-07-28,completed,web,INR,10199.91,1019.99,9179.92,0,1652.39,10832.31
ORD-001111,CUST-00138,2026-05-14,cancelled,web,INR,13179.259999999998,0.0,13179.259999999998,0,2372.27,15551.53
ORD-001112,CUST-00042,2026-01-12,shipped,web,INR,35867.64,2765.32,33102.32000000001,0,5958.42,39060.74
ORD-001113,CUST-01412,2025-11-26,returned,mobile_app,INR,18730.98,540.86,18190.12,0,3274.22,21464.34
ORD-001114,CUST-00727,2026-03-30,shipped,mobile_app,INR,29145.1,3444.26,25700.84,0,4626.15,30326.99
ORD-001115,CUST-00569,2025-10-24,completed,mobile_app,INR,25822.91,0.0,25822.91,0,4648.12,30471.03
ORD-001116,CUST-01280,2026-07-31,completed,web,INR,25674.23,432.0,25242.23,0,4543.6,29785.83
ORD-001117,CUST-00342,2025-12-14,completed,web,INR,11084.31,91.12,10993.19,0,1978.77,12971.96
ORD-001118,CUST-01044,2026-05-07,completed,mobile_app,INR,7278.84,865.74,6413.1,0,1154.36,7567.46
ORD-001119,CUST-00968,2025-05-30,completed,web,INR,33166.85,2697.75,30469.100000000002,0,5484.44,35953.54
ORD-001120,CUST-01350,2026-04-14,completed,mobile_app,INR,8844.91,0.0,8844.91,0,1592.08,10436.99
ORD-001121,CUST-01248,2025-05-07,shipped,web,INR,43168.83,601.29,42567.54,0,7662.16,50229.7
ORD-001122,CUST-01351,2025-01-13,shipped,mobile_app,INR,4347.24,0.0,4347.24,0,782.5,5129.74
ORD-001123,CUST-00427,2026-06-15,completed,web,INR,1651.78,82.59,1569.19,79,282.45,1930.64
ORD-001124,CUST-00281,2025-02-09,completed,mobile_app,INR,8443.119999999999,419.37,8023.75,0,1444.28,9468.03
ORD-001125,CUST-01068,2025-11-28,completed,web,INR,23561.4,0.0,23561.4,0,4241.05,27802.45
ORD-001126,CUST-00115,2026-04-27,completed,mobile_app,INR,15627.220000000001,825.46,14801.76,0,2664.32,17466.08
ORD-001127,CUST-00909,2025-10-15,completed,web,INR,8281.63,1099.61,7182.02,0,1292.76,8474.78
ORD-001128,CUST-01251,2025-08-06,completed,web,INR,16196.460000000001,178.59,16017.87,0,2883.22,18901.09
ORD-001129,CUST-01642,2025-06-17,completed,web,INR,12726.82,666.4,12060.42,0,2170.88,14231.3
ORD-001130,CUST-01307,2026-01-21,pending,web,INR,3473.23,185.73000000000002,3287.5,0,591.75,3879.25
ORD-001131,CUST-01990,2026-07-28,completed,web,INR,3355.1,335.51,3019.59,0,543.53,3563.12
ORD-001132,CUST-01114,2026-03-03,completed,web,INR,18043.760000000002,1561.68,16482.08,0,2966.77,19448.85
ORD-001133,CUST-00893,2025-10-16,completed,mobile_app,INR,26127.559999999998,643.09,25484.469999999998,0,4587.2,30071.67
ORD-001134,CUST-00492,2026-05-20,completed,mobile_app,INR,16261.24,1626.12,14635.12,0,2634.32,17269.44
ORD-001135,CUST-01347,2026-04-01,completed,mobile_app,INR,17333.1,0.0,17333.1,0,3119.96,20453.06
ORD-001136,CUST-01622,2025-03-24,pending,web,INR,14373.68,648.23,13725.45,0,2470.58,16196.03
ORD-001137,CUST-00642,2026-06-04,completed,web,INR,19386.53,385.6,19000.93,0,3420.17,22421.1
ORD-001138,CUST-00152,2025-08-12,completed,web,INR,5821.04,1164.21,4656.83,0,838.23,5495.06
ORD-001139,CUST-00021,2026-07-27,pending,web,INR,35715.0,3478.18,32236.82,0,5802.63,38039.45
ORD-001140,CUST-01265,2026-05-18,completed,web,INR,8593.02,1506.5900000000001,7086.43,0,1275.56,8361.99
ORD-001141,CUST-01327,2025-11-05,completed,mobile_app,INR,12770.61,1074.93,11695.68,0,2105.22,13800.9
ORD-001142,CUST-00241,2025-07-11,completed,web,INR,18981.1,192.82,18788.28,0,3381.89,22170.17
ORD-001143,CUST-00046,2026-07-05,completed,web,INR,1607.51,160.75,1446.76,79,260.42,1786.18
ORD-001144,CUST-01309,2025-03-01,pending,web,INR,8383.73,754.6700000000001,7629.0599999999995,0,1373.23,9002.29
ORD-001145,CUST-00796,2025-08-05,completed,web,INR,4213.98,491.35,3722.63,0,670.07,4392.7
ORD-001146,CUST-00836,2026-07-23,cancelled,web,INR,5884.599999999999,485.13,5399.47,0,971.9,6371.37
ORD-001147,CUST-00525,2025-04-17,completed,web,INR,12824.71,1640.44,11184.27,0,2013.17,13197.44
ORD-001148,CUST-01437,2026-02-09,cancelled,web,INR,35462.83,3166.13,32296.7,0,5813.41,38110.11
ORD-001149,CUST-01490,2025-10-23,cancelled,web,INR,9554.61,0.0,9554.61,0,1719.83,11274.44
ORD-001150,CUST-00105,2026-05-04,cancelled,mobile_app,INR,15132.51,851.81,14280.7,0,2570.53,16851.23
ORD-001151,CUST-00179,2026-07-19,cancelled,mobile_app,INR,10856.26,892.19,9964.07,0,1793.53,11757.6
ORD-001152,CUST-01111,2026-06-02,shipped,web,INR,15248.750000000002,431.18999999999994,14817.560000000001,0,2667.16,17484.72
ORD-001153,CUST-01207,2026-05-14,completed,web,INR,5445.08,0.0,5445.08,0,980.11,6425.19
ORD-001154,CUST-00290,2025-10-12,completed,web,INR,15409.900000000001,773.1800000000001,14636.720000000001,0,2634.61,17271.33
ORD-001155,CUST-00317,2025-12-01,completed,mobile_app,INR,39203.39,3883.5699999999997,35319.82,0,6357.57,41677.39
ORD-001156,CUST-01365,2026-07-25,completed,web,INR,18352.43,267.22,18085.21,0,3255.34,21340.55
ORD-001157,CUST-00910,2026-07-28,completed,web,INR,6748.16,1230.63,5517.530000000001,0,993.16,6510.69
ORD-001158,CUST-00240,2026-06-11,shipped,web,INR,8672.64,433.63,8239.01,0,1483.02,9722.03
ORD-001159,CUST-01220,2025-10-28,shipped,mobile_app,INR,15796.619999999999,743.2,15053.42,0,2709.62,17763.04
ORD-001160,CUST-00148,2025-06-11,pending,web,INR,14186.34,0.0,14186.34,0,2553.54,16739.88
ORD-001161,CUST-00462,2025-04-11,completed,web,INR,5069.67,109.29,4960.38,0,892.87,5853.25
ORD-001162,CUST-01427,2026-01-18,cancelled,web,INR,18294.399999999998,0.0,18294.399999999998,0,3292.99,21587.39
ORD-001163,CUST-00445,2025-09-26,shipped,web,INR,7244.1,964.9300000000001,6279.17,0,1130.25,7409.42
ORD-001164,CUST-00128,2026-02-21,pending,web,INR,24955.74,0.0,24955.74,0,4492.03,29447.77
ORD-001165,CUST-01920,2026-07-09,cancelled,mobile_app,INR,19537.61,0.0,19537.61,0,3516.77,23054.38
ORD-001166,CUST-00450,2026-01-16,completed,mobile_app,INR,14840.33,203.09,14637.24,0,2634.7,17271.94
ORD-001167,CUST-01030,2025-05-09,completed,mobile_app,INR,31255.52,2254.94,29000.579999999998,0,5220.1,34220.68
ORD-001168,CUST-01650,2026-06-06,pending,mobile_app,INR,2197.83,219.78,1978.05,99,356.05,2433.1
ORD-001169,CUST-01980,2026-06-04,shipped,web,INR,2357.13,117.86,2239.27,0,403.07,2642.34
ORD-001170,CUST-01620,2026-07-28,cancelled,mobile_app,INR,10079.470000000001,341.16,9738.310000000001,0,1752.9,11491.21
ORD-001171,CUST-00680,2026-07-28,cancelled,mobile_app,INR,3592.65,384.38,3208.27,0,577.49,3785.76
ORD-001172,CUST-01709,2026-07-12,shipped,web,INR,6721.72,0.0,6721.72,0,1209.91,7931.63
ORD-001173,CUST-00026,2026-01-22,shipped,mobile_app,INR,15608.230000000001,697.31,14910.920000000002,0,2683.97,17594.89
ORD-001174,CUST-00653,2025-09-30,returned,mobile_app,INR,22690.129999999997,2878.15,19811.980000000003,0,3566.16,23378.14
ORD-001175,CUST-00399,2025-05-06,returned,mobile_app,INR,19837.13,0.0,19837.13,0,3570.68,23407.81
ORD-001176,CUST-01057,2026-04-10,completed,mobile_app,INR,31625.78,1581.29,30044.489999999998,0,5408.01,35452.5
ORD-001177,CUST-01784,2026-07-29,completed,web,INR,46846.869999999995,461.54,46385.33,0,8349.36,54734.69
ORD-001178,CUST-01547,2026-04-22,completed,mobile_app,INR,8522.6,1704.52,6818.08,0,1227.25,8045.33
ORD-001179,CUST-01997,2025-08-28,completed,web,INR,3002.67,450.4,2552.27,0,459.41,3011.68
ORD-001180,CUST-00274,2026-07-12,cancelled,web,INR,17993.94,1799.39,16194.55,0,2915.02,19109.57
ORD-001181,CUST-01505,2026-05-14,cancelled,mobile_app,INR,1720.1,109.0,1611.1,79,290.0,1980.1
ORD-001182,CUST-01449,2025-12-08,completed,web,INR,14308.91,1061.65,13247.26,0,2384.51,15631.77
ORD-001183,CUST-00913,2025-12-07,completed,web,INR,22997.0,257.95,22739.05,0,4093.03,26832.08
ORD-001184,CUST-00195,2026-07-18,completed,mobile_app,INR,14305.0,56.39,14248.61,0,2564.75,16813.36
ORD-001185,CUST-00209,2025-11-06,cancelled,web,INR,11157.14,1108.55,10048.59,0,1808.75,11857.34
ORD-001186,CUST-01827,2026-01-06,completed,web,INR,42863.03,1669.12,41193.91,0,7414.9,48608.81
ORD-001187,CUST-00591,2026-07-12,completed,web,INR,16185.41,1630.09,14555.32,0,2619.96,17175.28
ORD-001188,CUST-01275,2026-01-16,completed,web,INR,5615.25,373.89,5241.36,0,943.44,6184.8
ORD-001189,CUST-01892,2025-11-26,completed,web,INR,6226.96,0.0,6226.96,0,1120.85,7347.81
ORD-001190,CUST-00987,2026-05-19,completed,web,INR,11407.93,178.34,11229.59,0,2021.33,13250.92
ORD-001191,CUST-00420,2026-05-10,cancelled,mobile_app,INR,4372.39,0.0,4372.39,0,787.03,5159.42
ORD-001192,CUST-00970,2025-09-27,returned,web,INR,3773.13,0.0,3773.13,0,679.16,4452.29
ORD-001193,CUST-00459,2026-07-31,completed,mobile_app,INR,7948.4,0.0,7948.4,0,1430.71,9379.11
ORD-001194,CUST-00363,2025-07-07,completed,web,INR,13760.3,104.17,13656.13,0,2458.1,16114.23
ORD-001195,CUST-01622,2025-09-12,completed,web,INR,37844.630000000005,2822.5,35022.130000000005,0,6303.98,41326.11
ORD-001196,CUST-00692,2026-06-27,completed,mobile_app,INR,13355.7,850.73,12504.970000000001,0,2250.89,14755.86
ORD-001197,CUST-01370,2026-01-19,completed,web,INR,23852.739999999998,725.75,23126.989999999998,0,4162.86,27289.85
ORD-001198,CUST-01455,2025-11-08,completed,mobile_app,INR,2496.14,63.52,2432.62,0,437.87,2870.49
ORD-001199,CUST-01099,2025-11-17,completed,web,INR,37309.770000000004,1569.25,35740.52,0,6433.29,42173.81
ORD-001200,CUST-01082,2026-07-27,cancelled,mobile_app,INR,3866.1099999999997,99.57,3766.54,0,677.98,4444.52
ORD-001201,CUST-00362,2026-07-28,completed,web,INR,6685.84,120.51,6565.33,0,1181.76,7747.09
ORD-001202,CUST-01059,2026-01-05,cancelled,mobile_app,INR,7065.2,0.0,7065.2,0,1271.74,8336.94
ORD-001203,CUST-01504,2025-04-17,completed,web,INR,9334.44,612.76,8721.68,0,1569.9,10291.58
ORD-001204,CUST-00391,2025-12-17,completed,web,INR,37918.92,3221.09,34697.83,0,6245.61,40943.44
ORD-001205,CUST-00465,2026-07-13,completed,web,INR,18425.23,3208.9,15216.330000000002,0,2738.94,17955.27
ORD-001206,CUST-01381,2026-07-21,completed,mobile_app,INR,20231.120000000003,491.38,19739.74,0,3553.15,23292.89
ORD-001207,CUST-01964,2026-03-16,completed,web,INR,2892.2,0.0,2892.2,0,520.6,3412.8
ORD-001208,CUST-00785,2025-07-14,cancelled,web,INR,9278.0,898.91,8379.09,0,1508.24,9887.33
ORD-001209,CUST-01657,2026-03-25,returned,mobile_app,INR,16601.48,1660.15,14941.33,0,2689.44,17630.77
ORD-001210,CUST-00366,2025-08-02,completed,web,INR,23301.9,2841.5099999999998,20460.39,0,3682.87,24143.26
ORD-001211,CUST-01140,2026-04-27,completed,mobile_app,INR,13070.970000000001,1410.92,11660.05,0,2098.81,13758.86
ORD-001212,CUST-01888,2026-01-22,completed,mobile_app,INR,8151.0,0.0,8151.0,0,1467.18,9618.18
ORD-001213,CUST-00884,2025-12-13,shipped,web,INR,17052.42,437.17,16615.25,0,2990.74,19605.99
ORD-001214,CUST-01014,2025-01-07,completed,mobile_app,INR,9024.68,1609.78,7414.9,0,1334.68,8749.58
ORD-001215,CUST-00311,2026-04-19,completed,web,INR,10277.4,0.0,10277.4,0,1849.93,12127.33
ORD-001216,CUST-01057,2026-07-15,returned,web,INR,15081.57,467.68,14613.89,0,2630.5,17244.39
ORD-001217,CUST-01172,2026-07-05,returned,web,INR,3562.59,0.0,3562.59,0,641.27,4203.86
ORD-001218,CUST-01963,2025-08-17,shipped,web,INR,25423.29,1346.66,24076.63,0,4333.79,28410.42
ORD-001219,CUST-00402,2026-05-09,completed,mobile_app,INR,19805.13,2440.54,17364.59,0,3125.63,20490.22
ORD-001220,CUST-00733,2026-06-10,completed,mobile_app,INR,25388.4,0.0,25388.4,0,4569.91,29958.31
ORD-001221,CUST-01295,2026-07-26,completed,mobile_app,INR,36425.01,6436.6,29988.410000000003,0,5397.91,35386.32
ORD-001222,CUST-01887,2026-07-05,shipped,mobile_app,INR,4248.68,554.39,3694.29,0,664.97,4359.26
ORD-001223,CUST-00476,2026-02-24,cancelled,web,INR,18138.469999999998,1015.41,17123.059999999998,0,3082.15,20205.21
ORD-001224,CUST-01390,2026-06-17,completed,web,INR,14594.67,1459.47,13135.2,0,2364.34,15499.54
ORD-001225,CUST-01759,2025-09-26,returned,web,INR,16826.19,930.37,15895.82,0,2861.25,18757.07
ORD-001226,CUST-01267,2025-12-21,completed,mobile_app,INR,10085.92,0.0,10085.92,0,1815.47,11901.39
ORD-001227,CUST-00854,2025-06-18,cancelled,web,INR,11443.25,0.0,11443.25,0,2059.78,13503.03
ORD-001228,CUST-00469,2026-02-06,completed,mobile_app,INR,25261.340000000004,17.21,25244.13,0,4543.94,29788.07
ORD-001229,CUST-00577,2026-07-30,completed,web,INR,6953.4400000000005,115.91,6837.530000000001,0,1230.76,8068.29
ORD-001230,CUST-00104,2026-05-18,completed,web,INR,29250.61,2646.87,26603.739999999998,0,4788.67,31392.41
ORD-001231,CUST-00305,2025-08-13,shipped,mobile_app,INR,1176.48,117.65,1058.83,79,190.59,1328.42
ORD-001232,CUST-00876,2025-06-20,completed,web,INR,21139.67,1232.35,19907.32,0,3583.32,23490.64
ORD-001233,CUST-00281,2026-04-16,completed,web,INR,6940.94,88.65,6852.289999999999,0,1233.41,8085.7
ORD-001234,CUST-00021,2025-05-25,cancelled,web,INR,3278.39,0.0,3278.39,0,590.11,3868.5
ORD-001235,CUST-01386,2025-08-19,shipped,mobile_app,INR,9295.48,1470.57,7824.91,0,1408.48,9233.39
ORD-001236,CUST-00143,2026-07-28,completed,web,INR,2716.5,0.0,2716.5,0,488.97,3205.47
ORD-001237,CUST-00283,2026-02-10,shipped,web,INR,43024.72,7071.320000000001,35953.4,0,6471.61,42425.01
ORD-001238,CUST-01191,2025-01-31,shipped,web,INR,12627.07,1166.84,11460.23,0,2062.84,13523.07
ORD-001239,CUST-01844,2026-07-28,completed,web,INR,9438.6,0.0,9438.6,0,1698.95,11137.55
ORD-001240,CUST-01449,2026-05-21,completed,web,INR,31027.21,1242.74,29784.47,0,5361.2,35145.67
ORD-001241,CUST-00066,2025-07-10,completed,web,INR,52713.770000000004,1330.8600000000001,51382.91,0,9248.92,60631.83
ORD-001242,CUST-00336,2026-05-22,completed,web,INR,19369.0,1945.81,17423.190000000002,0,3136.17,20559.36
ORD-001243,CUST-01481,2025-12-20,completed,mobile_app,INR,7845.84,784.58,7061.26,0,1271.03,8332.29
ORD-001244,CUST-01466,2025-11-15,completed,mobile_app,INR,10290.37,1596.82,8693.550000000001,0,1564.84,10258.39
ORD-001245,CUST-00783,2026-07-09,completed,mobile_app,INR,17251.04,1834.91,15416.130000000001,0,2774.9,18191.03
ORD-001246,CUST-01900,2026-03-30,completed,web,INR,21123.239999999998,0.0,21123.239999999998,0,3802.18,24925.42
ORD-001247,CUST-01777,2025-05-30,cancelled,web,INR,9411.87,941.19,8470.68,0,1524.72,9995.4
ORD-001248,CUST-01487,2026-07-27,shipped,web,INR,10686.73,591.12,10095.61,0,1817.21,11912.82
ORD-001249,CUST-01497,2026-07-16,completed,web,INR,15698.07,1153.5900000000001,14544.48,0,2618.01,17162.49
ORD-001250,CUST-01570,2026-07-17,returned,web,INR,6760.5,89.72,6670.78,0,1200.74,7871.52
ORD-001251,CUST-00297,2026-04-23,completed,web,INR,6202.08,620.21,5581.87,0,1004.74,6586.61
ORD-001252,CUST-01402,2025-12-21,completed,web,INR,2274.51,227.45,2047.06,0,368.47,2415.53
ORD-001253,CUST-01880,2026-05-22,completed,web,INR,5998.96,1199.79,4799.17,0,863.85,5663.02
ORD-001254,CUST-00450,2026-02-18,completed,web,INR,21578.85,1035.33,20543.52,0,3697.83,24241.35
ORD-001255,CUST-00030,2025-12-20,completed,web,INR,9054.01,0.0,9054.01,0,1629.72,10683.73
ORD-001256,CUST-00722,2026-06-16,cancelled,mobile_app,INR,19003.85,2399.94,16603.91,0,2988.7,19592.61
ORD-001257,CUST-00540,2025-02-25,completed,web,INR,4238.2,847.64,3390.56,0,610.3,4000.86
ORD-001258,CUST-01899,2026-07-06,completed,mobile_app,INR,6635.56,663.56,5972.0,0,1074.96,7046.96
ORD-001259,CUST-00892,2026-03-25,completed,web,INR,2426.04,121.3,2304.74,0,414.85,2719.59
ORD-001260,CUST-01323,2025-12-13,completed,mobile_app,INR,13747.59,0.0,13747.59,0,2474.57,16222.16
ORD-001261,CUST-01964,2026-07-28,shipped,web,INR,2173.18,0.0,2173.18,0,391.17,2564.35
ORD-001262,CUST-01579,2025-04-05,shipped,web,INR,8136.96,1627.39,6509.57,0,1171.72,7681.29
ORD-001263,CUST-01499,2025-07-22,shipped,mobile_app,INR,18104.05,2610.24,15493.81,0,2788.89,18282.7
ORD-001264,CUST-01938,2026-05-31,completed,web,INR,18938.28,0.0,18938.28,0,3408.89,22347.17
ORD-001265,CUST-01378,2026-02-14,completed,web,INR,7106.91,583.82,6523.09,0,1174.16,7697.25
ORD-001266,CUST-00463,2026-07-18,completed,web,INR,8131.71,0.0,8131.71,0,1463.71,9595.42
ORD-001267,CUST-01454,2026-05-10,shipped,mobile_app,INR,2548.54,127.43,2421.11,0,435.8,2856.91
ORD-001268,CUST-00644,2025-05-17,completed,mobile_app,INR,6555.22,494.34000000000003,6060.88,0,1090.96,7151.84
ORD-001269,CUST-00662,2026-03-18,completed,web,INR,5776.05,0.0,5776.05,0,1039.69,6815.74
ORD-001270,CUST-01290,2026-05-04,completed,mobile_app,INR,25324.28,1312.23,24012.050000000003,0,4322.17,28334.22
ORD-001271,CUST-00631,2026-03-27,shipped,web,INR,19647.21,0.0,19647.21,0,3536.5,23183.71
ORD-001272,CUST-00049,2025-12-05,completed,web,INR,21759.3,625.16,21134.14,0,3804.15,24938.29
ORD-001273,CUST-02000,2025-01-26,pending,web,INR,8417.74,1262.66,7155.08,0,1287.91,8442.99
ORD-001274,CUST-01143,2026-05-28,completed,web,INR,9193.79,19.89,9173.9,0,1651.3,10825.2
ORD-001275,CUST-01341,2025-08-05,completed,mobile_app,INR,35617.23,87.98,35529.25,0,6395.26,41924.51
ORD-001276,CUST-01618,2025-08-22,completed,mobile_app,INR,10892.49,0.0,10892.49,0,1960.65,12853.14
ORD-001277,CUST-01270,2025-06-24,completed,mobile_app,INR,9316.09,1155.99,8160.1,0,1468.82,9628.92
ORD-001278,CUST-01221,2026-06-13,completed,web,INR,21145.41,1450.1699999999998,19695.24,0,3545.14,23240.38
ORD-001279,CUST-01584,2025-11-02,shipped,web,INR,20668.38,1719.13,18949.25,0,3410.86,22360.11
ORD-001280,CUST-00591,2026-02-20,completed,mobile_app,INR,44947.68,4397.8,40549.88,0,7298.98,47848.86
ORD-001281,CUST-01657,2026-03-21,completed,web,INR,5098.95,764.84,4334.11,0,780.14,5114.25
ORD-001282,CUST-01449,2025-12-30,completed,mobile_app,INR,5865.21,998.15,4867.0599999999995,0,876.07,5743.13
ORD-001283,CUST-00365,2025-06-30,completed,web,INR,54152.240000000005,7567.47,46584.770000000004,0,8385.26,54970.03
ORD-001284,CUST-00293,2026-07-20,returned,mobile_app,INR,14690.73,684.83,14005.9,0,2521.06,16526.96
ORD-001285,CUST-01760,2025-07-21,completed,mobile_app,INR,5394.42,0.0,5394.42,0,971.0,6365.42
ORD-001286,CUST-01790,2026-03-15,cancelled,web,INR,13371.689999999999,115.88,13255.81,0,2386.05,15641.86
ORD-001287,CUST-01988,2025-09-16,completed,web,INR,14688.380000000001,649.18,14039.2,0,2527.06,16566.26
ORD-001288,CUST-00202,2026-05-18,completed,web,INR,19745.77,257.27,19488.5,0,3507.93,22996.43
ORD-001289,CUST-01792,2026-04-16,cancelled,web,INR,5177.45,769.97,4407.48,0,793.35,5200.83
ORD-001290,CUST-01727,2026-06-25,completed,mobile_app,INR,20386.28,0.0,20386.28,0,3669.53,24055.81
ORD-001291,CUST-01536,2025-03-29,cancelled,web,INR,18169.08,2118.91,16050.170000000002,0,2889.03,18939.2
ORD-001292,CUST-00996,2026-05-20,completed,web,INR,30278.85,596.89,29681.96,0,5342.75,35024.71
ORD-001293,CUST-01018,2026-06-22,completed,web,INR,6964.44,0.0,6964.44,0,1253.6,8218.04
ORD-001294,CUST-00858,2025-12-26,returned,web,INR,38894.19,579.9200000000001,38314.27,0,6896.57,45210.84
ORD-001295,CUST-00059,2026-06-03,completed,web,INR,16315.89,1357.38,14958.509999999998,0,2692.53,17651.04
ORD-001296,CUST-01002,2026-06-02,pending,mobile_app,INR,3373.98,0.0,3373.98,0,607.32,3981.3
ORD-001297,CUST-00475,2026-06-19,returned,mobile_app,INR,18148.15,2330.25,15817.9,0,2847.22,18665.12
ORD-001298,CUST-00401,2026-07-30,completed,mobile_app,INR,5381.91,228.57,5153.34,0,927.6,6080.94
ORD-001299,CUST-00112,2026-07-31,completed,web,INR,6995.32,1399.06,5596.26,0,1007.33,6603.59
ORD-001300,CUST-00916,2025-10-28,cancelled,web,INR,14187.75,123.2,14064.550000000001,0,2531.62,16596.17
ORD-001301,CUST-00096,2025-11-10,completed,web,INR,1135.12,0.0,1135.12,99,204.32,1438.44
ORD-001302,CUST-01700,2026-07-24,shipped,web,INR,34194.32,1326.02,32868.3,0,5916.29,38784.59
ORD-001303,CUST-01780,2026-03-03,completed,web,INR,10105.75,812.8299999999999,9292.92,0,1672.73,10965.65
ORD-001304,CUST-01602,2026-01-31,completed,web,INR,22063.16,1190.96,20872.2,0,3757.0,24629.2
ORD-001305,CUST-00602,2026-01-07,completed,web,INR,17822.43,1119.09,16703.34,0,3006.6,19709.94
ORD-001306,CUST-00327,2025-04-08,shipped,web,INR,2973.04,297.3,2675.74,0,481.63,3157.37
ORD-001307,CUST-01010,2025-06-13,shipped,web,INR,6812.879999999999,500.05,6312.83,0,1136.31,7449.14
ORD-001308,CUST-01347,2026-05-08,completed,web,INR,21310.489999999998,44.82,21265.67,0,3827.82,25093.49
ORD-001309,CUST-00042,2026-06-11,completed,mobile_app,INR,6872.3099999999995,81.82,6790.49,0,1222.29,8012.78
ORD-001310,CUST-01714,2026-02-14,completed,web,INR,8714.89,21.85,8693.039999999999,0,1564.75,10257.79
ORD-001311,CUST-00878,2026-04-25,completed,mobile_app,INR,26225.76,972.82,25252.94,0,4545.53,29798.47
ORD-001312,CUST-01640,2025-04-18,completed,web,INR,6482.219999999999,178.2,6304.0199999999995,0,1134.72,7438.74
ORD-001313,CUST-00156,2026-03-23,completed,web,INR,9380.16,938.02,8442.14,0,1519.59,9961.73
ORD-001314,CUST-00852,2026-07-23,completed,web,INR,23451.29,948.64,22502.65,0,4050.48,26553.13
ORD-001315,CUST-00917,2025-10-09,completed,web,INR,41621.74,2289.37,39332.369999999995,0,7079.83,46412.2
ORD-001316,CUST-00097,2025-10-06,completed,web,INR,4959.09,472.65000000000003,4486.4400000000005,0,807.56,5294.0
ORD-001317,CUST-01415,2026-07-17,shipped,mobile_app,INR,16271.390000000001,481.44,15789.95,0,2842.19,18632.14
ORD-001318,CUST-01863,2026-06-05,completed,mobile_app,INR,1257.21,0.0,1257.21,99,226.3,1582.51
ORD-001319,CUST-01082,2026-07-25,pending,web,INR,14787.09,1197.88,13589.210000000001,0,2446.06,16035.27
ORD-001320,CUST-00792,2025-05-05,completed,web,INR,14975.849999999999,324.48,14651.369999999999,0,2637.25,17288.62
ORD-001321,CUST-01273,2026-07-27,completed,web,INR,2309.97,0.0,2309.97,0,415.79,2725.76
ORD-001322,CUST-00722,2026-07-06,returned,mobile_app,INR,7052.72,265.09,6787.63,0,1221.77,8009.4
ORD-001323,CUST-00720,2025-08-09,completed,web,INR,7947.37,169.24,7778.13,0,1400.06,9178.19
ORD-001324,CUST-01520,2025-12-18,cancelled,web,INR,21230.95,0.0,21230.95,0,3821.57,25052.52
ORD-001325,CUST-01182,2026-07-29,completed,web,INR,9560.98,956.1,8604.88,0,1548.88,10153.76
ORD-001326,CUST-00528,2026-06-22,completed,mobile_app,INR,7152.87,1430.57,5722.3,0,1030.01,6752.31
ORD-001327,CUST-00815,2026-02-13,shipped,web,INR,30666.600000000002,3615.18,27051.42,0,4869.26,31920.68
ORD-001328,CUST-01670,2026-03-01,completed,web,INR,2687.82,403.17,2284.65,0,411.24,2695.89
ORD-001329,CUST-01058,2026-07-29,completed,web,INR,19379.64,1451.68,17927.96,0,3227.03,21154.99
ORD-001330,CUST-00153,2026-07-15,completed,mobile_app,INR,8192.55,409.63,7782.92,0,1400.93,9183.85
ORD-001331,CUST-01715,2026-03-06,completed,web,INR,3501.2200000000003,442.08,3059.14,0,550.65,3609.79
ORD-001332,CUST-01482,2025-06-25,completed,mobile_app,INR,41683.229999999996,2547.8,39135.43,0,7044.38,46179.81
ORD-001333,CUST-00534,2026-03-17,cancelled,mobile_app,INR,8854.9,276.03,8578.869999999999,0,1544.2,10123.07
ORD-001334,CUST-01932,2026-01-07,completed,web,INR,36708.58,3509.7700000000004,33198.81,0,5975.79,39174.6
ORD-001335,CUST-01904,2025-10-30,pending,mobile_app,INR,15679.689999999999,231.6,15448.09,0,2780.66,18228.75
ORD-001336,CUST-01992,2026-06-23,completed,mobile_app,INR,25053.449999999997,2355.32,22698.129999999997,0,4085.66,26783.79
ORD-001337,CUST-00756,2025-09-04,completed,web,INR,5310.15,93.15,5217.0,0,939.06,6156.06
ORD-001338,CUST-01848,2026-02-20,completed,mobile_app,INR,16832.97,0.0,16832.97,0,3029.93,19862.9
ORD-001339,CUST-01613,2025-10-07,shipped,web,INR,4302.95,146.53,4156.42,0,748.16,4904.58
ORD-001340,CUST-01742,2026-05-23,cancelled,web,INR,3863.1000000000004,174.28,3688.82,0,663.99,4352.81
ORD-001341,CUST-01095,2025-11-12,completed,web,INR,72094.23,5504.26,66589.97,0,11986.19,78576.16
ORD-001342,CUST-00558,2026-07-17,completed,mobile_app,INR,15938.33,1454.81,14483.52,0,2607.03,17090.55
ORD-001343,CUST-00454,2025-07-12,shipped,mobile_app,INR,28363.6,426.0,27937.6,0,5028.77,32966.37
ORD-001344,CUST-01934,2026-07-28,completed,web,INR,6160.19,0.0,6160.19,0,1108.83,7269.02
ORD-001345,CUST-01005,2025-11-29,completed,mobile_app,INR,3055.04,305.5,2749.54,0,494.92,3244.46
ORD-001346,CUST-01856,2026-04-12,shipped,web,INR,8889.05,0.0,8889.05,0,1600.03,10489.08
ORD-001347,CUST-01110,2025-04-03,completed,mobile_app,INR,11435.94,223.69,11212.25,0,2018.2,13230.45
ORD-001348,CUST-01069,2025-04-23,shipped,web,INR,7544.099999999999,0.0,7544.099999999999,0,1357.94,8902.04
ORD-001349,CUST-00147,2025-06-24,shipped,web,INR,17174.1,2234.2000000000003,14939.9,0,2689.18,17629.08
ORD-001350,CUST-00805,2026-04-11,completed,web,INR,16633.72,0.0,16633.72,0,2994.07,19627.79
ORD-001351,CUST-01113,2026-05-16,completed,web,INR,2924.82,292.48,2632.34,0,473.82,3106.16
ORD-001352,CUST-00219,2026-07-29,completed,web,INR,20794.07,1357.6499999999999,19436.42,0,3498.56,22934.98
ORD-001353,CUST-00325,2026-07-24,cancelled,web,INR,3190.44,0.0,3190.44,0,574.28,3764.72
ORD-001354,CUST-01182,2026-06-26,completed,web,INR,30664.989999999998,2695.04,27969.949999999997,0,5034.59,33004.54
ORD-001355,CUST-00497,2025-12-20,completed,mobile_app,INR,64772.100000000006,0.0,64772.100000000006,0,11658.98,76431.08
ORD-001356,CUST-01402,2025-07-10,completed,web,INR,5722.36,188.89,5533.47,0,996.02,6529.49
ORD-001357,CUST-00921,2026-05-02,completed,web,INR,16886.88,1329.17,15557.71,0,2800.39,18358.1
ORD-001358,CUST-00808,2025-11-06,completed,mobile_app,INR,21981.48,1705.0900000000001,20276.39,0,3649.75,23926.14
ORD-001359,CUST-00235,2026-05-10,completed,web,INR,3876.08,515.4,3360.6800000000003,0,604.92,3965.6
ORD-001360,CUST-00813,2025-10-26,completed,mobile_app,INR,4960.52,0.0,4960.52,0,892.89,5853.41
ORD-001361,CUST-01085,2025-03-05,completed,mobile_app,INR,5778.9400000000005,251.71,5527.23,0,994.9,6522.13
ORD-001362,CUST-01147,2025-08-02,completed,web,INR,5785.18,578.52,5206.66,0,937.2,6143.86
ORD-001363,CUST-00541,2025-12-26,completed,web,INR,2757.04,72.25,2684.79,0,483.26,3168.05
ORD-001364,CUST-00056,2025-03-27,completed,web,INR,7998.5,117.76,7880.74,0,1418.53,9299.27
ORD-001365,CUST-01870,2026-01-25,completed,web,INR,27717.379999999997,0.0,27717.379999999997,0,4989.13,32706.51
ORD-001366,CUST-01916,2025-05-15,completed,web,INR,20154.65,0.0,20154.65,0,3627.84,23782.49
ORD-001367,CUST-01809,2025-07-20,completed,web,INR,8258.82,368.42,7890.4,0,1420.27,9310.67
ORD-001368,CUST-00580,2026-02-21,pending,web,INR,21057.940000000002,3158.69,17899.25,0,3221.86,21121.11
ORD-001369,CUST-01206,2026-05-15,completed,web,INR,9361.94,825.62,8536.32,0,1536.54,10072.86
ORD-001370,CUST-00282,2025-09-08,completed,web,INR,8585.01,0.0,8585.01,0,1545.3,10130.31
ORD-001371,CUST-01812,2026-07-23,completed,web,INR,17190.739999999998,1537.21,15653.529999999999,0,2817.64,18471.17
ORD-001372,CUST-00011,2025-07-25,shipped,web,INR,16071.52,1226.0,14845.52,0,2672.19,17517.71
ORD-001373,CUST-00942,2026-07-24,completed,web,INR,14946.97,0.0,14946.97,0,2690.45,17637.42
ORD-001374,CUST-01714,2026-03-31,pending,mobile_app,INR,12521.04,0.0,12521.04,0,2253.79,14774.83
ORD-001375,CUST-01452,2026-02-22,completed,mobile_app,INR,20934.56,1368.42,19566.14,0,3521.91,23088.05
ORD-001376,CUST-01727,2026-06-29,completed,mobile_app,INR,8386.29,676.04,7710.25,0,1387.84,9098.09
ORD-001377,CUST-00993,2025-07-07,completed,web,INR,7607.73,1255.36,6352.37,0,1143.43,7495.8
ORD-001378,CUST-00191,2026-02-01,shipped,web,INR,3444.1,172.21,3271.89,0,588.94,3860.83
ORD-001379,CUST-00016,2026-02-05,completed,mobile_app,INR,16708.4,0.0,16708.4,0,3007.51,19715.91
ORD-001380,CUST-00305,2025-10-09,returned,mobile_app,INR,12743.800000000001,906.26,11837.54,0,2130.76,13968.3
ORD-001381,CUST-00116,2026-06-18,returned,mobile_app,INR,15411.61,445.48,14966.13,0,2693.9,17660.03
ORD-001382,CUST-00896,2025-08-01,completed,web,INR,7649.9400000000005,260.35,7389.59,0,1330.13,8719.72
ORD-001383,CUST-00102,2025-11-27,completed,web,INR,11972.79,1122.54,10850.25,0,1953.04,12803.29
ORD-001384,CUST-00372,2026-04-23,completed,web,INR,3455.76,0.0,3455.76,0,622.04,4077.8
ORD-001385,CUST-00839,2025-03-23,completed,mobile_app,INR,4875.79,0.0,4875.79,0,877.64,5753.43
ORD-001386,CUST-01472,2025-11-20,completed,web,INR,43031.689999999995,4452.1900000000005,38579.5,0,6944.31,45523.81
ORD-001387,CUST-01349,2026-04-11,completed,mobile_app,INR,12742.34,1281.44,11460.9,0,2062.96,13523.86
ORD-001388,CUST-00117,2025-05-07,pending,mobile_app,INR,11128.18,2055.44,9072.740000000002,0,1633.09,10705.83
ORD-001389,CUST-01807,2026-07-19,completed,mobile_app,INR,980.32,98.03,882.29,79,158.81,1120.1
ORD-001390,CUST-01100,2025-05-25,cancelled,web,INR,32963.65,2253.86,30709.79,0,5527.76,36237.55
ORD-001391,CUST-00698,2025-08-29,cancelled,mobile_app,INR,4778.96,477.9,4301.06,0,774.19,5075.25
ORD-001392,CUST-00766,2026-03-15,completed,mobile_app,INR,5512.12,275.61,5236.51,0,942.57,6179.08
ORD-001393,CUST-01697,2025-08-31,completed,mobile_app,INR,3291.0,162.59,3128.41,0,563.11,3691.52
ORD-001394,CUST-00930,2025-08-31,completed,mobile_app,INR,6441.59,319.04,6122.55,0,1102.06,7224.61
ORD-001395,CUST-00492,2026-06-20,returned,web,INR,14044.05,0.0,14044.05,0,2527.93,16571.98
ORD-001396,CUST-00850,2025-12-01,completed,mobile_app,INR,27498.96,0.0,27498.96,0,4949.81,32448.77
ORD-001397,CUST-00137,2026-02-04,cancelled,web,INR,7870.18,623.5899999999999,7246.59,0,1304.39,8550.98
ORD-001398,CUST-00307,2025-05-21,completed,mobile_app,INR,10903.28,2180.66,8722.62,0,1570.07,10292.69
ORD-001399,CUST-00630,2025-02-25,completed,mobile_app,INR,18354.03,1311.3200000000002,17042.71,0,3067.69,20110.4
ORD-001400,CUST-00441,2026-07-07,returned,mobile_app,INR,47891.12,2877.84,45013.28,0,8102.39,53115.67
ORD-001401,CUST-00699,2025-01-31,completed,web,INR,29509.19,3369.3199999999997,26139.87,0,4705.18,30845.05
ORD-001402,CUST-00130,2026-06-17,shipped,mobile_app,INR,9102.54,0.0,9102.54,0,1638.46,10741.0
ORD-001403,CUST-01221,2025-11-30,completed,mobile_app,INR,9629.74,481.49,9148.25,0,1646.68,10794.93
ORD-001404,CUST-00231,2025-08-14,completed,web,INR,10293.35,0.0,10293.35,0,1852.8,12146.15
ORD-001405,CUST-00434,2025-12-01,completed,web,INR,5122.23,768.33,4353.9,0,783.7,5137.6
ORD-001406,CUST-01956,2025-03-07,completed,mobile_app,INR,2188.46,328.27,1860.19,49,334.83,2244.02
ORD-001407,CUST-00012,2026-07-22,shipped,mobile_app,INR,14308.13,1539.89,12768.24,0,2298.28,15066.52
ORD-001408,CUST-00560,2026-05-25,completed,web,INR,48873.869999999995,2949.51,45924.35999999999,0,8266.38,54190.74
ORD-001409,CUST-01001,2026-06-24,completed,web,INR,6591.6,0.0,6591.6,0,1186.49,7778.09
ORD-001410,CUST-00615,2025-11-14,completed,mobile_app,INR,13227.26,1322.73,11904.53,0,2142.82,14047.35
ORD-001411,CUST-00642,2026-05-15,completed,mobile_app,INR,10804.91,586.5,10218.41,0,1839.31,12057.72
ORD-001412,CUST-00255,2026-05-20,cancelled,web,INR,9987.42,998.74,8988.68,0,1617.96,10606.64
ORD-001413,CUST-00847,2025-08-02,completed,web,INR,11275.62,2255.12,9020.5,0,1623.69,10644.19
ORD-001414,CUST-01511,2025-02-05,pending,mobile_app,INR,17628.7,1257.35,16371.35,0,2946.84,19318.19
ORD-001415,CUST-01176,2025-11-18,completed,mobile_app,INR,3953.52,0.0,3953.52,0,711.63,4665.15
ORD-001416,CUST-01849,2025-12-02,completed,web,INR,6506.15,202.9,6303.25,0,1134.58,7437.83
ORD-001417,CUST-01400,2026-07-03,completed,mobile_app,INR,14607.66,432.58000000000004,14175.08,0,2551.51,16726.59
ORD-001418,CUST-01580,2026-07-10,completed,web,INR,15348.73,817.77,14530.96,0,2615.57,17146.53
ORD-001419,CUST-00864,2026-04-23,shipped,web,INR,16115.98,1334.33,14781.65,0,2660.7,17442.35
ORD-001420,CUST-01226,2026-07-07,cancelled,mobile_app,INR,1256.34,188.45,1067.89,79,192.22,1339.11
ORD-001421,CUST-01157,2026-03-08,completed,web,INR,44609.46,6399.610000000001,38209.85,0,6877.77,45087.62
ORD-001422,CUST-01627,2025-09-17,returned,web,INR,11678.96,507.96,11171.0,0,2010.78,13181.78
ORD-001423,CUST-01003,2026-05-25,completed,mobile_app,INR,6160.5599999999995,262.65999999999997,5897.9,0,1061.62,6959.52
ORD-001424,CUST-00809,2025-12-14,shipped,web,INR,12763.23,525.69,12237.54,0,2202.76,14440.3
ORD-001425,CUST-00141,2026-07-21,completed,web,INR,3871.1,190.94,3680.16,0,662.43,4342.59
ORD-001426,CUST-01719,2026-07-20,shipped,web,INR,10404.779999999999,1040.48,9364.3,0,1685.57,11049.87
ORD-001427,CUST-00872,2025-10-24,completed,web,INR,10844.66,542.24,10302.42,0,1854.44,12156.86
ORD-001428,CUST-01598,2026-02-22,returned,web,INR,3613.44,0.0,3613.44,0,650.42,4263.86
ORD-001429,CUST-01357,2025-04-20,returned,web,INR,7150.88,289.69,6861.19,0,1235.01,8096.2
ORD-001430,CUST-00004,2026-01-27,completed,web,INR,3029.2,441.4,2587.8,0,465.8,3053.6
ORD-001431,CUST-01303,2026-01-06,completed,web,INR,15878.79,1080.51,14798.279999999999,0,2663.69,17461.97
ORD-001432,CUST-00976,2025-03-29,completed,web,INR,14582.29,1635.3300000000002,12946.96,0,2330.45,15277.41
ORD-001433,CUST-00480,2025-03-10,completed,mobile_app,INR,12294.0,869.4300000000001,11424.57,0,2056.42,13480.99
ORD-001434,CUST-00530,2026-07-05,completed,web,INR,898.65,0.0,898.65,79,161.76,1139.41
ORD-001435,CUST-01276,2026-07-10,completed,mobile_app,INR,5604.9,560.49,5044.41,0,907.99,5952.4
ORD-001436,CUST-00173,2026-02-20,cancelled,mobile_app,INR,3498.65,0.0,3498.65,0,629.76,4128.41
ORD-001437,CUST-01213,2025-06-29,completed,web,INR,427.91,42.79,385.12,99,69.32,553.44
ORD-001438,CUST-01693,2026-03-29,completed,web,INR,15516.9,1413.6,14103.3,0,2538.59,16641.89
ORD-001439,CUST-00174,2025-12-19,returned,web,INR,4883.91,683.25,4200.66,0,756.12,4956.78
ORD-001440,CUST-00016,2026-01-28,completed,mobile_app,INR,6694.639999999999,481.27,6213.37,0,1118.41,7331.78
ORD-001441,CUST-00122,2026-04-09,completed,web,INR,38953.630000000005,960.49,37993.14,0,6838.77,44831.91
ORD-001442,CUST-01461,2026-04-28,pending,web,INR,4380.65,219.03,4161.62,0,749.09,4910.71
ORD-001443,CUST-01696,2025-10-13,completed,mobile_app,INR,15325.3,0.0,15325.3,0,2758.55,18083.85
ORD-001444,CUST-01977,2026-06-12,completed,mobile_app,INR,18972.19,1081.21,17890.98,0,3220.38,21111.36
ORD-001445,CUST-00058,2025-04-25,completed,web,INR,5143.95,514.39,4629.56,0,833.32,5462.88
ORD-001446,CUST-00965,2026-07-16,cancelled,web,INR,5172.22,606.03,4566.1900000000005,0,821.91,5388.1
ORD-001447,CUST-00097,2026-01-20,completed,web,INR,48430.53,2392.88,46037.65000000001,0,8286.78,54324.43
ORD-001448,CUST-00743,2026-05-05,completed,mobile_app,INR,4814.3,0.0,4814.3,0,866.57,5680.87
ORD-001449,CUST-00616,2025-09-28,completed,mobile_app,INR,16796.04,0.0,16796.04,0,3023.29,19819.33
ORD-001450,CUST-01212,2026-06-30,completed,web,INR,12279.76,626.0699999999999,11653.689999999999,0,2097.66,13751.35
ORD-001451,CUST-01818,2025-05-01,completed,mobile_app,INR,10404.779999999999,1045.57,9359.21,0,1684.66,11043.87
ORD-001452,CUST-01610,2026-07-27,completed,web,INR,8068.18,76.48,7991.7,0,1438.51,9430.21
ORD-001453,CUST-00128,2026-07-03,returned,mobile_app,INR,37486.31,121.12,37365.19,0,6725.73,44090.92
ORD-001454,CUST-00481,2025-09-23,completed,web,INR,34536.58,6505.39,28031.190000000002,0,5045.61,33076.8
ORD-001455,CUST-00550,2026-05-28,cancelled,web,INR,2958.08,295.81,2662.27,0,479.21,3141.48
ORD-001456,CUST-00502,2026-04-14,returned,web,INR,18945.489999999998,2694.09,16251.4,0,2925.25,19176.65
ORD-001457,CUST-00707,2026-03-23,returned,web,INR,27725.35,2243.7,25481.65,0,4586.7,30068.35
ORD-001458,CUST-01215,2025-01-11,shipped,mobile_app,INR,3024.04,453.61,2570.43,0,462.68,3033.11
ORD-001459,CUST-01480,2025-03-15,completed,web,INR,29795.07,3808.09,25986.98,0,4677.66,30664.64
ORD-001460,CUST-01880,2026-06-07,cancelled,web,INR,4568.28,228.41,4339.87,0,781.18,5121.05
ORD-001461,CUST-01406,2026-03-27,completed,mobile_app,INR,6708.33,75.55,6632.78,0,1193.9,7826.68
ORD-001462,CUST-00597,2026-03-01,completed,web,INR,19794.8,597.97,19196.83,0,3455.43,22652.26
ORD-001463,CUST-00369,2025-06-30,completed,web,INR,8289.11,220.19,8068.92,0,1452.41,9521.33
ORD-001464,CUST-00754,2026-06-26,completed,web,INR,9383.12,0.0,9383.12,0,1688.96,11072.08
ORD-001465,CUST-01600,2026-02-15,completed,mobile_app,INR,5332.0599999999995,639.45,4692.610000000001,0,844.67,5537.28
ORD-001466,CUST-01987,2026-04-30,cancelled,mobile_app,INR,25615.0,80.85,25534.15,0,4596.15,30130.3
ORD-001467,CUST-00785,2026-01-30,completed,mobile_app,INR,31663.36,1563.11,30100.25,0,5418.04,35518.29
ORD-001468,CUST-00353,2026-03-14,completed,mobile_app,INR,9535.87,436.86,9099.01,0,1637.82,10736.83
ORD-001469,CUST-00010,2025-08-10,completed,web,INR,18915.64,0.0,18915.64,0,3404.82,22320.46
ORD-001470,CUST-00154,2026-04-26,cancelled,web,INR,9108.81,1821.76,7287.05,0,1311.67,8598.72
ORD-001471,CUST-01274,2025-10-26,completed,mobile_app,INR,39258.0,5618.59,33639.41,0,6055.09,39694.5
ORD-001472,CUST-01180,2026-04-12,completed,web,INR,30620.54,2647.7000000000003,27972.84,0,5035.11,33007.95
ORD-001473,CUST-01287,2026-07-03,shipped,mobile_app,INR,1148.71,172.31,976.4,49,175.75,1201.15
ORD-001474,CUST-00049,2026-03-05,cancelled,web,INR,4244.82,140.81,4104.01,0,738.72,4842.73
ORD-001475,CUST-00874,2025-08-05,completed,web,INR,14738.73,2270.24,12468.49,0,2244.33,14712.82
ORD-001476,CUST-00361,2026-05-01,completed,web,INR,33407.36,2054.21,31353.15,0,5643.57,36996.72
ORD-001477,CUST-00674,2025-07-27,completed,web,INR,10172.279999999999,522.35,9649.93,0,1736.99,11386.92
ORD-001478,CUST-01245,2026-07-25,returned,mobile_app,INR,22412.3,2142.16,20270.14,0,3648.63,23918.77
ORD-001479,CUST-00552,2025-01-21,completed,mobile_app,INR,5174.76,776.21,4398.55,0,791.74,5190.29
ORD-001480,CUST-01320,2026-01-04,shipped,mobile_app,INR,17905.7,0.0,17905.7,0,3223.03,21128.73
ORD-001481,CUST-00579,2026-07-30,completed,mobile_app,INR,4493.34,898.67,3594.67,0,647.04,4241.71
ORD-001482,CUST-01021,2025-11-10,completed,web,INR,10504.08,906.21,9597.869999999999,0,1727.62,11325.49
ORD-001483,CUST-00919,2026-01-04,completed,web,INR,2856.32,0.0,2856.32,0,514.14,3370.46
ORD-001484,CUST-00768,2026-01-15,completed,mobile_app,INR,3301.88,0.0,3301.88,0,594.34,3896.22
ORD-001485,CUST-00253,2025-10-19,shipped,web,INR,29576.09,0.0,29576.09,0,5323.7,34899.79
ORD-001486,CUST-01153,2026-01-14,cancelled,web,INR,16439.97,1188.09,15251.88,0,2745.34,17997.22
ORD-001487,CUST-01981,2026-06-30,completed,web,INR,7058.28,0.0,7058.28,0,1270.49,8328.77
ORD-001488,CUST-01287,2026-07-07,returned,mobile_app,INR,30023.35,997.56,29025.79,0,5224.64,34250.43
ORD-001489,CUST-01492,2026-05-20,completed,mobile_app,INR,17550.62,2355.16,15195.46,0,2735.18,17930.64
ORD-001490,CUST-01607,2025-11-16,completed,web,INR,8118.280000000001,0.0,8118.280000000001,0,1461.29,9579.57
ORD-001491,CUST-00077,2026-03-23,completed,web,INR,33894.34,5850.97,28043.370000000003,0,5047.81,33091.18
ORD-001492,CUST-01586,2026-05-21,completed,web,INR,25548.3,895.36,24652.94,0,4437.53,29090.47
ORD-001493,CUST-00485,2025-06-28,returned,web,INR,10455.36,0.0,10455.36,0,1881.96,12337.32
ORD-001494,CUST-01330,2026-05-12,completed,web,INR,12599.33,1640.23,10959.099999999999,0,1972.64,12931.74
ORD-001495,CUST-01968,2026-02-25,returned,mobile_app,INR,21795.74,344.13,21451.61,0,3861.29,25312.9
ORD-001496,CUST-01789,2025-10-27,completed,mobile_app,INR,11753.36,0.0,11753.36,0,2115.6,13868.96
ORD-001497,CUST-00829,2026-07-02,shipped,mobile_app,INR,4357.03,233.13,4123.9,0,742.3,4866.2
ORD-001498,CUST-01677,2025-04-08,completed,mobile_app,INR,1997.67,299.65,1698.02,99,305.64,2102.66
ORD-001499,CUST-01238,2026-02-07,completed,mobile_app,INR,13572.53,2260.5,11312.029999999999,0,2036.17,13348.2
ORD-001500,CUST-00267,2025-12-23,returned,mobile_app,INR,13502.619999999999,0.0,13502.619999999999,0,2430.47,15933.09
ORD-001501,CUST-00480,2026-05-28,completed,web,INR,9032.970000000001,429.83,8603.14,0,1548.57,10151.71
ORD-001502,CUST-01914,2026-05-13,completed,mobile_app,INR,1907.58,0.0,1907.58,79,343.36,2329.94
ORD-001503,CUST-01831,2025-10-31,cancelled,web,INR,23262.7,1683.41,21579.29,0,3884.27,25463.56
ORD-001504,CUST-01784,2026-07-11,shipped,web,INR,8008.22,0.0,8008.22,0,1441.48,9449.7
ORD-001505,CUST-00769,2025-11-17,completed,web,INR,3639.93,0.0,3639.93,0,655.19,4295.12
ORD-001506,CUST-00642,2026-07-23,shipped,mobile_app,INR,3753.6,0.0,3753.6,0,675.65,4429.25
ORD-001507,CUST-01613,2026-05-26,shipped,mobile_app,INR,13911.69,0.0,13911.69,0,2504.1,16415.79
ORD-001508,CUST-00041,2025-02-23,shipped,mobile_app,INR,21926.6,1652.3400000000001,20274.260000000002,0,3649.37,23923.63
ORD-001509,CUST-01795,2025-12-13,completed,web,INR,35981.66,0.0,35981.66,0,6476.7,42458.36
ORD-001510,CUST-01208,2026-01-24,completed,web,INR,623.02,0.0,623.02,79,112.14,814.16
ORD-001511,CUST-01266,2025-04-05,pending,mobile_app,INR,22876.55,3963.18,18913.37,0,3404.41,22317.78
ORD-001512,CUST-00877,2026-06-03,completed,mobile_app,INR,23693.81,1683.55,22010.260000000002,0,3961.85,25972.11
ORD-001513,CUST-01959,2026-06-16,completed,web,INR,4683.56,821.41,3862.15,0,695.19,4557.34
ORD-001514,CUST-01500,2026-07-22,pending,web,INR,15868.009999999998,1336.63,14531.38,0,2615.65,17147.03
ORD-001515,CUST-00108,2026-01-21,completed,web,INR,10554.89,925.1899999999999,9629.7,0,1733.35,11363.05
ORD-001516,CUST-01050,2025-09-03,completed,mobile_app,INR,28409.809999999998,1563.45,26846.36,0,4832.34,31678.7
ORD-001517,CUST-01720,2026-04-22,shipped,web,INR,11720.91,194.18,11526.73,0,2074.81,13601.54
ORD-001518,CUST-00153,2026-05-30,shipped,mobile_app,INR,14495.55,919.44,13576.109999999999,0,2443.7,16019.81
ORD-001519,CUST-01474,2025-02-01,pending,web,INR,49946.6,4437.75,45508.85,0,8191.59,53700.44
ORD-001520,CUST-00490,2025-12-28,shipped,mobile_app,INR,2831.07,0.0,2831.07,0,509.59,3340.66
ORD-001521,CUST-01014,2025-12-30,completed,web,INR,6447.75,719.84,5727.91,0,1031.02,6758.93
ORD-001522,CUST-01766,2026-06-28,completed,mobile_app,INR,19641.71,508.69,19133.019999999997,0,3443.94,22576.96
ORD-001523,CUST-00985,2025-09-28,completed,mobile_app,INR,15957.92,0.0,15957.92,0,2872.43,18830.35
ORD-001524,CUST-00076,2025-12-06,returned,mobile_app,INR,22019.54,1852.19,20167.35,0,3630.12,23797.47
ORD-001525,CUST-00042,2026-07-18,completed,mobile_app,INR,21929.379999999997,1024.87,20904.510000000002,0,3762.81,24667.32
ORD-001526,CUST-01474,2025-06-08,completed,web,INR,36753.0,2857.36,33895.64,0,6101.22,39996.86
ORD-001527,CUST-01862,2025-08-19,completed,web,INR,28662.46,748.05,27914.41,0,5024.59,32939.0
ORD-001528,CUST-00584,2025-06-30,completed,web,INR,5762.83,129.32,5633.51,0,1014.03,6647.54
ORD-001529,CUST-01871,2025-06-19,completed,mobile_app,INR,8342.29,240.51,8101.780000000001,0,1458.32,9560.1
ORD-001530,CUST-00906,2026-04-28,completed,mobile_app,INR,10855.83,542.8,10313.029999999999,0,1856.35,12169.38
ORD-001531,CUST-00118,2025-08-05,completed,web,INR,34060.05,2568.2,31491.85,0,5668.53,37160.38
ORD-001532,CUST-01063,2025-12-25,pending,mobile_app,INR,4622.07,639.83,3982.24,0,716.8,4699.04
ORD-001533,CUST-01948,2026-05-15,returned,web,INR,15921.86,1188.08,14733.779999999999,0,2652.08,17385.86
ORD-001534,CUST-00501,2026-01-18,completed,web,INR,10979.779999999999,996.94,9982.839999999998,0,1796.91,11779.75
ORD-001535,CUST-01922,2025-07-06,cancelled,web,INR,2339.01,0.0,2339.01,0,421.02,2760.03
ORD-001536,CUST-01304,2026-05-31,completed,mobile_app,INR,12527.47,28.69,12498.78,0,2249.78,14748.56
ORD-001537,CUST-00793,2026-06-28,completed,web,INR,1757.04,0.0,1757.04,49,316.27,2122.31
ORD-001538,CUST-01387,2025-10-29,completed,mobile_app,INR,1040.84,104.08,936.76,79,168.62,1184.38
ORD-001539,CUST-00802,2026-02-07,cancelled,mobile_app,INR,24319.920000000002,2002.08,22317.84,0,4017.21,26335.05
ORD-001540,CUST-00171,2025-07-22,shipped,web,INR,13512.7,1555.95,11956.75,0,2152.22,14108.97
ORD-001541,CUST-01742,2026-07-08,completed,web,INR,23802.13,150.07,23652.06,0,4257.37,27909.43
ORD-001542,CUST-00748,2026-07-03,shipped,mobile_app,INR,4831.4,324.99,4506.41,0,811.15,5317.56
ORD-001543,CUST-01132,2026-07-03,shipped,mobile_app,INR,9004.369999999999,252.70999999999998,8751.66,0,1575.3,10326.96
ORD-001544,CUST-01489,2025-08-17,shipped,web,INR,1390.99,139.1,1251.89,99,225.34,1576.23
ORD-001545,CUST-00166,2026-04-02,completed,web,INR,10386.52,0.0,10386.52,0,1869.57,12256.09
ORD-001546,CUST-01444,2026-01-02,cancelled,web,INR,18748.29,406.46,18341.83,0,3301.53,21643.36
ORD-001547,CUST-00731,2026-06-15,completed,web,INR,8097.7300000000005,247.86,7849.87,0,1412.98,9262.85
ORD-001548,CUST-01090,2025-10-29,completed,web,INR,3927.44,196.37,3731.07,0,671.59,4402.66
ORD-001549,CUST-00915,2026-04-22,cancelled,mobile_app,INR,3643.66,546.55,3097.11,0,557.48,3654.59
ORD-001550,CUST-01556,2026-05-21,completed,web,INR,18091.28,675.6099999999999,17415.67,0,3134.82,20550.49
ORD-001551,CUST-00376,2026-03-10,shipped,mobile_app,INR,37786.479999999996,1521.0,36265.479999999996,0,6527.79,42793.27
ORD-001552,CUST-00216,2025-08-01,shipped,web,INR,13030.7,949.11,12081.59,0,2174.69,14256.28
ORD-001553,CUST-00822,2025-12-07,completed,web,INR,6192.3,294.13,5898.17,0,1061.67,6959.84
ORD-001554,CUST-00237,2026-02-02,completed,mobile_app,INR,22469.22,675.83,21793.39,0,3922.81,25716.2
ORD-001555,CUST-00486,2025-11-28,shipped,web,INR,8159.86,472.97,7686.89,0,1383.64,9070.53
ORD-001556,CUST-01315,2026-07-17,cancelled,web,INR,6535.0199999999995,0.0,6535.0199999999995,0,1176.3,7711.32
ORD-001557,CUST-01638,2025-11-24,cancelled,web,INR,12905.42,1947.78,10957.64,0,1972.38,12930.02
ORD-001558,CUST-01387,2025-08-17,completed,web,INR,33471.03,406.46,33064.57,0,5951.62,39016.19
ORD-001559,CUST-00636,2026-01-09,completed,mobile_app,INR,13555.6,1822.29,11733.310000000001,0,2112.0,13845.31
ORD-001560,CUST-01630,2025-12-09,completed,mobile_app,INR,21844.57,4261.389999999999,17583.18,0,3164.97,20748.15
ORD-001561,CUST-00813,2025-12-15,shipped,mobile_app,INR,3267.33,0.0,3267.33,0,588.12,3855.45
ORD-001562,CUST-00363,2025-08-19,completed,mobile_app,INR,5749.54,1007.1600000000001,4742.38,0,853.63,5596.01
ORD-001563,CUST-01513,2026-02-02,shipped,web,INR,32800.020000000004,55.12,32744.9,0,5894.08,38638.98
ORD-001564,CUST-01034,2026-07-23,completed,web,INR,17588.06,79.21,17508.85,0,3151.59,20660.44
ORD-001565,CUST-00742,2026-04-13,completed,web,INR,4223.8099999999995,417.02,3806.79,0,685.22,4492.01
ORD-001566,CUST-01322,2026-02-21,completed,mobile_app,INR,14499.669999999998,2364.58,12135.09,0,2184.32,14319.41
ORD-001567,CUST-01450,2025-10-28,completed,web,INR,7137.16,627.96,6509.2,0,1171.66,7680.86
ORD-001568,CUST-00448,2026-06-20,completed,web,INR,9770.85,397.91,9372.94,0,1687.13,11060.07
ORD-001569,CUST-00235,2025-08-14,completed,mobile_app,INR,16931.82,303.25,16628.57,0,2993.14,19621.71
ORD-001570,CUST-01034,2026-04-30,cancelled,web,INR,16496.56,880.4399999999999,15616.12,0,2810.9,18427.02
ORD-001571,CUST-00104,2025-10-22,completed,web,INR,6221.11,384.45,5836.66,0,1050.6,6887.26
ORD-001572,CUST-01277,2026-04-26,shipped,web,INR,12705.310000000001,1516.1399999999999,11189.169999999998,0,2014.05,13203.22
ORD-001573,CUST-00880,2026-05-09,completed,web,INR,6803.52,0.0,6803.52,0,1224.63,8028.15
ORD-001574,CUST-00429,2025-11-20,completed,web,INR,11599.6,1080.42,10519.18,0,1893.45,12412.63
ORD-001575,CUST-01198,2026-07-24,shipped,web,INR,973.05,0.0,973.05,49,175.15,1197.2
ORD-001576,CUST-00752,2025-05-17,completed,web,INR,10084.14,0.0,10084.14,0,1815.15,11899.29
ORD-001577,CUST-00777,2025-06-19,completed,mobile_app,INR,6758.16,337.91,6420.25,0,1155.64,7575.89
ORD-001578,CUST-00433,2026-03-14,completed,web,INR,14025.689999999999,434.9,13590.79,0,2446.34,16037.13
ORD-001579,CUST-01353,2025-09-01,completed,mobile_app,INR,1832.27,0.0,1832.27,99,329.81,2261.08
ORD-001580,CUST-01806,2025-12-29,returned,mobile_app,INR,4636.96,330.99,4305.97,0,775.07,5081.04
ORD-001581,CUST-01238,2026-06-20,completed,mobile_app,INR,17379.7,868.99,16510.71,0,2971.93,19482.64
ORD-001582,CUST-00474,2025-10-23,completed,mobile_app,INR,15819.24,1844.78,13974.460000000001,0,2515.4,16489.86
ORD-001583,CUST-01667,2026-04-29,cancelled,web,INR,4749.0,0.0,4749.0,0,854.82,5603.82
ORD-001584,CUST-00242,2026-06-07,completed,web,INR,1627.75,27.16,1600.59,49,288.11,1937.7
ORD-001585,CUST-00580,2026-01-26,pending,web,INR,13170.49,683.25,12487.24,0,2247.7,14734.94
ORD-001586,CUST-00071,2026-03-11,completed,web,INR,22805.78,546.0699999999999,22259.71,0,4006.75,26266.46
ORD-001587,CUST-01697,2025-08-05,completed,mobile_app,INR,7875.43,594.4300000000001,7281.0,0,1310.58,8591.58
ORD-001588,CUST-00090,2026-06-04,completed,web,INR,15320.359999999999,931.71,14388.65,0,2589.96,16978.61
ORD-001589,CUST-01093,2026-04-17,completed,web,INR,31861.129999999997,233.74,31627.39,0,5692.93,37320.32
ORD-001590,CUST-00384,2025-05-24,completed,web,INR,4319.06,0.0,4319.06,0,777.43,5096.49
ORD-001591,CUST-00425,2025-12-19,completed,mobile_app,INR,14313.33,2067.67,12245.66,0,2204.22,14449.88
ORD-001592,CUST-01217,2026-02-12,completed,web,INR,10322.64,637.29,9685.35,0,1743.36,11428.71
ORD-001593,CUST-01608,2025-10-19,completed,web,INR,2960.61,75.11,2885.5,0,519.39,3404.89
ORD-001594,CUST-00036,2025-01-28,completed,mobile_app,INR,2059.1400000000003,152.21,1906.93,79,343.25,2329.18
ORD-001595,CUST-00318,2026-06-02,completed,mobile_app,INR,20466.16,1804.0,18662.16,0,3359.19,22021.35
ORD-001596,CUST-00574,2025-08-15,completed,web,INR,12426.5,0.0,12426.5,0,2236.77,14663.27
ORD-001597,CUST-01888,2026-01-10,completed,web,INR,13971.0,1397.1,12573.9,0,2263.3,14837.2
ORD-001598,CUST-00117,2025-04-10,completed,mobile_app,INR,17026.54,1491.65,15534.89,0,2796.28,18331.17
ORD-001599,CUST-00358,2026-05-22,completed,web,INR,498.2,99.64,398.56,99,71.74,569.3
ORD-001600,CUST-00808,2025-12-16,completed,mobile_app,INR,1192.82,0.0,1192.82,99,214.71,1506.53
ORD-001601,CUST-00652,2025-10-17,completed,mobile_app,INR,15399.869999999999,1540.14,13859.73,0,2494.75,16354.48
ORD-001602,CUST-00098,2026-01-08,returned,mobile_app,INR,4245.08,424.51,3820.57,0,687.7,4508.27
ORD-001603,CUST-01081,2026-07-10,completed,mobile_app,INR,9742.56,0.0,9742.56,0,1753.66,11496.22
ORD-001604,CUST-01216,2026-03-22,completed,mobile_app,INR,3616.03,0.0,3616.03,0,650.89,4266.92
ORD-001605,CUST-00354,2025-08-21,shipped,web,INR,5034.12,251.71,4782.41,0,860.83,5643.24
ORD-001606,CUST-01377,2026-06-30,completed,web,INR,8863.68,1329.55,7534.13,0,1356.14,8890.27
ORD-001607,CUST-00114,2025-03-22,completed,mobile_app,INR,6470.61,0.0,6470.61,0,1164.71,7635.32
ORD-001608,CUST-01463,2025-11-17,cancelled,web,INR,11951.19,963.79,10987.4,0,1977.73,12965.13
ORD-001609,CUST-00519,2026-03-02,shipped,mobile_app,INR,5653.26,311.36,5341.9,0,961.54,6303.44
ORD-001610,CUST-00449,2026-01-29,pending,web,INR,20242.77,1598.67,18644.1,0,3355.94,22000.04
ORD-001611,CUST-00393,2025-08-22,returned,web,INR,14092.79,2048.59,12044.2,0,2167.96,14212.16
ORD-001612,CUST-01738,2025-01-13,completed,web,INR,4957.02,312.18,4644.84,0,836.07,5480.91
ORD-001613,CUST-01005,2025-05-11,shipped,mobile_app,INR,14098.82,1429.64,12669.18,0,2280.45,14949.63
ORD-001614,CUST-01381,2026-07-13,completed,web,INR,11937.67,350.77,11586.9,0,2085.64,13672.54
ORD-001615,CUST-00408,2025-09-24,returned,web,INR,19832.93,0.0,19832.93,0,3569.93,23402.86
ORD-001616,CUST-00114,2025-08-13,completed,web,INR,3650.74,0.0,3650.74,0,657.13,4307.87
ORD-001617,CUST-00077,2025-02-10,completed,web,INR,3136.16,470.42,2665.74,0,479.83,3145.57
ORD-001618,CUST-00882,2026-06-06,completed,mobile_app,INR,8601.43,0.0,8601.43,0,1548.26,10149.69
ORD-001619,CUST-00653,2025-08-02,completed,mobile_app,INR,5888.95,309.9,5579.049999999999,0,1004.23,6583.28
ORD-001620,CUST-01536,2026-07-10,completed,mobile_app,INR,9407.46,245.15,9162.31,0,1649.22,10811.53
ORD-001621,CUST-01577,2025-11-25,cancelled,web,INR,28558.65,2456.54,26102.11,0,4698.38,30800.49
ORD-001622,CUST-00622,2025-05-10,completed,web,INR,4567.71,913.55,3654.16,0,657.75,4311.91
ORD-001623,CUST-00868,2026-06-16,cancelled,mobile_app,INR,6031.4400000000005,145.21,5886.23,0,1059.52,6945.75
ORD-001624,CUST-00764,2026-07-13,completed,mobile_app,INR,14851.4,0.0,14851.4,0,2673.25,17524.65
ORD-001625,CUST-01351,2026-06-21,completed,mobile_app,INR,18791.12,992.52,17798.6,0,3203.75,21002.35
ORD-001626,CUST-01260,2026-06-04,completed,web,INR,7648.08,0.0,7648.08,0,1376.65,9024.73
ORD-001627,CUST-01303,2026-02-01,completed,web,INR,32021.82,47.57,31974.25,0,5755.36,37729.61
ORD-001628,CUST-00111,2026-01-22,completed,web,INR,8455.75,845.5699999999999,7610.18,0,1369.83,8980.01
ORD-001629,CUST-00676,2026-06-09,completed,web,INR,28286.31,504.58,27781.730000000003,0,5000.71,32782.44
ORD-001630,CUST-01934,2026-07-10,completed,web,INR,46688.79,4341.49,42347.3,0,7622.51,49969.81
ORD-001631,CUST-00684,2026-07-23,cancelled,mobile_app,INR,10879.05,1501.58,9377.470000000001,0,1687.94,11065.41
ORD-001632,CUST-00349,2026-07-12,completed,web,INR,4394.44,0.0,4394.44,0,791.0,5185.44
ORD-001633,CUST-00400,2026-03-12,shipped,web,INR,28243.07,2254.68,25988.39,0,4677.91,30666.3
ORD-001634,CUST-00054,2025-11-23,shipped,mobile_app,INR,16667.28,262.18,16405.1,0,2952.92,19358.02
ORD-001635,CUST-01562,2025-10-12,completed,mobile_app,INR,34450.66,233.76,34216.9,0,6159.04,40375.94
ORD-001636,CUST-00011,2026-05-20,returned,web,INR,2230.26,223.03,2007.23,0,361.3,2368.53
ORD-001637,CUST-01193,2026-05-19,cancelled,web,INR,9905.240000000002,282.28,9622.96,0,1732.13,11355.09
ORD-001638,CUST-00800,2025-07-09,cancelled,mobile_app,INR,29538.14,0.0,29538.14,0,5316.87,34855.01
ORD-001639,CUST-00190,2025-01-06,cancelled,mobile_app,INR,14180.12,515.94,13664.18,0,2459.55,16123.73
ORD-001640,CUST-01769,2026-04-11,completed,mobile_app,INR,9228.130000000001,226.84,9001.29,0,1620.23,10621.52
ORD-001641,CUST-01484,2025-05-17,pending,web,INR,34417.32,0.0,34417.32,0,6195.12,40612.44
ORD-001642,CUST-01640,2026-07-30,completed,mobile_app,INR,8845.83,289.39,8556.439999999999,0,1540.16,10096.6
ORD-001643,CUST-01874,2026-06-08,completed,mobile_app,INR,19517.48,2264.83,17252.65,0,3105.48,20358.13
ORD-001644,CUST-01825,2026-07-12,shipped,web,INR,11305.710000000001,451.21000000000004,10854.5,0,1953.81,12808.31
ORD-001645,CUST-01402,2026-01-27,completed,web,INR,14405.11,1330.85,13074.26,0,2353.37,15427.63
ORD-001646,CUST-01068,2025-12-08,completed,mobile_app,INR,33289.990000000005,0.0,33289.990000000005,0,5992.2,39282.19
ORD-001647,CUST-01394,2025-12-09,completed,mobile_app,INR,13037.98,294.06,12743.92,0,2293.91,15037.83
ORD-001648,CUST-00898,2026-05-04,completed,web,INR,18123.34,1919.45,16203.89,0,2916.7,19120.59
ORD-001649,CUST-00363,2025-03-10,returned,mobile_app,INR,3103.46,465.52,2637.94,0,474.83,3112.77
ORD-001650,CUST-00772,2026-07-20,completed,mobile_app,INR,29811.33,3952.55,25858.78,0,4654.58,30513.36
ORD-001651,CUST-00934,2026-05-23,completed,web,INR,8644.05,864.4,7779.65,0,1400.34,9179.99
ORD-001652,CUST-00093,2026-06-13,shipped,web,INR,16778.47,473.55,16304.92,0,2934.89,19239.81
ORD-001653,CUST-01695,2025-03-15,cancelled,web,INR,8745.48,1311.82,7433.66,0,1338.06,8771.72
ORD-001654,CUST-01820,2025-07-17,cancelled,mobile_app,INR,27005.170000000002,547.61,26457.56,0,4762.36,31219.92
ORD-001655,CUST-00840,2026-07-03,completed,web,INR,55852.93,1808.3,54044.63,0,9728.03,63772.66
ORD-001656,CUST-00993,2026-01-16,returned,mobile_app,INR,16699.23,211.61,16487.62,0,2967.77,19455.39
ORD-001657,CUST-01682,2025-07-29,completed,web,INR,10332.81,0.0,10332.81,0,1859.91,12192.72
ORD-001658,CUST-00911,2026-03-26,cancelled,mobile_app,INR,54900.86,1326.69,53574.170000000006,0,9643.35,63217.52
ORD-001659,CUST-01377,2026-06-28,completed,mobile_app,INR,18382.6,1017.99,17364.61,0,3125.63,20490.24
ORD-001660,CUST-01031,2025-04-09,completed,mobile_app,INR,11761.970000000001,1327.47,10434.5,0,1878.21,12312.71
ORD-001661,CUST-00543,2026-07-13,completed,mobile_app,INR,29758.84,523.38,29235.46,0,5262.38,34497.84
ORD-001662,CUST-01589,2026-04-22,completed,web,INR,4410.57,0.0,4410.57,0,793.9,5204.47
ORD-001663,CUST-00386,2026-06-19,completed,web,INR,2264.79,357.25,1907.54,49,343.36,2299.9
ORD-001664,CUST-00449,2025-05-25,completed,web,INR,8625.6,0.0,8625.6,0,1552.61,10178.21
ORD-001665,CUST-01383,2026-07-26,shipped,mobile_app,INR,18202.59,1844.33,16358.259999999998,0,2944.49,19302.75
ORD-001666,CUST-01420,2025-10-22,completed,web,INR,4976.84,686.01,4290.83,0,772.35,5063.18
ORD-001667,CUST-01909,2026-04-11,completed,web,INR,9384.45,152.67,9231.779999999999,0,1661.72,10893.5
ORD-001668,CUST-01422,2026-07-31,completed,web,INR,6155.94,615.59,5540.35,0,997.26,6537.61
ORD-001669,CUST-00050,2026-03-18,returned,mobile_app,INR,24539.25,1545.25,22994.0,0,4138.92,27132.92
ORD-001670,CUST-01700,2026-07-22,completed,web,INR,8017.71,1147.93,6869.78,0,1236.56,8106.34
ORD-001671,CUST-00828,2026-05-28,completed,web,INR,18200.52,1582.07,16618.45,0,2991.32,19609.77
ORD-001672,CUST-00018,2026-04-01,returned,web,INR,38451.59,5560.22,32891.37,0,5920.45,38811.82
ORD-001673,CUST-01159,2026-07-08,shipped,web,INR,21664.65,824.5,20840.15,0,3751.23,24591.38
ORD-001674,CUST-00341,2026-05-26,completed,mobile_app,INR,15986.61,1201.9099999999999,14784.7,0,2661.25,17445.95
ORD-001675,CUST-00832,2026-02-24,completed,mobile_app,INR,7584.86,1137.73,6447.13,0,1160.48,7607.61
ORD-001676,CUST-00943,2026-06-10,pending,mobile_app,INR,21137.230000000003,262.27,20874.96,0,3757.49,24632.45
ORD-001677,CUST-00149,2026-03-04,completed,web,INR,13014.16,1462.37,11551.79,0,2079.32,13631.11
ORD-001678,CUST-01702,2025-10-19,completed,web,INR,10927.58,1639.14,9288.44,0,1671.92,10960.36
ORD-001679,CUST-01021,2025-03-16,completed,mobile_app,INR,19748.05,1635.65,18112.4,0,3260.23,21372.63
ORD-001680,CUST-01931,2025-10-21,cancelled,web,INR,12602.61,1009.44,11593.17,0,2086.77,13679.94
ORD-001681,CUST-00930,2026-06-09,completed,mobile_app,INR,27119.839999999997,416.07,26703.769999999997,0,4806.68,31510.45
ORD-001682,CUST-01190,2025-03-07,returned,mobile_app,INR,7348.799999999999,238.01,7110.79,0,1279.94,8390.73
ORD-001683,CUST-01625,2026-06-20,shipped,web,INR,30362.25,2511.99,27850.260000000002,0,5013.05,32863.31
ORD-001684,CUST-00425,2025-12-22,completed,mobile_app,INR,5988.8,0.0,5988.8,0,1077.98,7066.78
ORD-001685,CUST-01818,2025-01-28,completed,web,INR,19749.03,822.7099999999999,18926.32,0,3406.74,22333.06
ORD-001686,CUST-00370,2026-06-01,returned,web,INR,12719.58,684.07,12035.51,0,2166.39,14201.9
ORD-001687,CUST-01992,2025-02-17,completed,web,INR,12083.740000000002,1099.84,10983.9,0,1977.1,12961.0
ORD-001688,CUST-01279,2025-12-19,completed,mobile_app,INR,18133.59,1674.05,16459.54,0,2962.72,19422.26
ORD-001689,CUST-01038,2025-10-20,shipped,mobile_app,INR,21502.61,502.33,21000.28,0,3780.05,24780.33
ORD-001690,CUST-00421,2026-07-14,completed,web,INR,15009.239999999998,110.63,14898.61,0,2681.75,17580.36
ORD-001691,CUST-01139,2026-03-03,completed,mobile_app,INR,1549.35,0.0,1549.35,99,278.88,1927.23
ORD-001692,CUST-01107,2025-03-10,completed,web,INR,21342.010000000002,552.63,20789.38,0,3742.09,24531.47
ORD-001693,CUST-01968,2025-09-27,completed,web,INR,14600.86,935.78,13665.08,0,2459.71,16124.79
ORD-001694,CUST-01670,2026-05-31,shipped,web,INR,50947.94,1635.61,49312.33,0,8876.22,58188.55
ORD-001695,CUST-00966,2026-07-14,completed,mobile_app,INR,12198.48,324.84000000000003,11873.64,0,2137.26,14010.9
ORD-001696,CUST-00780,2026-04-11,completed,mobile_app,INR,1664.56,0.0,1664.56,99,299.62,2063.18
ORD-001697,CUST-00775,2026-04-28,cancelled,mobile_app,INR,25941.46,329.22,25612.24,0,4610.2,30222.44
ORD-001698,CUST-00757,2026-07-01,completed,web,INR,9370.82,884.23,8486.59,0,1527.59,10014.18
ORD-001699,CUST-00028,2026-04-08,shipped,web,INR,10114.91,1813.49,8301.42,0,1494.26,9795.68
ORD-001700,CUST-00073,2025-07-14,completed,web,INR,33679.69,3524.01,30155.680000000004,0,5428.02,35583.7
ORD-001701,CUST-01503,2026-04-25,completed,mobile_app,INR,1881.67,188.17,1693.5,99,304.83,2097.33
ORD-001702,CUST-00509,2025-10-11,completed,web,INR,21315.79,3349.33,17966.46,0,3233.96,21200.42
ORD-001703,CUST-00823,2025-12-03,shipped,web,INR,2173.97,434.79,1739.18,49,313.05,2101.23
ORD-001704,CUST-01397,2026-01-28,returned,mobile_app,INR,14605.580000000002,727.42,13878.16,0,2498.07,16376.23
ORD-001705,CUST-01216,2025-12-14,completed,web,INR,19748.81,651.06,19097.75,0,3437.6,22535.35
ORD-001706,CUST-00721,2025-06-05,completed,mobile_app,INR,27282.47,2397.63,24884.84,0,4479.27,29364.11
ORD-001707,CUST-01505,2026-04-21,completed,mobile_app,INR,10731.28,610.27,10121.01,0,1821.78,11942.79
ORD-001708,CUST-00317,2026-02-19,completed,web,INR,22881.32,2479.2200000000003,20402.1,0,3672.38,24074.48
ORD-001709,CUST-00946,2025-10-30,completed,web,INR,25410.300000000003,1278.11,24132.190000000002,0,4343.79,28475.98
ORD-001710,CUST-00212,2025-12-26,returned,mobile_app,INR,17630.739999999998,1459.1100000000001,16171.630000000001,0,2910.89,19082.52
ORD-001711,CUST-01064,2025-10-30,cancelled,mobile_app,INR,11698.24,2163.2,9535.039999999999,0,1716.31,11251.35
ORD-001712,CUST-00191,2026-03-25,completed,web,INR,4988.72,249.44,4739.28,0,853.07,5592.35
ORD-001713,CUST-01884,2026-03-29,completed,mobile_app,INR,17968.13,596.73,17371.4,0,3126.85,20498.25
ORD-001714,CUST-01319,2026-06-16,completed,web,INR,9997.65,1267.98,8729.67,0,1571.34,10301.01
ORD-001715,CUST-00491,2026-07-29,completed,mobile_app,INR,20834.73,0.0,20834.73,0,3750.25,24584.98
ORD-001716,CUST-01226,2026-07-12,completed,web,INR,16511.61,1651.16,14860.45,0,2674.88,17535.33
ORD-001717,CUST-00700,2025-06-16,returned,web,INR,14616.12,0.0,14616.12,0,2630.9,17247.02
ORD-001718,CUST-01038,2025-10-21,completed,mobile_app,INR,26229.61,402.09,25827.52,0,4648.95,30476.47
ORD-001719,CUST-00335,2025-06-21,completed,web,INR,36114.19,4944.13,31170.06,0,5610.61,36780.67
ORD-001720,CUST-01001,2026-07-07,completed,mobile_app,INR,2966.94,296.69,2670.25,0,480.64,3150.89
ORD-001721,CUST-00214,2025-04-21,completed,mobile_app,INR,1548.71,0.0,1548.71,49,278.77,1876.48
ORD-001722,CUST-00307,2025-09-19,returned,mobile_app,INR,2497.26,374.59,2122.67,0,382.08,2504.75
ORD-001723,CUST-01169,2026-07-30,cancelled,web,INR,8549.73,652.3,7897.43,0,1421.54,9318.97
ORD-001724,CUST-01002,2026-06-19,cancelled,web,INR,43451.83,3131.8599999999997,40319.97,0,7257.59,47577.56
ORD-001725,CUST-00588,2025-03-25,cancelled,web,INR,14147.16,272.22,13874.94,0,2497.49,16372.43
ORD-001726,CUST-00120,2025-09-15,completed,web,INR,3308.58,0.0,3308.58,0,595.54,3904.12
ORD-001727,CUST-00848,2026-04-26,shipped,web,INR,11634.64,174.94,11459.7,0,2062.75,13522.45
ORD-001728,CUST-01852,2025-09-12,shipped,web,INR,9445.91,291.42,9154.49,0,1647.81,10802.3
ORD-001729,CUST-01417,2025-10-24,completed,web,INR,4513.16,0.0,4513.16,0,812.37,5325.53
ORD-001730,CUST-00117,2025-04-01,completed,mobile_app,INR,5121.9,0.0,5121.9,0,921.94,6043.84
ORD-001731,CUST-01876,2025-12-15,shipped,web,INR,2311.82,231.18,2080.64,0,374.52,2455.16
ORD-001732,CUST-00848,2025-03-14,returned,web,INR,589.19,88.38,500.81,99,90.15,689.96
ORD-001733,CUST-01152,2025-10-03,completed,mobile_app,INR,22300.8,283.36,22017.44,0,3963.14,25980.58
ORD-001734,CUST-00002,2026-05-10,returned,web,INR,23313.600000000002,923.45,22390.15,0,4030.23,26420.38
ORD-001735,CUST-00621,2025-09-03,returned,mobile_app,INR,9513.03,1902.61,7610.42,0,1369.88,8980.3
ORD-001736,CUST-01573,2026-06-18,returned,mobile_app,INR,16471.77,1785.74,14686.03,0,2643.49,17329.52
ORD-001737,CUST-00662,2026-05-14,completed,mobile_app,INR,17255.34,0.0,17255.34,0,3105.96,20361.3
ORD-001738,CUST-00333,2025-03-20,completed,mobile_app,INR,64428.7,1399.71,63028.99,0,11345.22,74374.21
ORD-001739,CUST-00182,2026-04-17,shipped,mobile_app,INR,7330.66,964.42,6366.24,0,1145.92,7512.16
ORD-001740,CUST-01850,2026-06-10,completed,mobile_app,INR,15236.79,867.89,14368.9,0,2586.4,16955.3
ORD-001741,CUST-01626,2026-07-26,completed,web,INR,16041.109999999999,335.22,15705.89,0,2827.06,18532.95
ORD-001742,CUST-00088,2025-07-27,shipped,web,INR,7628.0599999999995,0.0,7628.0599999999995,0,1373.05,9001.11
ORD-001743,CUST-01851,2025-08-17,completed,mobile_app,INR,20754.219999999998,1659.16,19095.059999999998,0,3437.11,22532.17
ORD-001744,CUST-01642,2025-09-03,completed,web,INR,10015.44,0.0,10015.44,0,1802.78,11818.22
ORD-001745,CUST-00720,2026-01-10,returned,web,INR,9749.88,0.0,9749.88,0,1754.98,11504.86
ORD-001746,CUST-01314,2026-07-17,completed,mobile_app,INR,20196.25,1468.62,18727.63,0,3370.97,22098.6
ORD-001747,CUST-00516,2026-01-11,returned,web,INR,4647.72,0.0,4647.72,0,836.59,5484.31
ORD-001748,CUST-00500,2026-06-05,completed,web,INR,29487.420000000002,2487.31,27000.11,0,4860.02,31860.13
ORD-001749,CUST-01430,2026-03-23,completed,mobile_app,INR,12715.44,0.0,12715.44,0,2288.78,15004.22
ORD-001750,CUST-00405,2025-12-19,completed,web,INR,7974.29,0.0,7974.29,0,1435.37,9409.66
ORD-001751,CUST-00711,2025-11-03,completed,web,INR,3475.7,0.0,3475.7,0,625.63,4101.33
ORD-001752,CUST-00716,2026-03-16,completed,mobile_app,INR,18251.15,2363.9,15887.25,0,2859.7,18746.95
ORD-001753,CUST-00301,2025-12-03,cancelled,mobile_app,INR,37023.29,2273.95,34749.34,0,6254.88,41004.22
ORD-001754,CUST-01657,2026-04-03,returned,web,INR,9485.2,0.0,9485.2,0,1707.34,11192.54
ORD-001755,CUST-01348,2026-07-20,completed,web,INR,3612.81,0.0,3612.81,0,650.31,4263.12
ORD-001756,CUST-01724,2026-01-27,completed,web,INR,20282.1,555.16,19726.940000000002,0,3550.85,23277.79
ORD-001757,CUST-01048,2025-09-18,completed,mobile_app,INR,2687.28,268.73,2418.55,0,435.34,2853.89
ORD-001758,CUST-00351,2026-04-26,completed,web,INR,22604.239999999998,2153.1,20451.14,0,3681.21,24132.35
ORD-001759,CUST-00560,2026-03-25,completed,mobile_app,INR,33065.27,0.0,33065.27,0,5951.75,39017.02
ORD-001760,CUST-00707,2025-07-07,completed,mobile_app,INR,19152.32,350.09,18802.23,0,3384.4,22186.63
ORD-001761,CUST-01884,2026-04-06,completed,web,INR,25867.84,1175.86,24691.98,0,4444.56,29136.54
ORD-001762,CUST-00475,2026-04-17,completed,web,INR,10790.62,1840.3600000000001,8950.26,0,1611.05,10561.31
ORD-001763,CUST-01387,2026-05-27,completed,mobile_app,INR,15655.55,2648.4700000000003,13007.08,0,2341.27,15348.35
ORD-001764,CUST-00246,2025-04-23,shipped,mobile_app,INR,27257.729999999996,1478.03,25779.699999999997,0,4640.35,30420.05
ORD-001765,CUST-01912,2026-05-31,completed,web,INR,32488.690000000002,5203.79,27284.9,0,4911.28,32196.18
ORD-001766,CUST-01293,2025-10-31,completed,web,INR,17135.99,919.78,16216.210000000001,0,2918.92,19135.13
ORD-001767,CUST-00862,2026-07-10,completed,mobile_app,INR,12824.06,318.13,12505.93,0,2251.07,14757.0
ORD-001768,CUST-00692,2026-03-28,completed,mobile_app,INR,8131.1,0.0,8131.1,0,1463.6,9594.7
ORD-001769,CUST-00710,2025-12-03,returned,web,INR,11061.99,374.87,10687.119999999999,0,1923.68,12610.8
ORD-001770,CUST-00451,2026-07-13,shipped,web,INR,27990.22,2919.44,25070.78,0,4512.74,29583.52
ORD-001771,CUST-01200,2025-08-12,returned,mobile_app,INR,41870.04,7850.83,34019.21,0,6123.46,40142.67
ORD-001772,CUST-01732,2026-06-22,completed,web,INR,39036.619999999995,2472.0,36564.62,0,6581.63,43146.25
ORD-001773,CUST-00483,2025-11-24,completed,web,INR,10113.080000000002,823.05,9290.029999999999,0,1672.21,10962.24
ORD-001774,CUST-01497,2026-07-28,completed,web,INR,14038.85,717.38,13321.470000000001,0,2397.86,15719.33
ORD-001775,CUST-01133,2026-04-27,completed,web,INR,11867.04,0.0,11867.04,0,2136.07,14003.11
ORD-001776,CUST-01548,2026-07-17,completed,web,INR,13042.41,129.24,12913.17,0,2324.37,15237.54
ORD-001777,CUST-01540,2025-12-10,completed,web,INR,9156.11,230.55,8925.56,0,1606.6,10532.16
ORD-001778,CUST-00079,2026-03-29,completed,web,INR,6873.4,0.0,6873.4,0,1237.21,8110.61
ORD-001779,CUST-00043,2026-07-04,completed,web,INR,47016.71,166.75,46849.96,0,8432.99,55282.95
ORD-001780,CUST-01831,2025-03-30,completed,web,INR,35473.76,1211.54,34262.22,0,6167.2,40429.42
ORD-001781,CUST-00311,2026-03-17,completed,web,INR,6913.62,1382.72,5530.9,0,995.56,6526.46
ORD-001782,CUST-01150,2026-07-20,completed,web,INR,25800.61,2439.16,23361.45,0,4205.06,27566.51
ORD-001783,CUST-01507,2026-06-26,pending,web,INR,8738.98,775.42,7963.56,0,1433.44,9397.0
ORD-001784,CUST-01008,2026-06-11,completed,web,INR,51385.23,1672.56,49712.67,0,8948.28,58660.95
ORD-001785,CUST-00013,2026-03-09,completed,mobile_app,INR,10934.48,1640.17,9294.31,0,1672.98,10967.29
ORD-001786,CUST-00022,2026-05-27,completed,web,INR,11902.91,1665.1000000000001,10237.810000000001,0,1842.81,12080.62
ORD-001787,CUST-01340,2026-01-05,completed,mobile_app,INR,7812.79,0.0,7812.79,0,1406.3,9219.09
ORD-001788,CUST-01796,2025-10-04,shipped,web,INR,17681.87,1581.46,16100.41,0,2898.07,18998.48
ORD-001789,CUST-00687,2025-05-19,completed,web,INR,29068.5,1174.4599999999998,27894.039999999997,0,5020.93,32914.97
ORD-001790,CUST-01088,2026-07-23,pending,web,INR,30518.39,5668.46,24849.93,0,4472.99,29322.92
ORD-001791,CUST-01868,2026-02-20,cancelled,web,INR,5058.83,123.31,4935.52,0,888.39,5823.91
ORD-001792,CUST-01651,2026-03-12,completed,web,INR,24924.61,185.32,24739.29,0,4453.07,29192.36
ORD-001793,CUST-01082,2026-07-26,returned,mobile_app,INR,3310.66,0.0,3310.66,0,595.92,3906.58
ORD-001794,CUST-01312,2025-08-13,completed,web,INR,21578.69,1950.38,19628.31,0,3533.1,23161.41
ORD-001795,CUST-01923,2026-05-05,pending,web,INR,3163.0,632.6,2530.4,0,455.47,2985.87
ORD-001796,CUST-01594,2025-07-18,completed,web,INR,31651.5,5738.54,25912.96,0,4664.33,30577.29
ORD-001797,CUST-00832,2026-04-11,pending,mobile_app,INR,23087.61,310.29,22777.32,0,4099.92,26877.24
ORD-001798,CUST-01386,2025-08-14,completed,web,INR,19269.97,2400.87,16869.1,0,3036.44,19905.54
ORD-001799,CUST-00658,2026-01-30,completed,web,INR,20970.43,1759.96,19210.47,0,3457.88,22668.35
ORD-001800,CUST-01842,2025-11-19,returned,web,INR,21491.31,4298.26,17193.05,0,3094.75,20287.8
ORD-001801,CUST-00188,2026-01-08,completed,mobile_app,INR,14346.48,717.3199999999999,13629.16,0,2453.25,16082.41
ORD-001802,CUST-00451,2026-07-06,completed,mobile_app,INR,15364.82,1201.5300000000002,14163.29,0,2549.39,16712.68
ORD-001803,CUST-00693,2026-06-01,completed,web,INR,34792.810000000005,1153.17,33639.64,0,6055.14,39694.78
ORD-001804,CUST-00405,2026-03-07,completed,web,INR,5514.219999999999,97.81,5416.41,0,974.95,6391.36
ORD-001805,CUST-01191,2025-12-01,completed,mobile_app,INR,45325.020000000004,1386.8899999999999,43938.13,0,7908.86,51846.99
ORD-001806,CUST-01426,2026-05-31,completed,web,INR,26607.200000000004,2078.62,24528.58,0,4415.14,28943.72
ORD-001807,CUST-01781,2025-11-10,completed,web,INR,26762.5,2084.92,24677.58,0,4441.96,29119.54
ORD-001808,CUST-01003,2026-01-08,cancelled,web,INR,2422.06,0.0,2422.06,0,435.97,2858.03
ORD-001809,CUST-01243,2026-07-30,completed,web,INR,14039.689999999999,0.0,14039.689999999999,0,2527.14,16566.83
ORD-001810,CUST-01199,2026-02-06,cancelled,web,INR,8237.13,323.49,7913.64,0,1424.46,9338.1
ORD-001811,CUST-00007,2025-02-23,completed,mobile_app,INR,11550.33,1042.83,10507.5,0,1891.35,12398.85
ORD-001812,CUST-01418,2026-06-28,shipped,mobile_app,INR,9857.85,483.65999999999997,9374.19,0,1687.35,11061.54
ORD-001813,CUST-00047,2026-06-02,shipped,web,INR,13244.239999999998,67.57,13176.669999999998,0,2371.8,15548.47
ORD-001814,CUST-01095,2025-08-26,returned,web,INR,28922.91,1180.03,27742.88,0,4993.72,32736.6
ORD-001815,CUST-02000,2025-11-08,completed,web,INR,10292.16,0.0,10292.16,0,1852.59,12144.75
ORD-001816,CUST-01576,2025-09-17,completed,mobile_app,INR,16495.02,1956.74,14538.28,0,2616.89,17155.17
ORD-001817,CUST-01013,2026-07-30,returned,web,INR,23705.690000000002,0.0,23705.690000000002,0,4267.02,27972.71
ORD-001818,CUST-00638,2025-09-21,shipped,web,INR,9792.28,145.22,9647.060000000001,0,1736.47,11383.53
ORD-001819,CUST-01675,2026-05-28,completed,web,INR,20545.79,1039.16,19506.629999999997,0,3511.19,23017.82
ORD-001820,CUST-01718,2025-07-30,completed,web,INR,17750.2,2597.8399999999997,15152.36,0,2727.42,17879.78
ORD-001821,CUST-00737,2026-02-24,cancelled,web,INR,2073.23,0.0,2073.23,0,373.18,2446.41
ORD-001822,CUST-00216,2026-01-25,completed,web,INR,46593.05,305.18,46287.87,0,8331.82,54619.69
ORD-001823,CUST-01165,2025-10-31,completed,mobile_app,INR,7844.99,51.36,7793.629999999999,0,1402.85,9196.48
ORD-001824,CUST-01269,2026-06-17,cancelled,web,INR,8176.1,611.73,7564.37,0,1361.59,8925.96
ORD-001825,CUST-01869,2025-04-10,completed,mobile_app,INR,9039.67,492.98,8546.69,0,1538.4,10085.09
ORD-001826,CUST-01781,2026-05-20,completed,web,INR,5433.62,911.36,4522.26,0,814.01,5336.27
ORD-001827,CUST-00459,2026-04-28,completed,web,INR,13239.79,606.48,12633.31,0,2274.0,14907.31
ORD-001828,CUST-00506,2025-04-25,completed,mobile_app,INR,17449.98,151.9,17298.08,0,3113.65,20411.73
ORD-001829,CUST-01994,2026-07-11,completed,mobile_app,INR,9417.17,554.96,8862.21,0,1595.2,10457.41
ORD-001830,CUST-00654,2026-07-31,shipped,web,INR,5032.34,582.96,4449.38,0,800.89,5250.27
ORD-001831,CUST-00917,2025-12-28,completed,mobile_app,INR,10051.27,847.63,9203.64,0,1656.66,10860.3
ORD-001832,CUST-00611,2026-06-03,returned,web,INR,7245.94,0.0,7245.94,0,1304.27,8550.21
ORD-001833,CUST-00787,2026-03-12,cancelled,mobile_app,INR,4438.29,0.0,4438.29,0,798.89,5237.18
ORD-001834,CUST-01129,2025-07-05,cancelled,web,INR,23292.02,251.55,23040.47,0,4147.28,27187.75
ORD-001835,CUST-00585,2025-07-01,completed,web,INR,9298.74,0.0,9298.74,0,1673.77,10972.51
ORD-001836,CUST-00826,2025-11-21,completed,web,INR,10341.1,517.05,9824.05,0,1768.33,11592.38
ORD-001837,CUST-00706,2026-01-28,shipped,web,INR,27743.53,130.08,27613.45,0,4970.42,32583.87
ORD-001838,CUST-00216,2025-07-11,completed,web,INR,17288.75,1181.38,16107.37,0,2899.33,19006.7
ORD-001839,CUST-01574,2026-02-05,completed,mobile_app,INR,23267.33,3537.2200000000003,19730.11,0,3551.42,23281.53
ORD-001840,CUST-01783,2026-07-04,completed,web,INR,22622.39,2319.44,20302.949999999997,0,3654.53,23957.48
ORD-001841,CUST-00985,2026-03-04,completed,web,INR,25353.09,696.98,24656.11,0,4438.1,29094.21
ORD-001842,CUST-00410,2026-03-12,shipped,web,INR,2350.11,117.51,2232.6,0,401.87,2634.47
ORD-001843,CUST-01287,2026-06-13,completed,web,INR,16882.28,2029.46,14852.82,0,2673.51,17526.33
ORD-001844,CUST-01069,2025-10-20,completed,mobile_app,INR,2016.44,403.29,1613.15,49,290.37,1952.52
ORD-001845,CUST-01103,2026-06-19,completed,mobile_app,INR,14492.51,0.0,14492.51,0,2608.65,17101.16
ORD-001846,CUST-01190,2025-09-05,completed,web,INR,4836.46,291.64,4544.82,0,818.07,5362.89
ORD-001847,CUST-01436,2026-01-22,completed,web,INR,28439.57,1811.59,26627.98,0,4793.04,31421.02
ORD-001848,CUST-00082,2026-07-29,cancelled,web,INR,14063.3,670.2,13393.1,0,2410.76,15803.86
ORD-001849,CUST-00199,2026-03-25,returned,mobile_app,INR,1653.64,330.73,1322.91,79,238.12,1640.03
ORD-001850,CUST-00192,2026-04-06,pending,web,INR,12682.26,287.38,12394.880000000001,0,2231.08,14625.96
ORD-001851,CUST-00310,2025-01-07,completed,web,INR,13167.12,1510.6399999999999,11656.48,0,2098.17,13754.65
ORD-001852,CUST-01944,2025-10-24,completed,web,INR,17763.68,1403.72,16359.96,0,2944.79,19304.75
ORD-001853,CUST-01461,2026-07-23,completed,web,INR,21952.980000000003,1834.65,20118.33,0,3621.3,23739.63
ORD-001854,CUST-01330,2025-08-18,completed,web,INR,8023.06,0.0,8023.06,0,1444.15,9467.21
ORD-001855,CUST-01398,2026-03-06,shipped,mobile_app,INR,6747.77,206.47,6541.3,0,1177.43,7718.73
ORD-001856,CUST-00068,2025-07-07,cancelled,web,INR,335.05,0.0,335.05,79,60.31,474.36
ORD-001857,CUST-00427,2026-04-19,completed,web,INR,37308.94,4213.87,33095.07,0,5957.11,39052.18
ORD-001858,CUST-01589,2026-06-23,completed,web,INR,22865.75,1972.99,20892.76,0,3760.7,24653.46
ORD-001859,CUST-00926,2026-06-26,pending,web,INR,17945.43,534.57,17410.86,0,3133.95,20544.81
ORD-001860,CUST-01018,2026-01-16,completed,mobile_app,INR,19177.48,0.0,19177.48,0,3451.95,22629.43
ORD-001861,CUST-01501,2026-02-01,cancelled,mobile_app,INR,2321.39,196.79000000000002,2124.6,0,382.43,2507.03
ORD-001862,CUST-00151,2026-07-11,shipped,mobile_app,INR,37195.97,3029.0,34166.97,0,6150.05,40317.02
ORD-001863,CUST-01598,2026-07-15,completed,mobile_app,INR,7138.950000000001,206.0,6932.950000000001,0,1247.93,8180.88
ORD-001864,CUST-01362,2025-11-16,returned,web,INR,21779.41,310.5,21468.91,0,3864.4,25333.31
ORD-001865,CUST-00808,2025-01-30,cancelled,web,INR,20000.64,1201.18,18799.46,0,3383.9,22183.36
ORD-001866,CUST-00999,2026-07-16,cancelled,web,INR,35965.479999999996,223.3,35742.18,0,6433.59,42175.77
ORD-001867,CUST-00149,2026-07-12,completed,mobile_app,INR,8459.36,285.68,8173.68,0,1471.26,9644.94
ORD-001868,CUST-00410,2025-10-03,completed,mobile_app,INR,4158.32,207.92,3950.4,0,711.07,4661.47
ORD-001869,CUST-00493,2026-04-21,shipped,web,INR,40499.81,4143.11,36356.7,0,6544.21,42900.91
ORD-001870,CUST-01756,2026-03-17,completed,web,INR,8134.12,323.74,7810.379999999999,0,1405.87,9216.25
ORD-001871,CUST-00226,2025-09-11,completed,mobile_app,INR,46949.51,547.04,46402.47,0,8352.44,54754.91
ORD-001872,CUST-00583,2025-08-28,completed,web,INR,3998.17,526.5600000000001,3471.6099999999997,0,624.89,4096.5
ORD-001873,CUST-00264,2026-06-25,completed,web,INR,24977.64,2385.97,22591.670000000002,0,4066.5,26658.17
ORD-001874,CUST-00570,2026-06-02,shipped,web,INR,12786.09,998.44,11787.65,0,2121.78,13909.43
ORD-001875,CUST-00022,2025-10-09,completed,web,INR,27626.91,3269.91,24357.0,0,4384.26,28741.26
ORD-001876,CUST-00546,2025-07-08,completed,web,INR,18532.75,507.69,18025.059999999998,0,3244.51,21269.57
ORD-001877,CUST-01448,2026-07-16,completed,mobile_app,INR,15957.27,1307.92,14649.35,0,2636.88,17286.23
ORD-001878,CUST-01535,2026-06-08,completed,mobile_app,INR,19356.16,0.0,19356.16,0,3484.11,22840.27
ORD-001879,CUST-00759,2026-06-11,completed,web,INR,38530.97,1926.55,36604.42,0,6588.8,43193.22
ORD-001880,CUST-01413,2026-05-31,completed,web,INR,20765.28,1209.59,19555.690000000002,0,3520.02,23075.71
ORD-001881,CUST-01238,2026-03-28,completed,web,INR,710.9,0.0,710.9,79,127.96,917.86
ORD-001882,CUST-01807,2026-03-20,completed,web,INR,2890.7,433.6,2457.1,0,442.28,2899.38
ORD-001883,CUST-01610,2025-09-17,completed,web,INR,10079.23,775.92,9303.31,0,1674.6,10977.91
ORD-001884,CUST-00459,2026-04-24,completed,mobile_app,INR,3219.03,321.9,2897.13,0,521.48,3418.61
ORD-001885,CUST-01178,2025-11-21,completed,mobile_app,INR,20650.83,0.0,20650.83,0,3717.15,24367.98
ORD-001886,CUST-01573,2026-05-19,completed,web,INR,1716.01,85.8,1630.21,79,293.44,2002.65
ORD-001887,CUST-00612,2025-11-29,shipped,mobile_app,INR,3861.71,174.61,3687.1000000000004,0,663.68,4350.78
ORD-001888,CUST-01147,2025-08-15,completed,web,INR,6217.38,621.74,5595.64,0,1007.22,6602.86
ORD-001889,CUST-00801,2025-01-09,completed,mobile_app,INR,15194.98,1915.99,13278.99,0,2390.22,15669.21
ORD-001890,CUST-00618,2025-02-03,shipped,web,INR,1392.33,208.85,1183.48,99,213.03,1495.51
ORD-001891,CUST-00399,2025-09-03,cancelled,mobile_app,INR,12927.81,908.08,12019.73,0,2163.55,14183.28
ORD-001892,CUST-00071,2026-06-21,completed,web,INR,4936.700000000001,0.0,4936.700000000001,0,888.61,5825.31
ORD-001893,CUST-01500,2026-06-30,completed,web,INR,8795.77,1736.01,7059.759999999999,0,1270.76,8330.52
ORD-001894,CUST-01638,2026-05-24,cancelled,web,INR,8790.69,680.5,8110.1900000000005,0,1459.83,9570.02
ORD-001895,CUST-01304,2026-07-03,completed,mobile_app,INR,10932.01,1146.3,9785.71,0,1761.43,11547.14
ORD-001896,CUST-00483,2025-01-14,returned,mobile_app,INR,20523.23,2448.06,18075.170000000002,0,3253.53,21328.7
ORD-001897,CUST-00038,2026-07-12,completed,web,INR,20971.690000000002,766.78,20204.910000000003,0,3636.88,23841.79
ORD-001898,CUST-01264,2026-07-23,shipped,mobile_app,INR,28314.29,0.0,28314.29,0,5096.57,33410.86
ORD-001899,CUST-00400,2026-05-06,returned,web,INR,3650.12,182.51,3467.61,0,624.17,4091.78
ORD-001900,CUST-01098,2026-03-26,pending,mobile_app,INR,2095.95,0.0,2095.95,0,377.27,2473.22
ORD-001901,CUST-01941,2025-05-04,completed,mobile_app,INR,29100.84,2313.83,26787.01,0,4821.66,31608.67
ORD-001902,CUST-00009,2026-06-07,shipped,web,INR,11507.66,1020.51,10487.150000000001,0,1887.69,12374.84
ORD-001903,CUST-01155,2025-04-17,completed,web,INR,16972.8,2545.92,14426.88,0,2596.84,17023.72
ORD-001904,CUST-01989,2026-03-31,completed,web,INR,10370.99,657.3399999999999,9713.65,0,1748.46,11462.11
ORD-001905,CUST-00669,2026-07-29,cancelled,web,INR,8206.04,0.0,8206.04,0,1477.09,9683.13
ORD-001906,CUST-01629,2026-06-04,completed,web,INR,5475.99,273.8,5202.19,0,936.39,6138.58
ORD-001907,CUST-01657,2026-05-24,cancelled,mobile_app,INR,18396.879999999997,847.98,17548.9,0,3158.8,20707.7
ORD-001908,CUST-00973,2026-05-10,completed,mobile_app,INR,5982.46,0.0,5982.46,0,1076.84,7059.3
ORD-001909,CUST-00614,2026-04-25,completed,web,INR,5364.139999999999,0.0,5364.139999999999,0,965.55,6329.69
ORD-001910,CUST-01361,2026-07-16,completed,mobile_app,INR,6581.38,50.77,6530.610000000001,0,1175.51,7706.12
ORD-001911,CUST-01239,2025-07-27,completed,mobile_app,INR,10553.48,506.8,10046.68,0,1808.4,11855.08
ORD-001912,CUST-00954,2026-01-13,completed,web,INR,7329.55,499.75,6829.8,0,1229.36,8059.16
ORD-001913,CUST-00386,2026-04-17,completed,mobile_app,INR,8548.26,218.14,8330.119999999999,0,1499.42,9829.54
ORD-001914,CUST-01490,2025-08-07,pending,mobile_app,INR,3201.78,0.0,3201.78,0,576.32,3778.1
ORD-001915,CUST-00423,2026-02-10,cancelled,web,INR,5069.24,0.0,5069.24,0,912.46,5981.7
ORD-001916,CUST-00269,2025-12-20,shipped,mobile_app,INR,8634.61,981.1099999999999,7653.5,0,1377.63,9031.13
ORD-001917,CUST-00135,2026-03-29,completed,web,INR,17225.32,1830.67,15394.650000000001,0,2771.04,18165.69
ORD-001918,CUST-00893,2026-04-11,completed,web,INR,19305.63,0.0,19305.63,0,3475.01,22780.64
ORD-001919,CUST-00241,2026-06-24,shipped,web,INR,27448.45,0.0,27448.45,0,4940.72,32389.17
ORD-001920,CUST-00672,2025-09-28,completed,mobile_app,INR,23006.4,3338.3,19668.1,0,3540.26,23208.36
ORD-001921,CUST-00484,2026-03-24,completed,mobile_app,INR,3452.38,690.48,2761.9,0,497.14,3259.04
ORD-001922,CUST-00920,2026-07-07,returned,web,INR,29287.28,0.0,29287.28,0,5271.71,34558.99
ORD-001923,CUST-01556,2025-12-10,completed,web,INR,20973.47,1761.62,19211.85,0,3458.13,22669.98
ORD-001924,CUST-00901,2025-04-29,returned,web,INR,19337.36,2304.58,17032.78,0,3065.9,20098.68
ORD-001925,CUST-01115,2025-12-15,completed,mobile_app,INR,3495.06,0.0,3495.06,0,629.11,4124.17
ORD-001926,CUST-00287,2026-05-21,completed,web,INR,926.16,0.0,926.16,49,166.71,1141.87
ORD-001927,CUST-00227,2026-04-09,completed,web,INR,8329.44,1249.42,7080.02,0,1274.4,8354.42
ORD-001928,CUST-01953,2025-10-07,returned,web,INR,15558.949999999999,0.0,15558.949999999999,0,2800.61,18359.56
ORD-001929,CUST-01240,2025-12-21,completed,web,INR,21390.449999999997,2550.51,18839.940000000002,0,3391.19,22231.13
ORD-001930,CUST-00031,2026-05-10,shipped,mobile_app,INR,1843.99,368.8,1475.19,99,265.53,1839.72
ORD-001931,CUST-01131,2025-11-30,completed,mobile_app,INR,8223.42,1644.68,6578.74,0,1184.17,7762.91
ORD-001932,CUST-00021,2026-07-12,returned,web,INR,12784.41,1202.67,11581.74,0,2084.71,13666.45
ORD-001933,CUST-00155,2026-03-23,completed,mobile_app,INR,4849.0,299.83,4549.17,0,818.85,5368.02
ORD-001934,CUST-00747,2025-11-19,completed,mobile_app,INR,4536.75,0.0,4536.75,0,816.62,5353.37
ORD-001935,CUST-01313,2026-04-16,shipped,web,INR,3921.58,588.24,3333.34,0,600.0,3933.34
ORD-001936,CUST-01241,2026-03-13,cancelled,web,INR,44886.850000000006,3230.84,41656.01,0,7498.08,49154.09
ORD-001937,CUST-01582,2025-02-10,shipped,mobile_app,INR,681.22,0.0,681.22,79,122.62,882.84
ORD-001938,CUST-00360,2026-01-29,completed,web,INR,14753.050000000001,2065.1400000000003,12687.91,0,2283.82,14971.73
ORD-001939,CUST-00384,2025-05-18,cancelled,mobile_app,INR,28979.82,4188.99,24790.829999999998,0,4462.35,29253.18
ORD-001940,CUST-01067,2026-07-17,completed,web,INR,10132.34,186.98,9945.36,0,1790.16,11735.52
ORD-001941,CUST-01738,2026-04-20,pending,mobile_app,INR,6069.45,0.0,6069.45,0,1092.5,7161.95
ORD-001942,CUST-01446,2026-04-19,completed,web,INR,9197.22,0.0,9197.22,0,1655.5,10852.72
ORD-001943,CUST-01339,2026-01-23,completed,web,INR,7402.59,1110.39,6292.2,0,1132.6,7424.8
ORD-001944,CUST-00189,2025-06-20,completed,web,INR,24940.64,2112.72,22827.92,0,4109.03,26936.95
ORD-001945,CUST-01757,2025-06-30,completed,web,INR,21988.39,2945.62,19042.77,0,3427.7,22470.47
ORD-001946,CUST-01969,2026-03-05,completed,mobile_app,INR,3118.98,155.95,2963.03,0,533.35,3496.38
ORD-001947,CUST-01165,2025-08-28,cancelled,mobile_app,INR,25489.22,0.0,25489.22,0,4588.06,30077.28
ORD-001948,CUST-00674,2025-09-06,shipped,web,INR,3693.95,0.0,3693.95,0,664.91,4358.86
ORD-001949,CUST-01326,2026-05-27,completed,web,INR,8540.09,135.69,8404.4,0,1512.79,9917.19
ORD-001950,CUST-01285,2025-04-09,completed,web,INR,58379.509999999995,4715.07,53664.439999999995,0,9659.6,63324.04
ORD-001951,CUST-01859,2026-05-30,cancelled,web,INR,40848.62,7361.6900000000005,33486.93,0,6027.65,39514.58
ORD-001952,CUST-00222,2026-04-29,returned,mobile_app,INR,6882.280000000001,1352.87,5529.41,0,995.29,6524.7
ORD-001953,CUST-01031,2025-06-20,completed,web,INR,43936.28,513.29,43422.99,0,7816.14,51239.13
ORD-001954,CUST-01419,2026-04-26,returned,mobile_app,INR,14951.22,1688.67,13262.55,0,2387.26,15649.81
ORD-001955,CUST-00699,2025-09-22,completed,web,INR,44172.18,7371.81,36800.37,0,6624.07,43424.44
ORD-001956,CUST-01681,2026-07-28,shipped,web,INR,2354.55,0.0,2354.55,0,423.82,2778.37
ORD-001957,CUST-00130,2026-05-18,cancelled,mobile_app,INR,51673.55,0.0,51673.55,0,9301.24,60974.79
ORD-001958,CUST-00211,2026-07-15,completed,mobile_app,INR,15280.32,981.6200000000001,14298.7,0,2573.77,16872.47
ORD-001959,CUST-01582,2025-06-30,completed,web,INR,9095.67,347.94,8747.73,0,1574.59,10322.32
ORD-001960,CUST-00252,2026-06-18,shipped,mobile_app,INR,12068.55,0.0,12068.55,0,2172.34,14240.89
ORD-001961,CUST-00838,2026-07-06,completed,mobile_app,INR,2659.22,265.92,2393.3,0,430.79,2824.09
ORD-001962,CUST-00563,2026-01-21,completed,web,INR,3153.62,473.04,2680.58,0,482.5,3163.08
ORD-001963,CUST-01377,2026-07-01,completed,web,INR,784.8,78.48,706.32,99,127.14,932.46
ORD-001964,CUST-00024,2026-06-11,shipped,web,INR,8644.89,1728.98,6915.91,0,1244.86,8160.77
ORD-001965,CUST-00714,2026-01-18,completed,web,INR,14445.220000000001,539.41,13905.810000000001,0,2503.05,16408.86
ORD-001966,CUST-01973,2026-06-04,completed,mobile_app,INR,22485.57,1660.7800000000002,20824.789999999997,0,3748.46,24573.25
ORD-001967,CUST-00738,2025-06-30,pending,web,INR,1357.26,135.73,1221.53,79,219.88,1520.41
ORD-001968,CUST-01197,2026-05-12,shipped,web,INR,32407.82,1222.31,31185.510000000002,0,5613.39,36798.9
ORD-001969,CUST-01977,2026-06-14,completed,web,INR,33677.47,612.87,33064.6,0,5951.63,39016.23
ORD-001970,CUST-01216,2026-07-18,completed,web,INR,13699.179999999998,562.55,13136.63,0,2364.59,15501.22
ORD-001971,CUST-01510,2026-05-25,completed,web,INR,9788.86,1468.33,8320.53,0,1497.7,9818.23
ORD-001972,CUST-01918,2025-10-06,completed,mobile_app,INR,13689.58,902.9300000000001,12786.65,0,2301.6,15088.25
ORD-001973,CUST-01235,2026-02-03,completed,mobile_app,INR,26837.91,3825.1499999999996,23012.760000000002,0,4142.3,27155.06
ORD-001974,CUST-01665,2025-06-05,completed,mobile_app,INR,24355.35,0.0,24355.35,0,4383.96,28739.31
ORD-001975,CUST-01017,2025-03-20,completed,mobile_app,INR,10623.19,1454.2600000000002,9168.93,0,1650.41,10819.34
ORD-001976,CUST-01629,2026-07-31,completed,web,INR,2088.87,0.0,2088.87,0,376.0,2464.87
ORD-001977,CUST-01284,2026-06-27,completed,mobile_app,INR,9723.03,486.15,9236.88,0,1662.64,10899.52
ORD-001978,CUST-00680,2026-07-22,completed,mobile_app,INR,5084.59,143.28,4941.3099999999995,0,889.44,5830.75
ORD-001979,CUST-01117,2026-07-30,cancelled,mobile_app,INR,10283.93,0.0,10283.93,0,1851.11,12135.04
ORD-001980,CUST-00670,2025-05-08,completed,web,INR,7950.29,171.9,7778.389999999999,0,1400.11,9178.5
ORD-001981,CUST-00795,2025-04-08,shipped,web,INR,24236.219999999998,1017.0699999999999,23219.149999999998,0,4179.45,27398.6
ORD-001982,CUST-00584,2026-02-23,completed,web,INR,1937.76,0.0,1937.76,99,348.8,2385.56
ORD-001983,CUST-00983,2025-10-19,completed,web,INR,33212.36,0.0,33212.36,0,5978.22,39190.58
ORD-001984,CUST-00694,2026-06-11,completed,web,INR,21939.449999999997,2354.1899999999996,19585.260000000002,0,3525.35,23110.61
ORD-001985,CUST-01253,2025-01-14,completed,web,INR,31103.64,2654.4199999999996,28449.219999999998,0,5120.86,33570.08
ORD-001986,CUST-00740,2026-06-19,cancelled,mobile_app,INR,665.76,66.58,599.18,79,107.85,786.03
ORD-001987,CUST-00983,2026-05-24,completed,web,INR,18693.06,3738.61,14954.45,0,2691.8,17646.25
ORD-001988,CUST-00281,2025-07-29,completed,web,INR,12600.51,973.73,11626.779999999999,0,2092.82,13719.6
ORD-001989,CUST-00774,2026-07-31,completed,mobile_app,INR,5209.139999999999,123.23,5085.91,0,915.46,6001.37
ORD-001990,CUST-00712,2025-10-26,completed,mobile_app,INR,9210.25,221.65,8988.6,0,1617.95,10606.55
ORD-001991,CUST-01923,2026-06-17,completed,web,INR,1710.85,171.09,1539.76,79,277.16,1895.92
ORD-001992,CUST-00894,2026-07-17,completed,web,INR,19821.76,1710.52,18111.239999999998,0,3260.02,21371.26
ORD-001993,CUST-00044,2025-12-17,completed,web,INR,24873.09,3672.0899999999997,21201.0,0,3816.18,25017.18
ORD-001994,CUST-00619,2025-06-08,completed,mobile_app,INR,12074.07,269.95,11804.12,0,2124.74,13928.86
ORD-001995,CUST-01459,2026-03-26,cancelled,mobile_app,INR,10763.98,0.0,10763.98,0,1937.52,12701.5
ORD-001996,CUST-00331,2025-12-11,completed,web,INR,5707.41,162.53,5544.88,0,998.08,6542.96
ORD-001997,CUST-00326,2025-01-25,returned,mobile_app,INR,5842.8,0.0,5842.8,0,1051.7,6894.5
ORD-001998,CUST-00747,2025-09-03,completed,mobile_app,INR,29021.13,1187.49,27833.64,0,5010.06,32843.7
ORD-001999,CUST-00714,2026-03-09,completed,mobile_app,INR,5030.24,172.87,4857.37,0,874.33,5731.7
ORD-002000,CUST-00962,2025-10-07,shipped,web,INR,14180.35,0.0,14180.35,0,2552.46,16732.81
ORD-002001,CUST-00069,2025-06-05,completed,mobile_app,INR,23802.230000000003,1056.73,22745.5,0,4094.19,26839.69
ORD-002002,CUST-01442,2026-01-18,completed,web,INR,5856.87,878.53,4978.34,0,896.1,5874.44
ORD-002003,CUST-00428,2026-07-25,pending,web,INR,26743.370000000003,4106.98,22636.39,0,4074.55,26710.94
ORD-002004,CUST-01423,2026-04-10,returned,web,INR,16073.78,1505.8199999999997,14567.96,0,2622.23,17190.19
ORD-002005,CUST-01130,2025-12-16,completed,web,INR,11416.98,1289.42,10127.56,0,1822.96,11950.52
ORD-002006,CUST-00406,2026-03-01,completed,web,INR,37755.78,2145.57,35610.21,0,6409.84,42020.05
ORD-002007,CUST-00940,2026-07-16,cancelled,web,INR,38830.7,3302.08,35528.619999999995,0,6395.15,41923.77
ORD-002008,CUST-00074,2025-05-20,returned,web,INR,62549.78999999999,7191.93,55357.86,0,9964.41,65322.27
ORD-002009,CUST-01404,2025-05-15,completed,web,INR,4710.74,0.0,4710.74,0,847.93,5558.67
ORD-002010,CUST-00608,2025-05-17,completed,mobile_app,INR,8116.19,137.67,7978.5199999999995,0,1436.13,9414.65
ORD-002011,CUST-00767,2026-06-04,shipped,mobile_app,INR,9405.4,451.2,8954.2,0,1611.76,10565.96
ORD-002012,CUST-00315,2026-04-26,completed,web,INR,2883.87,144.19,2739.68,0,493.14,3232.82
ORD-002013,CUST-00730,2026-01-23,shipped,web,INR,22570.710000000003,2885.29,19685.42,0,3543.38,23228.8
ORD-002014,CUST-00792,2026-05-27,completed,web,INR,10191.81,2038.36,8153.45,0,1467.62,9621.07
ORD-002015,CUST-00450,2026-01-11,completed,mobile_app,INR,34261.72,3277.42,30984.3,0,5577.17,36561.47
ORD-002016,CUST-01959,2026-07-25,completed,mobile_app,INR,10633.33,42.49,10590.84,0,1906.35,12497.19
ORD-002017,CUST-00560,2026-07-21,completed,web,INR,16968.72,413.6,16555.12,0,2979.92,19535.04
ORD-002018,CUST-00363,2026-07-08,completed,mobile_app,INR,30126.480000000003,2132.82,27993.660000000003,0,5038.86,33032.52
ORD-002019,CUST-01097,2026-04-28,completed,mobile_app,INR,23338.94,2438.16,20900.78,0,3762.14,24662.92
ORD-002020,CUST-00638,2026-01-01,completed,mobile_app,INR,9571.08,957.1099999999999,8613.970000000001,0,1550.51,10164.48
ORD-002021,CUST-00908,2025-04-07,completed,mobile_app,INR,19692.58,0.0,19692.58,0,3544.66,23237.24
ORD-002022,CUST-01451,2026-05-31,cancelled,web,INR,15945.61,939.47,15006.14,0,2701.11,17707.25
ORD-002023,CUST-00157,2025-07-03,completed,mobile_app,INR,4668.43,700.26,3968.17,0,714.27,4682.44
ORD-002024,CUST-01019,2025-09-16,shipped,mobile_app,INR,4647.23,196.45,4450.780000000001,0,801.14,5251.92
ORD-002025,CUST-00044,2025-12-09,completed,mobile_app,INR,18662.870000000003,525.89,18136.980000000003,0,3264.66,21401.64
ORD-002026,CUST-00088,2026-03-31,cancelled,mobile_app,INR,11929.4,596.47,11332.93,0,2039.93,13372.86
ORD-002027,CUST-00186,2026-03-13,completed,mobile_app,INR,35464.259999999995,3079.54,32384.719999999998,0,5829.25,38213.97
ORD-002028,CUST-00324,2026-07-28,completed,mobile_app,INR,9348.2,819.5699999999999,8528.630000000001,0,1535.15,10063.78
ORD-002029,CUST-00699,2026-02-16,completed,web,INR,3918.54,0.0,3918.54,0,705.34,4623.88
ORD-002030,CUST-01871,2026-04-05,completed,web,INR,1998.42,399.68,1598.74,49,287.77,1935.51
ORD-002031,CUST-01813,2026-03-22,cancelled,web,INR,25618.989999999998,1736.24,23882.75,0,4298.89,28181.64
ORD-002032,CUST-00207,2026-03-23,shipped,mobile_app,INR,11636.77,0.0,11636.77,0,2094.62,13731.39
ORD-002033,CUST-01983,2026-06-11,shipped,web,INR,5711.360000000001,809.79,4901.57,0,882.28,5783.85
ORD-002034,CUST-01271,2025-08-06,shipped,web,INR,23478.95,1854.78,21624.170000000002,0,3892.35,25516.52
ORD-002035,CUST-01108,2026-06-28,cancelled,mobile_app,INR,8669.84,267.91,8401.93,0,1512.35,9914.28
ORD-002036,CUST-01585,2025-11-30,pending,web,INR,7557.36,755.74,6801.62,0,1224.29,8025.91
ORD-002037,CUST-00969,2026-06-23,shipped,web,INR,2609.45,0.0,2609.45,0,469.7,3079.15
ORD-002038,CUST-00531,2025-12-04,completed,mobile_app,INR,39359.51,2512.2200000000003,36847.29,0,6632.51,43479.8
ORD-002039,CUST-01060,2025-05-30,completed,web,INR,1012.0,0.0,1012.0,49,182.16,1243.16
ORD-002040,CUST-01451,2026-04-19,completed,web,INR,14181.73,1015.44,13166.29,0,2369.93,15536.22
ORD-002041,CUST-01366,2026-03-19,cancelled,web,INR,6599.06,1319.81,5279.25,0,950.26,6229.51
ORD-002042,CUST-00340,2026-07-18,completed,mobile_app,INR,24002.58,1367.06,22635.52,0,4074.39,26709.91
ORD-002043,CUST-01877,2025-02-17,completed,web,INR,23740.690000000002,2438.87,21301.82,0,3834.33,25136.15
ORD-002044,CUST-00570,2025-10-01,shipped,web,INR,20945.93,116.98,20828.95,0,3749.21,24578.16
ORD-002045,CUST-01640,2025-05-06,completed,web,INR,28974.88,2468.81,26506.07,0,4771.09,31277.16
ORD-002046,CUST-00624,2026-02-23,completed,mobile_app,INR,17987.2,340.22,17646.98,0,3176.46,20823.44
ORD-002047,CUST-00127,2026-05-30,cancelled,web,INR,6032.969999999999,595.09,5437.88,0,978.82,6416.7
ORD-002048,CUST-01993,2025-08-07,completed,web,INR,7128.5,0.0,7128.5,0,1283.13,8411.63
ORD-002049,CUST-01178,2025-07-10,completed,mobile_app,INR,2323.09,180.38,2142.71,0,385.69,2528.4
ORD-002050,CUST-00430,2026-04-04,completed,mobile_app,INR,1986.37,0.0,1986.37,49,357.55,2392.92
ORD-002051,CUST-00001,2026-07-24,completed,web,INR,13932.35,418.88,13513.470000000001,0,2432.42,15945.89
ORD-002052,CUST-00259,2025-08-02,completed,web,INR,8962.28,687.52,8274.76,0,1489.46,9764.22
ORD-002053,CUST-00340,2026-06-29,completed,mobile_app,INR,18108.14,1642.14,16466.0,0,2963.88,19429.88
ORD-002054,CUST-01852,2025-10-28,completed,web,INR,18499.82,1667.65,16832.170000000002,0,3029.79,19861.96
ORD-002055,CUST-00355,2026-07-29,shipped,mobile_app,INR,9300.86,0.0,9300.86,0,1674.15,10975.01
ORD-002056,CUST-00324,2026-07-10,completed,web,INR,10158.689999999999,0.0,10158.689999999999,0,1828.56,11987.25
ORD-002057,CUST-01676,2026-07-24,completed,web,INR,15967.2,2395.08,13572.12,0,2442.98,16015.1
ORD-002058,CUST-01759,2026-04-14,completed,web,INR,19766.8,773.26,18993.54,0,3418.84,22412.38
ORD-002059,CUST-00418,2025-01-09,completed,web,INR,28428.34,5559.92,22868.42,0,4116.32,26984.74
ORD-002060,CUST-01301,2026-06-05,completed,mobile_app,INR,13776.52,2217.64,11558.880000000001,0,2080.6,13639.48
ORD-002061,CUST-01069,2025-02-26,completed,mobile_app,INR,13962.49,631.4100000000001,13331.08,0,2399.59,15730.67
ORD-002062,CUST-01154,2026-06-09,completed,mobile_app,INR,6182.61,309.13,5873.48,0,1057.23,6930.71
ORD-002063,CUST-00623,2025-07-21,cancelled,mobile_app,INR,4383.3,0.0,4383.3,0,788.99,5172.29
ORD-002064,CUST-01503,2026-02-03,completed,web,INR,11277.7,1369.33,9908.369999999999,0,1783.51,11691.88
ORD-002065,CUST-01762,2025-06-03,pending,mobile_app,INR,5987.7,0.0,5987.7,0,1077.79,7065.49
ORD-002066,CUST-01452,2025-05-18,completed,mobile_app,INR,26570.260000000002,1467.16,25103.1,0,4518.56,29621.66
ORD-002067,CUST-01807,2026-05-26,shipped,web,INR,41354.64,6992.4,34362.24,0,6185.2,40547.44
ORD-002068,CUST-00222,2025-11-05,completed,mobile_app,INR,2322.3599999999997,74.98,2247.38,0,404.53,2651.91
ORD-002069,CUST-01315,2026-07-08,shipped,mobile_app,INR,25818.010000000002,2202.2,23615.809999999998,0,4250.85,27866.66
ORD-002070,CUST-01999,2025-12-03,returned,web,INR,32149.78,1763.1999999999998,30386.58,0,5469.58,35856.16
ORD-002071,CUST-01072,2025-12-24,completed,web,INR,9107.33,666.61,8440.72,0,1519.33,9960.05
ORD-002072,CUST-01884,2026-06-16,completed,web,INR,23173.41,0.0,23173.41,0,4171.21,27344.62
ORD-002073,CUST-00697,2026-05-05,returned,mobile_app,INR,40788.73,3890.9700000000003,36897.76,0,6641.6,43539.36
ORD-002074,CUST-01794,2026-06-11,returned,mobile_app,INR,15800.81,687.03,15113.779999999999,0,2720.48,17834.26
ORD-002075,CUST-01878,2026-07-10,pending,mobile_app,INR,15376.34,0.0,15376.34,0,2767.74,18144.08
ORD-002076,CUST-01245,2026-05-10,completed,mobile_app,INR,6555.719999999999,0.0,6555.719999999999,0,1180.03,7735.75
ORD-002077,CUST-01410,2025-04-08,completed,web,INR,12213.279999999999,0.0,12213.279999999999,0,2198.39,14411.67
ORD-002078,CUST-01046,2026-05-03,completed,mobile_app,INR,39864.96,2180.65,37684.31,0,6783.18,44467.49
ORD-002079,CUST-00634,2025-08-03,shipped,web,INR,23685.24,4306.73,19378.51,0,3488.13,22866.64
ORD-002080,CUST-01073,2026-02-23,completed,mobile_app,INR,11094.27,927.8,10166.47,0,1829.96,11996.43
ORD-002081,CUST-01925,2025-03-06,completed,web,INR,31208.48,0.0,31208.48,0,5617.53,36826.01
ORD-002082,CUST-00030,2025-12-08,completed,web,INR,4265.13,0.0,4265.13,0,767.72,5032.85
ORD-002083,CUST-00411,2025-10-23,completed,web,INR,14606.33,1584.4099999999999,13021.92,0,2343.95,15365.87
ORD-002084,CUST-00999,2026-07-25,shipped,web,INR,26263.07,2366.43,23896.64,0,4301.4,28198.04
ORD-002085,CUST-00679,2026-04-09,completed,web,INR,1841.4499999999998,35.74,1805.7099999999998,79,325.03,2209.74
ORD-002086,CUST-01248,2026-03-14,cancelled,web,INR,7350.54,1347.2199999999998,6003.32,0,1080.6,7083.92
ORD-002087,CUST-00722,2026-07-02,completed,mobile_app,INR,592.87,59.29,533.58,99,96.04,728.62
ORD-002088,CUST-01318,2026-06-09,completed,mobile_app,INR,8715.84,0.0,8715.84,0,1568.85,10284.69
ORD-002089,CUST-00213,2026-07-28,completed,web,INR,19501.54,3247.5099999999998,16254.029999999999,0,2925.73,19179.76
ORD-002090,CUST-00665,2026-05-22,completed,web,INR,37648.18,1803.77,35844.41,0,6451.99,42296.4
ORD-002091,CUST-01386,2025-07-20,completed,web,INR,12523.060000000001,1647.07,10875.99,0,1957.68,12833.67
ORD-002092,CUST-00943,2026-06-02,cancelled,mobile_app,INR,11106.06,46.73,11059.33,0,1990.68,13050.01
ORD-002093,CUST-01428,2026-05-01,completed,web,INR,8456.46,56.16,8400.3,0,1512.05,9912.35
ORD-002094,CUST-01273,2026-07-31,completed,mobile_app,INR,8219.52,869.5300000000001,7349.99,0,1323.0,8672.99
ORD-002095,CUST-00657,2026-06-02,shipped,web,INR,31514.13,6302.83,25211.3,0,4538.03,29749.33
ORD-002096,CUST-00857,2026-06-25,completed,web,INR,4347.21,434.72,3912.49,0,704.25,4616.74
ORD-002097,CUST-01930,2026-07-22,completed,mobile_app,INR,7111.97,579.47,6532.5,0,1175.85,7708.35
ORD-002098,CUST-01925,2025-09-06,completed,web,INR,31288.34,2362.06,28926.280000000002,0,5206.73,34133.01
ORD-002099,CUST-00072,2025-03-25,completed,web,INR,1672.61,334.52,1338.09,79,240.86,1657.95
ORD-002100,CUST-01411,2025-01-28,completed,mobile_app,INR,24599.350000000002,0.0,24599.350000000002,0,4427.88,29027.23
ORD-002101,CUST-00982,2026-06-03,completed,web,INR,9692.67,187.13,9505.54,0,1711.0,11216.54
ORD-002102,CUST-00003,2025-12-16,completed,web,INR,7297.75,954.58,6343.17,0,1141.77,7484.94
ORD-002103,CUST-01269,2026-07-04,completed,web,INR,6120.08,813.34,5306.74,0,955.21,6261.95
ORD-002104,CUST-00047,2026-05-07,completed,mobile_app,INR,20973.11,1469.18,19503.93,0,3510.71,23014.64
ORD-002105,CUST-00638,2025-10-05,shipped,mobile_app,INR,5636.62,0.0,5636.62,0,1014.59,6651.21
ORD-002106,CUST-01381,2026-07-31,completed,web,INR,8344.04,923.12,7420.92,0,1335.77,8756.69
ORD-002107,CUST-01626,2026-07-28,completed,web,INR,7012.719999999999,0.0,7012.719999999999,0,1262.29,8275.01
ORD-002108,CUST-00826,2026-04-25,shipped,web,INR,3923.46,588.52,3334.94,0,600.29,3935.23
ORD-002109,CUST-01618,2025-06-20,completed,web,INR,38292.99,2225.55,36067.439999999995,0,6492.14,42559.58
ORD-002110,CUST-01679,2026-06-18,cancelled,mobile_app,INR,1157.12,0.0,1157.12,79,208.28,1444.4
ORD-002111,CUST-00896,2025-10-06,completed,web,INR,4712.08,585.85,4126.23,0,742.72,4868.95
ORD-002112,CUST-00347,2026-07-23,completed,mobile_app,INR,20673.44,751.04,19922.4,0,3586.03,23508.43
ORD-002113,CUST-01319,2026-07-27,completed,mobile_app,INR,7634.91,763.49,6871.42,0,1236.86,8108.28
ORD-002114,CUST-00028,2026-05-12,completed,web,INR,17921.11,1158.46,16762.65,0,3017.28,19779.93
ORD-002115,CUST-01787,2025-07-24,completed,mobile_app,INR,8850.86,885.09,7965.77,0,1433.84,9399.61
ORD-002116,CUST-00777,2025-08-27,completed,mobile_app,INR,2519.0699999999997,70.38,2448.69,0,440.76,2889.45
ORD-002117,CUST-01521,2026-04-25,completed,web,INR,18599.03,1163.4,17435.63,0,3138.41,20574.04
ORD-002118,CUST-01473,2025-05-02,shipped,web,INR,2915.34,291.53,2623.81,0,472.29,3096.1
ORD-002119,CUST-00946,2026-06-12,completed,mobile_app,INR,31072.690000000002,4334.59,26738.100000000002,0,4812.86,31550.96
ORD-002120,CUST-01944,2025-03-03,shipped,mobile_app,INR,6190.82,934.5799999999999,5256.24,0,946.12,6202.36
ORD-002121,CUST-01593,2025-08-10,completed,mobile_app,INR,12585.09,0.0,12585.09,0,2265.32,14850.41
ORD-002122,CUST-01768,2025-06-01,completed,web,INR,13025.91,0.0,13025.91,0,2344.66,15370.57
ORD-002123,CUST-00188,2026-06-21,completed,mobile_app,INR,20766.51,582.6700000000001,20183.84,0,3633.09,23816.93
ORD-002124,CUST-00969,2026-06-02,pending,mobile_app,INR,1098.65,109.87,988.78,79,177.98,1245.76
ORD-002125,CUST-01904,2025-08-16,completed,web,INR,6370.4,720.8499999999999,5649.55,0,1016.92,6666.47
ORD-002126,CUST-01626,2026-07-30,completed,web,INR,9649.68,325.74,9323.94,0,1678.31,11002.25
ORD-002127,CUST-00909,2025-11-26,cancelled,web,INR,13876.210000000001,1821.05,12055.16,0,2169.93,14225.09
ORD-002128,CUST-00141,2026-07-21,completed,mobile_app,INR,45197.94,6755.0199999999995,38442.92,0,6919.73,45362.65
ORD-002129,CUST-00565,2026-06-16,completed,web,INR,23915.94,754.1,23161.84,0,4169.13,27330.97
ORD-002130,CUST-01145,2025-09-10,completed,mobile_app,INR,6046.099999999999,0.0,6046.099999999999,0,1088.3,7134.4
ORD-002131,CUST-01284,2026-03-20,shipped,web,INR,24854.66,2807.98,22046.68,0,3968.4,26015.08
ORD-002132,CUST-01849,2026-01-31,completed,mobile_app,INR,41647.1,4110.36,37536.74,0,6756.61,44293.35
ORD-002133,CUST-00186,2025-09-03,cancelled,web,INR,3050.16,0.0,3050.16,0,549.03,3599.19
ORD-002134,CUST-00793,2026-07-21,shipped,mobile_app,INR,11454.97,1551.5700000000002,9903.4,0,1782.61,11686.01
ORD-002135,CUST-00545,2026-05-07,completed,web,INR,8014.18,326.76,7687.42,0,1383.74,9071.16
ORD-002136,CUST-01921,2026-03-14,completed,mobile_app,INR,31444.28,710.67,30733.61,0,5532.05,36265.66
ORD-002137,CUST-00333,2025-05-16,cancelled,mobile_app,INR,6835.77,683.58,6152.19,0,1107.39,7259.58
ORD-002138,CUST-00442,2026-01-08,cancelled,web,INR,10827.960000000001,620.62,10207.34,0,1837.32,12044.66
ORD-002139,CUST-00596,2026-05-10,cancelled,web,INR,2726.75,0.0,2726.75,0,490.82,3217.57
ORD-002140,CUST-00212,2026-05-24,completed,web,INR,22314.78,2339.9100000000003,19974.87,0,3595.48,23570.35
ORD-002141,CUST-01287,2026-06-15,shipped,web,INR,25919.22,0.0,25919.22,0,4665.46,30584.68
ORD-002142,CUST-01050,2026-02-20,shipped,mobile_app,INR,11136.6,1670.49,9466.11,0,1703.9,11170.01
ORD-002143,CUST-01116,2025-05-05,returned,web,INR,1912.41,0.0,1912.41,99,344.23,2355.64
ORD-002144,CUST-01815,2026-06-27,completed,mobile_app,INR,26407.33,2456.85,23950.48,0,4311.09,28261.57
ORD-002145,CUST-00867,2026-06-20,cancelled,web,INR,4817.23,0.0,4817.23,0,867.1,5684.33
ORD-002146,CUST-00623,2025-10-14,shipped,mobile_app,INR,12617.270000000002,2026.0800000000002,10591.19,0,1906.41,12497.6
ORD-002147,CUST-00751,2026-06-26,returned,web,INR,1655.8,0.0,1655.8,79,298.04,2032.84
ORD-002148,CUST-01601,2025-11-24,shipped,mobile_app,INR,9498.6,0.0,9498.6,0,1709.75,11208.35
ORD-002149,CUST-01057,2026-04-09,cancelled,web,INR,17277.57,181.56,17096.01,0,3077.28,20173.29
ORD-002150,CUST-00339,2025-09-24,completed,mobile_app,INR,5980.18,0.0,5980.18,0,1076.43,7056.61
ORD-002151,CUST-01380,2025-07-04,completed,web,INR,28535.449999999997,1001.98,27533.469999999998,0,4956.02,32489.49
ORD-002152,CUST-01492,2025-10-13,completed,web,INR,11771.62,130.91,11640.710000000001,0,2095.33,13736.04
ORD-002153,CUST-00500,2026-07-28,cancelled,mobile_app,INR,15163.02,519.37,14643.65,0,2635.86,17279.51
ORD-002154,CUST-01115,2025-06-06,completed,web,INR,20662.07,0.0,20662.07,0,3719.17,24381.24
ORD-002155,CUST-01128,2026-02-21,completed,web,INR,25491.89,1168.08,24323.81,0,4378.29,28702.1
ORD-002156,CUST-00351,2025-10-21,pending,web,INR,3991.5699999999997,233.46,3758.1099999999997,0,676.46,4434.57
ORD-002157,CUST-00019,2026-06-18,returned,mobile_app,INR,2946.26,0.0,2946.26,0,530.33,3476.59
ORD-002158,CUST-01437,2025-09-26,shipped,mobile_app,INR,23808.730000000003,918.23,22890.5,0,4120.29,27010.79
ORD-002159,CUST-01231,2026-04-18,cancelled,web,INR,10917.91,679.89,10238.02,0,1842.84,12080.86
ORD-002160,CUST-01428,2026-06-23,completed,mobile_app,INR,566.85,0.0,566.85,99,102.03,767.88
ORD-002161,CUST-00755,2026-02-02,completed,web,INR,23011.83,4388.98,18622.85,0,3352.11,21974.96
ORD-002162,CUST-01031,2025-12-02,completed,web,INR,8880.22,1776.04,7104.18,0,1278.75,8382.93
ORD-002163,CUST-01964,2026-03-26,cancelled,web,INR,1596.75,0.0,1596.75,49,287.41,1933.16
ORD-002164,CUST-00451,2026-06-28,completed,web,INR,3501.1499999999996,532.54,2968.6099999999997,0,534.35,3502.96
ORD-002165,CUST-01306,2026-04-27,completed,mobile_app,INR,20851.03,885.86,19965.17,0,3593.73,23558.9
ORD-002166,CUST-00265,2026-07-25,shipped,web,INR,7726.32,676.44,7049.88,0,1268.98,8318.86
ORD-002167,CUST-00132,2026-02-18,completed,web,INR,7304.07,952.1600000000001,6351.91,0,1143.34,7495.25
ORD-002168,CUST-01915,2025-08-06,cancelled,web,INR,10031.75,55.38,9976.369999999999,0,1795.75,11772.12
ORD-002169,CUST-00260,2026-06-05,completed,mobile_app,INR,33534.32,1289.87,32244.45,0,5804.0,38048.45
ORD-002170,CUST-01312,2026-02-12,cancelled,web,INR,15325.75,1264.86,14060.89,0,2530.96,16591.85
ORD-002171,CUST-01029,2025-11-29,completed,web,INR,9838.66,277.68,9560.98,0,1720.98,11281.96
ORD-002172,CUST-01619,2025-07-12,cancelled,mobile_app,INR,10190.95,997.98,9192.970000000001,0,1654.73,10847.7
ORD-002173,CUST-01094,2026-03-10,shipped,web,INR,11227.59,0.0,11227.59,0,2020.97,13248.56
ORD-002174,CUST-01394,2025-12-02,completed,mobile_app,INR,5520.56,0.0,5520.56,0,993.7,6514.26
ORD-002175,CUST-01789,2025-04-19,completed,web,INR,9224.32,1069.19,8155.13,0,1467.92,9623.05
ORD-002176,CUST-01659,2026-03-14,returned,web,INR,618.42,0.0,618.42,49,111.32,778.74
ORD-002177,CUST-01444,2025-08-16,completed,web,INR,33067.03,2278.37,30788.660000000003,0,5541.96,36330.62
ORD-002178,CUST-00325,2026-07-19,shipped,web,INR,19292.6,1892.37,17400.23,0,3132.04,20532.27
ORD-002179,CUST-00339,2025-06-18,completed,web,INR,16865.32,1738.1599999999999,15127.16,0,2722.89,17850.05
ORD-002180,CUST-00994,2025-05-23,shipped,mobile_app,INR,23586.04,4663.910000000001,18922.13,0,3405.98,22328.11
ORD-002181,CUST-01318,2025-11-08,completed,web,INR,7899.98,342.8,7557.18,0,1360.29,8917.47
ORD-002182,CUST-01335,2025-12-21,completed,web,INR,8124.030000000001,324.13,7799.9,0,1403.98,9203.88
ORD-002183,CUST-01574,2026-03-29,completed,mobile_app,INR,5492.47,1098.49,4393.98,0,790.92,5184.9
ORD-002184,CUST-00207,2026-04-28,completed,mobile_app,INR,6500.34,0.0,6500.34,0,1170.06,7670.4
ORD-002185,CUST-00347,2026-07-26,completed,mobile_app,INR,15178.46,483.7,14694.76,0,2645.06,17339.82
ORD-002186,CUST-00300,2026-06-23,returned,web,INR,10331.33,0.0,10331.33,0,1859.64,12190.97
ORD-002187,CUST-01083,2026-07-31,shipped,mobile_app,INR,22970.420000000002,2467.79,20502.629999999997,0,3690.47,24193.1
ORD-002188,CUST-01268,2026-01-14,pending,mobile_app,INR,2580.18,0.0,2580.18,0,464.43,3044.61
ORD-002189,CUST-00232,2026-06-01,cancelled,web,INR,27350.57,3806.26,23544.309999999998,0,4237.98,27782.29
ORD-002190,CUST-01738,2025-01-18,completed,web,INR,2078.82,103.94,1974.88,49,355.48,2379.36
ORD-002191,CUST-00607,2025-12-26,completed,web,INR,25317.89,2101.34,23216.55,0,4178.98,27395.53
ORD-002192,CUST-01321,2025-08-08,returned,web,INR,25615.68,0.0,25615.68,0,4610.82,30226.5
ORD-002193,CUST-01504,2025-06-17,completed,mobile_app,INR,8063.9800000000005,403.20000000000005,7660.780000000001,0,1378.94,9039.72
ORD-002194,CUST-00073,2026-04-18,completed,mobile_app,INR,39718.82,1945.68,37773.14,0,6799.17,44572.31
ORD-002195,CUST-01730,2025-01-25,cancelled,web,INR,19836.96,0.0,19836.96,0,3570.65,23407.61
ORD-002196,CUST-01941,2025-05-31,returned,web,INR,487.68,0.0,487.68,99,87.78,674.46
ORD-002197,CUST-01918,2026-04-14,completed,mobile_app,INR,9530.8,0.0,9530.8,0,1715.54,11246.34
ORD-002198,CUST-00280,2026-06-18,completed,web,INR,347.3,34.73,312.57,49,56.26,417.83
ORD-002199,CUST-00786,2026-01-24,completed,web,INR,23997.79,3339.07,20658.72,0,3718.57,24377.29
ORD-002200,CUST-00466,2026-07-16,shipped,mobile_app,INR,5434.29,0.0,5434.29,0,978.17,6412.46
ORD-002201,CUST-00902,2026-07-12,completed,web,INR,22097.55,980.62,21116.93,0,3801.05,24917.98
ORD-002202,CUST-01950,2025-02-23,shipped,web,INR,950.98,0.0,950.98,99,171.18,1221.16
ORD-002203,CUST-01527,2025-10-05,completed,mobile_app,INR,29471.25,2045.54,27425.71,0,4936.63,32362.34
ORD-002204,CUST-01543,2025-05-20,completed,web,INR,7377.0,0.0,7377.0,0,1327.86,8704.86
ORD-002205,CUST-00844,2025-10-03,completed,web,INR,6935.18,0.0,6935.18,0,1248.33,8183.51
ORD-002206,CUST-01874,2026-07-26,completed,mobile_app,INR,7960.96,1592.19,6368.77,0,1146.38,7515.15
ORD-002207,CUST-01841,2025-12-25,cancelled,web,INR,1299.95,130.0,1169.95,79,210.59,1459.54
ORD-002208,CUST-01614,2026-07-29,completed,web,INR,7708.38,0.0,7708.38,0,1387.51,9095.89
ORD-002209,CUST-01629,2025-10-19,cancelled,web,INR,13081.87,2100.77,10981.1,0,1976.6,12957.7
ORD-002210,CUST-01304,2026-07-18,completed,mobile_app,INR,21465.0,826.64,20638.36,0,3714.9,24353.26
ORD-002211,CUST-00191,2025-11-26,pending,web,INR,24059.55,396.66,23662.89,0,4259.32,27922.21
ORD-002212,CUST-00570,2025-10-30,shipped,web,INR,24437.54,2137.47,22300.07,0,4014.01,26314.08
ORD-002213,CUST-01538,2025-06-08,completed,web,INR,8930.18,446.51,8483.67,0,1527.06,10010.73
ORD-002214,CUST-00654,2026-06-19,pending,web,INR,7566.49,0.0,7566.49,0,1361.97,8928.46
ORD-002215,CUST-00345,2026-06-18,completed,mobile_app,INR,28760.56,1687.31,27073.25,0,4873.18,31946.43
ORD-002216,CUST-01895,2025-05-09,completed,mobile_app,INR,8287.19,1161.46,7125.7300000000005,0,1282.63,8408.36
ORD-002217,CUST-00977,2025-04-10,returned,web,INR,30960.43,1858.07,29102.36,0,5238.42,34340.78
ORD-002218,CUST-01722,2026-03-03,returned,mobile_app,INR,11835.3,1775.29,10060.01,0,1810.8,11870.81
ORD-002219,CUST-00569,2025-10-19,shipped,mobile_app,INR,17942.52,1213.56,16728.96,0,3011.21,19740.17
ORD-002220,CUST-00719,2026-02-07,pending,mobile_app,INR,21388.57,909.6199999999999,20478.95,0,3686.21,24165.16
ORD-002221,CUST-00687,2026-05-08,completed,web,INR,23355.15,2115.24,21239.91,0,3823.18,25063.09
ORD-002222,CUST-00747,2026-07-18,completed,web,INR,12814.650000000001,677.63,12137.02,0,2184.66,14321.68
ORD-002223,CUST-00876,2025-08-09,completed,mobile_app,INR,8735.37,873.54,7861.83,0,1415.13,9276.96
ORD-002224,CUST-00596,2026-04-18,completed,web,INR,28240.78,2824.08,25416.699999999997,0,4575.01,29991.71
ORD-002225,CUST-01629,2025-10-18,completed,web,INR,11263.77,1059.8999999999999,10203.87,0,1836.7,12040.57
ORD-002226,CUST-00653,2025-10-14,completed,web,INR,17308.66,992.37,16316.29,0,2936.93,19253.22
ORD-002227,CUST-00884,2025-09-19,completed,web,INR,38206.729999999996,6280.889999999999,31925.839999999997,0,5746.65,37672.49
ORD-002228,CUST-01722,2026-01-22,completed,web,INR,1717.7600000000002,39.06,1678.7,49,302.17,2029.87
ORD-002229,CUST-00875,2025-11-20,completed,web,INR,9540.6,237.38,9303.220000000001,0,1674.58,10977.8
ORD-002230,CUST-00022,2025-08-21,shipped,web,INR,18480.2,2301.31,16178.89,0,2912.2,19091.09
ORD-002231,CUST-00001,2025-02-23,completed,web,INR,8470.81,401.73,8069.08,0,1452.43,9521.51
ORD-002232,CUST-00873,2025-02-06,shipped,web,INR,9845.04,1522.47,8322.57,0,1498.06,9820.63
ORD-002233,CUST-01298,2026-03-09,shipped,web,INR,5863.02,174.76,5688.26,0,1023.89,6712.15
ORD-002234,CUST-01886,2026-05-11,completed,mobile_app,INR,1518.77,227.82,1290.95,99,232.37,1622.32
ORD-002235,CUST-00262,2025-11-08,returned,web,INR,1462.59,219.39,1243.2,99,223.78,1565.98
ORD-002236,CUST-01086,2026-03-05,pending,web,INR,13241.49,0.0,13241.49,0,2383.47,15624.96
ORD-002237,CUST-00578,2026-05-21,completed,mobile_app,INR,17198.08,929.25,16268.83,0,2928.39,19197.22
ORD-002238,CUST-00901,2026-01-30,shipped,web,INR,2512.56,125.63,2386.93,0,429.65,2816.58
ORD-002239,CUST-00886,2026-02-07,completed,web,INR,20337.35,1885.27,18452.08,0,3321.37,21773.45
ORD-002240,CUST-00625,2025-11-02,completed,web,INR,2165.08,0.0,2165.08,0,389.71,2554.79
ORD-002241,CUST-00037,2026-07-18,completed,web,INR,39762.15,3553.13,36209.02,0,6517.62,42726.64
ORD-002242,CUST-00148,2025-10-02,shipped,web,INR,5932.62,518.48,5414.139999999999,0,974.55,6388.69
ORD-002243,CUST-01045,2025-12-08,cancelled,web,INR,1599.04,0.0,1599.04,99,287.83,1985.87
ORD-002244,CUST-00449,2025-09-10,shipped,web,INR,48309.95,1382.54,46927.41,0,8446.93,55374.34
ORD-002245,CUST-00655,2025-09-24,cancelled,web,INR,929.78,0.0,929.78,49,167.36,1146.14
ORD-002246,CUST-00181,2026-06-26,completed,web,INR,16584.46,1658.45,14926.01,0,2686.68,17612.69
ORD-002247,CUST-00100,2025-07-19,completed,mobile_app,INR,5173.26,174.77,4998.49,0,899.73,5898.22
ORD-002248,CUST-00254,2025-11-12,completed,web,INR,21483.25,1584.46,19898.79,0,3581.78,23480.57
ORD-002249,CUST-00755,2025-10-20,completed,web,INR,9528.0,1517.21,8010.79,0,1441.94,9452.73
ORD-002250,CUST-00328,2026-01-05,shipped,web,INR,19548.010000000002,1588.41,17959.6,0,3232.73,21192.33
ORD-002251,CUST-00463,2026-04-02,completed,mobile_app,INR,46957.47,1116.59,45840.88,0,8251.36,54092.24
ORD-002252,CUST-00605,2026-07-22,completed,web,INR,17827.079999999998,0.0,17827.079999999998,0,3208.87,21035.95
ORD-002253,CUST-00583,2026-04-23,completed,mobile_app,INR,1533.42,0.0,1533.42,79,276.02,1888.44
ORD-002254,CUST-00023,2025-07-11,completed,web,INR,4697.66,704.65,3993.01,0,718.74,4711.75
ORD-002255,CUST-00235,2025-04-30,completed,mobile_app,INR,20513.83,2051.3900000000003,18462.44,0,3323.24,21785.68
ORD-002256,CUST-01901,2026-01-30,completed,web,INR,32121.69,4695.75,27425.94,0,4936.67,32362.61
ORD-002257,CUST-01336,2026-07-30,completed,mobile_app,INR,28075.42,1611.1999999999998,26464.22,0,4763.56,31227.78
ORD-002258,CUST-00248,2026-06-07,completed,web,INR,7461.88,0.0,7461.88,0,1343.14,8805.02
ORD-002259,CUST-00568,2025-08-23,completed,web,INR,723.45,36.17,687.28,99,123.71,909.99
ORD-002260,CUST-00767,2025-11-14,returned,mobile_app,INR,2658.42,0.0,2658.42,0,478.52,3136.94
ORD-002261,CUST-01812,2025-12-27,completed,mobile_app,INR,13863.98,2475.88,11388.1,0,2049.86,13437.96
ORD-002262,CUST-01760,2026-06-08,completed,mobile_app,INR,770.43,38.52,731.91,79,131.74,942.65
ORD-002263,CUST-01541,2025-05-18,completed,web,INR,13996.97,0.0,13996.97,0,2519.45,16516.42
ORD-002264,CUST-00214,2026-07-09,completed,web,INR,3285.28,492.79,2792.49,0,502.65,3295.14
ORD-002265,CUST-00981,2025-10-08,completed,web,INR,580.05,0.0,580.05,99,104.41,783.46
ORD-002266,CUST-00968,2026-05-05,completed,web,INR,3843.96,0.0,3843.96,0,691.91,4535.87
ORD-002267,CUST-01276,2026-03-30,returned,web,INR,34241.92,943.2099999999999,33298.71,0,5993.77,39292.48
ORD-002268,CUST-01690,2025-11-25,pending,web,INR,13322.05,1013.0,12309.05,0,2215.63,14524.68
ORD-002269,CUST-00642,2026-05-30,completed,web,INR,3757.33,129.37,3627.96,0,653.03,4280.99
ORD-002270,CUST-01114,2026-02-21,completed,mobile_app,INR,8544.8,0.0,8544.8,0,1538.06,10082.86
ORD-002271,CUST-00528,2026-01-10,completed,web,INR,10050.09,2010.02,8040.07,0,1447.21,9487.28
ORD-002272,CUST-00421,2026-06-26,completed,web,INR,9464.64,348.9,9115.74,0,1640.83,10756.57
ORD-002273,CUST-00627,2025-09-22,completed,web,INR,1892.28,189.23,1703.05,49,306.55,2058.6
ORD-002274,CUST-01472,2026-04-08,shipped,web,INR,4332.73,0.0,4332.73,0,779.89,5112.62
ORD-002275,CUST-00876,2025-11-27,completed,web,INR,22893.050000000003,557.6600000000001,22335.39,0,4020.37,26355.76
ORD-002276,CUST-01363,2026-07-17,completed,mobile_app,INR,33495.28,3219.35,30275.93,0,5449.67,35725.6
ORD-002277,CUST-01383,2025-01-24,completed,web,INR,8009.6900000000005,612.5,7397.1900000000005,0,1331.49,8728.68
ORD-002278,CUST-00725,2026-03-02,completed,web,INR,31311.93,0.0,31311.93,0,5636.15,36948.08
ORD-002279,CUST-01911,2026-05-07,completed,web,INR,3614.39,0.0,3614.39,0,650.59,4264.98
ORD-002280,CUST-00093,2026-06-30,completed,web,INR,14031.03,1216.72,12814.310000000001,0,2306.58,15120.89
ORD-002281,CUST-01794,2025-07-20,completed,mobile_app,INR,7944.06,0.0,7944.06,0,1429.93,9373.99
ORD-002282,CUST-00016,2026-04-23,completed,web,INR,20894.68,515.76,20378.92,0,3668.21,24047.13
ORD-002283,CUST-00765,2025-01-16,completed,mobile_app,INR,6380.65,150.7,6229.95,0,1121.39,7351.34
ORD-002284,CUST-01651,2025-04-13,shipped,web,INR,30282.49,2112.73,28169.76,0,5070.56,33240.32
ORD-002285,CUST-01369,2026-07-30,completed,web,INR,2411.46,0.0,2411.46,0,434.06,2845.52
ORD-002286,CUST-00644,2026-02-07,completed,web,INR,6728.12,463.15000000000003,6264.97,0,1127.69,7392.66
ORD-002287,CUST-01772,2025-01-23,cancelled,web,INR,1351.99,0.0,1351.99,49,243.36,1644.35
ORD-002288,CUST-00276,2026-04-21,shipped,web,INR,15635.5,0.0,15635.5,0,2814.39,18449.89
ORD-002289,CUST-01342,2025-08-21,completed,web,INR,2057.43,0.0,2057.43,0,370.34,2427.77
ORD-002290,CUST-01038,2025-11-25,completed,mobile_app,INR,12250.14,204.44,12045.7,0,2168.23,14213.93
ORD-002291,CUST-00415,2026-05-10,completed,web,INR,8712.75,0.0,8712.75,0,1568.29,10281.04
ORD-002292,CUST-01842,2026-04-29,completed,web,INR,2356.0299999999997,356.07,1999.96,79,359.99,2438.95
ORD-002293,CUST-01532,2025-03-20,cancelled,web,INR,40112.520000000004,0.0,40112.520000000004,0,7220.25,47332.77
ORD-002294,CUST-00017,2025-10-13,completed,web,INR,408.34,0.0,408.34,49,73.5,530.84
ORD-002295,CUST-00174,2026-01-22,completed,web,INR,21081.2,1200.34,19880.86,0,3578.55,23459.41
ORD-002296,CUST-00113,2026-06-25,completed,web,INR,36008.78999999999,129.26,35879.53,0,6458.32,42337.85
ORD-002297,CUST-00831,2026-03-27,completed,web,INR,4889.4,0.0,4889.4,0,880.09,5769.49
ORD-002298,CUST-00835,2026-06-13,completed,mobile_app,INR,7824.96,1004.85,6820.11,0,1227.62,8047.73
ORD-002299,CUST-01448,2026-06-26,completed,web,INR,35143.33,3442.8599999999997,31700.469999999998,0,5706.08,37406.55
ORD-002300,CUST-01352,2026-04-10,completed,web,INR,2466.61,0.0,2466.61,0,443.99,2910.6
ORD-002301,CUST-00031,2025-12-16,returned,mobile_app,INR,20656.68,3098.5,17558.18,0,3160.47,20718.65
ORD-002302,CUST-00953,2025-11-10,shipped,web,INR,5752.56,0.0,5752.56,0,1035.46,6788.02
ORD-002303,CUST-01570,2026-07-23,returned,mobile_app,INR,4479.51,0.0,4479.51,0,806.31,5285.82
ORD-002304,CUST-01796,2025-09-15,cancelled,web,INR,9688.9,111.35,9577.55,0,1723.96,11301.51
ORD-002305,CUST-00585,2025-07-01,returned,web,INR,10389.24,974.46,9414.779999999999,0,1694.66,11109.44
ORD-002306,CUST-00089,2026-07-12,pending,web,INR,23921.97,0.0,23921.97,0,4305.95,28227.92
ORD-002307,CUST-00306,2026-06-14,completed,web,INR,7386.91,1108.04,6278.87,0,1130.2,7409.07
ORD-002308,CUST-00681,2025-11-26,completed,web,INR,13312.300000000001,1188.72,12123.58,0,2182.24,14305.82
ORD-002309,CUST-00887,2026-06-25,completed,web,INR,24036.78,4067.7,19969.08,0,3594.43,23563.51
ORD-002310,CUST-00703,2025-08-22,completed,web,INR,18169.550000000003,2569.81,15599.74,0,2807.95,18407.69
ORD-002311,CUST-00182,2026-04-07,shipped,web,INR,12674.88,174.88,12500.0,0,2250.0,14750.0
ORD-002312,CUST-00681,2026-06-04,completed,web,INR,918.13,0.0,918.13,99,165.26,1182.39
ORD-002313,CUST-00580,2025-12-12,cancelled,web,INR,7032.67,418.63000000000005,6614.04,0,1190.53,7804.57
ORD-002314,CUST-00976,2026-03-06,cancelled,mobile_app,INR,18101.8,713.17,17388.63,0,3129.95,20518.58
ORD-002315,CUST-00159,2026-03-05,completed,mobile_app,INR,52749.21,2296.98,50452.229999999996,0,9081.4,59533.63
ORD-002316,CUST-01582,2026-05-07,completed,mobile_app,INR,33308.36,5984.28,27324.08,0,4918.33,32242.41
ORD-002317,CUST-00835,2026-05-13,completed,web,INR,13089.130000000001,0.0,13089.130000000001,0,2356.04,15445.17
ORD-002318,CUST-00636,2026-05-15,completed,web,INR,46824.56,2238.04,44586.520000000004,0,8025.57,52612.09
ORD-002319,CUST-01814,2026-07-22,completed,mobile_app,INR,30387.44,1707.52,28679.92,0,5162.39,33842.31
ORD-002320,CUST-01489,2026-07-01,completed,mobile_app,INR,18738.58,1591.88,17146.7,0,3086.41,20233.11
ORD-002321,CUST-00274,2026-06-27,completed,web,INR,11258.34,1134.46,10123.88,0,1822.3,11946.18
ORD-002322,CUST-00293,2026-07-09,completed,mobile_app,INR,5852.44,50.0,5802.44,0,1044.44,6846.88
ORD-002323,CUST-00005,2025-11-11,completed,web,INR,36969.81,5155.03,31814.78,0,5726.66,37541.44
ORD-002324,CUST-01122,2025-12-27,completed,mobile_app,INR,2789.28,0.0,2789.28,0,502.07,3291.35
ORD-002325,CUST-00710,2026-02-04,completed,mobile_app,INR,23216.83,3000.2,20216.629999999997,0,3638.99,23855.62
ORD-002326,CUST-00751,2026-07-26,pending,mobile_app,INR,19533.15,1142.93,18390.22,0,3310.24,21700.46
ORD-002327,CUST-01019,2025-11-04,completed,web,INR,3540.14,531.02,3009.12,0,541.64,3550.76
ORD-002328,CUST-01079,2026-02-18,returned,web,INR,3414.99,683.0,2731.99,0,491.76,3223.75
ORD-002329,CUST-00002,2026-07-10,completed,web,INR,53563.21,2421.25,51141.96,0,9205.55,60347.51
ORD-002330,CUST-00216,2025-02-28,completed,mobile_app,INR,16828.11,0.0,16828.11,0,3029.06,19857.17
ORD-002331,CUST-01579,2026-01-06,pending,web,INR,18034.4,2310.57,15723.83,0,2830.29,18554.12
ORD-002332,CUST-01907,2025-07-31,shipped,web,INR,16189.17,399.69,15789.48,0,2842.11,18631.59
ORD-002333,CUST-01675,2026-07-06,completed,web,INR,1977.59,0.0,1977.59,99,355.97,2432.56
ORD-002334,CUST-01813,2026-03-16,shipped,web,INR,15679.19,2099.16,13580.03,0,2444.41,16024.44
ORD-002335,CUST-00928,2025-12-14,completed,mobile_app,INR,19666.11,2223.08,17443.03,0,3139.75,20582.78
ORD-002336,CUST-01653,2026-03-12,cancelled,mobile_app,INR,12433.83,125.62,12308.21,0,2215.48,14523.69
ORD-002337,CUST-01765,2025-10-01,completed,web,INR,1830.48,237.20000000000002,1593.28,79,286.79,1959.07
ORD-002338,CUST-01786,2025-11-10,cancelled,web,INR,19044.72,1367.6,17677.12,0,3181.88,20859.0
ORD-002339,CUST-00299,2026-03-23,returned,web,INR,2394.2,257.86,2136.34,0,384.54,2520.88
ORD-002340,CUST-00294,2026-03-25,cancelled,web,INR,8362.8,0.0,8362.8,0,1505.3,9868.1
ORD-002341,CUST-00806,2026-02-22,shipped,web,INR,2349.17,117.46,2231.71,0,401.71,2633.42
ORD-002342,CUST-01008,2026-05-17,shipped,mobile_app,INR,39347.39,2261.15,37086.24,0,6675.52,43761.76
ORD-002343,CUST-01917,2025-04-04,completed,mobile_app,INR,15346.39,2347.21,12999.18,0,2339.85,15339.03
ORD-002344,CUST-00636,2025-12-25,completed,web,INR,6110.3099999999995,985.66,5124.65,0,922.44,6047.09
ORD-002345,CUST-01664,2026-06-01,cancelled,mobile_app,INR,20588.19,2140.99,18447.2,0,3320.5,21767.7
ORD-002346,CUST-01775,2026-05-09,completed,mobile_app,INR,26452.52,146.86,26305.66,0,4735.02,31040.68
ORD-002347,CUST-01931,2025-11-09,completed,mobile_app,INR,13228.15,464.24,12763.91,0,2297.5,15061.41
ORD-002348,CUST-00379,2025-11-18,cancelled,mobile_app,INR,6151.74,307.59000000000003,5844.15,0,1051.95,6896.1
ORD-002349,CUST-00484,2026-07-26,completed,web,INR,8357.53,78.68,8278.85,0,1490.19,9769.04
ORD-002350,CUST-00440,2025-05-19,cancelled,mobile_app,INR,17982.44,3596.49,14385.95,0,2589.47,16975.42
ORD-002351,CUST-01471,2026-05-25,cancelled,mobile_app,INR,15890.529999999999,0.0,15890.529999999999,0,2860.3,18750.83
ORD-002352,CUST-01374,2025-10-25,completed,web,INR,7881.51,0.0,7881.51,0,1418.67,9300.18
ORD-002353,CUST-00815,2026-06-29,completed,web,INR,3339.8,654.85,2684.95,0,483.29,3168.24
ORD-002354,CUST-00178,2025-11-13,shipped,web,INR,511.77,76.77,435.0,49,78.3,562.3
ORD-002355,CUST-01042,2026-06-24,completed,web,INR,38889.02,2281.86,36607.159999999996,0,6589.29,43196.45
ORD-002356,CUST-01465,2026-07-06,pending,mobile_app,INR,1599.24,0.0,1599.24,79,287.86,1966.1
ORD-002357,CUST-00949,2026-07-26,completed,web,INR,45107.35,1006.36,44100.99,0,7938.18,52039.17
ORD-002358,CUST-00537,2025-10-28,completed,mobile_app,INR,41064.73,117.44,40947.29,0,7370.51,48317.8
ORD-002359,CUST-01185,2025-10-08,completed,mobile_app,INR,18083.72,2794.5099999999998,15289.210000000001,0,2752.06,18041.27
ORD-002360,CUST-01322,2025-02-16,cancelled,web,INR,3549.62,177.48,3372.14,0,606.99,3979.13
ORD-002361,CUST-01183,2025-11-05,completed,web,INR,9383.66,304.16,9079.5,0,1634.31,10713.81
ORD-002362,CUST-01747,2026-07-25,cancelled,mobile_app,INR,10313.810000000001,129.37,10184.44,0,1833.2,12017.64
ORD-002363,CUST-00628,2026-03-09,pending,web,INR,5741.46,287.07,5454.39,0,981.79,6436.18
ORD-002364,CUST-01220,2026-05-07,completed,mobile_app,INR,2617.05,261.71,2355.34,0,423.96,2779.3
ORD-002365,CUST-01711,2025-08-24,completed,mobile_app,INR,13725.68,2445.76,11279.92,0,2030.39,13310.31
ORD-002366,CUST-00426,2025-11-26,completed,web,INR,24801.15,1899.02,22902.129999999997,0,4122.38,27024.51
ORD-002367,CUST-00564,2026-04-14,cancelled,web,INR,10804.74,0.0,10804.74,0,1944.85,12749.59
ORD-002368,CUST-00099,2025-12-10,completed,mobile_app,INR,9308.48,1163.0,8145.48,0,1466.19,9611.67
ORD-002369,CUST-00750,2025-04-02,returned,mobile_app,INR,16988.059999999998,362.07,16625.989999999998,0,2992.68,19618.67
ORD-002370,CUST-00090,2026-07-19,returned,web,INR,6333.81,0.0,6333.81,0,1140.09,7473.9
ORD-002371,CUST-01493,2025-11-12,completed,mobile_app,INR,10973.22,1035.9499999999998,9937.27,0,1788.71,11725.98
ORD-002372,CUST-00178,2025-03-31,completed,web,INR,4181.24,563.36,3617.88,0,651.22,4269.1
ORD-002373,CUST-01385,2025-05-26,pending,web,INR,21250.01,983.51,20266.5,0,3647.97,23914.47
ORD-002374,CUST-01160,2025-07-08,shipped,web,INR,3631.12,527.98,3103.14,0,558.57,3661.71
ORD-002375,CUST-01976,2025-04-27,shipped,mobile_app,INR,5453.82,545.38,4908.44,0,883.52,5791.96
ORD-002376,CUST-00697,2026-03-05,completed,mobile_app,INR,17306.12,1595.45,15710.669999999998,0,2827.92,18538.59
ORD-002377,CUST-00690,2026-06-23,completed,web,INR,4355.92,0.0,4355.92,0,784.07,5139.99
ORD-002378,CUST-00487,2026-03-02,completed,web,INR,7539.91,0.0,7539.91,0,1357.18,8897.09
ORD-002379,CUST-01075,2026-06-20,returned,web,INR,26612.27,3203.6100000000006,23408.66,0,4213.56,27622.22
ORD-002380,CUST-00439,2026-04-28,completed,mobile_app,INR,14675.34,969.69,13705.65,0,2467.02,16172.67
ORD-002381,CUST-00227,2026-03-29,cancelled,mobile_app,INR,1765.9,0.0,1765.9,49,317.86,2132.76
ORD-002382,CUST-01898,2026-04-10,completed,web,INR,12795.15,1279.52,11515.63,0,2072.81,13588.44
ORD-002383,CUST-01359,2025-03-29,cancelled,mobile_app,INR,10113.75,0.0,10113.75,0,1820.48,11934.23
ORD-002384,CUST-00238,2026-04-11,completed,mobile_app,INR,6905.08,753.8900000000001,6151.19,0,1107.21,7258.4
ORD-002385,CUST-01237,2025-07-16,shipped,mobile_app,INR,18973.05,1287.72,17685.33,0,3183.36,20868.69
ORD-002386,CUST-00610,2026-06-24,completed,mobile_app,INR,22415.92,883.23,21532.69,0,3875.88,25408.57
ORD-002387,CUST-00361,2026-05-13,returned,web,INR,17033.75,546.61,16487.14,0,2967.69,19454.83
ORD-002388,CUST-00943,2026-07-23,shipped,mobile_app,INR,4956.02,119.33,4836.6900000000005,0,870.6,5707.29
ORD-002389,CUST-01576,2025-10-21,completed,web,INR,13416.48,1524.7,11891.779999999999,0,2140.52,14032.3
ORD-002390,CUST-00001,2026-06-04,completed,mobile_app,INR,37055.479999999996,376.4,36679.08,0,6602.23,43281.31
ORD-002391,CUST-00711,2025-12-16,completed,web,INR,20500.42,1025.02,19475.4,0,3505.57,22980.97
ORD-002392,CUST-01842,2026-03-25,completed,mobile_app,INR,41891.25000000001,2587.06,39304.19,0,7074.75,46378.94
ORD-002393,CUST-00789,2026-01-08,completed,web,INR,26163.25,2634.0099999999998,23529.239999999998,0,4235.26,27764.5
ORD-002394,CUST-00199,2025-04-20,completed,web,INR,11490.0,541.95,10948.050000000001,0,1970.65,12918.7
ORD-002395,CUST-00858,2025-05-16,completed,mobile_app,INR,7681.32,0.0,7681.32,0,1382.64,9063.96
ORD-002396,CUST-01365,2025-10-16,completed,web,INR,10015.279999999999,1001.53,9013.75,0,1622.48,10636.23
ORD-002397,CUST-01993,2025-03-31,shipped,web,INR,6398.76,0.0,6398.76,0,1151.78,7550.54
ORD-002398,CUST-01258,2026-07-05,completed,mobile_app,INR,16015.18,2088.59,13926.59,0,2506.79,16433.38
ORD-002399,CUST-00102,2025-05-03,completed,web,INR,11680.95,0.0,11680.95,0,2102.57,13783.52
ORD-002400,CUST-01619,2025-12-12,cancelled,web,INR,4568.78,254.56,4314.22,0,776.56,5090.78
ORD-002401,CUST-01561,2025-11-26,completed,mobile_app,INR,7767.91,738.49,7029.42,0,1265.3,8294.72
ORD-002402,CUST-01303,2026-03-23,shipped,web,INR,10467.75,867.73,9600.02,0,1728.0,11328.02
ORD-002403,CUST-01794,2025-12-29,returned,web,INR,5425.63,316.01,5109.62,0,919.73,6029.35
ORD-002404,CUST-01539,2026-07-08,shipped,mobile_app,INR,1266.56,189.98,1076.58,79,193.78,1349.36
ORD-002405,CUST-00465,2026-07-13,completed,mobile_app,INR,5093.15,509.31,4583.84,0,825.09,5408.93
ORD-002406,CUST-00843,2026-07-21,completed,web,INR,11357.42,453.26,10904.16,0,1962.75,12866.91
ORD-002407,CUST-01015,2025-11-29,cancelled,web,INR,25485.79,4084.61,21401.18,0,3852.21,25253.39
ORD-002408,CUST-00978,2026-04-13,cancelled,web,INR,8758.119999999999,219.09,8539.03,0,1537.03,10076.06
ORD-002409,CUST-01278,2026-02-07,completed,web,INR,13916.8,1391.68,12525.12,0,2254.52,14779.64
ORD-002410,CUST-01404,2026-05-25,completed,web,INR,21281.4,1064.07,20217.33,0,3639.12,23856.45
ORD-002411,CUST-00208,2026-07-07,cancelled,mobile_app,INR,19877.47,1227.65,18649.82,0,3356.97,22006.79
ORD-002412,CUST-01137,2025-12-13,cancelled,web,INR,6869.43,686.94,6182.49,0,1112.85,7295.34
ORD-002413,CUST-00078,2026-04-24,completed,web,INR,37994.75,1387.9099999999999,36606.840000000004,0,6589.23,43196.07
ORD-002414,CUST-01024,2026-06-25,completed,mobile_app,INR,59166.83,2227.54,56939.29,0,10249.07,67188.36
ORD-002415,CUST-00845,2025-03-21,completed,web,INR,14687.8,2820.6499999999996,11867.15,0,2136.09,14003.24
ORD-002416,CUST-00412,2026-07-12,completed,mobile_app,INR,48163.11,58.67,48104.44,0,8658.8,56763.24
ORD-002417,CUST-01982,2025-09-18,shipped,mobile_app,INR,6932.55,693.26,6239.29,0,1123.07,7362.36
ORD-002418,CUST-00517,2026-04-16,completed,web,INR,10604.240000000002,0.0,10604.240000000002,0,1908.76,12513.0
ORD-002419,CUST-00113,2026-07-13,completed,web,INR,11936.42,635.1700000000001,11301.25,0,2034.22,13335.47
ORD-002420,CUST-00717,2025-08-12,completed,web,INR,14631.78,1463.18,13168.6,0,2370.35,15538.95
ORD-002421,CUST-01515,2025-05-16,cancelled,web,INR,34357.5,1818.54,32538.96,0,5857.01,38395.97
ORD-002422,CUST-00019,2026-06-30,cancelled,web,INR,22736.55,1407.01,21329.54,0,3839.32,25168.86
ORD-002423,CUST-00986,2026-03-25,cancelled,web,INR,27022.260000000002,0.0,27022.260000000002,0,4864.01,31886.27
ORD-002424,CUST-00835,2026-05-26,returned,web,INR,13301.65,119.18,13182.47,0,2372.84,15555.31
ORD-002425,CUST-01732,2026-07-30,pending,mobile_app,INR,10675.14,1316.63,9358.51,0,1684.53,11043.04
ORD-002426,CUST-00006,2026-03-31,completed,web,INR,23820.18,2040.48,21779.7,0,3920.35,25700.05
ORD-002427,CUST-00035,2026-07-24,completed,web,INR,17665.690000000002,0.0,17665.690000000002,0,3179.82,20845.51
ORD-002428,CUST-01131,2025-06-17,cancelled,web,INR,19131.850000000002,1080.32,18051.53,0,3249.28,21300.81
ORD-002429,CUST-00359,2025-12-26,completed,web,INR,2841.32,284.13,2557.19,0,460.29,3017.48
ORD-002430,CUST-01409,2025-07-06,completed,mobile_app,INR,32664.03,1599.4,31064.63,0,5591.63,36656.26
ORD-002431,CUST-00557,2026-02-05,pending,mobile_app,INR,10995.27,549.76,10445.51,0,1880.19,12325.7
ORD-002432,CUST-01125,2026-04-20,completed,web,INR,12632.05,0.0,12632.05,0,2273.77,14905.82
ORD-002433,CUST-00076,2025-12-26,returned,web,INR,35570.82,3623.63,31947.190000000002,0,5750.49,37697.68
ORD-002434,CUST-01388,2026-05-22,completed,web,INR,22342.489999999998,1401.09,20941.4,0,3769.45,24710.85
ORD-002435,CUST-01037,2026-05-11,completed,mobile_app,INR,12446.720000000001,0.0,12446.720000000001,0,2240.41,14687.13
ORD-002436,CUST-00001,2026-01-17,cancelled,web,INR,41488.149999999994,4545.38,36942.77,0,6649.7,43592.47
ORD-002437,CUST-00532,2026-05-12,shipped,mobile_app,INR,15965.15,1504.46,14460.69,0,2602.92,17063.61
ORD-002438,CUST-00119,2026-03-01,completed,web,INR,39752.71,6061.93,33690.78,0,6064.34,39755.12
ORD-002439,CUST-00090,2026-07-28,completed,web,INR,18413.050000000003,1940.2,16472.85,0,2965.11,19437.96
ORD-002440,CUST-01397,2025-08-11,completed,web,INR,13274.0,1637.21,11636.789999999999,0,2094.62,13731.41
ORD-002441,CUST-00856,2026-05-02,completed,web,INR,14957.27,224.16,14733.11,0,2651.96,17385.07
ORD-002442,CUST-01606,2026-06-02,completed,web,INR,24642.92,4181.61,20461.309999999998,0,3683.04,24144.35
ORD-002443,CUST-00516,2025-11-06,completed,web,INR,7572.12,757.21,6814.91,0,1226.68,8041.59
ORD-002444,CUST-01436,2025-07-03,completed,web,INR,13801.86,307.41,13494.45,0,2429.0,15923.45
ORD-002445,CUST-01231,2026-03-27,completed,mobile_app,INR,13681.24,0.0,13681.24,0,2462.62,16143.86
ORD-002446,CUST-01327,2026-06-17,completed,web,INR,19418.69,2632.69,16786.0,0,3021.48,19807.48
ORD-002447,CUST-01657,2026-04-12,completed,mobile_app,INR,5446.83,0.0,5446.83,0,980.43,6427.26
ORD-002448,CUST-01415,2026-07-13,completed,web,INR,3770.51,377.04999999999995,3393.46,0,610.82,4004.28
ORD-002449,CUST-01492,2025-04-24,completed,web,INR,10205.12,0.0,10205.12,0,1836.92,12042.04
ORD-002450,CUST-01480,2025-09-17,returned,web,INR,16530.85,0.0,16530.85,0,2975.55,19506.4
ORD-002451,CUST-00895,2026-04-30,pending,mobile_app,INR,4883.94,0.0,4883.94,0,879.11,5763.05
ORD-002452,CUST-01449,2026-07-25,cancelled,mobile_app,INR,4755.4,0.0,4755.4,0,855.97,5611.37
ORD-002453,CUST-01685,2026-03-18,completed,mobile_app,INR,15844.61,242.42,15602.19,0,2808.39,18410.58
ORD-002454,CUST-01477,2025-04-14,shipped,web,INR,17791.37,666.82,17124.55,0,3082.42,20206.97
ORD-002455,CUST-01216,2026-03-08,completed,web,INR,13343.11,1022.39,12320.72,0,2217.73,14538.45
ORD-002456,CUST-00149,2026-04-09,completed,mobile_app,INR,813.1,0.0,813.1,99,146.36,1058.46
ORD-002457,CUST-00874,2026-05-12,returned,mobile_app,INR,3743.16,501.7,3241.46,0,583.46,3824.92
ORD-002458,CUST-00127,2026-03-24,completed,web,INR,23321.05,959.58,22361.47,0,4025.06,26386.53
ORD-002459,CUST-00208,2026-07-07,returned,mobile_app,INR,2164.44,216.44,1948.0,79,350.64,2377.64
ORD-002460,CUST-00723,2026-04-29,shipped,web,INR,381.96,38.2,343.76,79,61.88,484.64
ORD-002461,CUST-00929,2026-04-24,completed,web,INR,19413.54,1740.15,17673.39,0,3181.21,20854.6
ORD-002462,CUST-01056,2026-07-31,completed,web,INR,1113.84,143.43,970.4100000000001,79,174.67,1224.08
ORD-002463,CUST-01801,2025-12-15,cancelled,web,INR,2754.97,413.25,2341.72,0,421.51,2763.23
ORD-002464,CUST-01526,2025-05-07,completed,web,INR,24004.22,555.5899999999999,23448.63,0,4220.75,27669.38
ORD-002465,CUST-00846,2025-08-13,completed,mobile_app,INR,1946.54,0.0,1946.54,79,350.38,2375.92
ORD-002466,CUST-00670,2026-04-05,completed,mobile_app,INR,17306.67,1730.67,15576.0,0,2803.68,18379.68
ORD-002467,CUST-01426,2026-05-22,pending,web,INR,48071.58,5361.35,42710.23,0,7687.84,50398.07
ORD-002468,CUST-00551,2026-03-05,completed,web,INR,11770.98,1884.71,9886.27,0,1779.53,11665.8
ORD-002469,CUST-01768,2025-08-07,pending,web,INR,47090.88,4164.85,42926.03,0,7726.69,50652.72
ORD-002470,CUST-01563,2025-04-24,shipped,web,INR,10375.14,518.76,9856.38,0,1774.15,11630.53
ORD-002471,CUST-01366,2025-09-28,completed,mobile_app,INR,23299.239999999998,1905.3400000000001,21393.9,0,3850.9,25244.8
ORD-002472,CUST-00499,2026-06-23,completed,web,INR,10789.8,0.0,10789.8,0,1942.16,12731.96
ORD-002473,CUST-01244,2025-12-23,cancelled,web,INR,68504.4,4417.24,64087.16,0,11535.69,75622.85
ORD-002474,CUST-01642,2026-06-30,completed,mobile_app,INR,1505.7,0.0,1505.7,49,271.03,1825.73
ORD-002475,CUST-00144,2026-01-18,completed,web,INR,16122.57,1612.26,14510.31,0,2611.86,17122.17
ORD-002476,CUST-00355,2026-07-19,completed,web,INR,8318.46,1098.88,7219.58,0,1299.52,8519.1
ORD-002477,CUST-01031,2025-09-28,cancelled,mobile_app,INR,3023.34,453.5,2569.84,0,462.57,3032.41
ORD-002478,CUST-00719,2026-01-02,shipped,web,INR,16407.02,2271.8,14135.22,0,2544.34,16679.56
ORD-002479,CUST-01420,2026-07-09,completed,web,INR,17671.489999999998,611.1400000000001,17060.35,0,3070.86,20131.21
ORD-002480,CUST-00803,2025-05-05,completed,web,INR,20795.48,3675.8999999999996,17119.58,0,3081.52,20201.1
ORD-002481,CUST-01994,2025-12-22,completed,web,INR,13942.460000000001,0.0,13942.460000000001,0,2509.64,16452.1
ORD-002482,CUST-00600,2025-09-17,cancelled,mobile_app,INR,7613.5,721.73,6891.77,0,1240.52,8132.29
ORD-002483,CUST-00721,2025-04-28,completed,mobile_app,INR,4887.01,488.7,4398.31,0,791.7,5190.01
ORD-002484,CUST-00007,2025-02-08,pending,web,INR,45675.33,4175.65,41499.68,0,7469.94,48969.62
ORD-002485,CUST-00495,2025-12-08,cancelled,web,INR,26042.9,459.86,25583.04,0,4604.95,30187.99
ORD-002486,CUST-00472,2026-06-28,completed,web,INR,9852.09,465.32,9386.769999999999,0,1689.62,11076.39
ORD-002487,CUST-01526,2026-06-27,returned,mobile_app,INR,233.28,0.0,233.28,79,41.99,354.27
ORD-002488,CUST-00676,2026-01-15,shipped,mobile_app,INR,4669.38,248.82,4420.56,0,795.7,5216.26
ORD-002489,CUST-00407,2026-02-21,shipped,web,INR,16713.93,500.11,16213.82,0,2918.49,19132.31
ORD-002490,CUST-00628,2025-07-09,completed,web,INR,7891.9,531.83,7360.07,0,1324.81,8684.88
ORD-002491,CUST-01126,2026-04-21,returned,mobile_app,INR,5379.23,271.74,5107.49,0,919.35,6026.84
ORD-002492,CUST-01572,2025-12-18,completed,mobile_app,INR,5189.0,0.0,5189.0,0,934.02,6123.02
ORD-002493,CUST-01958,2026-03-12,cancelled,web,INR,12814.15,0.0,12814.15,0,2306.55,15120.7
ORD-002494,CUST-00095,2026-06-21,completed,web,INR,8250.61,329.43,7921.18,0,1425.81,9346.99
ORD-002495,CUST-01682,2025-02-27,completed,web,INR,5061.54,759.23,4302.31,0,774.42,5076.73
ORD-002496,CUST-00778,2025-08-25,pending,web,INR,13758.689999999999,1923.08,11835.61,0,2130.41,13966.02
ORD-002497,CUST-01617,2026-03-15,completed,web,INR,9586.58,479.33,9107.25,0,1639.3,10746.55
ORD-002498,CUST-00076,2025-03-27,completed,web,INR,3149.64,0.0,3149.64,0,566.94,3716.58
ORD-002499,CUST-01253,2025-01-24,cancelled,mobile_app,INR,6311.679999999999,281.03,6030.65,0,1085.52,7116.17
ORD-002500,CUST-01862,2025-09-17,completed,mobile_app,INR,22730.79,2773.24,19957.55,0,3592.36,23549.91
ORD-002501,CUST-00079,2025-07-27,returned,web,INR,18577.88,2905.72,15672.16,0,2820.99,18493.15
ORD-002502,CUST-01581,2026-03-03,returned,web,INR,27108.21,597.01,26511.2,0,4772.02,31283.22
ORD-002503,CUST-00229,2025-06-24,completed,web,INR,22588.73,1868.98,20719.75,0,3729.56,24449.31
ORD-002504,CUST-01965,2026-03-21,completed,web,INR,16349.32,1610.31,14739.01,0,2653.02,17392.03
ORD-002505,CUST-01489,2026-07-23,pending,mobile_app,INR,31674.06,1583.7,30090.36,0,5416.26,35506.62
ORD-002506,CUST-01821,2026-02-13,returned,web,INR,2694.8,0.0,2694.8,0,485.06,3179.86
ORD-002507,CUST-01796,2025-11-18,completed,mobile_app,INR,4607.0,0.0,4607.0,0,829.26,5436.26
ORD-002508,CUST-00632,2025-01-09,shipped,mobile_app,INR,8248.85,522.66,7726.19,0,1390.71,9116.9
ORD-002509,CUST-00832,2025-01-26,completed,mobile_app,INR,17421.199999999997,1960.06,15461.14,0,2783.01,18244.15
ORD-002510,CUST-01384,2026-07-22,completed,web,INR,17084.14,854.21,16229.93,0,2921.39,19151.32
ORD-002511,CUST-00350,2026-04-07,shipped,web,INR,7083.46,1062.52,6020.94,0,1083.77,7104.71
ORD-002512,CUST-00614,2026-07-03,completed,mobile_app,INR,6609.03,330.45,6278.58,0,1130.14,7408.72
ORD-002513,CUST-00199,2026-04-12,completed,mobile_app,INR,4686.36,355.64,4330.719999999999,0,779.53,5110.25
ORD-002514,CUST-01777,2025-01-02,completed,mobile_app,INR,13568.97,27.87,13541.1,0,2437.4,15978.5
ORD-002515,CUST-00496,2026-04-15,cancelled,web,INR,13636.09,755.77,12880.32,0,2318.46,15198.78
ORD-002516,CUST-00822,2026-02-11,completed,web,INR,14345.31,0.0,14345.31,0,2582.16,16927.47
ORD-002517,CUST-00906,2026-05-08,completed,web,INR,23074.78,0.0,23074.78,0,4153.46,27228.24
ORD-002518,CUST-00752,2025-08-27,completed,web,INR,5843.24,890.95,4952.29,0,891.41,5843.7
ORD-002519,CUST-01556,2026-02-21,completed,web,INR,18697.77,2700.3799999999997,15997.39,0,2879.53,18876.92
ORD-002520,CUST-01829,2026-06-04,pending,mobile_app,INR,11704.689999999999,114.49,11590.199999999999,0,2086.24,13676.44
ORD-002521,CUST-01146,2026-07-19,completed,mobile_app,INR,6675.64,234.97,6440.67,0,1159.32,7599.99
ORD-002522,CUST-01674,2026-04-18,completed,web,INR,2833.03,0.0,2833.03,0,509.95,3342.98
ORD-002523,CUST-00222,2025-07-27,pending,web,INR,15209.09,631.5899999999999,14577.5,0,2623.95,17201.45
ORD-002524,CUST-01933,2026-05-31,completed,web,INR,16923.05,78.54,16844.51,0,3032.01,19876.52
ORD-002525,CUST-00232,2026-05-24,completed,web,INR,39773.78999999999,2034.51,37739.28,0,6793.07,44532.35
ORD-002526,CUST-00133,2025-04-27,cancelled,mobile_app,INR,27148.08,282.94,26865.140000000003,0,4835.73,31700.87
ORD-002527,CUST-00045,2026-02-23,cancelled,mobile_app,INR,18148.86,1410.12,16738.74,0,3012.97,19751.71
ORD-002528,CUST-00487,2025-02-14,completed,web,INR,53156.509999999995,1893.5400000000002,51262.97,0,9227.33,60490.3
ORD-002529,CUST-01675,2026-02-22,shipped,mobile_app,INR,5175.42,361.36,4814.0599999999995,0,866.53,5680.59
ORD-002530,CUST-00602,2026-05-28,completed,web,INR,2112.33,0.0,2112.33,0,380.22,2492.55
ORD-002531,CUST-01582,2026-06-16,shipped,mobile_app,INR,26775.22,949.93,25825.29,0,4648.55,30473.84
ORD-002532,CUST-00849,2026-05-28,completed,mobile_app,INR,855.78,42.79,812.99,49,146.34,1008.33
ORD-002533,CUST-00208,2026-07-31,cancelled,web,INR,28739.7,0.0,28739.7,0,5173.15,33912.85
ORD-002534,CUST-00947,2026-07-27,completed,mobile_app,INR,10056.51,829.35,9227.16,0,1660.89,10888.05
ORD-002535,CUST-00465,2025-05-17,shipped,web,INR,927.41,0.0,927.41,99,166.93,1193.34
ORD-002536,CUST-00583,2026-05-03,returned,web,INR,4044.25,606.64,3437.61,0,618.77,4056.38
ORD-002537,CUST-01035,2025-07-13,cancelled,web,INR,21796.73,1538.57,20258.16,0,3646.47,23904.63
ORD-002538,CUST-01581,2025-12-31,cancelled,web,INR,2474.67,0.0,2474.67,0,445.44,2920.11
ORD-002539,CUST-01174,2025-04-26,completed,web,INR,9096.24,0.0,9096.24,0,1637.32,10733.56
ORD-002540,CUST-00447,2025-11-07,completed,web,INR,1757.62,87.88,1669.74,79,300.55,2049.29
ORD-002541,CUST-01435,2026-01-28,completed,web,INR,26388.030000000002,246.78,26141.25,0,4705.42,30846.67
ORD-002542,CUST-01394,2026-07-11,completed,mobile_app,INR,13334.44,666.72,12667.72,0,2280.19,14947.91
ORD-002543,CUST-00475,2026-07-12,shipped,web,INR,24894.82,1794.69,23100.13,0,4158.02,27258.15
ORD-002544,CUST-01704,2026-04-08,shipped,web,INR,26810.8,2615.3500000000004,24195.45,0,4355.18,28550.63
ORD-002545,CUST-01687,2025-12-06,completed,web,INR,10337.08,300.26,10036.82,0,1806.63,11843.45
ORD-002546,CUST-01208,2026-06-30,completed,web,INR,7852.389999999999,597.99,7254.4,0,1305.79,8560.19
ORD-002547,CUST-00593,2025-03-03,returned,mobile_app,INR,23903.379999999997,916.19,22987.190000000002,0,4137.69,27124.88
ORD-002548,CUST-00709,2026-07-29,completed,web,INR,29010.47,2015.47,26995.0,0,4859.1,31854.1
ORD-002549,CUST-00879,2025-08-26,completed,web,INR,10851.67,520.47,10331.2,0,1859.62,12190.82
ORD-002550,CUST-00376,2025-08-21,completed,web,INR,682.12,0.0,682.12,49,122.78,853.9
ORD-002551,CUST-00612,2026-06-15,completed,web,INR,9425.58,1023.51,8402.07,0,1512.37,9914.44
ORD-002552,CUST-00269,2026-04-19,shipped,web,INR,1331.07,266.21,1064.86,49,191.67,1305.53
ORD-002553,CUST-00310,2026-05-06,completed,web,INR,13301.39,605.88,12695.51,0,2285.19,14980.7
ORD-002554,CUST-01489,2026-02-02,completed,web,INR,5563.8099999999995,11.95,5551.860000000001,0,999.33,6551.19
ORD-002555,CUST-00257,2026-04-01,completed,mobile_app,INR,8466.18,1269.93,7196.25,0,1295.32,8491.57
ORD-002556,CUST-00939,2025-06-07,completed,web,INR,38009.1,3866.6,34142.5,0,6145.65,40288.15
ORD-002557,CUST-00859,2026-07-30,completed,web,INR,33563.43,4942.4,28621.03,0,5151.79,33772.82
ORD-002558,CUST-00093,2026-06-07,completed,web,INR,15942.529999999999,748.14,15194.39,0,2734.99,17929.38
ORD-002559,CUST-01663,2026-01-21,returned,web,INR,9340.2,550.4200000000001,8789.78,0,1582.16,10371.94
ORD-002560,CUST-01968,2025-10-18,cancelled,mobile_app,INR,19753.02,651.5,19101.52,0,3438.27,22539.79
ORD-002561,CUST-01277,2026-07-16,completed,web,INR,33896.96,1249.25,32647.71,0,5876.59,38524.3
ORD-002562,CUST-01343,2025-09-18,completed,web,INR,6256.38,108.67,6147.71,0,1106.59,7254.3
ORD-002563,CUST-00466,2026-07-06,cancelled,web,INR,13149.9,0.0,13149.9,0,2366.98,15516.88
ORD-002564,CUST-01689,2026-06-14,completed,web,INR,26463.46,1086.06,25377.399999999998,0,4567.93,29945.33
ORD-002565,CUST-01569,2026-07-06,completed,web,INR,16866.6,2345.96,14520.64,0,2613.72,17134.36
ORD-002566,CUST-00877,2026-04-12,completed,web,INR,21867.09,642.62,21224.47,0,3820.4,25044.87
ORD-002567,CUST-01412,2025-09-06,completed,web,INR,5989.32,1197.86,4791.46,0,862.46,5653.92
ORD-002568,CUST-01911,2026-02-07,pending,mobile_app,INR,41063.2,7782.370000000001,33280.829999999994,0,5990.55,39271.38
ORD-002569,CUST-01206,2026-07-31,completed,web,INR,25558.96,473.1,25085.86,0,4515.45,29601.31
ORD-002570,CUST-00400,2025-11-04,pending,web,INR,14335.900000000001,510.71,13825.19,0,2488.53,16313.72
ORD-002571,CUST-00661,2026-07-14,cancelled,web,INR,12856.689999999999,2533.26,10323.43,0,1858.22,12181.65
ORD-002572,CUST-00371,2025-04-01,pending,mobile_app,INR,12607.73,729.4399999999999,11878.29,0,2138.09,14016.38
ORD-002573,CUST-00664,2025-08-21,shipped,web,INR,6631.03,73.05,6557.98,0,1180.44,7738.42
ORD-002574,CUST-01781,2025-11-18,cancelled,web,INR,20669.33,2676.8599999999997,17992.47,0,3238.64,21231.11
ORD-002575,CUST-00380,2025-07-26,completed,web,INR,15696.73,652.6899999999999,15044.039999999999,0,2707.93,17751.97
ORD-002576,CUST-01784,2026-06-23,cancelled,web,INR,4877.860000000001,609.39,4268.47,0,768.32,5036.79
ORD-002577,CUST-00571,2026-07-05,completed,mobile_app,INR,15158.59,669.9499999999999,14488.640000000001,0,2607.96,17096.6
ORD-002578,CUST-00999,2026-07-07,shipped,web,INR,3891.37,715.03,3176.34,0,571.74,3748.08
ORD-002579,CUST-01057,2025-06-13,completed,web,INR,16666.62,1025.98,15640.64,0,2815.32,18455.96
ORD-002580,CUST-00252,2025-10-05,completed,web,INR,1534.99,307.0,1227.99,79,221.04,1528.03
ORD-002581,CUST-00369,2025-08-30,completed,mobile_app,INR,1324.98,132.5,1192.48,79,214.65,1486.13
ORD-002582,CUST-00611,2026-07-13,completed,mobile_app,INR,22102.44,809.58,21292.86,0,3832.71,25125.57
ORD-002583,CUST-00120,2025-10-11,completed,web,INR,10942.06,231.37,10710.690000000002,0,1927.92,12638.61
ORD-002584,CUST-01509,2026-05-17,completed,web,INR,14669.039999999999,2756.88,11912.16,0,2144.19,14056.35
ORD-002585,CUST-01093,2026-05-02,completed,web,INR,11352.24,0.0,11352.24,0,2043.4,13395.64
ORD-002586,CUST-01692,2026-06-20,completed,mobile_app,INR,880.14,0.0,880.14,79,158.43,1117.57
ORD-002587,CUST-01727,2026-06-27,completed,mobile_app,INR,14879.4,42.89,14836.51,0,2670.57,17507.08
ORD-002588,CUST-00696,2026-05-20,completed,web,INR,13410.990000000002,1662.1699999999998,11748.82,0,2114.79,13863.61
ORD-002589,CUST-01635,2025-09-14,completed,web,INR,16823.62,574.98,16248.64,0,2924.76,19173.4
ORD-002590,CUST-00123,2026-01-25,completed,web,INR,1303.41,130.34,1173.07,49,211.15,1433.22
ORD-002591,CUST-00860,2026-02-06,completed,web,INR,8134.74,424.7,7710.039999999999,0,1387.81,9097.85
ORD-002592,CUST-01332,2026-07-01,completed,mobile_app,INR,21149.16,1059.98,20089.18,0,3616.05,23705.23
ORD-002593,CUST-00933,2025-09-29,pending,mobile_app,INR,37767.36,1122.6,36644.76,0,6596.06,43240.82
ORD-002594,CUST-01479,2025-03-20,completed,web,INR,34958.49,3741.99,31216.5,0,5618.97,36835.47
ORD-002595,CUST-01718,2025-04-09,completed,mobile_app,INR,4770.6900000000005,552.53,4218.16,0,759.27,4977.43
ORD-002596,CUST-00849,2026-04-15,completed,mobile_app,INR,1980.0,198.0,1782.0,99,320.76,2201.76
ORD-002597,CUST-00549,2026-04-22,cancelled,web,INR,8585.44,1322.65,7262.79,0,1307.3,8570.09
ORD-002598,CUST-01167,2025-02-24,completed,web,INR,4421.13,0.0,4421.13,0,795.8,5216.93
ORD-002599,CUST-01737,2025-06-14,completed,mobile_app,INR,6538.33,213.66,6324.67,0,1138.44,7463.11
ORD-002600,CUST-01975,2026-01-30,completed,web,INR,14987.19,1498.72,13488.47,0,2427.92,15916.39
ORD-002601,CUST-01632,2026-06-13,completed,mobile_app,INR,8240.539999999999,656.68,7583.860000000001,0,1365.09,8948.95
ORD-002602,CUST-00490,2026-07-16,completed,web,INR,6336.99,0.0,6336.99,0,1140.66,7477.65
ORD-002603,CUST-00411,2026-03-10,pending,mobile_app,INR,16017.93,788.8,15229.130000000001,0,2741.24,17970.37
ORD-002604,CUST-01146,2026-02-14,pending,web,INR,16823.940000000002,1605.69,15218.25,0,2739.28,17957.53
ORD-002605,CUST-00805,2026-02-17,completed,web,INR,3302.29,0.0,3302.29,0,594.41,3896.7
ORD-002606,CUST-01222,2026-02-24,completed,mobile_app,INR,14781.55,368.09000000000003,14413.460000000001,0,2594.42,17007.88
ORD-002607,CUST-01847,2025-12-10,completed,web,INR,10539.99,1338.7,9201.29,0,1656.23,10857.52
ORD-002608,CUST-01099,2025-06-10,pending,web,INR,1008.93,100.89,908.04,99,163.45,1170.49
ORD-002609,CUST-00712,2025-10-21,returned,web,INR,11640.32,1013.22,10627.1,0,1912.88,12539.98
ORD-002610,CUST-01739,2026-06-22,completed,web,INR,5235.12,0.0,5235.12,0,942.32,6177.44
ORD-002611,CUST-00879,2026-01-16,completed,web,INR,4801.889999999999,76.99,4724.9,0,850.48,5575.38
ORD-002612,CUST-01211,2026-01-25,completed,web,INR,25901.14,3714.26,22186.88,0,3993.64,26180.52
ORD-002613,CUST-00271,2026-04-05,cancelled,web,INR,6443.3099999999995,197.96,6245.35,0,1124.16,7369.51
ORD-002614,CUST-01016,2026-04-10,completed,web,INR,9711.56,30.42,9681.14,0,1742.61,11423.75
ORD-002615,CUST-00853,2026-07-04,completed,web,INR,2102.48,420.5,1681.98,49,302.76,2033.74
ORD-002616,CUST-00247,2026-07-29,completed,mobile_app,INR,16592.52,2388.95,14203.57,0,2556.64,16760.21
ORD-002617,CUST-00424,2026-05-15,completed,web,INR,1409.82,0.0,1409.82,79,253.77,1742.59
ORD-002618,CUST-01407,2025-09-02,returned,mobile_app,INR,1680.34,0.0,1680.34,99,302.46,2081.8
ORD-002619,CUST-00362,2026-07-26,completed,web,INR,8805.38,1706.28,7099.099999999999,0,1277.84,8376.94
ORD-002620,CUST-00265,2026-07-25,completed,web,INR,20680.85,2716.1400000000003,17964.71,0,3233.65,21198.36
ORD-002621,CUST-00116,2026-03-21,shipped,web,INR,14364.28,1436.42,12927.859999999999,0,2327.01,15254.87
ORD-002622,CUST-00054,2025-04-02,completed,web,INR,25404.61,0.0,25404.61,0,4572.83,29977.44
ORD-002623,CUST-00869,2026-02-24,shipped,web,INR,11827.78,86.93,11740.85,0,2113.35,13854.2
ORD-002624,CUST-00978,2025-09-03,cancelled,mobile_app,INR,19434.98,971.74,18463.239999999998,0,3323.38,21786.62
ORD-002625,CUST-01249,2025-05-20,completed,web,INR,10085.0,812.84,9272.16,0,1668.99,10941.15
ORD-002626,CUST-01145,2026-04-12,completed,web,INR,22450.079999999998,413.13,22036.95,0,3966.65,26003.6
ORD-002627,CUST-01074,2025-08-10,completed,mobile_app,INR,17857.59,217.82,17639.77,0,3175.16,20814.93
ORD-002628,CUST-01999,2025-10-06,shipped,web,INR,11380.0,291.35,11088.65,0,1995.96,13084.61
ORD-002629,CUST-00500,2026-06-19,returned,mobile_app,INR,14627.460000000001,767.63,13859.83,0,2494.77,16354.6
ORD-002630,CUST-01425,2026-07-05,completed,web,INR,9048.71,806.1500000000001,8242.56,0,1483.66,9726.22
ORD-002631,CUST-00160,2026-04-09,cancelled,web,INR,14629.240000000002,863.1,13766.140000000001,0,2477.91,16244.05
ORD-002632,CUST-01698,2025-02-18,shipped,web,INR,44970.75,285.8,44684.95,0,8043.29,52728.24
ORD-002633,CUST-00726,2025-06-15,pending,web,INR,65496.39,1444.45,64051.94,0,11529.35,75581.29
ORD-002634,CUST-00693,2026-07-07,completed,web,INR,7676.209999999999,758.24,6917.97,0,1245.23,8163.2
ORD-002635,CUST-00271,2025-07-14,completed,mobile_app,INR,3749.9,0.0,3749.9,0,674.98,4424.88
ORD-002636,CUST-01018,2026-03-20,shipped,web,INR,25572.059999999998,4873.13,20698.93,0,3725.81,24424.74
ORD-002637,CUST-00800,2026-07-28,cancelled,mobile_app,INR,38234.63,2397.23,35837.4,0,6450.73,42288.13
ORD-002638,CUST-01949,2025-12-25,shipped,web,INR,25800.17,1231.68,24568.489999999998,0,4422.33,28990.82
ORD-002639,CUST-00357,2025-12-27,cancelled,web,INR,1848.91,277.34,1571.57,49,282.88,1903.45
ORD-002640,CUST-00835,2026-05-28,completed,web,INR,20195.05,1045.56,19149.489999999998,0,3446.91,22596.4
ORD-002641,CUST-01801,2025-04-18,shipped,mobile_app,INR,12855.73,1172.26,11683.470000000001,0,2103.02,13786.49
ORD-002642,CUST-01615,2025-11-30,completed,web,INR,12595.41,431.62,12163.789999999999,0,2189.48,14353.27
ORD-002643,CUST-01530,2026-07-26,completed,mobile_app,INR,6062.58,259.03,5803.549999999999,0,1044.64,6848.19
ORD-002644,CUST-01052,2026-02-02,completed,web,INR,11142.029999999999,410.65,10731.38,0,1931.65,12663.03
ORD-002645,CUST-01747,2026-07-29,completed,mobile_app,INR,37840.14,7568.03,30272.11,0,5448.98,35721.09
ORD-002646,CUST-00448,2026-07-26,completed,mobile_app,INR,5419.780000000001,377.08,5042.700000000001,0,907.69,5950.39
ORD-002647,CUST-01620,2026-07-27,shipped,mobile_app,INR,10581.47,0.0,10581.47,0,1904.66,12486.13
ORD-002648,CUST-01161,2025-11-13,returned,web,INR,4517.3,451.73,4065.57,0,731.8,4797.37
ORD-002649,CUST-00700,2026-07-14,completed,web,INR,7938.84,0.0,7938.84,0,1428.99,9367.83
ORD-002650,CUST-00437,2025-12-23,completed,mobile_app,INR,1954.12,0.0,1954.12,99,351.74,2404.86
ORD-002651,CUST-01044,2026-02-28,completed,web,INR,16860.19,948.8900000000001,15911.3,0,2864.03,18775.33
ORD-002652,CUST-00007,2026-01-02,completed,web,INR,5756.84,863.53,4893.31,0,880.8,5774.11
ORD-002653,CUST-01430,2026-02-05,completed,mobile_app,INR,15981.91,1170.22,14811.69,0,2666.1,17477.79
ORD-002654,CUST-00472,2026-03-27,completed,mobile_app,INR,12763.48,271.5,12491.98,0,2248.56,14740.54
ORD-002655,CUST-00779,2025-07-08,returned,web,INR,20102.79,660.48,19442.309999999998,0,3499.62,22941.93
ORD-002656,CUST-00387,2025-04-14,completed,mobile_app,INR,14855.57,763.63,14091.94,0,2536.55,16628.49
ORD-002657,CUST-00931,2026-04-26,shipped,web,INR,17734.46,51.78,17682.68,0,3182.88,20865.56
ORD-002658,CUST-00742,2026-07-24,shipped,web,INR,2583.86,0.0,2583.86,0,465.09,3048.95
ORD-002659,CUST-00376,2026-07-12,completed,web,INR,9828.98,1663.99,8164.99,0,1469.7,9634.69
ORD-002660,CUST-01778,2025-04-23,completed,mobile_app,INR,5641.85,443.17,5198.68,0,935.76,6134.44
ORD-002661,CUST-01519,2025-11-11,completed,mobile_app,INR,21971.06,2297.0,19674.06,0,3541.33,23215.39
ORD-002662,CUST-00776,2026-06-26,completed,mobile_app,INR,26007.03,1300.35,24706.68,0,4447.2,29153.88
ORD-002663,CUST-00116,2025-07-15,returned,web,INR,25211.67,1630.9700000000003,23580.7,0,4244.53,27825.23
ORD-002664,CUST-01691,2026-05-11,completed,mobile_app,INR,12746.64,1067.0,11679.64,0,2102.34,13781.98
ORD-002665,CUST-01394,2026-06-27,completed,web,INR,22297.28,2308.27,19989.010000000002,0,3598.02,23587.03
ORD-002666,CUST-01112,2025-02-14,completed,web,INR,10125.44,71.99,10053.45,0,1809.62,11863.07
ORD-002667,CUST-01210,2026-07-19,completed,mobile_app,INR,26942.72,766.96,26175.76,0,4711.64,30887.4
ORD-002668,CUST-00016,2026-01-17,returned,mobile_app,INR,5531.219999999999,454.25,5076.97,0,913.85,5990.82
ORD-002669,CUST-00948,2026-05-02,completed,mobile_app,INR,692.92,69.29,623.63,49,112.25,784.88
ORD-002670,CUST-00378,2025-12-20,shipped,web,INR,27703.05,616.42,27086.63,0,4875.59,31962.22
ORD-002671,CUST-01303,2026-02-22,completed,web,INR,31974.6,934.7800000000001,31039.82,0,5587.17,36626.99
ORD-002672,CUST-01863,2026-03-27,completed,web,INR,4608.07,0.0,4608.07,0,829.45,5437.52
ORD-002673,CUST-01062,2026-02-08,completed,mobile_app,INR,11910.119999999999,134.82,11775.3,0,2119.55,13894.85
ORD-002674,CUST-01209,2025-09-05,returned,web,INR,25247.98,2768.58,22479.4,0,4046.29,26525.69
ORD-002675,CUST-01335,2026-01-10,completed,mobile_app,INR,12195.009999999998,142.82,12052.189999999999,0,2169.39,14221.58
ORD-002676,CUST-01860,2026-06-19,shipped,web,INR,6424.91,280.21,6144.7,0,1106.05,7250.75
ORD-002677,CUST-00077,2026-07-29,completed,web,INR,28649.1,742.83,27906.269999999997,0,5023.13,32929.4
ORD-002678,CUST-00621,2025-08-14,completed,mobile_app,INR,5623.29,0.0,5623.29,0,1012.19,6635.48
ORD-002679,CUST-00537,2026-06-22,completed,mobile_app,INR,1300.0,0.0,1300.0,79,234.0,1613.0
ORD-002680,CUST-01434,2025-12-07,completed,web,INR,4475.66,671.35,3804.31,0,684.78,4489.09
ORD-002681,CUST-00896,2025-09-12,completed,web,INR,33058.83,248.93,32809.9,0,5905.78,38715.68
ORD-002682,CUST-01545,2025-12-13,completed,web,INR,17029.83,1333.83,15696.0,0,2825.28,18521.28
ORD-002683,CUST-00945,2026-02-22,returned,web,INR,11757.869999999999,488.35,11269.52,0,2028.51,13298.03
ORD-002684,CUST-01952,2025-11-15,completed,mobile_app,INR,12426.94,550.75,11876.19,0,2137.71,14013.9
ORD-002685,CUST-01534,2025-12-07,completed,web,INR,3165.96,0.0,3165.96,0,569.87,3735.83
ORD-002686,CUST-00037,2026-05-16,completed,web,INR,12775.73,627.22,12148.51,0,2186.73,14335.24
ORD-002687,CUST-01977,2026-06-06,completed,mobile_app,INR,20189.36,638.43,19550.93,0,3519.17,23070.1
ORD-002688,CUST-01905,2025-08-11,completed,mobile_app,INR,14182.15,155.11,14027.04,0,2524.87,16551.91
ORD-002689,CUST-00087,2025-09-04,completed,web,INR,377.95,37.8,340.15,99,61.23,500.38
ORD-002690,CUST-00784,2025-07-17,completed,mobile_app,INR,26752.010000000002,1053.91,25698.100000000002,0,4625.66,30323.76
ORD-002691,CUST-01942,2026-06-13,completed,web,INR,14074.199999999999,230.93,13843.27,0,2491.79,16335.06
ORD-002692,CUST-01676,2026-07-22,completed,web,INR,13844.54,1192.12,12652.42,0,2277.44,14929.86
ORD-002693,CUST-00937,2025-12-28,returned,mobile_app,INR,18701.73,1089.17,17612.56,0,3170.26,20782.82
ORD-002694,CUST-01090,2025-01-07,shipped,web,INR,8545.12,427.26,8117.86,0,1461.21,9579.07
ORD-002695,CUST-00060,2026-01-07,completed,mobile_app,INR,17623.08,1573.85,16049.23,0,2888.86,18938.09
ORD-002696,CUST-01130,2026-06-24,cancelled,web,INR,12977.079999999998,0.0,12977.079999999998,0,2335.87,15312.95
ORD-002697,CUST-01333,2026-06-03,completed,mobile_app,INR,22162.46,920.08,21242.38,0,3823.63,25066.01
ORD-002698,CUST-00719,2026-07-18,shipped,web,INR,21682.91,1671.33,20011.58,0,3602.08,23613.66
ORD-002699,CUST-00614,2025-02-02,completed,web,INR,42712.75,5340.52,37372.229999999996,0,6727.0,44099.23
ORD-002700,CUST-01657,2026-07-12,completed,mobile_app,INR,19693.78,36.63,19657.149999999998,0,3538.29,23195.44
ORD-002701,CUST-00898,2025-06-04,completed,mobile_app,INR,25779.879999999997,2608.96,23170.920000000002,0,4170.77,27341.69
ORD-002702,CUST-00529,2026-05-13,completed,mobile_app,INR,17418.15,573.71,16844.44,0,3032.0,19876.44
ORD-002703,CUST-00750,2025-02-23,shipped,web,INR,16816.0,1113.47,15702.53,0,2826.46,18528.99
ORD-002704,CUST-00985,2026-04-26,completed,web,INR,5286.610000000001,294.77,4991.84,0,898.53,5890.37
ORD-002705,CUST-00519,2026-01-10,completed,web,INR,4935.6,557.02,4378.58,0,788.14,5166.72
ORD-002706,CUST-01121,2025-11-27,completed,web,INR,8433.720000000001,0.0,8433.720000000001,0,1518.07,9951.79
ORD-002707,CUST-01723,2026-06-23,completed,web,INR,14660.69,1959.0600000000002,12701.63,0,2286.29,14987.92
ORD-002708,CUST-01486,2026-04-05,shipped,mobile_app,INR,16297.45,0.0,16297.45,0,2933.54,19230.99
ORD-002709,CUST-00463,2025-12-26,cancelled,web,INR,9433.439999999999,210.26,9223.18,0,1660.17,10883.35
ORD-002710,CUST-00944,2026-06-28,completed,web,INR,3451.28,690.26,2761.02,0,496.98,3258.0
ORD-002711,CUST-01088,2026-07-28,cancelled,mobile_app,INR,21599.67,425.53999999999996,21174.13,0,3811.34,24985.47
ORD-002712,CUST-01361,2026-03-24,completed,mobile_app,INR,2635.14,263.51,2371.63,0,426.89,2798.52
ORD-002713,CUST-01513,2026-04-08,completed,web,INR,15271.699999999999,982.75,14288.949999999999,0,2572.01,16860.96
ORD-002714,CUST-00971,2025-03-25,completed,mobile_app,INR,2337.33,347.84,1989.4900000000002,49,358.11,2396.6
ORD-002715,CUST-00631,2026-04-04,completed,mobile_app,INR,22994.99,1436.55,21558.440000000002,0,3880.52,25438.96
ORD-002716,CUST-01319,2026-07-13,completed,web,INR,11291.849999999999,2036.22,9255.630000000001,0,1666.01,10921.64
ORD-002717,CUST-00252,2025-06-06,completed,mobile_app,INR,18733.8,2366.72,16367.08,0,2946.07,19313.15
ORD-002718,CUST-01349,2025-12-25,cancelled,mobile_app,INR,6910.65,176.88,6733.77,0,1212.08,7945.85
ORD-002719,CUST-01793,2025-07-20,returned,mobile_app,INR,9726.18,148.79,9577.39,0,1723.93,11301.32
ORD-002720,CUST-01419,2026-05-21,pending,web,INR,8404.06,840.41,7563.65,0,1361.46,8925.11
ORD-002721,CUST-00868,2026-06-05,completed,web,INR,12577.95,0.0,12577.95,0,2264.03,14841.98
ORD-002722,CUST-01647,2025-04-02,completed,mobile_app,INR,2506.48,375.97,2130.51,0,383.49,2514.0
ORD-002723,CUST-01065,2026-07-16,cancelled,web,INR,17078.2,295.55,16782.649999999998,0,3020.88,19803.53
ORD-002724,CUST-01082,2026-07-22,completed,web,INR,14198.39,574.91,13623.48,0,2452.23,16075.71
ORD-002725,CUST-01705,2026-06-01,completed,web,INR,42050.829999999994,180.82,41870.009999999995,0,7536.6,49406.61
ORD-002726,CUST-00387,2026-07-13,completed,mobile_app,INR,9494.96,60.31,9434.65,0,1698.24,11132.89
ORD-002727,CUST-01560,2026-05-07,completed,web,INR,7870.2,1260.88,6609.32,0,1189.68,7799.0
ORD-002728,CUST-01360,2025-11-27,shipped,mobile_app,INR,12500.98,1290.15,11210.83,0,2017.95,13228.78
ORD-002729,CUST-01059,2025-09-28,completed,web,INR,9398.36,0.0,9398.36,0,1691.7,11090.06
ORD-002730,CUST-00155,2025-07-02,completed,mobile_app,INR,3620.26,215.09,3405.17,0,612.93,4018.1
ORD-002731,CUST-01532,2025-10-20,shipped,web,INR,18716.429999999997,1443.18,17273.25,0,3109.18,20382.43
ORD-002732,CUST-00438,2026-07-16,completed,mobile_app,INR,25656.699999999997,2411.0299999999997,23245.67,0,4184.22,27429.89
ORD-002733,CUST-01791,2025-07-09,completed,mobile_app,INR,32635.71,1964.23,30671.48,0,5520.87,36192.35
ORD-002734,CUST-01585,2026-06-19,completed,web,INR,3346.46,334.65,3011.81,0,542.13,3553.94
ORD-002735,CUST-00728,2025-04-17,pending,web,INR,13824.730000000001,1531.1,12293.63,0,2212.85,14506.48
ORD-002736,CUST-00871,2026-06-19,completed,mobile_app,INR,41500.49,2799.5699999999997,38700.92,0,6966.17,45667.09
ORD-002737,CUST-00052,2026-07-10,completed,mobile_app,INR,7385.05,532.24,6852.8099999999995,0,1233.51,8086.32
ORD-002738,CUST-00997,2026-07-02,completed,web,INR,11330.619999999999,428.88,10901.74,0,1962.31,12864.05
ORD-002739,CUST-00116,2026-03-11,pending,web,INR,28665.54,1735.95,26929.59,0,4847.33,31776.92
ORD-002740,CUST-01975,2026-06-22,completed,mobile_app,INR,1495.43,0.0,1495.43,49,269.18,1813.61
ORD-002741,CUST-01281,2026-06-27,completed,mobile_app,INR,4482.120000000001,452.17,4029.9500000000003,0,725.39,4755.34
ORD-002742,CUST-00471,2026-05-03,completed,web,INR,15378.39,884.77,14493.619999999999,0,2608.85,17102.47
ORD-002743,CUST-01608,2026-06-20,cancelled,web,INR,17120.86,1447.8999999999999,15672.96,0,2821.13,18494.09
ORD-002744,CUST-00040,2025-12-15,completed,web,INR,32297.13,118.39,32178.74,0,5792.17,37970.91
ORD-002745,CUST-01099,2026-04-27,completed,mobile_app,INR,6473.530000000001,692.03,5781.5,0,1040.67,6822.17
ORD-002746,CUST-00223,2026-07-11,completed,mobile_app,INR,36675.63,3398.9700000000003,33276.66,0,5989.8,39266.46
ORD-002747,CUST-00109,2026-01-31,completed,web,INR,34191.84,1304.32,32887.520000000004,0,5919.75,38807.27
ORD-002748,CUST-00490,2025-09-08,completed,web,INR,25262.41,987.69,24274.719999999998,0,4369.45,28644.17
ORD-002749,CUST-00589,2026-04-01,completed,web,INR,28776.86,1965.32,26811.54,0,4826.08,31637.62
ORD-002750,CUST-01452,2025-04-08,completed,web,INR,11163.23,1802.3899999999999,9360.84,0,1684.95,11045.79
ORD-002751,CUST-01782,2025-11-04,shipped,mobile_app,INR,11091.75,0.0,11091.75,0,1996.52,13088.27
ORD-002752,CUST-01552,2026-05-14,completed,mobile_app,INR,10813.49,1470.19,9343.3,0,1681.79,11025.09
ORD-002753,CUST-01480,2026-04-28,shipped,web,INR,15420.45,1101.92,14318.529999999999,0,2577.34,16895.87
ORD-002754,CUST-01131,2025-06-26,completed,web,INR,9607.0,0.0,9607.0,0,1729.26,11336.26
ORD-002755,CUST-00743,2025-10-17,returned,web,INR,2698.02,269.8,2428.22,0,437.08,2865.3
ORD-002756,CUST-00511,2026-07-29,completed,mobile_app,INR,53304.119999999995,1468.71,51835.41,0,9330.37,61165.78
ORD-002757,CUST-01892,2025-03-22,completed,web,INR,10129.96,1363.99,8765.97,0,1577.87,10343.84
ORD-002758,CUST-01044,2026-06-07,completed,web,INR,39152.020000000004,5275.88,33876.14,0,6097.71,39973.85
ORD-002759,CUST-01129,2025-07-12,completed,mobile_app,INR,1394.34,139.43,1254.91,49,225.88,1529.79
ORD-002760,CUST-00030,2025-11-06,shipped,web,INR,5801.26,368.04999999999995,5433.21,0,977.98,6411.19
ORD-002761,CUST-00916,2026-07-05,completed,mobile_app,INR,26056.64,3096.0,22960.64,0,4132.92,27093.56
ORD-002762,CUST-01364,2025-11-16,cancelled,web,INR,36522.16,3079.56,33442.600000000006,0,6019.67,39462.27
ORD-002763,CUST-00991,2026-04-12,completed,web,INR,9360.28,0.0,9360.28,0,1684.85,11045.13
ORD-002764,CUST-01229,2025-09-02,completed,mobile_app,INR,16630.010000000002,474.59,16155.42,0,2907.98,19063.4
ORD-002765,CUST-01620,2026-07-30,cancelled,mobile_app,INR,16984.58,2547.69,14436.89,0,2598.64,17035.53
ORD-002766,CUST-00044,2026-02-13,completed,mobile_app,INR,56088.149999999994,2765.2,53322.95,0,9598.13,62921.08
ORD-002767,CUST-01809,2025-10-24,returned,web,INR,9674.66,650.07,9024.59,0,1624.43,10649.02
ORD-002768,CUST-01635,2025-03-22,completed,web,INR,12557.65,160.67,12396.98,0,2231.46,14628.44
ORD-002769,CUST-00840,2026-07-29,completed,web,INR,20933.05,990.25,19942.8,0,3589.7,23532.5
ORD-002770,CUST-01527,2025-01-29,cancelled,web,INR,1329.36,103.17999999999999,1226.1799999999998,99,220.71,1545.89
ORD-002771,CUST-00134,2025-11-06,completed,web,INR,41614.490000000005,915.0600000000001,40699.43,0,7325.9,48025.33
ORD-002772,CUST-00617,2026-01-06,completed,web,INR,32221.71,2007.4,30214.31,0,5438.58,35652.89
ORD-002773,CUST-00216,2026-03-20,completed,web,INR,9806.26,0.0,9806.26,0,1765.13,11571.39
ORD-002774,CUST-01271,2025-11-05,completed,web,INR,15219.660000000002,675.06,14544.6,0,2618.03,17162.63
ORD-002775,CUST-01713,2026-05-24,completed,web,INR,33797.49,1689.87,32107.62,0,5779.37,37886.99
ORD-002776,CUST-01203,2026-07-23,completed,web,INR,757.33,0.0,757.33,49,136.32,942.65
ORD-002777,CUST-01424,2026-07-24,completed,mobile_app,INR,20607.11,2060.83,18546.28,0,3338.33,21884.61
ORD-002778,CUST-00287,2025-07-12,completed,mobile_app,INR,12829.38,1021.42,11807.96,0,2125.43,13933.39
ORD-002779,CUST-01869,2026-05-09,completed,web,INR,12248.79,568.46,11680.33,0,2102.46,13782.79
ORD-002780,CUST-00387,2025-01-30,completed,web,INR,6953.97,543.32,6410.650000000001,0,1153.92,7564.57
ORD-002781,CUST-01053,2026-02-21,completed,mobile_app,INR,11199.6,2239.92,8959.68,0,1612.74,10572.42
ORD-002782,CUST-01367,2026-01-28,cancelled,web,INR,4626.58,281.69,4344.89,0,782.08,5126.97
ORD-002783,CUST-01714,2026-05-11,shipped,mobile_app,INR,2385.6,238.56,2147.04,0,386.47,2533.51
ORD-002784,CUST-01868,2026-03-22,completed,web,INR,6721.48,769.27,5952.21,0,1071.4,7023.61
ORD-002785,CUST-01198,2026-07-26,completed,mobile_app,INR,20072.21,1907.1899999999998,18165.02,0,3269.7,21434.72
ORD-002786,CUST-01153,2025-10-07,completed,web,INR,42260.01,3704.4300000000003,38555.579999999994,0,6940.0,45495.58
ORD-002787,CUST-00835,2026-06-05,completed,mobile_app,INR,19247.47,324.42,18923.05,0,3406.15,22329.2
ORD-002788,CUST-01136,2026-05-31,completed,web,INR,3352.36,502.85,2849.51,0,512.91,3362.42
ORD-002789,CUST-01350,2026-03-28,returned,web,INR,1055.2,211.04,844.16,49,151.95,1045.11
ORD-002790,CUST-01294,2026-03-02,shipped,web,INR,2462.53,0.0,2462.53,0,443.26,2905.79
ORD-002791,CUST-01185,2026-07-15,completed,web,INR,8090.91,407.11,7683.8,0,1383.08,9066.88
ORD-002792,CUST-00882,2026-04-12,completed,mobile_app,INR,27149.100000000002,856.05,26293.05,0,4732.75,31025.8
ORD-002793,CUST-00392,2025-12-06,shipped,web,INR,24220.96,1257.8000000000002,22963.16,0,4133.37,27096.53
ORD-002794,CUST-00109,2026-02-11,returned,web,INR,1077.46,215.49,861.97,99,155.15,1116.12
ORD-002795,CUST-00842,2026-04-24,completed,web,INR,16086.5,2405.4700000000003,13681.03,0,2462.59,16143.62
ORD-002796,CUST-00794,2026-03-10,cancelled,web,INR,11644.52,1314.75,10329.77,0,1859.36,12189.13
ORD-002797,CUST-01217,2026-04-11,completed,mobile_app,INR,11010.52,0.0,11010.52,0,1981.89,12992.41
ORD-002798,CUST-01801,2025-04-22,shipped,mobile_app,INR,5975.72,0.0,5975.72,0,1075.63,7051.35
ORD-002799,CUST-01404,2025-08-25,completed,web,INR,38580.96,821.8900000000001,37759.07,0,6796.63,44555.7
ORD-002800,CUST-01610,2026-02-17,completed,web,INR,22302.660000000003,874.16,21428.5,0,3857.13,25285.63
ORD-002801,CUST-01157,2025-06-01,completed,mobile_app,INR,13829.539999999999,1466.66,12362.88,0,2225.32,14588.2
ORD-002802,CUST-01855,2025-03-14,completed,web,INR,1019.22,0.0,1019.22,99,183.46,1301.68
ORD-002803,CUST-01880,2026-01-25,completed,web,INR,50708.7,3420.15,47288.55,0,8511.94,55800.49
ORD-002804,CUST-00306,2025-06-11,completed,web,INR,32599.92,3805.0599999999995,28794.86,0,5183.07,33977.93
ORD-002805,CUST-01279,2026-04-22,shipped,web,INR,15919.94,2210.65,13709.29,0,2467.67,16176.96
ORD-002806,CUST-01012,2026-07-12,completed,web,INR,23238.73,1980.5,21258.23,0,3826.48,25084.71
ORD-002807,CUST-01945,2025-07-21,shipped,web,INR,11610.310000000001,426.35,11183.96,0,2013.11,13197.07
ORD-002808,CUST-01170,2026-07-11,completed,mobile_app,INR,8692.619999999999,99.53,8593.09,0,1546.76,10139.85
ORD-002809,CUST-00032,2025-05-10,shipped,web,INR,8911.33,0.0,8911.33,0,1604.04,10515.37
ORD-002810,CUST-00420,2026-06-29,completed,mobile_app,INR,754.12,37.71,716.41,79,128.95,924.36
ORD-002811,CUST-00260,2025-10-11,completed,web,INR,1447.11,144.71,1302.4,49,234.43,1585.83
ORD-002812,CUST-00402,2026-07-07,completed,mobile_app,INR,10031.85,0.0,10031.85,0,1805.73,11837.58
ORD-002813,CUST-00192,2026-05-18,pending,web,INR,27285.0,4379.65,22905.350000000002,0,4122.96,27028.31
ORD-002814,CUST-01565,2025-10-17,completed,web,INR,11560.12,1734.02,9826.1,0,1768.7,11594.8
ORD-002815,CUST-00989,2026-04-21,completed,web,INR,2366.4,236.64,2129.76,0,383.36,2513.12
ORD-002816,CUST-01344,2026-03-06,shipped,web,INR,29507.590000000004,1180.63,28326.960000000003,0,5098.85,33425.81
ORD-002817,CUST-02000,2026-01-22,completed,web,INR,7489.46,301.51,7187.950000000001,0,1293.83,8481.78
ORD-002818,CUST-01295,2026-07-03,completed,web,INR,18850.34,1059.06,17791.28,0,3202.43,20993.71
ORD-002819,CUST-00959,2026-07-11,completed,web,INR,18025.5,0.0,18025.5,0,3244.59,21270.09
ORD-002820,CUST-00534,2026-02-07,cancelled,web,INR,25502.269999999997,3144.6800000000003,22357.59,0,4024.37,26381.96
ORD-002821,CUST-01510,2025-10-21,returned,web,INR,12938.86,1082.3,11856.560000000001,0,2134.18,13990.74
ORD-002822,CUST-01014,2025-07-21,returned,web,INR,26256.18,1312.81,24943.37,0,4489.81,29433.18
ORD-002823,CUST-01514,2025-03-23,completed,mobile_app,INR,7101.27,0.0,7101.27,0,1278.23,8379.5
ORD-002824,CUST-00047,2025-02-24,completed,mobile_app,INR,50715.32,6402.41,44312.91,0,7976.32,52289.23
ORD-002825,CUST-00327,2025-01-05,cancelled,mobile_app,INR,8329.68,832.97,7496.71,0,1349.41,8846.12
ORD-002826,CUST-00260,2025-08-13,completed,mobile_app,INR,5524.4,552.44,4971.96,0,894.95,5866.91
ORD-002827,CUST-01363,2026-06-27,completed,web,INR,17573.54,2688.0200000000004,14885.52,0,2679.39,17564.91
ORD-002828,CUST-01037,2026-07-10,pending,web,INR,17841.09,241.22,17599.87,0,3167.98,20767.85
ORD-002829,CUST-00634,2026-07-25,completed,web,INR,31898.059999999998,1350.29,30547.769999999997,0,5498.6,36046.37
ORD-002830,CUST-00620,2025-02-18,completed,web,INR,21305.45,440.21999999999997,20865.23,0,3755.74,24620.97
ORD-002831,CUST-01214,2026-07-31,cancelled,mobile_app,INR,13805.000000000002,1903.51,11901.49,0,2142.27,14043.76
ORD-002832,CUST-01932,2026-01-17,completed,mobile_app,INR,15002.85,1638.42,13364.43,0,2405.6,15770.03
ORD-002833,CUST-01991,2026-05-02,returned,web,INR,13658.99,1044.32,12614.67,0,2270.64,14885.31
ORD-002834,CUST-00943,2026-07-20,completed,mobile_app,INR,5137.42,696.07,4441.349999999999,0,799.44,5240.79
ORD-002835,CUST-01342,2025-06-01,completed,mobile_app,INR,18209.52,490.48,17719.04,0,3189.43,20908.47
ORD-002836,CUST-00168,2026-03-04,cancelled,web,INR,21880.74,2188.07,19692.67,0,3544.68,23237.35
ORD-002837,CUST-01891,2026-01-09,shipped,web,INR,6295.39,1218.67,5076.72,0,913.81,5990.53
ORD-002838,CUST-00036,2025-08-27,returned,mobile_app,INR,25706.94,2268.02,23438.920000000002,0,4219.01,27657.93
ORD-002839,CUST-00685,2025-10-11,completed,mobile_app,INR,25971.309999999998,671.26,25300.05,0,4554.01,29854.06
ORD-002840,CUST-01451,2025-05-01,completed,web,INR,19788.329999999998,916.61,18871.719999999998,0,3396.91,22268.63
ORD-002841,CUST-01940,2025-04-17,completed,web,INR,47103.7,327.77,46775.93,0,8419.67,55195.6
ORD-002842,CUST-00344,2026-06-26,completed,mobile_app,INR,2114.92,211.49,1903.43,79,342.62,2325.05
ORD-002843,CUST-01323,2026-04-08,pending,mobile_app,INR,44440.26,6251.9400000000005,38188.32,0,6873.9,45062.22
ORD-002844,CUST-00376,2025-11-23,pending,web,INR,18426.3,1072.28,17354.02,0,3123.72,20477.74
ORD-002845,CUST-00101,2026-06-13,completed,mobile_app,INR,6429.45,0.0,6429.45,0,1157.3,7586.75
ORD-002846,CUST-00848,2025-08-22,pending,web,INR,1827.29,365.46,1461.83,79,263.13,1803.96
ORD-002847,CUST-01154,2026-05-28,completed,mobile_app,INR,924.76,92.48,832.28,79,149.81,1061.09
ORD-002848,CUST-00529,2026-07-27,cancelled,web,INR,20467.51,4030.3900000000003,16437.12,0,2958.68,19395.8
ORD-002849,CUST-01947,2026-07-25,completed,mobile_app,INR,15954.39,180.06,15774.33,0,2839.38,18613.71
ORD-002850,CUST-01234,2026-01-27,shipped,mobile_app,INR,15499.8,757.6700000000001,14742.130000000001,0,2653.58,17395.71
ORD-002851,CUST-00877,2026-05-07,shipped,mobile_app,INR,4288.3,643.25,3645.05,0,656.11,4301.16
ORD-002852,CUST-00972,2025-09-29,completed,web,INR,9505.28,386.67,9118.61,0,1641.35,10759.96
ORD-002853,CUST-00929,2026-02-21,cancelled,mobile_app,INR,10811.470000000001,1316.06,9495.41,0,1709.17,11204.58
ORD-002854,CUST-00223,2025-11-25,completed,web,INR,16595.93,841.29,15754.64,0,2835.84,18590.48
ORD-002855,CUST-01213,2025-11-09,cancelled,web,INR,42073.53,3308.14,38765.39,0,6977.77,45743.16
ORD-002856,CUST-01570,2026-07-18,completed,mobile_app,INR,20906.92,2639.44,18267.48,0,3288.15,21555.63
ORD-002857,CUST-00843,2026-07-16,completed,web,INR,14685.19,464.97,14220.22,0,2559.64,16779.86
ORD-002858,CUST-00852,2026-04-09,shipped,web,INR,17417.18,1238.1999999999998,16178.98,0,2912.22,19091.2
ORD-002859,CUST-01821,2025-06-02,shipped,web,INR,6021.12,174.55,5846.57,0,1052.38,6898.95
ORD-002860,CUST-01222,2026-03-27,returned,web,INR,11516.41,1069.35,10447.06,0,1880.47,12327.53
ORD-002861,CUST-00596,2026-07-23,completed,web,INR,8083.41,118.82,7964.59,0,1433.63,9398.22
ORD-002862,CUST-00008,2026-01-23,completed,mobile_app,INR,32747.07,3134.93,29612.14,0,5330.19,34942.33
ORD-002863,CUST-01647,2026-02-19,completed,web,INR,37803.34,5018.07,32785.270000000004,0,5901.35,38686.62
ORD-002864,CUST-01253,2026-02-02,returned,web,INR,858.91,0.0,858.91,49,154.6,1062.51
ORD-002865,CUST-01253,2025-10-10,pending,web,INR,28706.25,4541.4800000000005,24164.77,0,4349.66,28514.43
ORD-002866,CUST-00566,2026-04-10,cancelled,web,INR,66006.28,1256.41,64749.87,0,11654.98,76404.85
ORD-002867,CUST-00373,2025-04-03,completed,web,INR,1219.59,121.96,1097.63,99,197.57,1394.2
ORD-002868,CUST-00989,2026-05-22,cancelled,web,INR,22987.769999999997,1968.46,21019.31,0,3783.48,24802.79
ORD-002869,CUST-01516,2026-06-22,completed,mobile_app,INR,14277.14,1761.04,12516.099999999999,0,2252.9,14769.0
ORD-002870,CUST-00596,2026-02-03,returned,mobile_app,INR,1237.98,0.0,1237.98,79,222.84,1539.82
ORD-002871,CUST-01055,2026-07-25,completed,web,INR,16447.05,2467.06,13979.99,0,2516.4,16496.39
ORD-002872,CUST-01993,2026-03-23,completed,web,INR,8153.13,815.31,7337.82,0,1320.81,8658.63
ORD-002873,CUST-00439,2026-04-16,completed,web,INR,34209.6,0.0,34209.6,0,6157.73,40367.33
ORD-002874,CUST-00462,2025-03-26,cancelled,web,INR,12016.470000000001,916.9300000000001,11099.54,0,1997.92,13097.46
ORD-002875,CUST-00472,2026-06-15,completed,web,INR,17549.21,1875.32,15673.89,0,2821.3,18495.19
ORD-002876,CUST-01826,2026-07-03,completed,web,INR,4646.33,0.0,4646.33,0,836.34,5482.67
ORD-002877,CUST-01058,2026-07-11,shipped,mobile_app,INR,9666.5,349.34,9317.16,0,1677.09,10994.25
ORD-002878,CUST-01836,2025-08-03,pending,web,INR,6779.59,726.04,6053.55,0,1089.64,7143.19
ORD-002879,CUST-01896,2026-07-21,completed,mobile_app,INR,38557.86,1237.08,37320.78,0,6717.74,44038.52
ORD-002880,CUST-00843,2026-07-06,completed,web,INR,6316.6,173.76,6142.84,0,1105.71,7248.55
ORD-002881,CUST-00110,2026-01-05,completed,web,INR,42429.07,680.05,41749.020000000004,0,7514.82,49263.84
ORD-002882,CUST-00609,2026-07-06,completed,mobile_app,INR,11026.99,451.91,10575.08,0,1903.51,12478.59
ORD-002883,CUST-01088,2026-07-31,completed,web,INR,10489.48,30.07,10459.41,0,1882.69,12342.1
ORD-002884,CUST-00763,2026-07-14,completed,web,INR,3202.53,0.0,3202.53,0,576.46,3778.99
ORD-002885,CUST-00005,2025-04-16,completed,web,INR,32191.559999999998,0.0,32191.559999999998,0,5794.48,37986.04
ORD-002886,CUST-01979,2025-03-14,completed,mobile_app,INR,32294.969999999998,100.69,32194.28,0,5794.97,37989.25
ORD-002887,CUST-00607,2026-04-23,completed,web,INR,4131.15,0.0,4131.15,0,743.61,4874.76
ORD-002888,CUST-01238,2025-04-08,completed,web,INR,20933.74,270.59,20663.15,0,3719.37,24382.52
ORD-002889,CUST-01894,2025-12-30,completed,web,INR,35318.35,2173.62,33144.73,0,5966.05,39110.78
ORD-002890,CUST-01090,2025-12-21,completed,web,INR,18232.269999999997,694.45,17537.82,0,3156.81,20694.63
ORD-002891,CUST-01389,2026-07-17,completed,web,INR,16385.23,1639.45,14745.779999999999,0,2654.24,17400.02
ORD-002892,CUST-00072,2025-07-14,completed,web,INR,25973.73,1298.68,24675.05,0,4441.51,29116.56
ORD-002893,CUST-01394,2026-05-11,shipped,web,INR,33698.35,421.51,33276.84,0,5989.83,39266.67
ORD-002894,CUST-01696,2026-05-04,cancelled,web,INR,9366.12,0.0,9366.12,0,1685.9,11052.02
ORD-002895,CUST-01837,2026-07-09,completed,mobile_app,INR,18429.27,3064.21,15365.06,0,2765.71,18130.77
ORD-002896,CUST-00168,2026-01-31,shipped,web,INR,5411.06,82.22,5328.84,0,959.19,6288.03
ORD-002897,CUST-00457,2025-05-12,cancelled,web,INR,22113.84,1449.84,20664.0,0,3719.52,24383.52
ORD-002898,CUST-00094,2025-12-25,shipped,web,INR,22054.83,1102.74,20952.09,0,3771.38,24723.47
ORD-002899,CUST-01836,2025-01-03,completed,web,INR,6334.71,633.47,5701.24,0,1026.22,6727.46
ORD-002900,CUST-00550,2026-05-11,completed,web,INR,7389.96,1477.99,5911.97,0,1064.15,6976.12
ORD-002901,CUST-01064,2026-06-04,completed,web,INR,13120.58,1996.44,11124.140000000001,0,2002.35,13126.49
ORD-002902,CUST-00952,2026-04-04,completed,mobile_app,INR,10286.630000000001,1308.63,8978.0,0,1616.04,10594.04
ORD-002903,CUST-01378,2025-12-16,completed,web,INR,23750.54,0.0,23750.54,0,4275.1,28025.64
ORD-002904,CUST-01791,2026-06-27,pending,web,INR,25050.74,3589.28,21461.46,0,3863.06,25324.52
ORD-002905,CUST-00648,2025-11-26,completed,mobile_app,INR,27432.79,1156.45,26276.339999999997,0,4729.74,31006.08
ORD-002906,CUST-01581,2025-02-16,completed,web,INR,29482.899999999998,364.73,29118.17,0,5241.27,34359.44
ORD-002907,CUST-00582,2026-05-19,pending,web,INR,13126.9,146.64,12980.26,0,2336.45,15316.71
ORD-002908,CUST-00396,2026-06-11,completed,mobile_app,INR,13420.85,78.79,13342.060000000001,0,2401.57,15743.63
ORD-002909,CUST-00213,2026-04-04,completed,web,INR,37390.64,142.63,37248.01,0,6704.64,43952.65
ORD-002910,CUST-00745,2026-06-13,pending,web,INR,4653.09,259.54,4393.55,0,790.84,5184.39
ORD-002911,CUST-01121,2025-11-10,completed,web,INR,3336.77,0.0,3336.77,0,600.62,3937.39
ORD-002912,CUST-01561,2025-05-06,completed,web,INR,18462.37,2836.36,15626.01,0,2812.68,18438.69
ORD-002913,CUST-01697,2026-01-22,completed,web,INR,10617.18,228.57999999999998,10388.6,0,1869.95,12258.55
ORD-002914,CUST-01055,2025-06-02,completed,mobile_app,INR,12098.54,1209.85,10888.689999999999,0,1959.96,12848.65
ORD-002915,CUST-00818,2025-03-10,cancelled,mobile_app,INR,1411.3,141.13,1270.17,99,228.63,1597.8
ORD-002916,CUST-00349,2025-06-04,completed,web,INR,16194.75,713.73,15481.02,0,2786.58,18267.6
ORD-002917,CUST-01829,2026-06-27,cancelled,mobile_app,INR,29782.160000000003,288.75,29493.410000000003,0,5308.81,34802.22
ORD-002918,CUST-00793,2026-04-10,completed,mobile_app,INR,14598.64,1054.67,13543.97,0,2437.91,15981.88
ORD-002919,CUST-01530,2026-06-09,returned,web,INR,7774.82,0.0,7774.82,0,1399.47,9174.29
ORD-002920,CUST-01252,2025-08-14,completed,web,INR,25436.17,2368.63,23067.54,0,4152.16,27219.7
ORD-002921,CUST-01863,2026-07-11,returned,web,INR,10224.5,506.3,9718.2,0,1749.28,11467.48
ORD-002922,CUST-01947,2026-01-20,completed,web,INR,12491.59,0.0,12491.59,0,2248.49,14740.08
ORD-002923,CUST-01414,2026-06-17,returned,mobile_app,INR,20786.04,3117.9100000000003,17668.13,0,3180.26,20848.39
ORD-002924,CUST-01324,2026-06-20,cancelled,mobile_app,INR,3711.0,556.65,3154.35,0,567.78,3722.13
ORD-002925,CUST-00275,2026-07-27,completed,mobile_app,INR,10395.98,560.62,9835.36,0,1770.36,11605.72
ORD-002926,CUST-00033,2026-01-15,completed,web,INR,8813.529999999999,38.42,8775.109999999999,0,1579.52,10354.63
ORD-002927,CUST-01093,2026-05-04,completed,web,INR,24769.57,1050.98,23718.59,0,4269.35,27987.94
ORD-002928,CUST-01411,2025-05-26,completed,web,INR,32009.91,355.11999999999995,31654.79,0,5697.86,37352.65
ORD-002929,CUST-01493,2025-01-27,completed,web,INR,20836.9,0.0,20836.9,0,3750.64,24587.54
ORD-002930,CUST-00502,2026-05-16,completed,web,INR,19877.95,3105.72,16772.23,0,3019.0,19791.23
ORD-002931,CUST-01007,2026-07-22,pending,web,INR,16236.57,2230.62,14005.95,0,2521.07,16527.02
ORD-002932,CUST-01725,2026-03-06,pending,mobile_app,INR,24153.23,3026.48,21126.75,0,3802.82,24929.57
ORD-002933,CUST-00192,2026-02-03,completed,web,INR,15800.57,103.77,15696.8,0,2825.42,18522.22
ORD-002934,CUST-00768,2025-05-31,completed,web,INR,5202.5,260.12,4942.38,0,889.63,5832.01
ORD-002935,CUST-01890,2026-01-28,completed,web,INR,16976.64,1065.92,15910.720000000001,0,2863.93,18774.65
ORD-002936,CUST-00400,2025-04-26,shipped,mobile_app,INR,19899.76,2984.9700000000003,16914.79,0,3044.66,19959.45
ORD-002937,CUST-00634,2025-12-25,pending,web,INR,12255.0,1838.25,10416.75,0,1875.02,12291.77
ORD-002938,CUST-00936,2026-06-22,completed,web,INR,32044.47,1655.22,30389.25,0,5470.06,35859.31
ORD-002939,CUST-01377,2026-07-27,completed,web,INR,6843.97,653.31,6190.66,0,1114.32,7304.98
ORD-002940,CUST-00511,2026-07-31,completed,web,INR,27857.489999999998,2605.3,25252.190000000002,0,4545.39,29797.58
ORD-002941,CUST-01585,2025-11-10,completed,web,INR,20373.49,541.95,19831.54,0,3569.68,23401.22
ORD-002942,CUST-00472,2026-03-29,pending,mobile_app,INR,1330.62,0.0,1330.62,49,239.51,1619.13
ORD-002943,CUST-00737,2026-07-12,shipped,web,INR,3876.7200000000003,292.28,3584.44,0,645.2,4229.64
ORD-002944,CUST-01147,2025-05-24,completed,web,INR,11546.34,0.0,11546.34,0,2078.34,13624.68
ORD-002945,CUST-00025,2026-04-23,completed,web,INR,29213.25,1380.03,27833.22,0,5009.98,32843.2
ORD-002946,CUST-01535,2026-03-05,completed,web,INR,8032.030000000001,0.0,8032.030000000001,0,1445.77,9477.8
ORD-002947,CUST-01338,2025-09-07,shipped,mobile_app,INR,38379.78,249.96,38129.82,0,6863.37,44993.19
ORD-002948,CUST-01670,2025-11-23,shipped,mobile_app,INR,2748.24,0.0,2748.24,0,494.68,3242.92
ORD-002949,CUST-00550,2025-11-15,completed,web,INR,10897.98,373.39,10524.59,0,1894.43,12419.02
ORD-002950,CUST-00796,2025-08-21,completed,web,INR,11640.66,1746.1,9894.56,0,1781.02,11675.58
ORD-002951,CUST-01798,2025-02-04,returned,web,INR,15662.22,1607.82,14054.4,0,2529.79,16584.19
ORD-002952,CUST-00134,2026-05-08,cancelled,web,INR,8763.79,294.1,8469.69,0,1524.54,9994.23
ORD-002953,CUST-00983,2026-02-01,completed,web,INR,21485.29,2697.99,18787.3,0,3381.71,22169.01
ORD-002954,CUST-00968,2025-09-17,completed,mobile_app,INR,23565.18,749.65,22815.53,0,4106.8,26922.33
ORD-002955,CUST-00895,2026-03-28,pending,mobile_app,INR,22405.920000000002,2056.48,20349.44,0,3662.9,24012.34
ORD-002956,CUST-00868,2026-07-07,shipped,web,INR,16282.009999999998,1086.49,15195.52,0,2735.19,17930.71
ORD-002957,CUST-01495,2026-05-07,pending,mobile_app,INR,8743.08,493.78,8249.3,0,1484.87,9734.17
ORD-002958,CUST-00394,2025-08-05,completed,web,INR,9181.06,459.05,8722.01,0,1569.96,10291.97
ORD-002959,CUST-01783,2026-01-31,completed,web,INR,10891.18,0.0,10891.18,0,1960.41,12851.59
ORD-002960,CUST-01793,2025-09-29,completed,web,INR,29187.01,4544.71,24642.3,0,4435.61,29077.91
ORD-002961,CUST-00359,2026-03-28,cancelled,web,INR,25972.47,77.87,25894.6,0,4661.03,30555.63
ORD-002962,CUST-01949,2026-03-31,shipped,web,INR,56880.020000000004,676.78,56203.24,0,10116.58,66319.82
ORD-002963,CUST-00525,2026-02-13,completed,mobile_app,INR,15487.02,0.0,15487.02,0,2787.66,18274.68
ORD-002964,CUST-00104,2026-01-25,pending,web,INR,34064.84,852.28,33212.56,0,5978.26,39190.82
ORD-002965,CUST-00797,2026-07-08,pending,web,INR,21032.68,2630.92,18401.760000000002,0,3312.32,21714.08
ORD-002966,CUST-01592,2026-05-08,completed,web,INR,13145.43,2114.92,11030.509999999998,0,1985.49,13016.0
ORD-002967,CUST-01690,2026-02-09,completed,web,INR,18704.93,1216.8899999999999,17488.04,0,3147.85,20635.89
ORD-002968,CUST-01292,2026-04-25,shipped,web,INR,3434.6,343.46,3091.14,0,556.41,3647.55
ORD-002969,CUST-01623,2026-06-06,completed,web,INR,1846.59,184.66,1661.93,49,299.15,2010.08
ORD-002970,CUST-00523,2025-10-16,shipped,web,INR,12926.939999999999,644.54,12282.4,0,2210.83,14493.23
ORD-002971,CUST-01758,2025-12-01,completed,web,INR,6769.549999999999,476.45,6293.1,0,1132.76,7425.86
ORD-002972,CUST-01271,2026-01-26,returned,web,INR,23827.32,1446.42,22380.899999999998,0,4028.56,26409.46
ORD-002973,CUST-00268,2025-08-23,cancelled,mobile_app,INR,22945.8,0.0,22945.8,0,4130.24,27076.04
ORD-002974,CUST-00258,2025-04-08,returned,mobile_app,INR,11408.34,1140.83,10267.51,0,1848.15,12115.66
ORD-002975,CUST-00535,2025-12-02,shipped,web,INR,1566.36,156.64,1409.72,99,253.75,1762.47
ORD-002976,CUST-00139,2026-04-16,completed,mobile_app,INR,18585.86,1123.23,17462.63,0,3143.27,20605.9
ORD-002977,CUST-00566,2026-04-25,completed,mobile_app,INR,254.22,50.84,203.38,99,36.61,338.99
ORD-002978,CUST-01987,2026-04-10,shipped,web,INR,13654.970000000001,410.03999999999996,13244.93,0,2384.09,15629.02
ORD-002979,CUST-00481,2026-04-05,completed,mobile_app,INR,13596.62,0.0,13596.62,0,2447.39,16044.01
ORD-002980,CUST-01273,2026-06-03,shipped,web,INR,6413.24,152.93,6260.3099999999995,0,1126.86,7387.17
ORD-002981,CUST-01956,2026-07-22,completed,mobile_app,INR,16575.84,923.48,15652.36,0,2817.42,18469.78
ORD-002982,CUST-00507,2026-04-19,completed,web,INR,29407.93,754.52,28653.41,0,5157.61,33811.02
ORD-002983,CUST-01393,2026-07-16,completed,web,INR,18155.9,1699.73,16456.17,0,2962.11,19418.28
ORD-002984,CUST-00901,2026-02-11,shipped,mobile_app,INR,24621.52,1987.82,22633.699999999997,0,4074.07,26707.77
ORD-002985,CUST-00571,2026-07-07,completed,mobile_app,INR,27590.46,2991.95,24598.510000000002,0,4427.73,29026.24
ORD-002986,CUST-01901,2026-06-10,completed,web,INR,11381.91,0.0,11381.91,0,2048.74,13430.65
ORD-002987,CUST-01314,2026-04-17,completed,mobile_app,INR,25825.54,1922.25,23903.29,0,4302.59,28205.88
ORD-002988,CUST-00878,2026-07-05,cancelled,mobile_app,INR,9864.24,743.4,9120.84,0,1641.75,10762.59
ORD-002989,CUST-01625,2026-06-07,completed,mobile_app,INR,32864.13,3334.77,29529.36,0,5315.28,34844.64
ORD-002990,CUST-01801,2025-06-10,completed,mobile_app,INR,12653.46,1133.7,11519.76,0,2073.56,13593.32
ORD-002991,CUST-01563,2025-09-07,completed,mobile_app,INR,27403.25,742.23,26661.019999999997,0,4798.98,31460.0
ORD-002992,CUST-01738,2026-01-06,completed,web,INR,14770.310000000001,1161.71,13608.6,0,2449.55,16058.15
ORD-002993,CUST-00645,2026-02-17,completed,mobile_app,INR,337.65,0.0,337.65,99,60.78,497.43
ORD-002994,CUST-00689,2026-07-31,shipped,web,INR,16151.84,431.59,15720.25,0,2829.64,18549.89
ORD-002995,CUST-00466,2026-07-06,completed,mobile_app,INR,12357.16,771.15,11586.01,0,2085.48,13671.49
ORD-002996,CUST-01393,2026-07-19,cancelled,mobile_app,INR,15350.82,1511.58,13839.24,0,2491.06,16330.3
ORD-002997,CUST-01607,2025-10-16,cancelled,web,INR,5606.34,0.0,5606.34,0,1009.14,6615.48
ORD-002998,CUST-01321,2025-09-30,completed,web,INR,17139.92,1714.0,15425.92,0,2776.67,18202.59
ORD-002999,CUST-01199,2026-02-05,cancelled,web,INR,4965.21,744.78,4220.43,0,759.68,4980.11
ORD-003000,CUST-01543,2026-06-10,shipped,web,INR,8531.49,183.51,8347.98,0,1502.64,9850.62
ORD-003001,CUST-00363,2025-05-19,completed,web,INR,23932.26,2850.82,21081.440000000002,0,3794.66,24876.1
ORD-003002,CUST-00732,2025-03-27,shipped,mobile_app,INR,17582.739999999998,1108.31,16474.43,0,2965.4,19439.83
ORD-003003,CUST-01415,2026-01-25,pending,mobile_app,INR,370.34,0.0,370.34,99,66.66,536.0
ORD-003004,CUST-00105,2026-07-18,completed,mobile_app,INR,1277.11,127.71,1149.4,99,206.89,1455.29
ORD-003005,CUST-01822,2025-12-22,completed,web,INR,15221.4,0.0,15221.4,0,2739.85,17961.25
ORD-003006,CUST-00343,2026-01-30,completed,mobile_app,INR,47837.46,4565.6,43271.86,0,7788.93,51060.79
ORD-003007,CUST-01574,2026-07-16,completed,mobile_app,INR,11018.4,208.93,10809.47,0,1945.7,12755.17
ORD-003008,CUST-01234,2026-07-06,completed,mobile_app,INR,5661.02,0.0,5661.02,0,1018.98,6680.0
ORD-003009,CUST-01696,2025-11-25,completed,web,INR,5665.62,566.56,5099.06,0,917.83,6016.89
ORD-003010,CUST-01551,2025-12-25,cancelled,mobile_app,INR,17703.989999999998,2583.7200000000003,15120.27,0,2721.65,17841.92
ORD-003011,CUST-01032,2026-04-28,completed,web,INR,46776.43,4687.29,42089.14,0,7576.05,49665.19
ORD-003012,CUST-01513,2026-05-13,completed,web,INR,3860.14,193.01,3667.13,0,660.08,4327.21
ORD-003013,CUST-00693,2026-07-09,cancelled,web,INR,2180.02,327.0,1853.02,79,333.54,2265.56
ORD-003014,CUST-01168,2026-03-25,completed,mobile_app,INR,7637.43,0.0,7637.43,0,1374.74,9012.17
ORD-003015,CUST-01831,2025-09-19,completed,web,INR,15957.78,0.0,15957.78,0,2872.4,18830.18
ORD-003016,CUST-00170,2025-02-08,completed,mobile_app,INR,32044.24,474.93,31569.31,0,5682.48,37251.79
ORD-003017,CUST-00712,2026-02-19,completed,mobile_app,INR,48317.509999999995,9456.92,38860.59,0,6994.91,45855.5
ORD-003018,CUST-00035,2026-06-22,completed,web,INR,12143.76,500.22999999999996,11643.529999999999,0,2095.84,13739.37
ORD-003019,CUST-01069,2026-05-07,completed,web,INR,10704.359999999999,1704.24,9000.119999999999,0,1620.02,10620.14
ORD-003020,CUST-01565,2026-06-30,shipped,web,INR,21680.66,1127.1399999999999,20553.52,0,3699.63,24253.15
ORD-003021,CUST-00078,2025-07-14,completed,web,INR,13982.03,1226.6,12755.43,0,2295.98,15051.41
ORD-003022,CUST-01099,2026-07-06,returned,mobile_app,INR,8389.12,0.0,8389.12,0,1510.04,9899.16
ORD-003023,CUST-00831,2025-01-06,cancelled,web,INR,56715.48,2449.0,54266.48,0,9767.97,64034.45
ORD-003024,CUST-01566,2026-07-15,completed,web,INR,5721.65,0.0,5721.65,0,1029.9,6751.55
ORD-003025,CUST-00441,2026-07-09,completed,web,INR,2855.94,0.0,2855.94,0,514.07,3370.01
ORD-003026,CUST-00326,2026-01-08,cancelled,web,INR,26499.93,503.14,25996.79,0,4679.42,30676.21
ORD-003027,CUST-00190,2026-01-30,completed,web,INR,22492.32,1138.25,21354.07,0,3843.73,25197.8
ORD-003028,CUST-00815,2026-05-15,completed,web,INR,28663.03,1726.46,26936.57,0,4848.58,31785.15
ORD-003029,CUST-00976,2026-07-26,completed,web,INR,6482.4,558.41,5923.99,0,1066.32,6990.31
ORD-003030,CUST-01839,2025-11-15,shipped,web,INR,3479.39,347.94,3131.45,0,563.66,3695.11
ORD-003031,CUST-00932,2025-11-28,completed,mobile_app,INR,9486.49,101.49,9385.0,0,1689.3,11074.3
ORD-003032,CUST-00344,2026-02-02,completed,web,INR,11055.099999999999,1587.17,9467.93,0,1704.23,11172.16
ORD-003033,CUST-01399,2025-06-17,completed,web,INR,1135.4,0.0,1135.4,79,204.37,1418.77
ORD-003034,CUST-00124,2026-01-19,shipped,web,INR,4086.83,372.89,3713.94,0,668.51,4382.45
ORD-003035,CUST-00691,2026-07-29,completed,mobile_app,INR,22844.64,3314.3,19530.34,0,3515.46,23045.8
ORD-003036,CUST-01307,2025-01-25,shipped,web,INR,17201.61,1433.3200000000002,15768.29,0,2838.29,18606.58
ORD-003037,CUST-00508,2026-01-03,completed,web,INR,19614.56,1962.1999999999998,17652.36,0,3177.42,20829.78
ORD-003038,CUST-01190,2025-02-21,completed,web,INR,1147.42,114.74,1032.68,79,185.88,1297.56
ORD-003039,CUST-00907,2025-07-23,completed,web,INR,29572.36,3311.1800000000003,26261.18,0,4727.01,30988.19
ORD-003040,CUST-01905,2025-12-24,completed,mobile_app,INR,20032.82,1692.16,18340.66,0,3301.32,21641.98
ORD-003041,CUST-00575,2026-05-24,completed,mobile_app,INR,11130.63,54.86,11075.77,0,1993.64,13069.41
ORD-003042,CUST-01813,2026-01-01,returned,web,INR,30035.84,1152.33,28883.51,0,5199.03,34082.54
ORD-003043,CUST-01252,2025-07-07,completed,mobile_app,INR,27771.45,0.0,27771.45,0,4998.86,32770.31
ORD-003044,CUST-01499,2025-08-15,pending,mobile_app,INR,26781.879999999997,3925.2799999999997,22856.600000000002,0,4114.19,26970.79
ORD-003045,CUST-00338,2025-11-28,completed,web,INR,11155.48,1494.13,9661.35,0,1739.04,11400.39
ORD-003046,CUST-00039,2025-04-22,completed,web,INR,18838.68,598.3,18240.38,0,3283.27,21523.65
ORD-003047,CUST-01462,2025-11-01,completed,mobile_app,INR,6949.77,401.36,6548.41,0,1178.71,7727.12
ORD-003048,CUST-00961,2026-04-08,cancelled,mobile_app,INR,45114.22,937.52,44176.7,0,7951.81,52128.51
ORD-003049,CUST-00618,2025-02-16,completed,web,INR,26518.1,4337.67,22180.43,0,3992.48,26172.91
ORD-003050,CUST-01793,2026-07-11,completed,web,INR,24581.65,796.49,23785.16,0,4281.33,28066.49
ORD-003051,CUST-00653,2025-11-03,completed,mobile_app,INR,8768.89,341.8,8427.09,0,1516.88,9943.97
ORD-003052,CUST-00868,2026-06-05,completed,web,INR,9158.02,915.8100000000001,8242.21,0,1483.6,9725.81
ORD-003053,CUST-01449,2026-04-28,completed,web,INR,10452.02,464.26,9987.76,0,1797.8,11785.56
ORD-003054,CUST-01925,2026-06-30,cancelled,web,INR,18351.0,1024.28,17326.72,0,3118.81,20445.53
ORD-003055,CUST-01798,2026-01-19,completed,mobile_app,INR,31015.92,3258.55,27757.37,0,4996.33,32753.7
ORD-003056,CUST-01305,2026-06-19,cancelled,mobile_app,INR,2723.19,0.0,2723.19,0,490.17,3213.36
ORD-003057,CUST-00221,2025-06-15,completed,web,INR,3352.7200000000003,305.46,3047.2599999999998,0,548.51,3595.77
ORD-003058,CUST-00219,2025-06-19,returned,web,INR,19710.510000000002,298.89,19411.62,0,3494.09,22905.71
ORD-003059,CUST-01386,2026-01-07,pending,web,INR,20746.53,239.66,20506.87,0,3691.24,24198.11
ORD-003060,CUST-01019,2025-03-30,shipped,mobile_app,INR,18738.06,1873.81,16864.25,0,3035.56,19899.81
ORD-003061,CUST-00267,2025-04-24,pending,web,INR,10459.3,95.24,10364.06,0,1865.53,12229.59
ORD-003062,CUST-01392,2025-08-15,cancelled,web,INR,18243.309999999998,2311.75,15931.56,0,2867.68,18799.24
ORD-003063,CUST-01885,2025-11-10,completed,web,INR,35281.41,1700.15,33581.26,0,6044.63,39625.89
ORD-003064,CUST-00131,2025-07-26,completed,web,INR,37421.81,1985.1399999999999,35436.67,0,6378.6,41815.27
ORD-003065,CUST-01652,2026-02-25,completed,web,INR,14767.75,702.15,14065.599999999999,0,2531.81,16597.41
ORD-003066,CUST-00690,2026-05-07,completed,mobile_app,INR,2983.75,42.02,2941.73,0,529.51,3471.24
ORD-003067,CUST-00796,2025-04-26,completed,mobile_app,INR,36632.23,433.78,36198.450000000004,0,6515.72,42714.17
ORD-003068,CUST-01435,2025-06-13,completed,web,INR,6299.65,224.7,6074.95,0,1093.49,7168.44
ORD-003069,CUST-00494,2026-07-05,shipped,mobile_app,INR,22571.08,1516.73,21054.350000000002,0,3789.78,24844.13
ORD-003070,CUST-00315,2026-06-11,completed,web,INR,13933.8,1547.26,12386.54,0,2229.58,14616.12
ORD-003071,CUST-01928,2025-03-13,completed,mobile_app,INR,3914.94,391.49,3523.45,0,634.22,4157.67
ORD-003072,CUST-00697,2026-04-21,completed,mobile_app,INR,13337.37,666.87,12670.5,0,2280.69,14951.19
ORD-003073,CUST-00340,2026-07-01,pending,web,INR,24950.83,1821.92,23128.91,0,4163.2,27292.11
ORD-003074,CUST-01380,2025-10-27,completed,web,INR,5802.88,290.14,5512.74,0,992.29,6505.03
ORD-003075,CUST-00434,2025-12-13,completed,web,INR,21582.42,2018.46,19563.96,0,3521.51,23085.47
ORD-003076,CUST-01552,2026-07-29,completed,web,INR,6393.24,117.22,6276.02,0,1129.68,7405.7
ORD-003077,CUST-00141,2026-07-24,pending,web,INR,20585.72,0.0,20585.72,0,3705.43,24291.15
ORD-003078,CUST-01038,2026-07-04,completed,mobile_app,INR,18065.76,0.0,18065.76,0,3251.84,21317.6
ORD-003079,CUST-00806,2026-06-24,completed,web,INR,4620.63,231.03,4389.6,0,790.13,5179.73
ORD-003080,CUST-01914,2026-06-15,completed,mobile_app,INR,5209.53,350.2,4859.33,0,874.68,5734.01
ORD-003081,CUST-01043,2026-04-07,completed,mobile_app,INR,15005.259999999998,1536.27,13468.989999999998,0,2424.42,15893.41
ORD-003082,CUST-01851,2026-04-02,shipped,web,INR,2336.39,0.0,2336.39,0,420.55,2756.94
ORD-003083,CUST-00498,2025-05-28,completed,web,INR,2097.36,104.87,1992.49,49,358.65,2400.14
ORD-003084,CUST-00947,2026-07-31,shipped,mobile_app,INR,22331.14,475.7,21855.44,0,3933.98,25789.42
ORD-003085,CUST-01628,2026-06-29,completed,web,INR,15364.77,1908.87,13455.9,0,2422.06,15877.96
ORD-003086,CUST-00321,2025-12-13,pending,mobile_app,INR,23308.39,271.91,23036.48,0,4146.57,27183.05
ORD-003087,CUST-01856,2026-06-21,completed,web,INR,23001.86,436.55,22565.309999999998,0,4061.76,26627.07
ORD-003088,CUST-01546,2026-06-15,pending,web,INR,10802.49,0.0,10802.49,0,1944.45,12746.94
ORD-003089,CUST-01354,2026-05-25,completed,web,INR,4672.52,0.0,4672.52,0,841.05,5513.57
ORD-003090,CUST-00487,2025-02-07,completed,web,INR,10125.97,1012.6,9113.37,0,1640.41,10753.78
ORD-003091,CUST-01637,2026-07-29,completed,web,INR,15882.779999999999,280.83,15601.95,0,2808.35,18410.3
ORD-003092,CUST-01686,2026-01-11,shipped,mobile_app,INR,27995.58,1899.69,26095.89,0,4697.26,30793.15
ORD-003093,CUST-00586,2026-07-12,shipped,web,INR,18514.89,546.38,17968.510000000002,0,3234.33,21202.84
ORD-003094,CUST-01175,2025-10-17,completed,web,INR,5481.1900000000005,164.52,5316.67,0,957.0,6273.67
ORD-003095,CUST-00122,2026-03-02,completed,web,INR,1892.55,94.63,1797.92,79,323.63,2200.55
ORD-003096,CUST-00789,2025-06-13,completed,web,INR,20956.34,2446.1299999999997,18510.21,0,3331.84,21842.05
ORD-003097,CUST-00302,2026-04-06,completed,web,INR,1645.15,0.0,1645.15,99,296.13,2040.28
ORD-003098,CUST-01113,2025-02-20,cancelled,web,INR,11834.54,0.0,11834.54,0,2130.22,13964.76
ORD-003099,CUST-01098,2026-03-22,completed,web,INR,3871.47,580.72,3290.75,0,592.33,3883.08
ORD-003100,CUST-01066,2025-01-13,completed,mobile_app,INR,26299.63,1737.42,24562.21,0,4421.2,28983.41
ORD-003101,CUST-01355,2026-04-09,completed,mobile_app,INR,31107.81,46.29,31061.52,0,5591.07,36652.59
ORD-003102,CUST-01850,2025-06-19,completed,web,INR,55188.86,2226.8,52962.06,0,9533.17,62495.23
ORD-003103,CUST-00394,2026-04-25,pending,mobile_app,INR,15653.470000000001,1726.8600000000001,13926.61,0,2506.79,16433.4
ORD-003104,CUST-00429,2025-01-31,completed,mobile_app,INR,16816.82,2443.62,14373.2,0,2587.18,16960.38
ORD-003105,CUST-00431,2025-01-20,returned,web,INR,13214.46,1071.6399999999999,12142.82,0,2185.71,14328.53
ORD-003106,CUST-01857,2025-09-02,shipped,web,INR,3991.94,798.39,3193.55,0,574.84,3768.39
ORD-003107,CUST-00186,2026-04-12,completed,web,INR,10491.08,0.0,10491.08,0,1888.39,12379.47
ORD-003108,CUST-00063,2026-04-14,completed,web,INR,4718.06,0.0,4718.06,0,849.25,5567.31
ORD-003109,CUST-00321,2025-11-11,shipped,web,INR,21688.14,0.0,21688.14,0,3903.87,25592.01
ORD-003110,CUST-01539,2026-04-16,shipped,web,INR,8985.45,1145.29,7840.16,0,1411.23,9251.39
ORD-003111,CUST-01160,2026-02-02,completed,web,INR,4746.76,203.74,4543.02,0,817.74,5360.76
ORD-003112,CUST-01840,2026-03-16,returned,web,INR,18567.49,0.0,18567.49,0,3342.15,21909.64
ORD-003113,CUST-00409,2026-07-15,completed,web,INR,16445.059999999998,644.99,15800.07,0,2844.01,18644.08
ORD-003114,CUST-00789,2025-06-10,completed,web,INR,9939.85,0.0,9939.85,0,1789.17,11729.02
ORD-003115,CUST-01111,2026-01-14,completed,web,INR,23305.35,1841.79,21463.559999999998,0,3863.44,25327.0
ORD-003116,CUST-00147,2026-04-30,shipped,web,INR,13861.439999999999,237.62,13623.82,0,2452.29,16076.11
ORD-003117,CUST-01838,2025-09-11,completed,web,INR,6146.22,0.0,6146.22,0,1106.32,7252.54
ORD-003118,CUST-01610,2025-03-26,completed,web,INR,17220.38,827.72,16392.66,0,2950.68,19343.34
ORD-003119,CUST-00288,2026-03-18,completed,mobile_app,INR,17771.72,2586.8,15184.92,0,2733.29,17918.21
ORD-003120,CUST-01686,2025-09-19,completed,web,INR,7322.88,99.78,7223.1,0,1300.16,8523.26
ORD-003121,CUST-00898,2025-10-23,completed,mobile_app,INR,12702.36,635.12,12067.24,0,2172.1,14239.34
ORD-003122,CUST-00673,2026-02-16,cancelled,mobile_app,INR,11135.42,1670.31,9465.11,0,1703.72,11168.83
ORD-003123,CUST-01893,2026-06-27,completed,web,INR,2006.18,0.0,2006.18,0,361.11,2367.29
ORD-003124,CUST-01038,2026-06-21,pending,web,INR,18074.8,0.0,18074.8,0,3253.46,21328.26
ORD-003125,CUST-00455,2026-04-06,shipped,web,INR,14476.95,2206.28,12270.670000000002,0,2208.72,14479.39
ORD-003126,CUST-01619,2026-07-30,shipped,web,INR,15827.060000000001,1181.0,14646.06,0,2636.29,17282.35
ORD-003127,CUST-01432,2025-01-11,returned,mobile_app,INR,21941.11,287.70000000000005,21653.41,0,3897.61,25551.02
ORD-003128,CUST-00385,2026-03-28,completed,mobile_app,INR,21795.22,0.0,21795.22,0,3923.14,25718.36
ORD-003129,CUST-01355,2025-08-29,completed,web,INR,16306.09,1860.6399999999999,14445.45,0,2600.18,17045.63
ORD-003130,CUST-01258,2026-04-09,completed,web,INR,52253.09,2204.0699999999997,50049.02,0,9008.82,59057.84
ORD-003131,CUST-00551,2026-02-11,completed,mobile_app,INR,31174.08,0.0,31174.08,0,5611.33,36785.41
ORD-003132,CUST-00862,2026-06-29,completed,web,INR,1499.37,0.0,1499.37,49,269.89,1818.26
ORD-003133,CUST-01679,2026-05-23,shipped,web,INR,39999.33,2263.51,37735.82,0,6792.45,44528.27
ORD-003134,CUST-00349,2026-01-20,cancelled,mobile_app,INR,805.66,40.28,765.38,49,137.77,952.15
ORD-003135,CUST-01445,2025-05-05,completed,web,INR,15307.92,1416.0,13891.92,0,2500.55,16392.47
ORD-003136,CUST-01663,2025-03-25,shipped,mobile_app,INR,2451.3,122.57,2328.73,0,419.17,2747.9
ORD-003137,CUST-01874,2026-06-10,completed,mobile_app,INR,37186.75,721.58,36465.17,0,6563.73,43028.9
ORD-003138,CUST-00650,2026-04-18,completed,web,INR,5431.26,271.56,5159.7,0,928.75,6088.45
ORD-003139,CUST-00534,2026-07-08,completed,web,INR,36139.29,1325.16,34814.13,0,6266.54,41080.67
ORD-003140,CUST-01869,2026-07-23,completed,web,INR,13384.19,1788.6,11595.59,0,2087.21,13682.8
ORD-003141,CUST-00926,2026-06-15,completed,mobile_app,INR,15609.189999999999,1253.57,14355.62,0,2584.01,16939.63
ORD-003142,CUST-01138,2026-07-20,completed,web,INR,16709.84,1421.5,15288.34,0,2751.9,18040.24
ORD-003143,CUST-01027,2025-12-06,completed,web,INR,746.63,0.0,746.63,49,134.39,930.02
ORD-003144,CUST-01030,2025-07-06,completed,mobile_app,INR,2034.63,0.0,2034.63,0,366.23,2400.86
ORD-003145,CUST-01250,2026-07-30,cancelled,web,INR,19115.260000000002,2019.8500000000001,17095.41,0,3077.17,20172.58
ORD-003146,CUST-00847,2025-05-20,completed,web,INR,18045.85,1866.31,16179.54,0,2912.32,19091.86
ORD-003147,CUST-00785,2025-06-24,shipped,mobile_app,INR,5452.11,0.0,5452.11,0,981.38,6433.49
ORD-003148,CUST-00802,2025-05-13,completed,web,INR,2692.7,134.63,2558.07,0,460.45,3018.52
ORD-003149,CUST-01313,2026-02-04,completed,web,INR,5734.54,171.91,5562.63,0,1001.27,6563.9
ORD-003150,CUST-01636,2025-12-18,completed,web,INR,10000.04,0.0,10000.04,0,1800.01,11800.05
ORD-003151,CUST-01111,2025-10-06,returned,web,INR,19751.059999999998,2255.15,17495.91,0,3149.26,20645.17
ORD-003152,CUST-01356,2025-07-29,completed,web,INR,25688.3,1672.6599999999999,24015.64,0,4322.82,28338.46
ORD-003153,CUST-00827,2026-01-23,completed,web,INR,5323.02,266.15,5056.87,0,910.24,5967.11
ORD-003154,CUST-01548,2026-06-12,cancelled,mobile_app,INR,4085.58,0.0,4085.58,0,735.4,4820.98
ORD-003155,CUST-00788,2026-06-19,cancelled,web,INR,19297.0,1682.6599999999999,17614.34,0,3170.58,20784.92
ORD-003156,CUST-00843,2026-05-13,shipped,web,INR,9923.88,992.39,8931.49,0,1607.67,10539.16
ORD-003157,CUST-00111,2025-12-30,cancelled,mobile_app,INR,4665.67,53.62,4612.049999999999,0,830.17,5442.22
ORD-003158,CUST-00523,2025-03-01,completed,web,INR,3429.72,0.0,3429.72,0,617.35,4047.07
ORD-003159,CUST-01477,2026-07-27,shipped,mobile_app,INR,25464.06,393.09,25070.97,0,4512.77,29583.74
ORD-003160,CUST-00174,2026-01-23,completed,web,INR,8892.73,657.76,8234.970000000001,0,1482.29,9717.26
ORD-003161,CUST-00448,2026-07-25,cancelled,web,INR,11092.529999999999,810.35,10282.18,0,1850.79,12132.97
ORD-003162,CUST-01554,2026-05-13,completed,web,INR,25716.98,601.84,25115.14,0,4520.73,29635.87
ORD-003163,CUST-01747,2026-07-23,completed,web,INR,4987.2,748.08,4239.12,0,763.04,5002.16
ORD-003164,CUST-00831,2025-07-06,completed,mobile_app,INR,1250.38,125.04,1125.34,99,202.56,1426.9
ORD-003165,CUST-00814,2025-07-02,shipped,mobile_app,INR,6809.53,680.95,6128.58,0,1103.14,7231.72
ORD-003166,CUST-01019,2025-09-29,completed,web,INR,70112.38,6438.9400000000005,63673.439999999995,0,11461.22,75134.66
ORD-003167,CUST-01541,2025-10-28,shipped,web,INR,10469.02,273.48,10195.54,0,1835.2,12030.74
ORD-003168,CUST-00939,2026-02-07,completed,web,INR,14781.51,798.09,13983.42,0,2517.02,16500.44
ORD-003169,CUST-00347,2026-07-27,completed,web,INR,28602.51,4290.38,24312.13,0,4376.18,28688.31
ORD-003170,CUST-00863,2026-03-31,completed,web,INR,14075.58,1340.78,12734.8,0,2292.26,15027.06
ORD-003171,CUST-00510,2025-09-27,completed,web,INR,7675.1,1219.2,6455.9,0,1162.06,7617.96
ORD-003172,CUST-01368,2025-08-08,shipped,web,INR,32239.43,0.0,32239.43,0,5803.1,38042.53
ORD-003173,CUST-00286,2026-06-22,pending,web,INR,30847.61,1082.97,29764.64,0,5357.64,35122.28
ORD-003174,CUST-01218,2026-05-24,shipped,mobile_app,INR,7211.58,159.61,7051.97,0,1269.35,8321.32
ORD-003175,CUST-00260,2025-08-31,completed,web,INR,1663.98,166.4,1497.58,99,269.56,1866.14
ORD-003176,CUST-01945,2025-06-15,completed,web,INR,31275.12,0.0,31275.12,0,5629.52,36904.64
ORD-003177,CUST-01281,2026-02-12,returned,web,INR,9545.630000000001,852.12,8693.51,0,1564.83,10258.34
ORD-003178,CUST-00278,2026-05-20,shipped,mobile_app,INR,12932.720000000001,342.17,12590.550000000001,0,2266.3,14856.85
ORD-003179,CUST-01918,2025-06-08,cancelled,mobile_app,INR,5449.77,463.1,4986.67,0,897.6,5884.27
ORD-003180,CUST-01148,2026-04-03,completed,web,INR,14707.07,1219.13,13487.939999999999,0,2427.83,15915.77
ORD-003181,CUST-01214,2026-06-21,shipped,mobile_app,INR,10226.19,1022.6199999999999,9203.57,0,1656.64,10860.21
ORD-003182,CUST-00127,2026-06-19,completed,mobile_app,INR,36760.08,3883.76,32876.32,0,5917.74,38794.06
ORD-003183,CUST-00376,2025-09-10,shipped,web,INR,2585.52,0.0,2585.52,0,465.39,3050.91
ORD-003184,CUST-01616,2026-07-21,returned,web,INR,23054.78,707.22,22347.559999999998,0,4022.56,26370.12
ORD-003185,CUST-00936,2026-07-10,returned,mobile_app,INR,17756.72,1776.0300000000002,15980.69,0,2876.52,18857.21
ORD-003186,CUST-01233,2026-07-25,completed,web,INR,4812.4,721.86,4090.54,0,736.3,4826.84
ORD-003187,CUST-01975,2025-09-20,cancelled,web,INR,17992.52,1771.06,16221.46,0,2919.86,19141.32
ORD-003188,CUST-00857,2026-06-13,completed,web,INR,9016.54,93.03,8923.51,0,1606.23,10529.74
ORD-003189,CUST-00762,2025-09-22,completed,web,INR,12058.08,129.89,11928.189999999999,0,2147.07,14075.26
ORD-003190,CUST-01605,2025-03-20,shipped,mobile_app,INR,19422.989999999998,356.72,19066.27,0,3431.93,22498.2
ORD-003191,CUST-00133,2025-02-15,completed,mobile_app,INR,29887.6,661.76,29225.84,0,5260.65,34486.49
ORD-003192,CUST-00911,2026-05-18,completed,mobile_app,INR,32523.559999999998,1550.2,30973.36,0,5575.2,36548.56
ORD-003193,CUST-01710,2025-12-29,shipped,web,INR,16299.470000000001,0.0,16299.470000000001,0,2933.9,19233.37
ORD-003194,CUST-00456,2025-08-29,shipped,mobile_app,INR,10422.74,1466.89,8955.85,0,1612.05,10567.9
ORD-003195,CUST-00609,2026-07-28,completed,web,INR,3214.3,321.43,2892.87,0,520.72,3413.59
ORD-003196,CUST-00946,2025-06-09,completed,mobile_app,INR,30255.94,1373.1799999999998,28882.760000000002,0,5198.9,34081.66
ORD-003197,CUST-00149,2026-05-27,shipped,web,INR,17780.95,586.37,17194.58,0,3095.02,20289.6
ORD-003198,CUST-00142,2025-10-29,completed,web,INR,42290.869999999995,665.89,41624.979999999996,0,7492.5,49117.48
ORD-003199,CUST-00503,2026-07-17,completed,mobile_app,INR,5056.35,0.0,5056.35,0,910.14,5966.49
ORD-003200,CUST-01796,2026-03-05,completed,mobile_app,INR,18366.730000000003,377.58000000000004,17989.15,0,3238.05,21227.2
ORD-003201,CUST-00444,2026-06-26,shipped,web,INR,19138.4,1365.54,17772.86,0,3199.11,20971.97
ORD-003202,CUST-01462,2026-02-21,completed,web,INR,23487.0,455.42,23031.58,0,4145.68,27177.26
ORD-003203,CUST-00853,2026-07-28,completed,web,INR,12583.529999999999,1320.53,11263.0,0,2027.34,13290.34
ORD-003204,CUST-01521,2026-07-15,returned,mobile_app,INR,4217.51,0.0,4217.51,0,759.15,4976.66
ORD-003205,CUST-00661,2025-07-27,cancelled,web,INR,7208.820000000001,693.76,6515.06,0,1172.71,7687.77
ORD-003206,CUST-01749,2026-05-11,completed,web,INR,37850.28999999999,5242.77,32607.519999999997,0,5869.35,38476.87
ORD-003207,CUST-00742,2026-02-02,cancelled,web,INR,2984.84,411.65,2573.19,0,463.17,3036.36
ORD-003208,CUST-01584,2026-06-21,pending,mobile_app,INR,2274.2,0.0,2274.2,0,409.36,2683.56
ORD-003209,CUST-01663,2026-07-12,completed,mobile_app,INR,29295.690000000002,835.79,28459.9,0,5122.78,33582.68
ORD-003210,CUST-00864,2026-07-07,completed,mobile_app,INR,1749.04,0.0,1749.04,99,314.83,2162.87
ORD-003211,CUST-01334,2026-06-15,completed,mobile_app,INR,9380.4,1125.97,8254.43,0,1485.8,9740.23
ORD-003212,CUST-00238,2026-05-12,returned,web,INR,10861.869999999999,1187.2,9674.67,0,1741.44,11416.11
ORD-003213,CUST-00993,2026-04-04,shipped,web,INR,17216.7,1059.65,16157.050000000001,0,2908.27,19065.32
ORD-003214,CUST-00747,2025-08-26,completed,web,INR,31398.82,4330.110000000001,27068.71,0,4872.37,31941.08
ORD-003215,CUST-01909,2025-06-02,returned,web,INR,15606.64,1116.8500000000001,14489.789999999999,0,2608.16,17097.95
ORD-003216,CUST-01869,2025-11-03,shipped,mobile_app,INR,14341.08,0.0,14341.08,0,2581.39,16922.47
ORD-003217,CUST-01567,2026-07-14,completed,web,INR,2356.86,235.69,2121.17,0,381.81,2502.98
ORD-003218,CUST-01899,2026-05-29,pending,mobile_app,INR,5621.01,0.0,5621.01,0,1011.78,6632.79
ORD-003219,CUST-01952,2026-04-25,shipped,web,INR,8128.26,323.13,7805.129999999999,0,1404.92,9210.05
ORD-003220,CUST-01536,2026-07-18,cancelled,web,INR,4939.1,0.0,4939.1,0,889.04,5828.14
ORD-003221,CUST-01188,2026-05-12,returned,mobile_app,INR,8158.4400000000005,1356.5,6801.9400000000005,0,1224.35,8026.29
ORD-003222,CUST-00409,2026-05-31,completed,web,INR,8705.5,247.63,8457.87,0,1522.42,9980.29
ORD-003223,CUST-01631,2025-11-08,cancelled,web,INR,14971.98,0.0,14971.98,0,2694.96,17666.94
ORD-003224,CUST-00389,2026-05-24,completed,mobile_app,INR,16491.62,350.17,16141.45,0,2905.46,19046.91
ORD-003225,CUST-00371,2026-01-01,cancelled,web,INR,18630.15,277.83,18352.32,0,3303.42,21655.74
ORD-003226,CUST-01760,2025-11-14,returned,web,INR,9676.33,1935.27,7741.06,0,1393.39,9134.45
ORD-003227,CUST-00229,2026-07-22,cancelled,web,INR,8518.46,1277.77,7240.69,0,1303.32,8544.01
ORD-003228,CUST-00284,2025-08-24,cancelled,mobile_app,INR,15720.939999999999,2511.0099999999998,13209.93,0,2377.79,15587.72
ORD-003229,CUST-01022,2025-09-10,cancelled,web,INR,8044.59,1522.58,6522.01,0,1173.96,7695.97
ORD-003230,CUST-01169,2026-07-31,completed,web,INR,2521.04,252.1,2268.94,0,408.41,2677.35
ORD-003231,CUST-00092,2026-04-06,completed,web,INR,21835.690000000002,778.8499999999999,21056.84,0,3790.23,24847.07
ORD-003232,CUST-00757,2025-12-07,completed,web,INR,9399.09,0.0,9399.09,0,1691.84,11090.93
ORD-003233,CUST-00451,2026-07-06,cancelled,mobile_app,INR,27885.41,206.24,27679.17,0,4982.25,32661.42
ORD-003234,CUST-00605,2026-04-17,completed,web,INR,10822.1,462.87,10359.23,0,1864.66,12223.89
ORD-003235,CUST-00362,2026-06-22,completed,mobile_app,INR,18055.75,365.3,17690.45,0,3184.28,20874.73
ORD-003236,CUST-01355,2026-02-15,completed,mobile_app,INR,31394.57,1334.11,30060.46,0,5410.88,35471.34
ORD-003237,CUST-00946,2025-11-13,completed,web,INR,15248.71,2077.78,13170.93,0,2370.77,15541.7
ORD-003238,CUST-01920,2025-11-11,completed,mobile_app,INR,1537.64,0.0,1537.64,79,276.78,1893.42
ORD-003239,CUST-00017,2025-12-15,pending,mobile_app,INR,11991.63,0.0,11991.63,0,2158.49,14150.12
ORD-003240,CUST-01556,2025-03-25,cancelled,mobile_app,INR,19523.34,386.17,19137.170000000002,0,3444.69,22581.86
ORD-003241,CUST-01820,2025-04-15,completed,web,INR,26814.9,2777.45,24037.45,0,4326.74,28364.19
ORD-003242,CUST-00973,2026-01-21,cancelled,web,INR,34936.86,3493.69,31443.17,0,5659.77,37102.94
ORD-003243,CUST-01399,2026-05-15,completed,web,INR,7295.91,0.0,7295.91,0,1313.26,8609.17
ORD-003244,CUST-00882,2026-05-25,completed,web,INR,26465.23,4606.6,21858.63,0,3934.55,25793.18
ORD-003245,CUST-01191,2025-03-01,completed,web,INR,5442.96,1088.59,4354.37,0,783.79,5138.16
ORD-003246,CUST-01816,2026-07-21,shipped,web,INR,19124.1,747.94,18376.16,0,3307.71,21683.87
ORD-003247,CUST-01061,2026-03-07,completed,mobile_app,INR,9576.91,502.65999999999997,9074.25,0,1633.36,10707.61
ORD-003248,CUST-01157,2026-03-08,completed,mobile_app,INR,6670.2,178.75,6491.45,0,1168.46,7659.91
ORD-003249,CUST-01974,2026-06-02,completed,web,INR,17294.79,936.59,16358.2,0,2944.48,19302.68
ORD-003250,CUST-00994,2026-07-24,completed,mobile_app,INR,23425.62,0.0,23425.62,0,4216.61,27642.23
ORD-003251,CUST-00347,2026-07-24,completed,web,INR,9066.880000000001,912.3100000000001,8154.57,0,1467.82,9622.39
ORD-003252,CUST-01366,2025-04-18,completed,web,INR,28777.95,0.0,28777.95,0,5180.03,33957.98
ORD-003253,CUST-01386,2026-01-08,returned,mobile_app,INR,8216.51,0.0,8216.51,0,1478.97,9695.48
ORD-003254,CUST-00475,2026-05-10,completed,web,INR,15772.55,0.0,15772.55,0,2839.06,18611.61
ORD-003255,CUST-01458,2026-05-08,completed,web,INR,12881.31,0.0,12881.31,0,2318.64,15199.95
ORD-003256,CUST-00128,2026-04-23,completed,mobile_app,INR,1803.69,180.37,1623.32,79,292.2,1994.52
ORD-003257,CUST-00641,2025-11-12,completed,mobile_app,INR,26768.53,2331.33,24437.2,0,4398.7,28835.9
ORD-003258,CUST-01711,2026-02-16,shipped,mobile_app,INR,17837.5,1080.55,16756.95,0,3016.25,19773.2
ORD-003259,CUST-01236,2026-01-21,completed,web,INR,10275.35,1027.54,9247.81,0,1664.61,10912.42
ORD-003260,CUST-01215,2025-09-27,completed,web,INR,43745.14,8560.57,35184.57,0,6333.22,41517.79
ORD-003261,CUST-01242,2026-05-16,returned,web,INR,17727.97,177.78,17550.190000000002,0,3159.03,20709.22
ORD-003262,CUST-00330,2025-09-04,cancelled,web,INR,10655.58,208.67,10446.91,0,1880.44,12327.35
ORD-003263,CUST-01923,2026-06-30,completed,mobile_app,INR,47121.0,1605.61,45515.39,0,8192.77,53708.16
ORD-003264,CUST-00597,2025-07-18,completed,web,INR,33872.36,4467.71,29404.649999999998,0,5292.84,34697.49
ORD-003265,CUST-01573,2026-06-21,cancelled,mobile_app,INR,35930.18,3136.33,32793.850000000006,0,5902.89,38696.74
ORD-003266,CUST-01980,2026-06-30,shipped,web,INR,2285.99,342.9,1943.09,99,349.76,2391.85
ORD-003267,CUST-00482,2026-06-11,returned,web,INR,161.8,16.18,145.62,79,26.21,250.83
ORD-003268,CUST-01269,2026-07-23,completed,web,INR,22826.93,160.17,22666.760000000002,0,4080.02,26746.78
ORD-003269,CUST-00085,2026-07-01,cancelled,web,INR,27922.32,780.48,27141.839999999997,0,4885.53,32027.37
ORD-003270,CUST-01273,2026-06-07,completed,web,INR,10791.64,92.15,10699.49,0,1925.91,12625.4
ORD-003271,CUST-00883,2025-12-07,completed,mobile_app,INR,6537.19,661.01,5876.18,0,1057.71,6933.89
ORD-003272,CUST-00145,2026-07-29,shipped,web,INR,18940.420000000002,539.46,18400.96,0,3312.17,21713.13
ORD-003273,CUST-01345,2026-06-28,shipped,mobile_app,INR,32970.520000000004,1926.25,31044.27,0,5587.97,36632.24
ORD-003274,CUST-01938,2026-04-12,completed,web,INR,32899.08,1759.07,31140.010000000002,0,5605.2,36745.21
ORD-003275,CUST-00167,2025-12-09,completed,mobile_app,INR,14617.61,1705.11,12912.5,0,2324.25,15236.75
ORD-003276,CUST-01786,2025-11-18,cancelled,mobile_app,INR,16486.64,121.64,16365.0,0,2945.7,19310.7
ORD-003277,CUST-01688,2025-04-10,completed,web,INR,13139.9,434.0,12705.9,0,2287.06,14992.96
ORD-003278,CUST-01096,2025-07-03,completed,mobile_app,INR,779.33,77.93,701.4,79,126.25,906.65
ORD-003279,CUST-01803,2025-10-13,completed,mobile_app,INR,16821.699999999997,1501.5900000000001,15320.11,0,2757.62,18077.73
ORD-003280,CUST-00619,2026-05-24,completed,mobile_app,INR,12277.33,1811.13,10466.2,0,1883.92,12350.12
ORD-003281,CUST-01441,2026-07-03,cancelled,mobile_app,INR,5816.36,207.96,5608.4,0,1009.51,6617.91
ORD-003282,CUST-01397,2026-03-25,completed,web,INR,8968.39,522.6899999999999,8445.699999999999,0,1520.23,9965.93
ORD-003283,CUST-01161,2025-08-14,completed,web,INR,14951.060000000001,442.40000000000003,14508.66,0,2611.56,17120.22
ORD-003284,CUST-01667,2026-05-27,shipped,web,INR,8058.5599999999995,805.8599999999999,7252.7,0,1305.49,8558.19
ORD-003285,CUST-01753,2026-01-23,completed,web,INR,2848.25,0.0,2848.25,0,512.68,3360.93
ORD-003286,CUST-01573,2026-05-05,completed,web,INR,5240.32,740.3299999999999,4499.99,0,810.0,5309.99
ORD-003287,CUST-01177,2025-09-07,completed,web,INR,23174.84,3476.2200000000003,19698.62,0,3545.75,23244.37
ORD-003288,CUST-01955,2026-07-24,cancelled,mobile_app,INR,16302.82,815.14,15487.68,0,2787.78,18275.46
ORD-003289,CUST-01112,2025-05-06,cancelled,web,INR,18224.09,2653.8,15570.289999999999,0,2802.65,18372.94
ORD-003290,CUST-01274,2025-11-12,cancelled,mobile_app,INR,11635.25,999.8499999999999,10635.4,0,1914.37,12549.77
ORD-003291,CUST-00378,2026-01-26,completed,mobile_app,INR,6832.6,683.26,6149.34,0,1106.88,7256.22
ORD-003292,CUST-00643,2026-07-21,cancelled,web,INR,11943.58,2388.72,9554.86,0,1719.87,11274.73
ORD-003293,CUST-01810,2026-06-25,completed,web,INR,20166.27,2614.5,17551.77,0,3159.32,20711.09
ORD-003294,CUST-00996,2025-11-21,completed,mobile_app,INR,9217.06,0.0,9217.06,0,1659.07,10876.13
ORD-003295,CUST-01023,2026-05-11,completed,web,INR,20562.79,917.53,19645.26,0,3536.15,23181.41
ORD-003296,CUST-01633,2026-04-28,completed,web,INR,5335.32,0.0,5335.32,0,960.36,6295.68
ORD-003297,CUST-00653,2025-07-27,completed,mobile_app,INR,29814.09,3827.71,25986.38,0,4677.55,30663.93
ORD-003298,CUST-00531,2026-06-21,completed,web,INR,22044.33,2204.4300000000003,19839.9,0,3571.18,23411.08
ORD-003299,CUST-00018,2026-07-25,returned,web,INR,10026.16,163.79999999999998,9862.36,0,1775.22,11637.58
ORD-003300,CUST-00463,2026-05-10,pending,mobile_app,INR,1938.08,290.71,1647.37,99,296.53,2042.9
ORD-003301,CUST-01025,2026-04-12,completed,web,INR,13797.82,78.8,13719.02,0,2469.42,16188.44
ORD-003302,CUST-01450,2025-12-12,returned,web,INR,9376.82,1406.52,7970.3,0,1434.65,9404.95
ORD-003303,CUST-00659,2026-01-22,shipped,web,INR,7622.12,82.73,7539.39,0,1357.09,8896.48
ORD-003304,CUST-00889,2025-03-04,completed,web,INR,7431.32,846.06,6585.26,0,1185.35,7770.61
ORD-003305,CUST-00444,2026-05-12,pending,web,INR,13106.189999999999,0.0,13106.189999999999,0,2359.11,15465.3
ORD-003306,CUST-01634,2026-05-29,shipped,web,INR,9481.92,474.1,9007.82,0,1621.41,10629.23
ORD-003307,CUST-01050,2026-05-04,completed,web,INR,9076.11,1361.42,7714.69,0,1388.64,9103.33
ORD-003308,CUST-00288,2026-02-25,completed,mobile_app,INR,1702.53,0.0,1702.53,79,306.46,2087.99
ORD-003309,CUST-01220,2026-05-19,completed,web,INR,27065.01,1688.53,25376.48,0,4567.77,29944.25
ORD-003310,CUST-00672,2025-08-31,returned,web,INR,11726.25,0.0,11726.25,0,2110.72,13836.97
ORD-003311,CUST-01731,2026-01-12,completed,mobile_app,INR,13906.07,1433.21,12472.86,0,2245.11,14717.97
ORD-003312,CUST-00537,2025-05-02,completed,web,INR,12643.2,1264.32,11378.88,0,2048.2,13427.08
ORD-003313,CUST-01730,2026-05-20,completed,mobile_app,INR,2271.14,0.0,2271.14,0,408.81,2679.95
ORD-003314,CUST-01396,2026-07-29,completed,web,INR,6372.3099999999995,460.72999999999996,5911.58,0,1064.08,6975.66
ORD-003315,CUST-00271,2026-07-31,completed,mobile_app,INR,10123.24,1479.3,8643.94,0,1555.91,10199.85
ORD-003316,CUST-01519,2025-09-17,returned,mobile_app,INR,43654.61,935.05,42719.56,0,7689.52,50409.08
ORD-003317,CUST-01442,2025-08-27,completed,web,INR,33505.38,4701.049999999999,28804.329999999998,0,5184.78,33989.11
ORD-003318,CUST-00913,2025-07-21,returned,web,INR,24706.53,564.74,24141.79,0,4345.52,28487.31
ORD-003319,CUST-00322,2026-04-17,completed,web,INR,30688.22,2305.4,28382.82,0,5108.91,33491.73
ORD-003320,CUST-00957,2025-06-04,completed,web,INR,11592.08,537.41,11054.67,0,1989.84,13044.51
ORD-003321,CUST-01218,2026-04-08,completed,web,INR,3500.08,261.42,3238.66,0,582.96,3821.62
ORD-003322,CUST-00265,2026-07-28,completed,mobile_app,INR,17948.04,437.67,17510.37,0,3151.87,20662.24
ORD-003323,CUST-00683,2026-07-07,cancelled,web,INR,12267.5,1010.03,11257.47,0,2026.34,13283.81
ORD-003324,CUST-01404,2025-09-30,cancelled,web,INR,10936.18,0.0,10936.18,0,1968.51,12904.69
ORD-003325,CUST-01106,2026-01-19,completed,mobile_app,INR,4918.179999999999,71.95,4846.23,0,872.32,5718.55
ORD-003326,CUST-01985,2026-05-21,returned,web,INR,7046.79,64.74,6982.05,0,1256.77,8238.82
ORD-003327,CUST-00434,2025-04-20,cancelled,web,INR,9886.900000000001,0.0,9886.900000000001,0,1779.64,11666.54
ORD-003328,CUST-01556,2025-10-23,completed,mobile_app,INR,9933.82,0.0,9933.82,0,1788.09,11721.91
ORD-003329,CUST-00851,2026-07-15,completed,mobile_app,INR,17366.4,1736.64,15629.76,0,2813.36,18443.12
ORD-003330,CUST-00447,2025-01-09,cancelled,mobile_app,INR,4904.43,323.26,4581.17,0,824.61,5405.78
ORD-003331,CUST-01903,2026-04-29,cancelled,web,INR,437.84,43.78,394.06,49,70.93,513.99
ORD-003332,CUST-01247,2026-05-24,completed,web,INR,24978.46,2079.59,22898.870000000003,0,4121.8,27020.67
ORD-003333,CUST-01071,2025-12-16,completed,web,INR,28683.17,2288.94,26394.23,0,4750.96,31145.19
ORD-003334,CUST-00590,2026-03-14,completed,mobile_app,INR,9169.26,0.0,9169.26,0,1650.47,10819.73
ORD-003335,CUST-01763,2026-06-30,completed,mobile_app,INR,22263.61,1347.8,20915.81,0,3764.85,24680.66
ORD-003336,CUST-00061,2026-07-19,completed,mobile_app,INR,41841.18,3615.71,38225.47,0,6880.58,45106.05
ORD-003337,CUST-00231,2026-06-29,completed,web,INR,14128.32,1892.21,12236.11,0,2202.5,14438.61
ORD-003338,CUST-00360,2026-01-02,completed,web,INR,5406.57,541.42,4865.15,0,875.73,5740.88
ORD-003339,CUST-01307,2025-01-09,completed,mobile_app,INR,23338.79,881.1600000000001,22457.63,0,4042.37,26500.0
ORD-003340,CUST-00206,2025-05-06,completed,web,INR,34646.13,1732.31,32913.82,0,5924.49,38838.31
ORD-003341,CUST-01595,2025-11-21,completed,web,INR,41040.78,905.1400000000001,40135.64,0,7224.42,47360.06
ORD-003342,CUST-00392,2025-09-23,completed,mobile_app,INR,2827.45,207.13,2620.3199999999997,0,471.66,3091.98
ORD-003343,CUST-01353,2026-02-13,cancelled,mobile_app,INR,36108.44,2979.11,33129.33,0,5963.28,39092.61
ORD-003344,CUST-01592,2025-04-23,returned,web,INR,26697.91,3419.63,23278.28,0,4190.09,27468.37
ORD-003345,CUST-01758,2025-12-21,completed,mobile_app,INR,27258.18,2319.63,24938.55,0,4488.94,29427.49
ORD-003346,CUST-00586,2026-06-29,cancelled,web,INR,4963.22,0.0,4963.22,0,893.38,5856.6
ORD-003347,CUST-00150,2025-07-03,returned,web,INR,2851.43,477.07,2374.36,0,427.38,2801.74
ORD-003348,CUST-01515,2025-09-23,completed,web,INR,3474.0299999999997,60.44,3413.59,0,614.45,4028.04
ORD-003349,CUST-00898,2025-12-07,pending,web,INR,1511.3,0.0,1511.3,49,272.03,1832.33
ORD-003350,CUST-01898,2026-07-26,completed,web,INR,9847.45,631.37,9216.08,0,1658.89,10874.97
ORD-003351,CUST-00377,2026-02-10,completed,web,INR,3613.9,0.0,3613.9,0,650.5,4264.4
ORD-003352,CUST-01149,2025-11-06,cancelled,web,INR,6546.81,982.02,5564.79,0,1001.66,6566.45
ORD-003353,CUST-00239,2026-05-17,completed,web,INR,4126.21,206.31,3919.9,0,705.58,4625.48
ORD-003354,CUST-00971,2025-11-29,completed,web,INR,1064.45,212.89,851.56,49,153.28,1053.84
ORD-003355,CUST-00003,2026-02-09,completed,mobile_app,INR,20361.01,2185.26,18175.75,0,3271.64,21447.39
ORD-003356,CUST-01501,2026-03-30,completed,web,INR,6142.71,307.14,5835.57,0,1050.4,6885.97
ORD-003357,CUST-01210,2026-07-31,completed,web,INR,20340.1,0.0,20340.1,0,3661.22,24001.32
ORD-003358,CUST-00195,2026-06-28,completed,web,INR,29911.98,4663.51,25248.469999999998,0,4544.72,29793.19
ORD-003359,CUST-00999,2026-07-26,pending,web,INR,21055.43,0.0,21055.43,0,3789.98,24845.41
ORD-003360,CUST-00857,2026-01-03,completed,web,INR,304.77,30.48,274.29,49,49.37,372.66
ORD-003361,CUST-01348,2026-04-06,cancelled,mobile_app,INR,12987.85,2009.48,10978.37,0,1976.11,12954.48
ORD-003362,CUST-00998,2026-05-14,completed,web,INR,24838.24,230.26,24607.98,0,4429.44,29037.42
ORD-003363,CUST-00918,2026-03-12,completed,web,INR,2355.14,0.0,2355.14,0,423.93,2779.07
ORD-003364,CUST-01663,2026-03-31,returned,web,INR,12220.73,1337.66,10883.07,0,1958.95,12842.02
ORD-003365,CUST-01039,2025-12-15,completed,web,INR,2025.44,303.82,1721.62,99,309.89,2130.51
ORD-003366,CUST-01629,2026-06-24,completed,mobile_app,INR,10782.119999999999,0.0,10782.119999999999,0,1940.78,12722.9
ORD-003367,CUST-01771,2025-09-27,cancelled,web,INR,21484.030000000002,1297.2,20186.829999999998,0,3633.63,23820.46
ORD-003368,CUST-01697,2026-03-14,completed,mobile_app,INR,4550.72,0.0,4550.72,0,819.13,5369.85
ORD-003369,CUST-01912,2026-06-08,completed,mobile_app,INR,2973.42,0.0,2973.42,0,535.22,3508.64
ORD-003370,CUST-01396,2025-12-10,pending,web,INR,14958.82,742.37,14216.45,0,2558.96,16775.41
ORD-003371,CUST-01124,2025-08-05,completed,web,INR,11231.220000000001,663.04,10568.18,0,1902.27,12470.45
ORD-003372,CUST-01062,2026-07-08,shipped,mobile_app,INR,4409.69,881.94,3527.75,0,635.0,4162.75
ORD-003373,CUST-00410,2026-04-29,completed,mobile_app,INR,4557.59,88.36,4469.23,0,804.46,5273.69
ORD-003374,CUST-01656,2025-05-11,completed,web,INR,10036.15,767.73,9268.42,0,1668.32,10936.74
ORD-003375,CUST-01387,2026-06-06,completed,web,INR,1374.96,68.75,1306.21,79,235.12,1620.33
ORD-003376,CUST-01747,2026-07-27,shipped,web,INR,9786.24,1957.25,7828.99,0,1409.22,9238.21
ORD-003377,CUST-01403,2025-03-02,completed,web,INR,25299.88,0.0,25299.88,0,4553.98,29853.86
ORD-003378,CUST-00961,2026-03-18,returned,mobile_app,INR,8104.18,1285.0500000000002,6819.129999999999,0,1227.44,8046.57
ORD-003379,CUST-00591,2026-02-24,cancelled,web,INR,26019.18,754.6,25264.58,0,4547.62,29812.2
ORD-003380,CUST-01972,2026-07-22,completed,web,INR,31003.749999999996,0.0,31003.749999999996,0,5580.67,36584.42
ORD-003381,CUST-01468,2025-09-20,completed,web,INR,7144.85,0.0,7144.85,0,1286.07,8430.92
ORD-003382,CUST-01750,2026-07-09,completed,web,INR,27051.559999999998,2705.16,24346.4,0,4382.35,28728.75
ORD-003383,CUST-01171,2026-02-01,shipped,mobile_app,INR,17379.27,681.7,16697.57,0,3005.56,19703.13
ORD-003384,CUST-01021,2025-02-19,completed,web,INR,25881.12,251.06,25630.059999999998,0,4613.41,30243.47
ORD-003385,CUST-00069,2026-03-19,cancelled,mobile_app,INR,3284.8,540.0600000000001,2744.7400000000002,0,494.05,3238.79
ORD-003386,CUST-00139,2026-02-23,completed,web,INR,6855.18,490.48,6364.7,0,1145.65,7510.35
ORD-003387,CUST-01414,2026-03-17,returned,web,INR,6065.05,199.84,5865.21,0,1055.74,6920.95
ORD-003388,CUST-00449,2025-08-06,pending,web,INR,32626.89,2914.3,29712.59,0,5348.27,35060.86
ORD-003389,CUST-00165,2026-05-18,completed,web,INR,33586.61,1305.04,32281.57,0,5810.68,38092.25
ORD-003390,CUST-01553,2026-04-25,completed,mobile_app,INR,7704.84,0.0,7704.84,0,1386.87,9091.71
ORD-003391,CUST-01242,2026-03-06,completed,web,INR,10659.779999999999,221.63,10438.15,0,1878.87,12317.02
ORD-003392,CUST-00223,2026-05-09,completed,mobile_app,INR,16193.8,0.0,16193.8,0,2914.88,19108.68
ORD-003393,CUST-01000,2025-08-17,cancelled,web,INR,36569.8,1107.9099999999999,35461.89,0,6383.14,41845.03
ORD-003394,CUST-00940,2025-07-17,completed,mobile_app,INR,10042.18,651.61,9390.57,0,1690.3,11080.87
ORD-003395,CUST-00008,2026-04-26,completed,web,INR,4460.61,180.39,4280.219999999999,0,770.44,5050.66
ORD-003396,CUST-01210,2026-07-26,returned,mobile_app,INR,8109.43,588.35,7521.08,0,1353.79,8874.87
ORD-003397,CUST-00794,2026-07-18,pending,web,INR,1826.04,182.6,1643.44,99,295.82,2038.26
ORD-003398,CUST-01757,2025-09-24,completed,web,INR,6599.7,923.7900000000001,5675.91,0,1021.66,6697.57
ORD-003399,CUST-00232,2026-04-06,pending,mobile_app,INR,26532.690000000002,610.21,25922.48,0,4666.05,30588.53
ORD-003400,CUST-01695,2025-11-10,completed,mobile_app,INR,17283.88,0.0,17283.88,0,3111.1,20394.98
ORD-003401,CUST-00013,2026-05-13,completed,web,INR,16675.72,1058.44,15617.28,0,2811.11,18428.39
ORD-003402,CUST-01529,2026-07-15,completed,mobile_app,INR,4815.41,481.54,4333.87,0,780.1,5113.97
ORD-003403,CUST-01566,2025-05-01,completed,web,INR,1501.22,150.12,1351.1,79,243.2,1673.3
ORD-003404,CUST-00816,2026-06-09,completed,mobile_app,INR,4539.4400000000005,155.85,4383.59,0,789.05,5172.64
ORD-003405,CUST-00562,2025-10-23,completed,web,INR,33156.63,5062.5599999999995,28094.07,0,5056.93,33151.0
ORD-003406,CUST-00285,2025-12-27,completed,mobile_app,INR,12569.48,0.0,12569.48,0,2262.51,14831.99
ORD-003407,CUST-00680,2026-06-06,returned,web,INR,14748.32,0.0,14748.32,0,2654.7,17403.02
ORD-003408,CUST-01340,2025-01-29,completed,mobile_app,INR,6119.34,970.5,5148.839999999999,0,926.79,6075.63
ORD-003409,CUST-01450,2025-12-16,shipped,mobile_app,INR,22087.77,1527.56,20560.21,0,3700.84,24261.05
ORD-003410,CUST-00363,2025-04-25,shipped,mobile_app,INR,1188.89,0.0,1188.89,99,214.0,1501.89
ORD-003411,CUST-00023,2025-12-21,completed,mobile_app,INR,37108.37,879.0699999999999,36229.3,0,6521.27,42750.57
ORD-003412,CUST-01123,2025-01-16,completed,mobile_app,INR,28579.090000000004,0.0,28579.090000000004,0,5144.24,33723.33
ORD-003413,CUST-01162,2026-04-29,completed,web,INR,27816.629999999997,1390.83,26425.8,0,4756.64,31182.44
ORD-003414,CUST-01962,2026-07-24,completed,web,INR,21696.04,3132.24,18563.8,0,3341.48,21905.28
ORD-003415,CUST-01523,2025-09-18,returned,web,INR,36308.21,4519.04,31789.17,0,5722.05,37511.22
ORD-003416,CUST-01101,2025-09-13,completed,web,INR,61904.86,4918.12,56986.74,0,10257.61,67244.35
ORD-003417,CUST-01184,2025-10-02,shipped,web,INR,8701.789999999999,1043.32,7658.469999999999,0,1378.52,9036.99
ORD-003418,CUST-01292,2026-05-30,cancelled,mobile_app,INR,27700.44,2663.63,25036.809999999998,0,4506.63,29543.44
ORD-003419,CUST-00904,2026-06-23,returned,web,INR,20647.19,3093.17,17554.02,0,3159.72,20713.74
ORD-003420,CUST-01356,2026-03-06,completed,web,INR,26223.760000000002,2354.24,23869.52,0,4296.51,28166.03
ORD-003421,CUST-00391,2026-07-29,returned,web,INR,17372.08,626.42,16745.66,0,3014.22,19759.88
ORD-003422,CUST-01661,2025-10-10,completed,mobile_app,INR,10448.58,0.0,10448.58,0,1880.74,12329.32
ORD-003423,CUST-01724,2026-06-29,completed,web,INR,1177.14,0.0,1177.14,79,211.89,1468.03
ORD-003424,CUST-00870,2025-12-14,cancelled,web,INR,5529.24,0.0,5529.24,0,995.26,6524.5
ORD-003425,CUST-00914,2026-07-18,completed,web,INR,1443.38,72.17,1371.21,49,246.82,1667.03
ORD-003426,CUST-00996,2026-07-02,cancelled,web,INR,14885.130000000001,2517.02,12368.11,0,2226.26,14594.37
ORD-003427,CUST-01635,2026-02-20,completed,web,INR,12636.42,727.25,11909.169999999998,0,2143.65,14052.82
ORD-003428,CUST-00352,2025-04-17,cancelled,web,INR,11243.279999999999,31.93,11211.349999999999,0,2018.04,13229.39
ORD-003429,CUST-00684,2026-06-29,cancelled,mobile_app,INR,15430.6,2454.92,12975.68,0,2335.62,15311.3
ORD-003430,CUST-01230,2026-01-16,completed,mobile_app,INR,2934.63,146.73,2787.9,0,501.82,3289.72
ORD-003431,CUST-01387,2026-04-10,completed,web,INR,52906.130000000005,4560.2,48345.93,0,8702.27,57048.2
ORD-003432,CUST-00592,2026-05-05,completed,web,INR,16803.07,1738.01,15065.06,0,2711.71,17776.77
ORD-003433,CUST-00235,2026-02-04,returned,web,INR,12559.73,286.12,12273.61,0,2209.25,14482.86
ORD-003434,CUST-01016,2026-05-20,completed,mobile_app,INR,19562.059999999998,498.42,19063.64,0,3431.46,22495.1
ORD-003435,CUST-01278,2026-07-25,returned,mobile_app,INR,18997.010000000002,1265.3200000000002,17731.690000000002,0,3191.7,20923.39
ORD-003436,CUST-01534,2026-03-04,completed,web,INR,978.41,195.68,782.73,49,140.89,972.62
ORD-003437,CUST-00006,2026-07-19,completed,web,INR,12021.32,2038.9299999999998,9982.39,0,1796.83,11779.22
ORD-003438,CUST-00036,2025-01-20,cancelled,mobile_app,INR,9542.619999999999,422.58,9120.039999999999,0,1641.61,10761.65
ORD-003439,CUST-00774,2026-05-30,shipped,web,INR,10161.539999999999,1574.3,8587.24,0,1545.7,10132.94
ORD-003440,CUST-01128,2025-12-16,completed,mobile_app,INR,13449.6,0.0,13449.6,0,2420.93,15870.53
ORD-003441,CUST-00008,2026-03-26,completed,web,INR,14110.960000000001,1526.41,12584.55,0,2265.22,14849.77
ORD-003442,CUST-00347,2026-07-30,returned,mobile_app,INR,15450.3,2518.64,12931.66,0,2327.7,15259.36
ORD-003443,CUST-00838,2026-05-17,cancelled,web,INR,21717.6,0.0,21717.6,0,3909.17,25626.77
ORD-003444,CUST-00559,2026-03-02,completed,mobile_app,INR,29297.68,818.98,28478.7,0,5126.17,33604.87
ORD-003445,CUST-01422,2026-07-28,completed,mobile_app,INR,44666.34,6699.95,37966.39,0,6833.95,44800.34
ORD-003446,CUST-00070,2026-03-15,completed,web,INR,15986.300000000001,2970.93,13015.37,0,2342.77,15358.14
ORD-003447,CUST-01777,2026-05-22,completed,mobile_app,INR,35572.04,1843.37,33728.67,0,6071.16,39799.83
ORD-003448,CUST-00339,2025-12-20,completed,web,INR,4316.43,23.02,4293.41,0,772.81,5066.22
ORD-003449,CUST-00882,2026-03-20,completed,web,INR,2646.3,132.32,2513.98,0,452.52,2966.5
ORD-003450,CUST-01974,2025-04-05,cancelled,web,INR,8617.68,1444.36,7173.32,0,1291.2,8464.52
ORD-003451,CUST-01326,2026-03-09,completed,web,INR,28345.449999999997,1893.63,26451.82,0,4761.33,31213.15
ORD-003452,CUST-01998,2026-07-30,cancelled,web,INR,32269.19,901.63,31367.56,0,5646.16,37013.72
ORD-003453,CUST-00040,2026-06-26,completed,web,INR,6892.15,304.4,6587.75,0,1185.79,7773.54
ORD-003454,CUST-01440,2026-07-11,completed,web,INR,7278.12,0.0,7278.12,0,1310.06,8588.18
ORD-003455,CUST-00152,2025-09-04,completed,web,INR,15630.939999999999,1527.53,14103.41,0,2538.61,16642.02
ORD-003456,CUST-01224,2025-10-15,completed,web,INR,14867.04,0.0,14867.04,0,2676.07,17543.11
ORD-003457,CUST-00652,2026-05-21,shipped,web,INR,24973.18,1031.8799999999999,23941.3,0,4309.43,28250.73
ORD-003458,CUST-01555,2026-07-06,returned,mobile_app,INR,12032.25,1349.55,10682.7,0,1922.89,12605.59
ORD-003459,CUST-00249,2026-01-21,shipped,web,INR,10270.45,1206.84,9063.61,0,1631.45,10695.06
ORD-003460,CUST-01794,2025-10-11,cancelled,mobile_app,INR,17940.71,2479.08,15461.630000000001,0,2783.09,18244.72
ORD-003461,CUST-00962,2025-08-06,cancelled,web,INR,13819.98,0.0,13819.98,0,2487.6,16307.58
ORD-003462,CUST-01039,2026-03-18,cancelled,web,INR,13878.59,1550.33,12328.26,0,2219.09,14547.35
ORD-003463,CUST-01143,2026-07-16,completed,web,INR,9877.48,0.0,9877.48,0,1777.95,11655.43
ORD-003464,CUST-00071,2026-03-03,shipped,web,INR,10161.79,2032.36,8129.43,0,1463.3,9592.73
ORD-003465,CUST-00621,2026-07-06,completed,web,INR,11723.64,462.0,11261.64,0,2027.1,13288.74
ORD-003466,CUST-01419,2026-04-09,completed,web,INR,13526.4,0.0,13526.4,0,2434.75,15961.15
ORD-003467,CUST-01922,2026-04-27,shipped,web,INR,35484.78,0.0,35484.78,0,6387.26,41872.04
ORD-003468,CUST-01970,2026-03-04,shipped,web,INR,6858.88,0.0,6858.88,0,1234.6,8093.48
ORD-003469,CUST-01072,2025-04-04,completed,mobile_app,INR,25267.03,994.64,24272.39,0,4369.03,28641.42
ORD-003470,CUST-00517,2026-06-25,pending,web,INR,13855.26,238.72,13616.539999999999,0,2450.98,16067.52
ORD-003471,CUST-00956,2025-11-06,completed,web,INR,14737.19,2217.92,12519.27,0,2253.47,14772.74
ORD-003472,CUST-00927,2025-09-20,shipped,web,INR,11770.800000000001,1642.4199999999998,10128.38,0,1823.11,11951.49
ORD-003473,CUST-00795,2025-03-29,pending,web,INR,6597.85,510.74,6087.110000000001,0,1095.68,7182.79
ORD-003474,CUST-00723,2026-06-24,completed,mobile_app,INR,12187.76,465.12,11722.64,0,2110.08,13832.72
ORD-003475,CUST-01737,2026-05-02,returned,web,INR,18071.32,3446.34,14624.98,0,2632.5,17257.48
ORD-003476,CUST-00781,2026-06-05,cancelled,web,INR,43233.1,6374.88,36858.22,0,6634.48,43492.7
ORD-003477,CUST-00059,2026-06-07,shipped,web,INR,3988.04,481.16,3506.88,0,631.24,4138.12
ORD-003478,CUST-01443,2026-06-21,pending,mobile_app,INR,18551.6,3210.4500000000003,15341.15,0,2761.41,18102.56
ORD-003479,CUST-01331,2025-12-18,shipped,web,INR,11807.77,1509.1,10298.67,0,1853.76,12152.43
ORD-003480,CUST-00757,2026-06-09,completed,mobile_app,INR,2280.02,0.0,2280.02,0,410.4,2690.42
ORD-003481,CUST-01260,2026-04-16,shipped,mobile_app,INR,5502.84,202.66,5300.18,0,954.03,6254.21
ORD-003482,CUST-01883,2025-12-22,completed,web,INR,14611.98,466.53,14145.45,0,2546.18,16691.63
ORD-003483,CUST-01849,2025-07-10,completed,mobile_app,INR,39855.16,2297.65,37557.51,0,6760.35,44317.86
ORD-003484,CUST-01580,2026-01-27,completed,web,INR,15839.5,656.54,15182.96,0,2732.93,17915.89
ORD-003485,CUST-01167,2026-05-06,completed,web,INR,25842.050000000003,761.24,25080.81,0,4514.55,29595.36
ORD-003486,CUST-00056,2026-03-23,cancelled,web,INR,65709.06,7375.1,58333.96,0,10500.11,68834.07
ORD-003487,CUST-01025,2026-04-05,returned,web,INR,4655.74,303.99,4351.75,0,783.32,5135.07
ORD-003488,CUST-01638,2026-02-19,pending,web,INR,6583.2,0.0,6583.2,0,1184.98,7768.18
ORD-003489,CUST-01690,2025-12-24,completed,mobile_app,INR,33297.91,5334.52,27963.39,0,5033.41,32996.8
ORD-003490,CUST-01546,2026-07-08,completed,mobile_app,INR,3035.8199999999997,376.98,2658.84,0,478.59,3137.43
ORD-003491,CUST-01974,2026-04-24,completed,mobile_app,INR,24116.260000000002,2532.78,21583.48,0,3885.03,25468.51
ORD-003492,CUST-01033,2026-06-15,completed,web,INR,7948.65,129.26,7819.389999999999,0,1407.49,9226.88
ORD-003493,CUST-00220,2026-07-09,completed,web,INR,15177.27,1332.96,13844.310000000001,0,2491.98,16336.29
ORD-003494,CUST-00994,2025-08-21,completed,web,INR,33037.86,0.0,33037.86,0,5946.81,38984.67
ORD-003495,CUST-00638,2025-08-06,returned,mobile_app,INR,17179.96,0.0,17179.96,0,3092.39,20272.35
ORD-003496,CUST-01672,2025-12-25,completed,web,INR,7568.78,756.88,6811.9,0,1226.14,8038.04
ORD-003497,CUST-01555,2025-10-11,cancelled,web,INR,37202.53,2522.52,34680.01,0,6242.4,40922.41
ORD-003498,CUST-00850,2026-07-16,returned,mobile_app,INR,15716.66,0.0,15716.66,0,2829.0,18545.66
ORD-003499,CUST-00777,2026-05-25,shipped,mobile_app,INR,34333.72,713.28,33620.44,0,6051.68,39672.12
ORD-003500,CUST-00319,2026-07-25,completed,web,INR,5099.32,509.93,4589.39,0,826.09,5415.48
ORD-003501,CUST-00087,2025-12-17,completed,web,INR,41000.75,2826.15,38174.6,0,6871.43,45046.03
ORD-003502,CUST-00626,2025-04-21,pending,web,INR,25661.23,433.1,25228.129999999997,0,4541.06,29769.19
ORD-003503,CUST-00483,2025-03-24,completed,mobile_app,INR,850.47,42.52,807.95,79,145.43,1032.38
ORD-003504,CUST-00531,2025-10-29,completed,mobile_app,INR,18797.03,0.0,18797.03,0,3383.47,22180.5
ORD-003505,CUST-01997,2026-03-06,pending,mobile_app,INR,8001.379999999999,521.43,7479.95,0,1346.39,8826.34
ORD-003506,CUST-01363,2025-07-30,cancelled,web,INR,360.54,54.08,306.46,49,55.16,410.62
ORD-003507,CUST-01103,2026-07-05,shipped,web,INR,10949.2,226.82,10722.38,0,1930.03,12652.41
ORD-003508,CUST-00358,2026-07-19,completed,web,INR,18186.43,3185.4399999999996,15000.99,0,2700.18,17701.17
ORD-003509,CUST-01683,2025-07-12,completed,web,INR,14422.419999999998,1956.4899999999998,12465.93,0,2243.87,14709.8
ORD-003510,CUST-01290,2026-07-06,cancelled,mobile_app,INR,24409.16,1051.88,23357.28,0,4204.31,27561.59
ORD-003511,CUST-01030,2025-10-23,completed,web,INR,27191.16,2197.33,24993.83,0,4498.89,29492.72
ORD-003512,CUST-00932,2026-06-06,completed,web,INR,25935.53,291.09,25644.440000000002,0,4616.0,30260.44
ORD-003513,CUST-01106,2025-02-04,completed,web,INR,17788.26,0.0,17788.26,0,3201.89,20990.15
ORD-003514,CUST-01680,2025-09-03,completed,web,INR,39224.75,6299.75,32925.0,0,5926.5,38851.5
ORD-003515,CUST-01441,2026-07-17,completed,web,INR,14237.01,922.23,13314.779999999999,0,2396.66,15711.44
ORD-003516,CUST-00970,2026-05-27,cancelled,web,INR,17994.5,833.7,17160.8,0,3088.94,20249.74
ORD-003517,CUST-01336,2026-07-31,completed,web,INR,22899.64,3932.39,18967.25,0,3414.1,22381.35
ORD-003518,CUST-01860,2025-12-02,completed,mobile_app,INR,30383.39,489.04,29894.35,0,5380.98,35275.33
ORD-003519,CUST-00653,2025-02-04,pending,mobile_app,INR,3452.08,690.42,2761.66,0,497.1,3258.76
ORD-003520,CUST-01801,2025-09-01,pending,mobile_app,INR,17781.74,901.91,16879.83,0,3038.37,19918.2
ORD-003521,CUST-01214,2026-07-19,shipped,web,INR,2501.84,250.18,2251.66,0,405.3,2656.96
ORD-003522,CUST-00371,2025-08-06,returned,mobile_app,INR,12420.99,1140.47,11280.52,0,2030.49,13311.01
ORD-003523,CUST-01934,2026-07-26,completed,web,INR,11942.64,1194.26,10748.38,0,1934.71,12683.09
ORD-003524,CUST-01373,2025-12-02,completed,web,INR,4034.4700000000003,403.45,3631.02,0,653.58,4284.6
ORD-003525,CUST-00772,2026-07-20,completed,web,INR,45383.39,4538.34,40845.05,0,7352.11,48197.16
ORD-003526,CUST-00430,2026-04-04,completed,web,INR,17444.37,269.56,17174.809999999998,0,3091.47,20266.28
ORD-003527,CUST-01832,2026-07-03,cancelled,mobile_app,INR,15522.32,1632.84,13889.48,0,2500.11,16389.59
ORD-003528,CUST-01647,2025-05-11,cancelled,web,INR,4765.7,476.57,4289.13,0,772.04,5061.17
ORD-003529,CUST-00090,2026-06-10,completed,web,INR,34491.2,3769.66,30721.54,0,5529.88,36251.42
ORD-003530,CUST-01272,2025-04-29,completed,web,INR,6876.9400000000005,43.17,6833.77,0,1230.08,8063.85
ORD-003531,CUST-00230,2026-06-07,pending,web,INR,2803.76,0.0,2803.76,0,504.68,3308.44
ORD-003532,CUST-00589,2026-07-01,completed,mobile_app,INR,18067.42,865.04,17202.38,0,3096.43,20298.81
ORD-003533,CUST-01137,2026-06-05,completed,web,INR,9202.92,1182.53,8020.389999999999,0,1443.67,9464.06
ORD-003534,CUST-00499,2026-05-28,completed,web,INR,22359.42,1785.92,20573.5,0,3703.23,24276.73
ORD-003535,CUST-01025,2026-07-25,completed,mobile_app,INR,12257.18,1085.27,11171.91,0,2010.94,13182.85
ORD-003536,CUST-00860,2026-04-27,completed,mobile_app,INR,3071.4300000000003,149.83,2921.6000000000004,0,525.89,3447.49
ORD-003537,CUST-01163,2026-06-23,completed,web,INR,9434.12,640.16,8793.960000000001,0,1582.91,10376.87
ORD-003538,CUST-01602,2026-01-13,completed,web,INR,4289.08,428.90999999999997,3860.17,0,694.83,4555.0
ORD-003539,CUST-00311,2026-05-19,completed,mobile_app,INR,28408.67,3084.57,25324.1,0,4558.34,29882.44
ORD-003540,CUST-01593,2025-07-04,completed,web,INR,5510.7300000000005,41.2,5469.530000000001,0,984.52,6454.05
ORD-003541,CUST-00445,2026-03-18,completed,web,INR,3691.12,369.11,3322.01,0,597.96,3919.97
ORD-003542,CUST-00067,2026-05-28,completed,web,INR,49834.59,1383.9699999999998,48450.619999999995,0,8721.11,57171.73
ORD-003543,CUST-00893,2026-07-01,completed,web,INR,8041.32,0.0,8041.32,0,1447.44,9488.76
ORD-003544,CUST-00605,2026-06-14,returned,mobile_app,INR,14669.99,1672.38,12997.61,0,2339.57,15337.18
ORD-003545,CUST-00370,2026-04-05,cancelled,mobile_app,INR,16362.970000000001,491.85,15871.12,0,2856.8,18727.92
ORD-003546,CUST-00846,2025-09-21,completed,web,INR,12608.12,0.0,12608.12,0,2269.46,14877.58
ORD-003547,CUST-01738,2025-01-01,completed,mobile_app,INR,7137.38,9.0,7128.38,0,1283.11,8411.49
ORD-003548,CUST-01172,2025-11-30,completed,mobile_app,INR,4388.02,633.77,3754.25,0,675.76,4430.01
ORD-003549,CUST-01456,2026-04-01,completed,web,INR,13290.03,664.51,12625.52,0,2272.59,14898.11
ORD-003550,CUST-00300,2026-04-25,shipped,mobile_app,INR,4882.43,976.49,3905.9399999999996,0,703.07,4609.01
ORD-003551,CUST-00152,2026-07-31,pending,mobile_app,INR,13111.439999999999,655.5699999999999,12455.869999999999,0,2242.06,14697.93
ORD-003552,CUST-00671,2026-06-20,completed,web,INR,6219.15,0.0,6219.15,0,1119.45,7338.6
ORD-003553,CUST-01549,2025-08-08,completed,web,INR,25110.36,1135.19,23975.17,0,4315.53,28290.7
ORD-003554,CUST-01772,2026-03-19,completed,mobile_app,INR,8491.98,0.0,8491.98,0,1528.56,10020.54
ORD-003555,CUST-00204,2026-02-01,completed,mobile_app,INR,10296.69,514.83,9781.86,0,1760.73,11542.59
ORD-003556,CUST-00954,2025-06-21,completed,web,INR,21218.31,727.56,20490.75,0,3688.34,24179.09
ORD-003557,CUST-00794,2026-04-04,completed,web,INR,17750.38,2583.45,15166.93,0,2730.05,17896.98
ORD-003558,CUST-01489,2026-06-14,completed,mobile_app,INR,9361.630000000001,1272.79,8088.84,0,1455.99,9544.83
ORD-003559,CUST-00412,2026-05-10,shipped,web,INR,6785.860000000001,229.29,6556.57,0,1180.18,7736.75
ORD-003560,CUST-00970,2025-01-04,shipped,mobile_app,INR,6974.46,474.15999999999997,6500.3,0,1170.05,7670.35
ORD-003561,CUST-01700,2026-07-26,completed,mobile_app,INR,7173.27,717.33,6455.94,0,1162.07,7618.01
ORD-003562,CUST-00930,2026-02-05,pending,web,INR,4808.98,0.0,4808.98,0,865.62,5674.6
ORD-003563,CUST-01563,2026-05-03,cancelled,mobile_app,INR,8796.14,146.88,8649.26,0,1556.87,10206.13
ORD-003564,CUST-01244,2026-01-31,completed,mobile_app,INR,11988.18,300.41,11687.77,0,2103.8,13791.57
ORD-003565,CUST-01195,2026-03-14,pending,web,INR,7786.88,650.42,7136.459999999999,0,1284.56,8421.02
ORD-003566,CUST-00519,2026-01-03,cancelled,web,INR,17969.16,52.18,17916.98,0,3225.06,21142.04
ORD-003567,CUST-01985,2026-05-02,completed,web,INR,1325.33,39.73,1285.6,49,231.41,1566.01
ORD-003568,CUST-00500,2026-04-22,completed,mobile_app,INR,25009.89,4173.68,20836.210000000003,0,3750.52,24586.73
ORD-003569,CUST-01862,2025-10-21,completed,mobile_app,INR,24604.739999999998,817.47,23787.269999999997,0,4281.71,28068.98
ORD-003570,CUST-01979,2025-03-06,shipped,web,INR,17146.56,0.0,17146.56,0,3086.38,20232.94
ORD-003571,CUST-01023,2026-04-10,returned,mobile_app,INR,9356.8,72.3,9284.5,0,1671.21,10955.71
ORD-003572,CUST-01738,2025-08-28,completed,web,INR,1553.3,0.0,1553.3,99,279.59,1931.89
ORD-003573,CUST-01431,2025-11-10,completed,web,INR,23043.97,2108.98,20934.989999999998,0,3768.3,24703.29
ORD-003574,CUST-01476,2026-05-14,completed,web,INR,9486.01,513.31,8972.7,0,1615.09,10587.79
ORD-003575,CUST-00138,2025-01-20,cancelled,mobile_app,INR,19207.58,115.56,19092.02,0,3436.56,22528.58
ORD-003576,CUST-00275,2026-05-31,completed,web,INR,6191.73,451.48,5740.25,0,1033.24,6773.49
ORD-003577,CUST-00140,2025-03-17,completed,mobile_app,INR,14998.949999999999,0.0,14998.949999999999,0,2699.81,17698.76
ORD-003578,CUST-00061,2026-06-25,completed,web,INR,11854.26,0.0,11854.26,0,2133.77,13988.03
ORD-003579,CUST-01672,2025-12-08,shipped,web,INR,12333.68,276.05,12057.630000000001,0,2170.37,14228.0
ORD-003580,CUST-00351,2026-01-18,completed,web,INR,7796.17,843.8199999999999,6952.35,0,1251.42,8203.77
ORD-003581,CUST-00013,2025-12-05,completed,web,INR,924.18,184.84,739.34,99,133.08,971.42
ORD-003582,CUST-01876,2026-03-17,completed,mobile_app,INR,4330.64,0.0,4330.64,0,779.52,5110.16
ORD-003583,CUST-00558,2026-04-20,completed,web,INR,33293.590000000004,1081.12,32212.47,0,5798.24,38010.71
ORD-003584,CUST-01633,2026-03-26,completed,web,INR,8846.55,284.15,8562.4,0,1541.23,10103.63
ORD-003585,CUST-01922,2026-01-23,completed,web,INR,1042.84,0.0,1042.84,79,187.71,1309.55
ORD-003586,CUST-01047,2026-05-28,shipped,mobile_app,INR,1346.27,0.0,1346.27,79,242.33,1667.6
ORD-003587,CUST-01854,2026-07-19,completed,web,INR,17192.34,0.0,17192.34,0,3094.62,20286.96
ORD-003588,CUST-01938,2026-05-27,completed,mobile_app,INR,4552.92,353.44,4199.48,0,755.91,4955.39
ORD-003589,CUST-00289,2025-12-07,completed,web,INR,16783.77,538.27,16245.5,0,2924.19,19169.69
ORD-003590,CUST-00294,2025-08-28,completed,web,INR,20415.08,3233.1800000000003,17181.9,0,3092.74,20274.64
ORD-003591,CUST-00740,2026-06-29,completed,mobile_app,INR,27371.5,940.76,26430.74,0,4757.53,31188.27
ORD-003592,CUST-01119,2026-05-01,completed,web,INR,2919.99,92.77,2827.2200000000003,0,508.9,3336.12
ORD-003593,CUST-01573,2026-06-09,completed,web,INR,11084.16,1063.58,10020.58,0,1803.7,11824.28
ORD-003594,CUST-00367,2025-11-15,completed,mobile_app,INR,23943.9,1197.2,22746.7,0,4094.41,26841.11
ORD-003595,CUST-00387,2025-09-24,pending,mobile_app,INR,11020.14,363.43,10656.71,0,1918.21,12574.92
ORD-003596,CUST-00613,2026-02-02,completed,web,INR,3943.3500000000004,0.0,3943.3500000000004,0,709.8,4653.15
ORD-003597,CUST-00543,2025-04-08,completed,web,INR,8052.37,1283.96,6768.41,0,1218.31,7986.72
ORD-003598,CUST-01881,2026-04-20,returned,web,INR,2014.19,142.28,1871.9099999999999,79,336.94,2287.85
ORD-003599,CUST-00792,2026-07-26,completed,web,INR,3439.11,343.91,3095.2,0,557.14,3652.34
ORD-003600,CUST-01737,2026-01-26,cancelled,web,INR,29474.92,192.09,29282.83,0,5270.91,34553.74
ORD-003601,CUST-00112,2026-03-18,completed,web,INR,44206.65,1253.18,42953.47,0,7731.62,50685.09
ORD-003602,CUST-00204,2025-11-07,completed,web,INR,13465.95,0.0,13465.95,0,2423.87,15889.82
ORD-003603,CUST-01608,2025-07-30,returned,mobile_app,INR,5277.110000000001,409.18,4867.93,0,876.23,5744.16
ORD-003604,CUST-00500,2026-02-07,completed,web,INR,31684.36,383.42,31300.94,0,5634.17,36935.11
ORD-003605,CUST-00166,2026-05-29,returned,web,INR,12281.93,0.0,12281.93,0,2210.75,14492.68
ORD-003606,CUST-01190,2025-06-13,completed,web,INR,25619.11,0.0,25619.11,0,4611.44,30230.55
ORD-003607,CUST-00295,2025-08-17,completed,web,INR,1867.2,186.72,1680.48,99,302.49,2081.97
ORD-003608,CUST-00123,2025-10-01,completed,web,INR,4754.78,420.71,4334.07,0,780.13,5114.2
ORD-003609,CUST-00813,2026-04-28,completed,mobile_app,INR,18473.1,714.45,17758.649999999998,0,3196.56,20955.21
ORD-003610,CUST-01101,2026-01-19,completed,web,INR,5200.54,260.03,4940.51,0,889.29,5829.8
ORD-003611,CUST-01055,2025-07-12,returned,mobile_app,INR,6048.58,0.0,6048.58,0,1088.74,7137.32
ORD-003612,CUST-01169,2026-07-31,completed,web,INR,28021.15,84.46,27936.690000000002,0,5028.6,32965.29
ORD-003613,CUST-00048,2026-07-16,returned,web,INR,1452.88,145.29,1307.59,49,235.37,1591.96
ORD-003614,CUST-00582,2026-05-17,completed,web,INR,771.93,38.6,733.33,49,132.0,914.33
ORD-003615,CUST-00687,2025-06-14,completed,web,INR,1530.29,76.51,1453.78,99,261.68,1814.46
ORD-003616,CUST-00587,2025-10-13,completed,mobile_app,INR,4652.25,465.23,4187.02,0,753.66,4940.68
ORD-003617,CUST-01119,2026-06-08,completed,mobile_app,INR,32696.25,4182.62,28513.629999999997,0,5132.45,33646.08
ORD-003618,CUST-00459,2026-05-29,completed,web,INR,15798.16,1635.3200000000002,14162.84,0,2549.31,16712.15
ORD-003619,CUST-01264,2026-04-13,returned,web,INR,9103.36,731.11,8372.25,0,1507.0,9879.25
ORD-003620,CUST-01872,2025-01-04,returned,mobile_app,INR,22937.21,523.01,22414.2,0,4034.56,26448.76
ORD-003621,CUST-01322,2026-04-15,completed,web,INR,4867.23,727.22,4140.01,0,745.2,4885.21
ORD-003622,CUST-00778,2026-06-19,completed,mobile_app,INR,17891.72,1358.95,16532.77,0,2975.9,19508.67
ORD-003623,CUST-00870,2025-10-05,completed,web,INR,10556.96,1004.4100000000001,9552.55,0,1719.46,11272.01
ORD-003624,CUST-01171,2025-11-17,completed,web,INR,10778.63,933.53,9845.1,0,1772.12,11617.22
ORD-003625,CUST-01448,2026-07-17,shipped,web,INR,21507.38,1468.5,20038.88,0,3607.0,23645.88
ORD-003626,CUST-00604,2026-05-18,completed,web,INR,38870.13,3341.39,35528.74,0,6395.17,41923.91
ORD-003627,CUST-00077,2025-12-05,completed,web,INR,12900.220000000001,1519.4,11380.82,0,2048.55,13429.37
ORD-003628,CUST-01406,2025-01-07,completed,web,INR,4802.17,480.22,4321.95,0,777.95,5099.9
ORD-003629,CUST-01324,2026-05-06,pending,mobile_app,INR,25414.31,4701.19,20713.12,0,3728.36,24441.48
ORD-003630,CUST-00203,2025-05-28,shipped,web,INR,25101.170000000002,405.49,24695.68,0,4445.22,29140.9
ORD-003631,CUST-01254,2026-04-08,returned,web,INR,38788.46,2990.94,35797.52,0,6443.55,42241.07
ORD-003632,CUST-00144,2025-09-28,completed,web,INR,13527.15,1595.19,11931.96,0,2147.75,14079.71
ORD-003633,CUST-01287,2026-06-21,completed,web,INR,18840.47,1422.47,17418.0,0,3135.24,20553.24
ORD-003634,CUST-01489,2026-03-14,completed,web,INR,4921.68,0.0,4921.68,0,885.9,5807.58
ORD-003635,CUST-00032,2025-03-06,returned,mobile_app,INR,4282.51,395.11,3887.4,0,699.73,4587.13
ORD-003636,CUST-01454,2026-06-28,completed,mobile_app,INR,39061.92999999999,0.0,39061.92999999999,0,7031.15,46093.08
ORD-003637,CUST-00241,2025-06-02,shipped,mobile_app,INR,11729.15,0.0,11729.15,0,2111.25,13840.4
ORD-003638,CUST-00531,2026-01-31,completed,mobile_app,INR,24650.99,0.0,24650.99,0,4437.18,29088.17
ORD-003639,CUST-01410,2025-05-02,completed,web,INR,10516.53,1577.48,8939.05,0,1609.03,10548.08
ORD-003640,CUST-00711,2026-01-17,completed,web,INR,8259.1,825.91,7433.1900000000005,0,1337.97,8771.16
ORD-003641,CUST-01955,2026-07-27,completed,web,INR,1222.88,61.14,1161.74,49,209.11,1419.85
ORD-003642,CUST-01915,2025-01-26,cancelled,mobile_app,INR,7257.92,510.14,6747.78,0,1214.6,7962.38
ORD-003643,CUST-01974,2025-10-06,pending,web,INR,12072.79,0.0,12072.79,0,2173.1,14245.89
ORD-003644,CUST-00209,2025-12-03,completed,mobile_app,INR,22741.879999999997,245.72,22496.159999999996,0,4049.31,26545.47
ORD-003645,CUST-00353,2025-11-25,completed,mobile_app,INR,13739.939999999999,1271.1799999999998,12468.76,0,2244.38,14713.14
ORD-003646,CUST-00367,2025-09-25,cancelled,web,INR,6512.66,0.0,6512.66,0,1172.28,7684.94
ORD-003647,CUST-01171,2025-12-26,completed,web,INR,10432.0,990.49,9441.51,0,1699.47,11140.98
ORD-003648,CUST-00861,2026-07-29,cancelled,web,INR,4434.3,0.0,4434.3,0,798.17,5232.47
ORD-003649,CUST-01492,2025-07-31,shipped,web,INR,2801.31,400.85,2400.46,0,432.08,2832.54
ORD-003650,CUST-00565,2026-06-07,completed,web,INR,28303.93,1936.38,26367.550000000003,0,4746.16,31113.71
ORD-003651,CUST-00400,2025-07-30,completed,web,INR,4789.53,855.4300000000001,3934.1,0,708.14,4642.24
ORD-003652,CUST-01299,2026-04-19,completed,mobile_app,INR,7393.06,824.23,6568.83,0,1182.39,7751.22
ORD-003653,CUST-01235,2026-05-26,completed,mobile_app,INR,12474.07,1274.9399999999998,11199.13,0,2015.84,13214.97
ORD-003654,CUST-01382,2026-05-05,returned,web,INR,8243.57,786.1099999999999,7457.46,0,1342.34,8799.8
ORD-003655,CUST-00625,2025-08-24,completed,web,INR,18721.370000000003,1788.24,16933.13,0,3047.96,19981.09
ORD-003656,CUST-01053,2025-06-03,completed,mobile_app,INR,27673.480000000003,429.14,27244.34,0,4903.98,32148.32
ORD-003657,CUST-01857,2025-08-05,completed,web,INR,46259.73,613.19,45646.54,0,8216.38,53862.92
ORD-003658,CUST-01223,2026-07-11,cancelled,mobile_app,INR,15541.710000000001,1144.03,14397.68,0,2591.58,16989.26
ORD-003659,CUST-01865,2026-03-07,completed,web,INR,20986.78,2274.83,18711.95,0,3368.15,22080.1
ORD-003660,CUST-00867,2026-07-13,completed,mobile_app,INR,6250.92,0.0,6250.92,0,1125.17,7376.09
ORD-003661,CUST-00090,2026-07-15,shipped,mobile_app,INR,17124.09,0.0,17124.09,0,3082.34,20206.43
ORD-003662,CUST-01521,2026-05-18,completed,mobile_app,INR,1699.54,169.95,1529.59,99,275.33,1903.92
ORD-003663,CUST-00921,2026-07-04,completed,mobile_app,INR,6295.950000000001,1178.31,5117.639999999999,0,921.18,6038.82
ORD-003664,CUST-00085,2026-03-02,completed,web,INR,44478.63,4124.77,40353.86,0,7263.69,47617.55
ORD-003665,CUST-00278,2026-05-22,completed,web,INR,3797.74,189.89,3607.85,0,649.41,4257.26
ORD-003666,CUST-00626,2026-05-19,returned,mobile_app,INR,23001.84,1618.88,21382.96,0,3848.93,25231.89
ORD-003667,CUST-00382,2026-06-07,cancelled,web,INR,22617.48,2441.76,20175.72,0,3631.63,23807.35
ORD-003668,CUST-01369,2026-07-05,pending,web,INR,16218.25,0.0,16218.25,0,2919.28,19137.53
ORD-003669,CUST-01223,2026-07-10,pending,web,INR,14869.2,0.0,14869.2,0,2676.46,17545.66
ORD-003670,CUST-00660,2026-06-01,completed,web,INR,4125.78,107.77,4018.0099999999998,0,723.24,4741.25
ORD-003671,CUST-00170,2025-12-08,completed,web,INR,4205.97,470.56,3735.41,0,672.37,4407.78
ORD-003672,CUST-00158,2025-11-21,shipped,web,INR,7139.880000000001,234.09,6905.790000000001,0,1243.04,8148.83
ORD-003673,CUST-01892,2025-01-17,completed,web,INR,42803.66,2208.77,40594.89,0,7307.08,47901.97
ORD-003674,CUST-00691,2026-07-30,pending,web,INR,9284.94,928.49,8356.45,0,1504.16,9860.61
ORD-003675,CUST-00215,2026-01-31,completed,mobile_app,INR,4406.77,0.0,4406.77,0,793.22,5199.99
ORD-003676,CUST-01423,2025-11-13,completed,web,INR,23009.51,2108.78,20900.73,0,3762.13,24662.86
ORD-003677,CUST-01740,2026-07-29,shipped,mobile_app,INR,8756.19,0.0,8756.19,0,1576.11,10332.3
ORD-003678,CUST-00244,2026-02-25,returned,mobile_app,INR,11565.880000000001,0.0,11565.880000000001,0,2081.86,13647.74
ORD-003679,CUST-01890,2025-05-11,completed,web,INR,17771.32,1460.04,16311.279999999999,0,2936.03,19247.31
ORD-003680,CUST-01450,2025-01-29,completed,web,INR,19968.32,284.29,19684.03,0,3543.13,23227.16
ORD-003681,CUST-00505,2025-08-13,completed,web,INR,2542.21,0.0,2542.21,0,457.6,2999.81
ORD-003682,CUST-01551,2025-02-07,completed,mobile_app,INR,4188.99,209.45,3979.54,0,716.32,4695.86
ORD-003683,CUST-00840,2026-06-13,shipped,web,INR,14324.3,951.94,13372.36,0,2407.02,15779.38
ORD-003684,CUST-01271,2025-08-28,completed,web,INR,16711.199999999997,1155.59,15555.61,0,2800.01,18355.62
ORD-003685,CUST-00254,2026-05-23,cancelled,web,INR,33414.32,136.97,33277.35,0,5989.92,39267.27
ORD-003686,CUST-00489,2026-03-06,completed,mobile_app,INR,32895.61,1233.17,31662.44,0,5699.24,37361.68
ORD-003687,CUST-01547,2025-12-30,completed,web,INR,10333.949999999999,0.0,10333.949999999999,0,1860.11,12194.06
ORD-003688,CUST-01611,2026-05-11,pending,web,INR,3844.96,0.0,3844.96,0,692.09,4537.05
ORD-003689,CUST-00022,2026-01-04,completed,mobile_app,INR,27947.91,1044.1799999999998,26903.73,0,4842.67,31746.4
ORD-003690,CUST-00429,2025-01-22,completed,web,INR,27658.489999999998,1518.9499999999998,26139.54,0,4705.12,30844.66
ORD-003691,CUST-01216,2025-02-18,completed,mobile_app,INR,16677.63,0.0,16677.63,0,3001.97,19679.6
ORD-003692,CUST-01812,2025-10-31,returned,mobile_app,INR,25078.6,2934.0,22144.6,0,3986.03,26130.63
ORD-003693,CUST-01349,2026-06-06,completed,web,INR,7692.36,0.0,7692.36,0,1384.62,9076.98
ORD-003694,CUST-01414,2026-02-27,completed,web,INR,1055.26,95.98,959.28,99,172.67,1230.95
ORD-003695,CUST-00778,2026-07-27,cancelled,web,INR,16219.0,0.0,16219.0,0,2919.42,19138.42
ORD-003696,CUST-00110,2026-02-26,shipped,mobile_app,INR,11637.11,307.84000000000003,11329.27,0,2039.27,13368.54
ORD-003697,CUST-01532,2026-06-23,completed,mobile_app,INR,42592.020000000004,242.39,42349.63,0,7622.93,49972.56
ORD-003698,CUST-01599,2026-04-13,completed,web,INR,9303.02,1153.73,8149.29,0,1466.87,9616.16
ORD-003699,CUST-00887,2025-09-02,completed,mobile_app,INR,23995.98,1468.18,22527.8,0,4055.0,26582.8
ORD-003700,CUST-01013,2025-03-21,returned,web,INR,6070.02,0.0,6070.02,0,1092.6,7162.62
ORD-003701,CUST-00471,2026-06-23,shipped,web,INR,19101.22,0.0,19101.22,0,3438.22,22539.44
ORD-003702,CUST-00906,2026-04-12,returned,web,INR,17657.54,1075.41,16582.129999999997,0,2984.78,19566.91
ORD-003703,CUST-00484,2026-02-04,pending,mobile_app,INR,16315.4,2315.26,14000.14,0,2520.03,16520.17
ORD-003704,CUST-00842,2026-05-10,completed,web,INR,34135.46,0.0,34135.46,0,6144.38,40279.84
ORD-003705,CUST-00269,2026-06-20,completed,mobile_app,INR,60336.22,2869.21,57467.01,0,10344.06,67811.07
ORD-003706,CUST-01214,2026-06-22,shipped,web,INR,11538.880000000001,1583.01,9955.869999999999,0,1792.06,11747.93
ORD-003707,CUST-00496,2026-04-16,cancelled,mobile_app,INR,11319.42,1131.94,10187.48,0,1833.75,12021.23
ORD-003708,CUST-01450,2025-06-09,shipped,mobile_app,INR,17788.6,785.04,17003.56,0,3060.64,20064.2
ORD-003709,CUST-01036,2026-03-16,completed,web,INR,24722.760000000002,823.3399999999999,23899.42,0,4301.9,28201.32
ORD-003710,CUST-01792,2026-07-15,returned,web,INR,10370.23,1070.04,9300.19,0,1674.03,10974.22
ORD-003711,CUST-00443,2025-12-17,shipped,web,INR,3953.7799999999997,314.56,3639.22,0,655.06,4294.28
ORD-003712,CUST-00546,2025-12-20,cancelled,web,INR,16038.11,718.03,15320.08,0,2757.61,18077.69
ORD-003713,CUST-00487,2026-03-19,completed,web,INR,2147.9300000000003,72.82,2075.11,0,373.52,2448.63
ORD-003714,CUST-01262,2026-07-04,completed,web,INR,11074.61,0.0,11074.61,0,1993.43,13068.04
ORD-003715,CUST-00214,2025-05-04,shipped,web,INR,28531.079999999998,3432.0699999999997,25099.01,0,4517.82,29616.83
ORD-003716,CUST-01373,2025-06-18,cancelled,mobile_app,INR,3483.1600000000003,107.53,3375.63,0,607.61,3983.24
ORD-003717,CUST-01639,2026-03-26,completed,web,INR,10203.75,1530.56,8673.19,0,1561.17,10234.36
ORD-003718,CUST-01350,2025-10-15,completed,web,INR,40872.579999999994,4368.25,36504.33,0,6570.78,43075.11
ORD-003719,CUST-00270,2026-03-24,shipped,mobile_app,INR,11096.43,0.0,11096.43,0,1997.36,13093.79
ORD-003720,CUST-00987,2026-01-22,pending,mobile_app,INR,18757.559999999998,1587.19,17170.37,0,3090.67,20261.04
ORD-003721,CUST-01067,2026-07-05,completed,web,INR,9131.44,913.15,8218.289999999999,0,1479.29,9697.58
ORD-003722,CUST-00783,2025-05-18,completed,web,INR,8604.11,563.03,8041.08,0,1447.39,9488.47
ORD-003723,CUST-00933,2025-06-29,completed,web,INR,13400.48,0.0,13400.48,0,2412.09,15812.57
ORD-003724,CUST-01525,2026-04-06,completed,web,INR,11321.46,1698.22,9623.24,0,1732.18,11355.42
ORD-003725,CUST-01670,2025-12-29,completed,mobile_app,INR,8550.87,855.09,7695.78,0,1385.24,9081.02
ORD-003726,CUST-00601,2025-11-23,completed,web,INR,1371.35,274.27,1097.08,99,197.47,1393.55
ORD-003727,CUST-00660,2026-07-30,completed,web,INR,9256.69,810.6800000000001,8446.01,0,1520.28,9966.29
ORD-003728,CUST-00417,2026-07-07,completed,web,INR,7314.32,325.03,6989.29,0,1258.07,8247.36
ORD-003729,CUST-00804,2026-06-29,completed,web,INR,10544.03,963.59,9580.44,0,1724.48,11304.92
ORD-003730,CUST-01092,2025-05-16,pending,mobile_app,INR,5047.9400000000005,178.11,4869.83,0,876.57,5746.4
ORD-003731,CUST-01428,2026-07-05,completed,web,INR,23709.89,1325.17,22384.72,0,4029.25,26413.97
ORD-003732,CUST-00536,2025-03-15,cancelled,web,INR,10384.08,0.0,10384.08,0,1869.13,12253.21
ORD-003733,CUST-00433,2026-05-23,completed,web,INR,22382.39,820.98,21561.41,0,3881.05,25442.46
ORD-003734,CUST-00067,2026-06-12,cancelled,web,INR,16393.71,0.0,16393.71,0,2950.87,19344.58
ORD-003735,CUST-00188,2026-02-04,cancelled,web,INR,45058.159999999996,435.04,44623.119999999995,0,8032.16,52655.28
ORD-003736,CUST-00104,2025-01-02,completed,mobile_app,INR,5721.83,0.0,5721.83,0,1029.93,6751.76
ORD-003737,CUST-00415,2025-10-25,shipped,web,INR,17496.61,823.14,16673.47,0,3001.22,19674.69
ORD-003738,CUST-01391,2025-11-09,shipped,web,INR,1516.46,0.0,1516.46,99,272.96,1888.42
ORD-003739,CUST-01549,2025-08-03,completed,web,INR,11997.22,712.6700000000001,11284.55,0,2031.22,13315.77
ORD-003740,CUST-01947,2025-06-22,cancelled,mobile_app,INR,664.06,0.0,664.06,49,119.53,832.59
ORD-003741,CUST-01091,2026-03-16,completed,web,INR,447.7,89.54,358.16,49,64.47,471.63
ORD-003742,CUST-00910,2025-11-15,completed,web,INR,33364.91,3139.67,30225.24,0,5440.54,35665.78
ORD-003743,CUST-01799,2026-01-06,pending,web,INR,22902.92,252.88,22650.04,0,4077.01,26727.05
ORD-003744,CUST-00295,2026-07-04,completed,web,INR,9214.35,375.70000000000005,8838.65,0,1590.96,10429.61
ORD-003745,CUST-01261,2025-08-22,completed,web,INR,8199.89,0.0,8199.89,0,1475.98,9675.87
ORD-003746,CUST-01637,2026-05-17,completed,mobile_app,INR,15702.09,0.0,15702.09,0,2826.38,18528.47
ORD-003747,CUST-01006,2026-07-30,pending,web,INR,11509.74,1150.97,10358.77,0,1864.58,12223.35
ORD-003748,CUST-00523,2025-11-29,completed,mobile_app,INR,9030.96,1143.85,7887.11,0,1419.68,9306.79
ORD-003749,CUST-01242,2026-02-16,completed,web,INR,7952.04,795.2,7156.84,0,1288.23,8445.07
ORD-003750,CUST-01992,2025-09-26,shipped,mobile_app,INR,3669.34,0.0,3669.34,0,660.48,4329.82
ORD-003751,CUST-00472,2026-02-05,shipped,web,INR,8429.55,0.0,8429.55,0,1517.32,9946.87
ORD-003752,CUST-01127,2026-06-20,completed,web,INR,1485.03,297.01,1188.02,79,213.84,1480.86
ORD-003753,CUST-00102,2025-06-07,pending,mobile_app,INR,7426.389999999999,101.53,7324.86,0,1318.47,8643.33
ORD-003754,CUST-00466,2026-07-29,completed,web,INR,4045.66,809.13,3236.53,0,582.58,3819.11
ORD-003755,CUST-01535,2026-06-01,completed,web,INR,1792.98,0.0,1792.98,79,322.74,2194.72
ORD-003756,CUST-00993,2025-10-10,completed,mobile_app,INR,2415.45,241.54,2173.91,0,391.3,2565.21
ORD-003757,CUST-00399,2025-04-18,completed,mobile_app,INR,10276.720000000001,1186.5,9090.220000000001,0,1636.24,10726.46
ORD-003758,CUST-00671,2026-06-21,returned,mobile_app,INR,4725.85,121.51,4604.34,0,828.78,5433.12
ORD-003759,CUST-00242,2026-03-25,completed,web,INR,12260.52,1422.38,10838.14,0,1950.87,12789.01
ORD-003760,CUST-01559,2026-07-30,completed,web,INR,26367.96,2698.98,23668.98,0,4260.42,27929.4
ORD-003761,CUST-01886,2025-06-03,completed,web,INR,19390.34,3878.07,15512.27,0,2792.21,18304.48
ORD-003762,CUST-00212,2025-11-09,completed,web,INR,9354.619999999999,78.75,9275.869999999999,0,1669.66,10945.53
ORD-003763,CUST-00476,2026-03-15,returned,web,INR,16680.7,1962.07,14718.630000000001,0,2649.35,17367.98
ORD-003764,CUST-01715,2026-05-14,completed,mobile_app,INR,14484.289999999999,1942.11,12542.18,0,2257.59,14799.77
ORD-003765,CUST-01758,2026-02-27,returned,mobile_app,INR,39504.009999999995,2401.1800000000003,37102.83,0,6678.51,43781.34
ORD-003766,CUST-01535,2026-02-23,completed,web,INR,17376.34,3475.27,13901.07,0,2502.19,16403.26
ORD-003767,CUST-01431,2025-05-15,pending,web,INR,26354.79,2324.3900000000003,24030.4,0,4325.47,28355.87
ORD-003768,CUST-01723,2025-10-11,cancelled,web,INR,22665.04,2266.5,20398.54,0,3671.74,24070.28
ORD-003769,CUST-00747,2026-04-16,completed,web,INR,12955.57,1088.36,11867.210000000001,0,2136.1,14003.31
ORD-003770,CUST-01790,2026-06-11,completed,mobile_app,INR,27472.489999999998,1673.32,25799.17,0,4643.85,30443.02
ORD-003771,CUST-01774,2025-08-27,cancelled,web,INR,14418.23,741.0,13677.23,0,2461.9,16139.13
ORD-003772,CUST-00460,2026-02-02,completed,web,INR,1827.95,0.0,1827.95,79,329.03,2235.98
ORD-003773,CUST-00147,2025-01-13,completed,mobile_app,INR,1621.4299999999998,0.0,1621.4299999999998,49,291.86,1962.29
ORD-003774,CUST-01043,2025-12-02,cancelled,mobile_app,INR,45669.899999999994,647.98,45021.92,0,8103.95,53125.87
ORD-003775,CUST-01517,2025-08-10,returned,web,INR,37261.38,292.12,36969.26,0,6654.47,43623.73
ORD-003776,CUST-01700,2026-07-25,shipped,web,INR,15177.45,733.88,14443.57,0,2599.84,17043.41
ORD-003777,CUST-00285,2025-11-04,returned,web,INR,15919.14,1591.91,14327.23,0,2578.9,16906.13
ORD-003778,CUST-00755,2026-05-30,completed,web,INR,9563.25,0.0,9563.25,0,1721.38,11284.63
ORD-003779,CUST-01536,2025-11-21,cancelled,web,INR,37742.57,686.38,37056.19,0,6670.11,43726.3
ORD-003780,CUST-00121,2025-10-18,completed,web,INR,1790.42,179.04,1611.38,99,290.05,2000.43
ORD-003781,CUST-01446,2026-07-01,cancelled,mobile_app,INR,10032.99,1151.82,8881.17,0,1598.61,10479.78
ORD-003782,CUST-00584,2026-07-29,shipped,web,INR,37426.92,2814.7400000000002,34612.18,0,6230.19,40842.37
ORD-003783,CUST-00045,2025-09-20,completed,web,INR,7959.4400000000005,0.0,7959.4400000000005,0,1432.7,9392.14
ORD-003784,CUST-00484,2026-03-30,pending,mobile_app,INR,5815.71,457.19,5358.5199999999995,0,964.53,6323.05
ORD-003785,CUST-01484,2026-01-08,completed,web,INR,55430.76,8186.91,47243.85,0,8503.89,55747.74
ORD-003786,CUST-01741,2025-05-13,completed,web,INR,10112.94,707.62,9405.32,0,1692.96,11098.28
ORD-003787,CUST-00163,2025-08-24,completed,web,INR,14319.16,673.49,13645.67,0,2456.22,16101.89
ORD-003788,CUST-00928,2026-05-04,completed,web,INR,16069.02,2410.35,13658.67,0,2458.56,16117.23
ORD-003789,CUST-00403,2026-06-02,completed,web,INR,18157.89,2546.99,15610.899999999998,0,2809.96,18420.86
ORD-003790,CUST-01368,2025-10-03,pending,web,INR,37315.59,5882.5,31433.089999999997,0,5657.96,37091.05
ORD-003791,CUST-01562,2025-08-14,completed,web,INR,2041.32,306.2,1735.12,49,312.32,2096.44
ORD-003792,CUST-01925,2026-05-20,shipped,mobile_app,INR,9617.539999999999,924.5,8693.039999999999,0,1564.75,10257.79
ORD-003793,CUST-00710,2025-06-24,completed,mobile_app,INR,2314.69,462.94,1851.75,99,333.32,2284.07
ORD-003794,CUST-00599,2025-09-05,returned,web,INR,4253.74,0.0,4253.74,0,765.67,5019.41
ORD-003795,CUST-00620,2025-02-11,shipped,mobile_app,INR,32105.95,459.62,31646.329999999998,0,5696.34,37342.67
ORD-003796,CUST-01523,2025-03-06,completed,web,INR,20771.58,0.0,20771.58,0,3738.88,24510.46
ORD-003797,CUST-00891,2026-05-23,completed,web,INR,8842.54,273.42,8569.119999999999,0,1542.44,10111.56
ORD-003798,CUST-00046,2026-07-05,shipped,web,INR,3953.8,395.38,3558.42,0,640.52,4198.94
ORD-003799,CUST-01896,2026-04-28,completed,web,INR,23633.35,2661.98,20971.37,0,3774.85,24746.22
ORD-003800,CUST-00209,2025-12-14,completed,web,INR,17558.33,1734.6599999999999,15823.669999999998,0,2848.26,18671.93
ORD-003801,CUST-01857,2025-12-18,completed,mobile_app,INR,5653.62,0.0,5653.62,0,1017.65,6671.27
ORD-003802,CUST-00324,2026-07-18,completed,web,INR,24314.64,1801.5900000000001,22513.05,0,4052.35,26565.4
ORD-003803,CUST-01077,2026-07-26,pending,web,INR,12700.16,0.0,12700.16,0,2286.03,14986.19
ORD-003804,CUST-00625,2025-12-21,returned,web,INR,24418.89,4883.78,19535.11,0,3516.32,23051.43
ORD-003805,CUST-01374,2025-06-07,shipped,mobile_app,INR,9732.04,374.82,9357.22,0,1684.3,11041.52
ORD-003806,CUST-00806,2026-01-24,completed,web,INR,7140.23,357.01,6783.219999999999,0,1220.98,8004.2
ORD-003807,CUST-00735,2026-05-30,pending,mobile_app,INR,12042.69,381.29,11661.4,0,2099.05,13760.45
ORD-003808,CUST-00955,2026-03-27,completed,web,INR,3563.63,0.0,3563.63,0,641.45,4205.08
ORD-003809,CUST-01942,2026-06-03,pending,mobile_app,INR,4937.1,370.09,4567.01,0,822.06,5389.07
ORD-003810,CUST-00491,2026-06-20,completed,web,INR,11788.78,589.44,11199.34,0,2015.88,13215.22
ORD-003811,CUST-00440,2026-03-15,completed,web,INR,37811.24,932.1400000000001,36879.1,0,6638.24,43517.34
ORD-003812,CUST-00133,2026-01-07,shipped,web,INR,34823.97,1040.47,33783.5,0,6081.03,39864.53
ORD-003813,CUST-01478,2026-02-18,returned,web,INR,45578.94,6242.58,39336.36,0,7080.54,46416.9
ORD-003814,CUST-01356,2026-02-17,completed,web,INR,9882.75,985.03,8897.72,0,1601.59,10499.31
ORD-003815,CUST-01218,2026-02-06,completed,web,INR,9242.5,532.38,8710.12,0,1567.82,10277.94
ORD-003816,CUST-00048,2026-05-02,completed,web,INR,7231.51,461.54,6769.97,0,1218.59,7988.56
ORD-003817,CUST-01582,2025-01-07,pending,web,INR,18471.57,1847.16,16624.41,0,2992.39,19616.8
ORD-003818,CUST-01619,2025-08-31,cancelled,web,INR,7701.02,770.1,6930.92,0,1247.57,8178.49
ORD-003819,CUST-01891,2026-05-30,returned,mobile_app,INR,28584.29,2400.9900000000002,26183.3,0,4712.99,30896.29
ORD-003820,CUST-01859,2026-02-21,shipped,mobile_app,INR,53998.759999999995,1317.07,52681.69,0,9482.7,62164.39
ORD-003821,CUST-00527,2026-07-08,returned,mobile_app,INR,14984.65,928.8,14055.849999999999,0,2530.05,16585.9
ORD-003822,CUST-01421,2026-06-26,completed,web,INR,31452.43,2586.59,28865.840000000004,0,5195.85,34061.69
ORD-003823,CUST-00806,2026-04-16,completed,web,INR,17280.4,1388.76,15891.64,0,2860.5,18752.14
ORD-003824,CUST-01192,2025-08-23,shipped,mobile_app,INR,6457.14,645.71,5811.43,0,1046.06,6857.49
ORD-003825,CUST-00665,2025-09-06,completed,mobile_app,INR,13717.119999999999,597.12,13120.0,0,2361.6,15481.6
ORD-003826,CUST-01315,2026-06-26,completed,mobile_app,INR,4407.02,0.0,4407.02,0,793.26,5200.28
ORD-003827,CUST-01906,2025-07-29,completed,web,INR,10856.19,1258.06,9598.130000000001,0,1727.66,11325.79
ORD-003828,CUST-01305,2025-12-24,cancelled,web,INR,2066.05,20.25,2045.8,0,368.24,2414.04
ORD-003829,CUST-01842,2025-12-11,cancelled,mobile_app,INR,18941.739999999998,777.54,18164.2,0,3269.56,21433.76
ORD-003830,CUST-01864,2025-01-18,completed,web,INR,13262.029999999999,359.11,12902.92,0,2322.53,15225.45
ORD-003831,CUST-00238,2026-06-27,returned,web,INR,22391.050000000003,0.0,22391.050000000003,0,4030.39,26421.44
ORD-003832,CUST-01929,2025-05-09,completed,mobile_app,INR,3971.79,0.0,3971.79,0,714.92,4686.71
ORD-003833,CUST-01637,2026-01-27,completed,mobile_app,INR,15694.99,280.37,15414.619999999999,0,2774.63,18189.25
ORD-003834,CUST-00854,2026-03-24,completed,web,INR,428.48,0.0,428.48,99,77.13,604.61
ORD-003835,CUST-01201,2026-04-26,completed,web,INR,6828.25,248.51,6579.74,0,1184.35,7764.09
ORD-003836,CUST-01235,2025-11-16,completed,mobile_app,INR,8916.57,405.89,8510.68,0,1531.92,10042.6
ORD-003837,CUST-01573,2026-03-06,shipped,web,INR,27656.58,1740.44,25916.14,0,4664.91,30581.05
ORD-003838,CUST-01606,2026-07-13,cancelled,mobile_app,INR,16681.9,188.01,16493.89,0,2968.9,19462.79
ORD-003839,CUST-00205,2026-01-26,completed,web,INR,30808.82,740.34,30068.48,0,5412.33,35480.81
ORD-003840,CUST-00003,2026-02-08,returned,web,INR,7115.88,0.0,7115.88,0,1280.86,8396.74
ORD-003841,CUST-00493,2026-06-26,pending,mobile_app,INR,1019.04,0.0,1019.04,49,183.43,1251.47
ORD-003842,CUST-01055,2025-09-30,completed,mobile_app,INR,15908.83,1624.95,14283.88,0,2571.1,16854.98
ORD-003843,CUST-01699,2026-05-27,completed,web,INR,9704.54,0.0,9704.54,0,1746.82,11451.36
ORD-003844,CUST-01306,2026-05-21,completed,web,INR,14099.38,1204.0500000000002,12895.33,0,2321.16,15216.49
ORD-003845,CUST-00272,2025-04-10,shipped,web,INR,16446.91,1203.74,15243.169999999998,0,2743.77,17986.94
ORD-003846,CUST-01435,2025-08-10,completed,web,INR,6503.36,808.6400000000001,5694.72,0,1025.05,6719.77
ORD-003847,CUST-00937,2025-01-15,shipped,mobile_app,INR,7119.4,0.0,7119.4,0,1281.49,8400.89
ORD-003848,CUST-00738,2025-05-18,shipped,web,INR,2460.54,0.0,2460.54,0,442.9,2903.44
ORD-003849,CUST-01544,2025-06-30,completed,mobile_app,INR,312.9,15.64,297.26,79,53.51,429.77
ORD-003850,CUST-00592,2026-05-10,completed,mobile_app,INR,13471.5,638.62,12832.880000000001,0,2309.92,15142.8
ORD-003851,CUST-01238,2025-01-03,completed,web,INR,4675.72,349.79999999999995,4325.92,0,778.67,5104.59
ORD-003852,CUST-00365,2026-01-23,completed,web,INR,2490.44,373.57,2116.87,0,381.04,2497.91
ORD-003853,CUST-00764,2026-06-25,cancelled,mobile_app,INR,48647.95,2007.1,46640.85,0,8395.35,55036.2
ORD-003854,CUST-01116,2025-11-19,shipped,web,INR,8582.87,194.24,8388.630000000001,0,1509.95,9898.58
ORD-003855,CUST-01247,2026-06-30,completed,mobile_app,INR,4550.4,455.04,4095.36,0,737.16,4832.52
ORD-003856,CUST-01839,2026-04-13,shipped,web,INR,25652.379999999997,1246.87,24405.51,0,4392.99,28798.5
ORD-003857,CUST-00581,2025-11-04,completed,web,INR,23487.65,46.96,23440.690000000002,0,4219.32,27660.01
ORD-003858,CUST-01792,2026-05-31,completed,web,INR,28031.02,2581.94,25449.08,0,4580.83,30029.91
ORD-003859,CUST-01634,2026-06-22,completed,web,INR,2688.44,0.0,2688.44,0,483.92,3172.36
ORD-003860,CUST-00720,2025-12-22,completed,mobile_app,INR,24471.41,590.39,23881.02,0,4298.58,28179.6
ORD-003861,CUST-00281,2025-09-13,completed,web,INR,17262.760000000002,998.78,16263.98,0,2927.52,19191.5
ORD-003862,CUST-00516,2025-06-22,completed,web,INR,3183.6400000000003,0.0,3183.6400000000003,0,573.06,3756.7
ORD-003863,CUST-01316,2025-04-20,cancelled,web,INR,13276.2,663.81,12612.39,0,2270.23,14882.62
ORD-003864,CUST-01578,2026-03-01,completed,web,INR,13088.29,1329.18,11759.109999999999,0,2116.64,13875.75
ORD-003865,CUST-01225,2026-01-23,completed,mobile_app,INR,2198.4,329.76,1868.64,49,336.36,2254.0
ORD-003866,CUST-01450,2026-04-25,completed,mobile_app,INR,3342.57,334.26,3008.31,0,541.5,3549.81
ORD-003867,CUST-00204,2026-02-18,completed,web,INR,1322.1,144.63,1177.47,49,211.94,1438.41
ORD-003868,CUST-01011,2025-02-24,completed,mobile_app,INR,18476.559999999998,1307.26,17169.3,0,3090.47,20259.77
ORD-003869,CUST-01748,2025-12-19,completed,web,INR,1375.36,137.54,1237.82,99,222.81,1559.63
ORD-003870,CUST-00779,2026-06-05,completed,web,INR,16489.65,546.57,15943.08,0,2869.75,18812.83
ORD-003871,CUST-01798,2025-11-01,pending,web,INR,28992.73,2809.87,26182.86,0,4712.91,30895.77
ORD-003872,CUST-00248,2025-02-10,completed,mobile_app,INR,7426.86,0.0,7426.86,0,1336.83,8763.69
ORD-003873,CUST-01958,2025-06-22,completed,web,INR,31199.94,1580.73,29619.21,0,5331.46,34950.67
ORD-003874,CUST-01571,2025-10-29,completed,mobile_app,INR,9941.279999999999,393.86,9547.42,0,1718.54,11265.96
ORD-003875,CUST-01253,2026-05-13,completed,web,INR,18665.32,2130.77,16534.55,0,2976.22,19510.77
ORD-003876,CUST-01235,2025-09-12,completed,web,INR,5746.25,383.91,5362.34,0,965.22,6327.56
ORD-003877,CUST-01873,2026-04-30,completed,web,INR,3703.98,740.8,2963.18,0,533.37,3496.55
ORD-003878,CUST-00754,2026-07-18,returned,web,INR,10562.18,1032.18,9530.0,0,1715.4,11245.4
ORD-003879,CUST-00330,2025-06-28,returned,web,INR,550.86,0.0,550.86,79,99.15,729.01
ORD-003880,CUST-01838,2025-05-03,shipped,mobile_app,INR,5547.54,221.04,5326.5,0,958.77,6285.27
ORD-003881,CUST-00206,2025-01-03,completed,mobile_app,INR,7356.3099999999995,175.89000000000001,7180.42,0,1292.48,8472.9
ORD-003882,CUST-01320,2025-11-27,completed,web,INR,10810.34,1184.8400000000001,9625.5,0,1732.59,11358.09
ORD-003883,CUST-00532,2025-04-11,completed,mobile_app,INR,8108.1,795.15,7312.950000000001,0,1316.33,8629.28
ORD-003884,CUST-01859,2026-06-24,cancelled,web,INR,4868.71,730.31,4138.4,0,744.91,4883.31
ORD-003885,CUST-01948,2026-05-21,completed,mobile_app,INR,6552.83,0.0,6552.83,0,1179.51,7732.34
ORD-003886,CUST-00949,2026-07-14,shipped,web,INR,6525.08,652.51,5872.57,0,1057.06,6929.63
ORD-003887,CUST-01067,2026-07-16,completed,mobile_app,INR,7962.1,1141.8,6820.3,0,1227.65,8047.95
ORD-003888,CUST-00910,2025-04-13,completed,web,INR,6738.84,763.98,5974.86,0,1075.47,7050.33
ORD-003889,CUST-00851,2026-07-17,completed,web,INR,23244.129999999997,2688.96,20555.170000000002,0,3699.93,24255.1
ORD-003890,CUST-01875,2026-04-09,completed,web,INR,15460.449999999999,2135.82,13324.630000000001,0,2398.43,15723.06
ORD-003891,CUST-00575,2025-02-23,shipped,web,INR,19296.559999999998,1461.73,17834.83,0,3210.27,21045.1
ORD-003892,CUST-01920,2025-11-26,completed,web,INR,16717.4,2300.7599999999998,14416.64,0,2595.0,17011.64
ORD-003893,CUST-01301,2026-02-11,completed,web,INR,15357.26,344.58,15012.68,0,2702.28,17714.96
ORD-003894,CUST-01922,2025-05-26,completed,web,INR,15746.36,2594.46,13151.9,0,2367.34,15519.24
ORD-003895,CUST-01225,2025-10-03,cancelled,web,INR,15801.93,167.01,15634.920000000002,0,2814.29,18449.21
ORD-003896,CUST-01638,2026-01-29,completed,mobile_app,INR,4645.61,464.56,4181.05,0,752.59,4933.64
ORD-003897,CUST-00980,2025-11-06,completed,web,INR,24491.07,0.0,24491.07,0,4408.39,28899.46
ORD-003898,CUST-00925,2026-04-14,completed,web,INR,18206.920000000002,3292.63,14914.29,0,2684.57,17598.86
ORD-003899,CUST-00515,2026-06-26,completed,web,INR,3288.94,328.89,2960.05,0,532.81,3492.86
ORD-003900,CUST-00421,2026-06-22,completed,web,INR,19281.83,2696.06,16585.77,0,2985.44,19571.21
ORD-003901,CUST-00076,2025-06-22,completed,mobile_app,INR,16990.94,2264.49,14726.449999999999,0,2650.76,17377.21
ORD-003902,CUST-00767,2026-05-04,completed,mobile_app,INR,3935.14,0.0,3935.14,0,708.33,4643.47
ORD-003903,CUST-01976,2025-11-18,completed,web,INR,21357.72,4271.54,17086.18,0,3075.51,20161.69
ORD-003904,CUST-01877,2026-02-12,completed,web,INR,37952.91,3846.6,34106.31,0,6139.14,40245.45
ORD-003905,CUST-01381,2026-07-15,shipped,web,INR,20765.35,107.82,20657.53,0,3718.36,24375.89
ORD-003906,CUST-00728,2025-09-21,completed,mobile_app,INR,9913.68,544.12,9369.560000000001,0,1686.52,11056.08
ORD-003907,CUST-01041,2025-11-11,completed,mobile_app,INR,12619.52,2523.8999999999996,10095.619999999999,0,1817.21,11912.83
ORD-003908,CUST-01514,2025-07-06,cancelled,web,INR,13388.67,0.0,13388.67,0,2409.96,15798.63
ORD-003909,CUST-00005,2026-07-02,cancelled,mobile_app,INR,820.93,41.05,779.88,99,140.38,1019.26
ORD-003910,CUST-01847,2026-02-28,completed,web,INR,31103.52,1988.9099999999999,29114.61,0,5240.63,34355.24
ORD-003911,CUST-01741,2025-03-24,shipped,web,INR,26299.629999999997,1314.98,24984.65,0,4497.24,29481.89
ORD-003912,CUST-01941,2025-08-01,completed,web,INR,15137.2,1229.8899999999999,13907.310000000001,0,2503.32,16410.63
ORD-003913,CUST-00189,2026-05-18,shipped,web,INR,3181.27,159.06,3022.21,0,544.0,3566.21
ORD-003914,CUST-01896,2026-04-05,completed,web,INR,15002.699999999999,61.82,14940.88,0,2689.36,17630.24
ORD-003915,CUST-01227,2026-03-13,cancelled,web,INR,10924.46,0.0,10924.46,0,1966.4,12890.86
ORD-003916,CUST-01111,2025-12-08,completed,web,INR,25040.47,1043.09,23997.38,0,4319.53,28316.91
ORD-003917,CUST-00360,2026-03-30,completed,web,INR,8238.39,823.84,7414.55,0,1334.62,8749.17
ORD-003918,CUST-00984,2026-06-21,cancelled,web,INR,4419.65,220.98,4198.67,0,755.76,4954.43
ORD-003919,CUST-00727,2026-05-06,completed,web,INR,7576.66,0.0,7576.66,0,1363.8,8940.46
ORD-003920,CUST-01976,2025-06-13,completed,mobile_app,INR,10768.0,555.86,10212.14,0,1838.19,12050.33
ORD-003921,CUST-00680,2026-06-01,completed,web,INR,20368.68,2963.02,17405.66,0,3133.02,20538.68
ORD-003922,CUST-00437,2025-09-22,completed,web,INR,4646.2699999999995,383.78999999999996,4262.4800000000005,0,767.25,5029.73
ORD-003923,CUST-01893,2026-05-26,completed,web,INR,8866.42,480.63,8385.79,0,1509.44,9895.23
ORD-003924,CUST-00376,2025-03-18,completed,web,INR,19186.83,650.39,18536.440000000002,0,3336.56,21873.0
ORD-003925,CUST-01809,2026-05-24,completed,web,INR,9998.12,0.0,9998.12,0,1799.66,11797.78
ORD-003926,CUST-01927,2025-02-01,completed,web,INR,3815.03,763.01,3052.02,0,549.36,3601.38
ORD-003927,CUST-00615,2026-03-18,returned,web,INR,3121.38,0.0,3121.38,0,561.85,3683.23
ORD-003928,CUST-01379,2026-07-21,completed,web,INR,17663.04,2228.8900000000003,15434.15,0,2778.15,18212.3
ORD-003929,CUST-01594,2025-07-13,completed,mobile_app,INR,9662.94,966.29,8696.65,0,1565.4,10262.05
ORD-003930,CUST-01073,2026-04-16,completed,web,INR,30701.61,1226.82,29474.79,0,5305.46,34780.25
ORD-003931,CUST-01394,2025-12-18,completed,web,INR,18411.21,676.5799999999999,17734.63,0,3192.23,20926.86
ORD-003932,CUST-00265,2026-07-29,cancelled,web,INR,10777.36,611.04,10166.32,0,1829.94,11996.26
ORD-003933,CUST-01033,2026-07-26,returned,mobile_app,INR,17865.14,1567.24,16297.900000000001,0,2933.62,19231.52
ORD-003934,CUST-01027,2026-03-23,cancelled,mobile_app,INR,26995.58,2737.9,24257.68,0,4366.38,28624.06
ORD-003935,CUST-01133,2026-02-16,returned,mobile_app,INR,25218.87,3266.06,21952.81,0,3951.51,25904.32
ORD-003936,CUST-01889,2025-07-23,completed,mobile_app,INR,11805.75,1957.0700000000002,9848.68,0,1772.76,11621.44
ORD-003937,CUST-01650,2026-06-19,shipped,web,INR,3709.53,381.40999999999997,3328.12,0,599.06,3927.18
ORD-003938,CUST-01206,2026-07-13,completed,web,INR,14099.26,1693.9499999999998,12405.31,0,2232.96,14638.27
ORD-003939,CUST-00807,2025-11-18,pending,mobile_app,INR,31820.97,0.0,31820.97,0,5727.77,37548.74
ORD-003940,CUST-00810,2026-07-31,completed,web,INR,4451.55,0.0,4451.55,0,801.28,5252.83
ORD-003941,CUST-00041,2025-04-28,completed,mobile_app,INR,13214.3,857.4300000000001,12356.87,0,2224.24,14581.11
ORD-003942,CUST-01103,2026-07-12,cancelled,web,INR,4811.1,962.22,3848.88,0,692.8,4541.68
ORD-003943,CUST-00505,2025-10-14,completed,web,INR,27168.340000000004,1607.8899999999999,25560.45,0,4600.88,30161.33
ORD-003944,CUST-01773,2026-02-15,returned,web,INR,32412.579999999998,1596.63,30815.95,0,5546.87,36362.82
ORD-003945,CUST-01548,2026-06-04,shipped,web,INR,3257.7,268.97,2988.73,0,537.97,3526.7
ORD-003946,CUST-01826,2026-06-09,returned,web,INR,19820.370000000003,1341.86,18478.510000000002,0,3326.13,21804.64
ORD-003947,CUST-01992,2026-04-25,completed,web,INR,12681.28,0.0,12681.28,0,2282.63,14963.91
ORD-003948,CUST-00801,2026-05-01,completed,web,INR,18617.13,1896.8400000000001,16720.29,0,3009.65,19729.94
ORD-003949,CUST-00857,2026-04-17,shipped,web,INR,18156.87,1815.69,16341.18,0,2941.41,19282.59
ORD-003950,CUST-01217,2025-06-03,completed,mobile_app,INR,30466.14,2173.93,28292.21,0,5092.6,33384.81
ORD-003951,CUST-00862,2026-06-22,completed,mobile_app,INR,1641.73,82.09,1559.64,99,280.74,1939.38
ORD-003952,CUST-00559,2026-06-12,pending,mobile_app,INR,6518.76,0.0,6518.76,0,1173.38,7692.14
ORD-003953,CUST-01415,2026-06-09,returned,web,INR,16535.89,96.67,16439.22,0,2959.06,19398.28
ORD-003954,CUST-00903,2025-07-28,pending,web,INR,23486.440000000002,217.58,23268.86,0,4188.39,27457.25
ORD-003955,CUST-01884,2026-06-24,completed,web,INR,23660.07,293.78,23366.29,0,4205.93,27572.22
ORD-003956,CUST-00440,2025-11-27,completed,web,INR,1830.3,91.52,1738.78,99,312.98,2150.76
ORD-003957,CUST-00888,2025-05-08,returned,web,INR,10229.92,51.01,10178.91,0,1832.2,12011.11
ORD-003958,CUST-01063,2026-05-31,completed,mobile_app,INR,14758.68,0.0,14758.68,0,2656.56,17415.24
ORD-003959,CUST-01816,2025-09-14,completed,web,INR,17248.300000000003,49.94,17198.36,0,3095.7,20294.06
ORD-003960,CUST-01157,2025-12-16,completed,web,INR,7074.29,688.16,6386.13,0,1149.5,7535.63
ORD-003961,CUST-00139,2025-06-16,returned,web,INR,22675.6,3422.77,19252.83,0,3465.51,22718.34
ORD-003962,CUST-00676,2025-11-21,completed,web,INR,1537.94,0.0,1537.94,49,276.83,1863.77
ORD-003963,CUST-01773,2025-09-19,completed,web,INR,8885.65,127.84,8757.81,0,1576.41,10334.22
ORD-003964,CUST-00545,2026-06-17,completed,mobile_app,INR,10726.33,0.0,10726.33,0,1930.74,12657.07
ORD-003965,CUST-00682,2025-07-08,completed,mobile_app,INR,1125.96,168.89,957.07,49,172.27,1178.34
ORD-003966,CUST-00303,2026-06-21,shipped,mobile_app,INR,9761.72,488.09000000000003,9273.630000000001,0,1669.25,10942.88
ORD-003967,CUST-01439,2026-03-09,completed,mobile_app,INR,59746.89,1240.1,58506.79,0,10531.22,69038.01
ORD-003968,CUST-00280,2026-01-06,completed,web,INR,4726.14,0.0,4726.14,0,850.71,5576.85
ORD-003969,CUST-00736,2026-06-02,completed,mobile_app,INR,719.46,0.0,719.46,49,129.5,897.96
ORD-003970,CUST-01423,2026-06-08,completed,mobile_app,INR,6930.66,1039.6,5891.06,0,1060.39,6951.45
ORD-003971,CUST-01791,2026-04-13,completed,web,INR,8982.73,649.03,8333.7,0,1500.07,9833.77
ORD-003972,CUST-00444,2026-05-08,returned,mobile_app,INR,32906.72,3748.52,29158.2,0,5248.48,34406.68
ORD-003973,CUST-00665,2026-04-14,completed,mobile_app,INR,4398.26,439.83,3958.43,0,712.52,4670.95
ORD-003974,CUST-00236,2026-06-25,completed,mobile_app,INR,5171.68,34.71,5136.97,0,924.65,6061.62
ORD-003975,CUST-00876,2025-06-08,completed,web,INR,12243.099999999999,306.2,11936.9,0,2148.64,14085.54
ORD-003976,CUST-01998,2026-07-27,pending,web,INR,9521.19,513.31,9007.880000000001,0,1621.42,10629.3
ORD-003977,CUST-00609,2026-07-28,cancelled,mobile_app,INR,2922.96,0.0,2922.96,0,526.13,3449.09
ORD-003978,CUST-00520,2026-01-11,completed,mobile_app,INR,1967.84,98.39,1869.45,79,336.5,2284.95
ORD-003979,CUST-00800,2025-02-28,completed,web,INR,36720.25,47.92,36672.33,0,6601.02,43273.35
ORD-003980,CUST-01793,2026-05-05,completed,web,INR,24377.510000000002,0.0,24377.510000000002,0,4387.95,28765.46
ORD-003981,CUST-01095,2026-01-14,cancelled,web,INR,5227.78,169.86,5057.92,0,910.43,5968.35
ORD-003982,CUST-01219,2026-07-15,pending,web,INR,11554.41,0.0,11554.41,0,2079.79,13634.2
ORD-003983,CUST-01562,2025-01-10,shipped,mobile_app,INR,4185.3,418.53,3766.77,0,678.02,4444.79
ORD-003984,CUST-01431,2025-05-31,cancelled,web,INR,23647.83,0.0,23647.83,0,4256.61,27904.44
ORD-003985,CUST-01198,2026-07-23,completed,web,INR,7168.02,877.16,6290.860000000001,0,1132.35,7423.21
ORD-003986,CUST-01122,2025-04-15,completed,web,INR,47668.56,4566.21,43102.35,0,7758.42,50860.77
ORD-003987,CUST-01067,2026-06-27,completed,web,INR,2586.98,258.7,2328.28,0,419.09,2747.37
ORD-003988,CUST-00362,2026-05-25,shipped,mobile_app,INR,20382.32,3145.18,17237.14,0,3102.69,20339.83
ORD-003989,CUST-00829,2026-04-21,completed,web,INR,28593.33,3114.23,25479.1,0,4586.24,30065.34
ORD-003990,CUST-01695,2026-03-21,completed,web,INR,17695.23,2212.4700000000003,15482.759999999998,0,2786.9,18269.66
ORD-003991,CUST-00079,2025-07-01,completed,mobile_app,INR,27310.32,1229.96,26080.36,0,4694.46,30774.82
ORD-003992,CUST-01656,2026-05-20,completed,web,INR,23798.760000000002,181.11,23617.65,0,4251.18,27868.83
ORD-003993,CUST-01132,2025-11-10,returned,web,INR,7790.64,779.06,7011.58,0,1262.08,8273.66
ORD-003994,CUST-00700,2025-12-01,completed,web,INR,699.45,69.95,629.5,49,113.31,791.81
ORD-003995,CUST-00229,2026-07-28,cancelled,mobile_app,INR,1795.41,0.0,1795.41,49,323.17,2167.58
ORD-003996,CUST-01528,2025-03-07,completed,web,INR,9022.44,1353.37,7669.070000000001,0,1380.43,9049.5
ORD-003997,CUST-00002,2026-07-16,shipped,web,INR,39632.34,502.2,39130.14,0,7043.43,46173.57
ORD-003998,CUST-01087,2026-03-23,returned,web,INR,7648.96,296.01,7352.95,0,1323.53,8676.48
ORD-003999,CUST-00325,2026-07-25,cancelled,mobile_app,INR,22785.55,1369.37,21416.18,0,3854.91,25271.09
ORD-004000,CUST-01819,2026-05-10,cancelled,web,INR,6389.15,461.0,5928.15,0,1067.07,6995.22
ORD-004001,CUST-00365,2025-05-14,completed,mobile_app,INR,11388.24,261.45,11126.79,0,2002.82,13129.61
ORD-004002,CUST-01606,2026-05-25,completed,mobile_app,INR,12507.14,244.99,12262.15,0,2207.19,14469.34
ORD-004003,CUST-01149,2026-06-21,shipped,mobile_app,INR,25378.75,847.69,24531.06,0,4415.59,28946.65
ORD-004004,CUST-00082,2025-04-11,cancelled,web,INR,1939.38,0.0,1939.38,79,349.09,2367.47
ORD-004005,CUST-01441,2026-01-27,cancelled,web,INR,5560.66,0.0,5560.66,0,1000.92,6561.58
ORD-004006,CUST-01759,2025-10-23,shipped,mobile_app,INR,2971.56,391.46,2580.1,0,464.42,3044.52
ORD-004007,CUST-00443,2025-12-15,completed,mobile_app,INR,1373.29,137.33,1235.96,49,222.47,1507.43
ORD-004008,CUST-01938,2026-05-11,completed,mobile_app,INR,1078.59,53.93,1024.66,49,184.44,1258.1
ORD-004009,CUST-01597,2026-03-13,returned,mobile_app,INR,5715.5,328.63,5386.87,0,969.64,6356.51
ORD-004010,CUST-01485,2025-10-25,completed,web,INR,25276.03,1370.3799999999999,23905.65,0,4303.02,28208.67
ORD-004011,CUST-00673,2026-06-17,shipped,web,INR,24146.41,1440.28,22706.129999999997,0,4087.1,26793.23
ORD-004012,CUST-00240,2025-10-13,completed,mobile_app,INR,31750.05,4762.51,26987.54,0,4857.76,31845.3
ORD-004013,CUST-00859,2026-07-01,returned,web,INR,8526.52,426.33,8100.19,0,1458.03,9558.22
ORD-004014,CUST-01615,2025-06-30,cancelled,mobile_app,INR,22782.2,2322.32,20459.879999999997,0,3682.78,24142.66
ORD-004015,CUST-01174,2025-06-09,completed,mobile_app,INR,16351.18,1887.43,14463.75,0,2603.48,17067.23
ORD-004016,CUST-01295,2026-07-29,returned,web,INR,10000.15,0.0,10000.15,0,1800.03,11800.18
ORD-004017,CUST-01563,2026-01-08,completed,web,INR,10546.079999999998,1519.3300000000002,9026.75,0,1624.81,10651.56
ORD-004018,CUST-00678,2025-09-07,completed,mobile_app,INR,9073.7,907.37,8166.33,0,1469.94,9636.27
ORD-004019,CUST-00075,2026-01-14,cancelled,mobile_app,INR,8273.67,827.37,7446.3,0,1340.33,8786.63
ORD-004020,CUST-01769,2025-09-12,completed,web,INR,16169.91,0.0,16169.91,0,2910.58,19080.49
ORD-004021,CUST-01227,2026-04-02,completed,web,INR,10299.09,1029.91,9269.18,0,1668.45,10937.63
ORD-004022,CUST-01132,2025-11-10,shipped,mobile_app,INR,20064.879999999997,0.0,20064.879999999997,0,3611.68,23676.56
ORD-004023,CUST-01147,2025-08-01,pending,mobile_app,INR,29262.059999999998,5852.41,23409.65,0,4213.74,27623.39
ORD-004024,CUST-01706,2026-04-30,completed,mobile_app,INR,10783.64,905.7,9877.939999999999,0,1778.03,11655.97
ORD-004025,CUST-01539,2026-03-10,shipped,web,INR,13448.55,0.0,13448.55,0,2420.74,15869.29
ORD-004026,CUST-01341,2026-05-11,completed,web,INR,12103.43,901.0400000000001,11202.39,0,2016.43,13218.82
ORD-004027,CUST-01565,2025-09-05,completed,web,INR,10464.08,0.0,10464.08,0,1883.53,12347.61
ORD-004028,CUST-00578,2026-04-27,shipped,mobile_app,INR,29560.2,2054.14,27506.06,0,4951.09,32457.15
ORD-004029,CUST-01424,2026-07-03,completed,web,INR,15051.65,1317.39,13734.26,0,2472.17,16206.43
ORD-004030,CUST-01951,2026-06-16,cancelled,web,INR,16162.6,119.82,16042.78,0,2887.7,18930.48
ORD-004031,CUST-00470,2026-07-29,shipped,web,INR,11140.91,1673.56,9467.35,0,1704.12,11171.47
ORD-004032,CUST-01143,2026-07-25,pending,web,INR,9488.61,230.85,9257.76,0,1666.4,10924.16
ORD-004033,CUST-01363,2026-04-05,cancelled,web,INR,24424.83,1497.3600000000001,22927.47,0,4126.94,27054.41
ORD-004034,CUST-01034,2025-08-08,completed,mobile_app,INR,28834.44,3267.96,25566.48,0,4601.97,30168.45
ORD-004035,CUST-01938,2025-10-11,cancelled,web,INR,7003.46,503.72,6499.74,0,1169.95,7669.69
ORD-004036,CUST-00808,2026-05-14,completed,web,INR,26106.45,3842.95,22263.5,0,4007.43,26270.93
ORD-004037,CUST-00436,2025-09-12,completed,web,INR,43659.57,1313.29,42346.28,0,7622.33,49968.61
ORD-004038,CUST-00273,2025-01-19,completed,mobile_app,INR,2506.84,250.68,2256.16,0,406.11,2662.27
ORD-004039,CUST-01699,2026-02-18,shipped,web,INR,5829.29,572.67,5256.62,0,946.19,6202.81
ORD-004040,CUST-01373,2025-08-27,completed,web,INR,13135.07,676.79,12458.28,0,2242.49,14700.77
ORD-004041,CUST-01156,2026-07-06,completed,web,INR,29571.14,3475.9300000000003,26095.21,0,4697.14,30792.35
ORD-004042,CUST-00862,2026-07-21,completed,mobile_app,INR,23247.489999999998,1655.84,21591.65,0,3886.5,25478.15
ORD-004043,CUST-00820,2026-07-31,completed,mobile_app,INR,13927.76,713.73,13214.03,0,2378.53,15592.56
ORD-004044,CUST-01870,2026-01-20,returned,web,INR,28650.84,2865.08,25785.76,0,4641.44,30427.2
ORD-004045,CUST-01361,2026-06-05,completed,web,INR,8366.92,1060.87,7306.05,0,1315.09,8621.14
ORD-004046,CUST-01931,2026-07-02,cancelled,web,INR,1656.89,248.53,1408.36,49,253.5,1710.86
ORD-004047,CUST-01604,2026-03-13,cancelled,mobile_app,INR,8903.18,219.97,8683.21,0,1562.98,10246.19
ORD-004048,CUST-01536,2025-06-08,completed,web,INR,14859.119999999999,148.67,14710.449999999999,0,2647.88,17358.33
ORD-004049,CUST-01108,2026-07-02,completed,mobile_app,INR,1986.8799999999999,252.02,1734.86,99,312.27,2146.13
ORD-004050,CUST-00485,2026-05-26,completed,mobile_app,INR,1361.3400000000001,7.56,1353.7800000000002,79,243.68,1676.46
ORD-004051,CUST-01308,2026-04-16,completed,mobile_app,INR,12980.92,737.24,12243.68,0,2203.86,14447.54
ORD-004052,CUST-01432,2025-09-06,completed,web,INR,15962.579999999998,3192.52,12770.06,0,2298.61,15068.67
ORD-004053,CUST-01044,2026-02-13,completed,web,INR,5536.29,0.0,5536.29,0,996.53,6532.82
ORD-004054,CUST-00041,2025-08-11,cancelled,web,INR,11072.15,1506.81,9565.34,0,1721.76,11287.1
ORD-004055,CUST-01921,2025-05-31,completed,mobile_app,INR,17083.07,2069.7,15013.369999999999,0,2702.41,17715.78
ORD-004056,CUST-01653,2026-01-24,completed,mobile_app,INR,35894.84,910.96,34983.88,0,6297.1,41280.98
ORD-004057,CUST-00705,2025-09-27,completed,web,INR,4522.32,0.0,4522.32,0,814.02,5336.34
ORD-004058,CUST-00988,2025-05-10,cancelled,mobile_app,INR,39116.520000000004,451.6,38664.92,0,6959.69,45624.61
ORD-004059,CUST-00247,2026-05-15,completed,web,INR,10540.61,0.0,10540.61,0,1897.31,12437.92
ORD-004060,CUST-01874,2026-06-24,shipped,web,INR,11685.740000000002,141.15,11544.59,0,2078.03,13622.62
ORD-004061,CUST-00462,2025-12-06,completed,web,INR,16034.529999999999,172.16,15862.369999999999,0,2855.23,18717.6
ORD-004062,CUST-00756,2025-08-27,returned,mobile_app,INR,12572.92,0.0,12572.92,0,2263.13,14836.05
ORD-004063,CUST-00858,2026-05-26,completed,web,INR,14020.49,0.0,14020.49,0,2523.69,16544.18
ORD-004064,CUST-00527,2026-07-21,completed,web,INR,1387.64,0.0,1387.64,49,249.78,1686.42
ORD-004065,CUST-01270,2025-10-01,completed,web,INR,13502.14,1557.37,11944.77,0,2150.06,14094.83
ORD-004066,CUST-01991,2026-03-26,completed,web,INR,13490.64,1349.06,12141.58,0,2185.48,14327.06
ORD-004067,CUST-01711,2025-04-13,shipped,web,INR,9241.89,1848.38,7393.51,0,1330.83,8724.34
ORD-004068,CUST-01062,2026-07-31,completed,web,INR,19128.3,1284.33,17843.97,0,3211.91,21055.88
ORD-004069,CUST-00262,2025-05-04,completed,mobile_app,INR,4926.17,39.24,4886.93,0,879.65,5766.58
ORD-004070,CUST-01727,2026-07-25,completed,mobile_app,INR,3820.81,344.09,3476.72,0,625.81,4102.53
ORD-004071,CUST-00514,2026-07-05,completed,web,INR,3492.05,0.0,3492.05,0,628.57,4120.62
ORD-004072,CUST-01823,2025-04-13,returned,mobile_app,INR,35373.38,3537.34,31836.04,0,5730.49,37566.53
ORD-004073,CUST-00791,2025-01-06,completed,mobile_app,INR,13612.0,1070.15,12541.85,0,2257.53,14799.38
ORD-004074,CUST-01037,2026-07-07,cancelled,mobile_app,INR,3371.74,0.0,3371.74,0,606.91,3978.65
ORD-004075,CUST-00874,2026-05-17,cancelled,web,INR,13593.150000000001,1125.8700000000001,12467.28,0,2244.11,14711.39
ORD-004076,CUST-00912,2026-02-18,completed,mobile_app,INR,14107.17,705.36,13401.81,0,2412.33,15814.14
ORD-004077,CUST-00330,2025-06-30,completed,web,INR,840.38,0.0,840.38,79,151.27,1070.65
ORD-004078,CUST-01106,2026-01-08,completed,web,INR,11499.24,891.3299999999999,10607.91,0,1909.42,12517.33
ORD-004079,CUST-00806,2026-03-28,completed,mobile_app,INR,9428.21,0.0,9428.21,0,1697.08,11125.29
ORD-004080,CUST-01696,2026-07-06,shipped,web,INR,23828.11,0.0,23828.11,0,4289.06,28117.17
ORD-004081,CUST-00955,2026-06-21,completed,mobile_app,INR,835.99,41.8,794.19,99,142.95,1036.14
ORD-004082,CUST-01930,2026-07-22,completed,web,INR,13874.970000000001,333.58,13541.39,0,2437.45,15978.84
ORD-004083,CUST-00594,2026-07-20,shipped,web,INR,21045.55,3055.81,17989.739999999998,0,3238.15,21227.89
ORD-004084,CUST-00657,2026-03-04,completed,web,INR,29793.579999999998,3658.68,26134.9,0,4704.28,30839.18
ORD-004085,CUST-00074,2026-04-20,returned,mobile_app,INR,3121.89,312.19,2809.7,0,505.75,3315.45
ORD-004086,CUST-01478,2025-03-13,shipped,web,INR,7633.77,1526.75,6107.02,0,1099.26,7206.28
ORD-004087,CUST-00147,2025-02-27,completed,mobile_app,INR,23605.65,1387.64,22218.01,0,3999.24,26217.25
ORD-004088,CUST-00571,2026-06-16,completed,mobile_app,INR,15912.65,162.23,15750.42,0,2835.08,18585.5
ORD-004089,CUST-01822,2026-04-14,completed,web,INR,7129.49,372.58,6756.91,0,1216.24,7973.15
ORD-004090,CUST-01222,2025-07-07,pending,web,INR,14040.86,2475.37,11565.49,0,2081.79,13647.28
ORD-004091,CUST-01118,2026-02-19,completed,mobile_app,INR,16257.05,1447.99,14809.060000000001,0,2665.63,17474.69
ORD-004092,CUST-01610,2025-04-07,returned,mobile_app,INR,7363.629999999999,255.36,7108.2699999999995,0,1279.49,8387.76
ORD-004093,CUST-01543,2026-05-30,pending,web,INR,13096.74,722.9200000000001,12373.82,0,2227.29,14601.11
ORD-004094,CUST-01773,2025-09-07,completed,web,INR,13289.05,241.22,13047.83,0,2348.61,15396.44
ORD-004095,CUST-01331,2025-04-17,shipped,web,INR,22437.39,2583.34,19854.050000000003,0,3573.73,23427.78
ORD-004096,CUST-00898,2026-02-05,completed,mobile_app,INR,711.8,35.59,676.21,99,121.72,896.93
ORD-004097,CUST-00262,2025-07-15,completed,web,INR,16174.06,1494.6399999999999,14679.42,0,2642.3,17321.72
ORD-004098,CUST-00740,2026-05-22,pending,web,INR,13385.07,1083.69,12301.380000000001,0,2214.25,14515.63
ORD-004099,CUST-01411,2026-01-16,completed,web,INR,7402.7,740.27,6662.43,0,1199.24,7861.67
ORD-004100,CUST-00507,2026-07-12,returned,mobile_app,INR,24193.14,121.66,24071.480000000003,0,4332.87,28404.35
ORD-004101,CUST-01342,2026-07-20,shipped,web,INR,21337.28,1166.27,20171.010000000002,0,3630.78,23801.79
ORD-004102,CUST-00267,2025-10-10,completed,mobile_app,INR,19823.56,457.83,19365.73,0,3485.83,22851.56
ORD-004103,CUST-00121,2026-05-12,completed,web,INR,6398.28,369.36,6028.92,0,1085.21,7114.13
ORD-004104,CUST-00730,2025-11-18,completed,web,INR,33842.54,161.71,33680.83,0,6062.55,39743.38
ORD-004105,CUST-00460,2026-05-04,completed,web,INR,9687.69,177.57,9510.12,0,1711.82,11221.94
ORD-004106,CUST-01744,2026-06-28,shipped,mobile_app,INR,23863.379999999997,2435.3199999999997,21428.06,0,3857.05,25285.11
ORD-004107,CUST-00757,2026-04-03,completed,mobile_app,INR,12355.04,971.79,11383.25,0,2048.98,13432.23
ORD-004108,CUST-00838,2025-10-29,pending,web,INR,19498.73,2181.2200000000003,17317.51,0,3117.15,20434.66
ORD-004109,CUST-00808,2025-11-22,completed,web,INR,31753.09,1755.6100000000001,29997.48,0,5399.55,35397.03
ORD-004110,CUST-00635,2025-02-12,completed,web,INR,5386.700000000001,340.25,5046.45,0,908.36,5954.81
ORD-004111,CUST-01836,2026-05-11,completed,web,INR,1773.71,0.0,1773.71,49,319.27,2141.98
ORD-004112,CUST-01479,2026-03-02,completed,mobile_app,INR,27421.74,0.0,27421.74,0,4935.91,32357.65
ORD-004113,CUST-00318,2026-06-28,completed,web,INR,4108.96,821.79,3287.17,0,591.69,3878.86
ORD-004114,CUST-00432,2025-12-26,completed,mobile_app,INR,2021.9,0.0,2021.9,0,363.94,2385.84
ORD-004115,CUST-00163,2026-04-12,completed,web,INR,3693.09,738.62,2954.47,0,531.8,3486.27
ORD-004116,CUST-00513,2026-04-27,completed,mobile_app,INR,8021.53,559.94,7461.59,0,1343.09,8804.68
ORD-004117,CUST-01314,2026-07-06,completed,mobile_app,INR,6406.860000000001,569.52,5837.34,0,1050.72,6888.06
ORD-004118,CUST-01872,2026-07-28,completed,mobile_app,INR,1809.82,0.0,1809.82,79,325.77,2214.59
ORD-004119,CUST-00964,2026-05-23,completed,web,INR,9673.720000000001,1066.24,8607.48,0,1549.35,10156.83
ORD-004120,CUST-00164,2026-06-14,completed,mobile_app,INR,11981.04,629.3499999999999,11351.689999999999,0,2043.3,13394.99
ORD-004121,CUST-00095,2026-05-07,shipped,mobile_app,INR,7323.110000000001,0.0,7323.110000000001,0,1318.16,8641.27
ORD-004122,CUST-00830,2025-07-09,completed,web,INR,35120.42,458.45,34661.97,0,6239.15,40901.12
ORD-004123,CUST-00530,2026-06-08,completed,mobile_app,INR,7702.65,0.0,7702.65,0,1386.48,9089.13
ORD-004124,CUST-01154,2026-06-20,completed,mobile_app,INR,27456.96,72.44,27384.52,0,4929.21,32313.73
ORD-004125,CUST-00237,2026-07-24,completed,web,INR,20727.96,725.69,20002.27,0,3600.41,23602.68
ORD-004126,CUST-00461,2026-05-11,returned,web,INR,30786.980000000003,26.49,30760.49,0,5536.89,36297.38
ORD-004127,CUST-01112,2025-11-11,cancelled,web,INR,21034.72,589.31,20445.41,0,3680.17,24125.58
ORD-004128,CUST-00563,2026-04-29,shipped,web,INR,4826.16,965.23,3860.93,0,694.97,4555.9
ORD-004129,CUST-00730,2025-11-07,completed,mobile_app,INR,25011.69,410.64,24601.05,0,4428.19,29029.24
ORD-004130,CUST-00444,2026-02-18,completed,mobile_app,INR,20634.02,2947.71,17686.309999999998,0,3183.54,20869.85
ORD-004131,CUST-00104,2025-10-18,completed,web,INR,18298.5,427.24,17871.26,0,3216.83,21088.09
ORD-004132,CUST-00691,2026-07-28,cancelled,web,INR,12879.880000000001,1455.88,11424.0,0,2056.32,13480.32
ORD-004133,CUST-00660,2026-01-08,completed,web,INR,6818.71,694.4,6124.3099999999995,0,1102.38,7226.69
ORD-004134,CUST-01798,2026-04-30,completed,web,INR,16781.11,3077.05,13704.060000000001,0,2466.73,16170.79
ORD-004135,CUST-01786,2026-04-23,completed,mobile_app,INR,20067.420000000002,94.08,19973.34,0,3595.2,23568.54
ORD-004136,CUST-00864,2026-06-28,shipped,mobile_app,INR,55011.26,5182.0,49829.26,0,8969.27,58798.53
ORD-004137,CUST-00576,2026-04-14,completed,web,INR,12431.41,200.08,12231.33,0,2201.64,14432.97
ORD-004138,CUST-00836,2026-04-10,completed,web,INR,19610.7,3922.14,15688.56,0,2823.94,18512.5
ORD-004139,CUST-01216,2025-01-29,returned,mobile_app,INR,13062.14,1054.87,12007.27,0,2161.31,14168.58
ORD-004140,CUST-00774,2026-07-22,completed,web,INR,21126.16,1965.42,19160.74,0,3448.93,22609.67
ORD-004141,CUST-01513,2026-03-21,pending,web,INR,26456.35,2178.4,24277.95,0,4370.03,28647.98
ORD-004142,CUST-01929,2026-01-01,completed,mobile_app,INR,4623.17,535.9100000000001,4087.26,0,735.71,4822.97
ORD-004143,CUST-00807,2025-06-06,returned,mobile_app,INR,10193.76,616.72,9577.039999999999,0,1723.87,11300.91
ORD-004144,CUST-00235,2026-06-08,returned,mobile_app,INR,14018.82,1398.81,12620.009999999998,0,2271.6,14891.61
ORD-004145,CUST-00242,2026-06-18,completed,web,INR,1963.5,98.18,1865.32,79,335.76,2280.08
ORD-004146,CUST-01744,2026-06-20,cancelled,web,INR,47224.84,3336.59,43888.25,0,7899.88,51788.13
ORD-004147,CUST-00833,2025-06-01,completed,mobile_app,INR,4897.59,734.64,4162.95,0,749.33,4912.28
ORD-004148,CUST-00655,2026-05-26,completed,web,INR,17618.71,582.96,17035.75,0,3066.44,20102.19
ORD-004149,CUST-01239,2025-12-27,completed,web,INR,7969.75,252.35000000000002,7717.400000000001,0,1389.13,9106.53
ORD-004150,CUST-01914,2026-02-02,completed,web,INR,27468.68,3539.98,23928.7,0,4307.17,28235.87
ORD-004151,CUST-00850,2026-02-22,completed,web,INR,14657.43,612.48,14044.95,0,2528.09,16573.04
ORD-004152,CUST-00631,2026-03-24,completed,mobile_app,INR,4241.77,0.0,4241.77,0,763.52,5005.29
ORD-004153,CUST-01726,2026-05-16,pending,mobile_app,INR,11205.27,0.0,11205.27,0,2016.95,13222.22
ORD-004154,CUST-00166,2026-02-20,cancelled,web,INR,17666.19,1387.05,16279.140000000001,0,2930.25,19209.39
ORD-004155,CUST-01689,2026-07-06,completed,web,INR,27511.72,3233.4100000000003,24278.31,0,4370.1,28648.41
ORD-004156,CUST-01041,2026-05-03,completed,web,INR,5837.49,45.24,5792.25,0,1042.6,6834.85
ORD-004157,CUST-00041,2026-02-17,completed,web,INR,2916.48,0.0,2916.48,0,524.97,3441.45
ORD-004158,CUST-00456,2026-04-26,completed,web,INR,3086.54,0.0,3086.54,0,555.58,3642.12
ORD-004159,CUST-01359,2025-12-28,returned,mobile_app,INR,292.32,0.0,292.32,79,52.62,423.94
ORD-004160,CUST-01506,2026-02-09,pending,mobile_app,INR,33858.340000000004,2295.23,31563.11,0,5681.36,37244.47
ORD-004161,CUST-00392,2025-02-22,completed,mobile_app,INR,43920.58,1583.31,42337.27,0,7620.71,49957.98
ORD-004162,CUST-01315,2026-07-13,completed,web,INR,66509.73,1700.87,64808.86,0,11665.59,76474.45
ORD-004163,CUST-01979,2025-07-31,completed,mobile_app,INR,18519.56,1496.5900000000001,17022.97,0,3064.13,20087.1
ORD-004164,CUST-01373,2025-12-09,completed,mobile_app,INR,32555.38,0.0,32555.38,0,5859.97,38415.35
ORD-004165,CUST-01405,2025-11-12,completed,web,INR,869.2,0.0,869.2,49,156.46,1074.66
ORD-004166,CUST-00387,2026-07-18,completed,web,INR,2228.93,0.0,2228.93,0,401.21,2630.14
ORD-004167,CUST-01275,2026-03-02,completed,web,INR,4926.6,246.33,4680.27,0,842.45,5522.72
ORD-004168,CUST-01418,2025-09-08,completed,web,INR,1710.45,0.0,1710.45,49,307.88,2067.33
ORD-004169,CUST-00222,2026-03-31,cancelled,mobile_app,INR,56881.51,4195.71,52685.8,0,9483.44,62169.24
ORD-004170,CUST-00623,2026-01-02,shipped,mobile_app,INR,4372.66,75.14,4297.52,0,773.55,5071.07
ORD-004171,CUST-01766,2026-06-20,completed,mobile_app,INR,8667.49,501.17,8166.32,0,1469.94,9636.26
ORD-004172,CUST-01998,2026-07-27,completed,web,INR,28959.54,3072.56,25886.98,0,4659.66,30546.64
ORD-004173,CUST-00347,2026-07-30,cancelled,web,INR,13486.8,2023.02,11463.78,0,2063.48,13527.26
ORD-004174,CUST-01464,2026-04-28,completed,web,INR,7026.87,702.69,6324.18,0,1138.35,7462.53
ORD-004175,CUST-01004,2026-04-30,returned,web,INR,35696.36,2072.4,33623.96,0,6052.31,39676.27
ORD-004176,CUST-01181,2025-12-21,completed,mobile_app,INR,19598.06,1756.6599999999999,17841.4,0,3211.45,21052.85
ORD-004177,CUST-01022,2026-03-20,returned,web,INR,60918.96,1774.07,59144.89,0,10646.08,69790.97
ORD-004178,CUST-01735,2026-04-07,completed,web,INR,5922.31,22.03,5900.280000000001,0,1062.05,6962.33
ORD-004179,CUST-00891,2025-04-16,cancelled,web,INR,10137.95,0.0,10137.95,0,1824.83,11962.78
ORD-004180,CUST-01179,2025-04-02,completed,mobile_app,INR,14443.74,883.11,13560.63,0,2440.91,16001.54
ORD-004181,CUST-01339,2026-04-22,cancelled,web,INR,5842.26,0.0,5842.26,0,1051.61,6893.87
ORD-004182,CUST-01106,2025-09-18,completed,web,INR,2433.86,0.0,2433.86,0,438.09,2871.95
ORD-004183,CUST-01760,2025-11-05,completed,mobile_app,INR,24276.059999999998,1455.42,22820.64,0,4107.72,26928.36
ORD-004184,CUST-00475,2025-10-06,cancelled,web,INR,8497.68,849.77,7647.91,0,1376.62,9024.53
ORD-004185,CUST-01897,2026-03-08,completed,web,INR,2883.62,288.36,2595.26,0,467.15,3062.41
ORD-004186,CUST-01357,2026-04-11,completed,web,INR,11578.6,0.0,11578.6,0,2084.15,13662.75
ORD-004187,CUST-01921,2025-05-07,completed,web,INR,22536.67,37.86,22498.81,0,4049.79,26548.6
ORD-004188,CUST-00750,2026-01-20,shipped,web,INR,18470.13,244.32,18225.809999999998,0,3280.65,21506.46
ORD-004189,CUST-00958,2026-05-22,cancelled,web,INR,6959.16,0.0,6959.16,0,1252.65,8211.81
ORD-004190,CUST-00087,2025-11-18,completed,web,INR,10704.99,1305.75,9399.24,0,1691.86,11091.1
ORD-004191,CUST-01848,2026-01-28,shipped,web,INR,3401.81,510.27,2891.54,0,520.48,3412.02
ORD-004192,CUST-01633,2025-04-07,returned,web,INR,2222.6,0.0,2222.6,0,400.07,2622.67
ORD-004193,CUST-00593,2026-07-07,shipped,web,INR,12382.71,1044.47,11338.24,0,2040.88,13379.12
ORD-004194,CUST-00104,2026-07-06,completed,mobile_app,INR,5203.17,0.0,5203.17,0,936.57,6139.74
ORD-004195,CUST-01394,2026-05-22,completed,mobile_app,INR,7366.26,1473.25,5893.01,0,1060.74,6953.75
ORD-004196,CUST-01345,2026-06-05,completed,mobile_app,INR,16084.89,553.47,15531.42,0,2795.66,18327.08
ORD-004197,CUST-01056,2026-07-30,completed,mobile_app,INR,11060.869999999999,2112.55,8948.32,0,1610.7,10559.02
ORD-004198,CUST-00314,2026-01-17,completed,web,INR,27174.38,2652.23,24522.15,0,4413.99,28936.14
ORD-004199,CUST-01837,2026-07-22,cancelled,web,INR,8552.44,0.0,8552.44,0,1539.44,10091.88
ORD-004200,CUST-00866,2025-10-30,completed,web,INR,55042.58,2377.49,52665.09,0,9479.72,62144.81
ORD-004201,CUST-01450,2025-05-07,completed,mobile_app,INR,6151.969999999999,689.5799999999999,5462.39,0,983.23,6445.62
ORD-004202,CUST-01719,2025-05-17,completed,web,INR,9264.59,0.0,9264.59,0,1667.63,10932.22
ORD-004203,CUST-01097,2026-06-05,completed,mobile_app,INR,2426.6800000000003,89.82,2336.86,0,420.63,2757.49
ORD-004204,CUST-00189,2025-05-20,cancelled,web,INR,32989.62,0.0,32989.62,0,5938.13,38927.75
ORD-004205,CUST-01776,2025-08-14,completed,web,INR,11530.23,1153.02,10377.21,0,1867.9,12245.11
ORD-004206,CUST-01335,2025-12-21,returned,mobile_app,INR,73247.13,6489.28,66757.85,0,12016.41,78774.26
ORD-004207,CUST-01789,2026-03-26,completed,web,INR,10933.7,624.46,10309.24,0,1855.66,12164.9
ORD-004208,CUST-01226,2026-07-18,completed,mobile_app,INR,5831.15,583.12,5248.03,0,944.65,6192.68
ORD-004209,CUST-01815,2026-04-15,shipped,web,INR,20609.3,0.0,20609.3,0,3709.67,24318.97
ORD-004210,CUST-01736,2026-06-02,shipped,mobile_app,INR,40112.58,1189.74,38922.840000000004,0,7006.11,45928.95
ORD-004211,CUST-00432,2026-03-13,completed,web,INR,3950.68,592.6,3358.08,0,604.45,3962.53
ORD-004212,CUST-00346,2025-03-07,shipped,web,INR,30854.03,4215.6,26638.43,0,4794.92,31433.35
ORD-004213,CUST-00321,2026-01-12,completed,mobile_app,INR,10743.77,0.0,10743.77,0,1933.88,12677.65
ORD-004214,CUST-01600,2026-01-12,completed,web,INR,12268.92,0.0,12268.92,0,2208.41,14477.33
ORD-004215,CUST-00481,2025-09-23,completed,web,INR,26091.07,1495.43,24595.64,0,4427.22,29022.86
ORD-004216,CUST-00901,2026-07-13,completed,web,INR,15101.650000000001,0.0,15101.650000000001,0,2718.3,17819.95
ORD-004217,CUST-01576,2025-05-18,shipped,mobile_app,INR,5789.16,868.37,4920.79,0,885.74,5806.53
ORD-004218,CUST-00858,2026-05-26,completed,mobile_app,INR,10361.18,524.4200000000001,9836.76,0,1770.62,11607.38
ORD-004219,CUST-00124,2025-11-06,cancelled,web,INR,20073.35,2028.71,18044.64,0,3248.04,21292.68
ORD-004220,CUST-00724,2026-06-23,shipped,mobile_app,INR,2842.35,0.0,2842.35,0,511.62,3353.97
ORD-004221,CUST-00190,2026-05-06,completed,mobile_app,INR,13929.72,825.59,13104.130000000001,0,2358.74,15462.87
ORD-004222,CUST-00772,2026-07-29,completed,web,INR,9441.57,472.08,8969.49,0,1614.51,10584.0
ORD-004223,CUST-01474,2025-04-30,completed,mobile_app,INR,12136.49,811.36,11325.130000000001,0,2038.52,13363.65
ORD-004224,CUST-01040,2026-06-27,completed,web,INR,16428.55,595.8,15832.75,0,2849.9,18682.65
ORD-004225,CUST-01350,2025-12-02,pending,mobile_app,INR,21407.809999999998,860.59,20547.22,0,3698.5,24245.72
ORD-004226,CUST-00214,2026-06-15,cancelled,web,INR,6769.35,1353.87,5415.48,0,974.79,6390.27
ORD-004227,CUST-01501,2026-07-27,completed,mobile_app,INR,32515.11,0.0,32515.11,0,5852.72,38367.83
ORD-004228,CUST-00851,2026-07-24,completed,web,INR,2299.14,229.91,2069.23,0,372.46,2441.69
ORD-004229,CUST-00574,2026-06-11,completed,web,INR,25673.3,0.0,25673.3,0,4621.19,30294.49
ORD-004230,CUST-01304,2026-06-15,completed,mobile_app,INR,16325.14,309.46999999999997,16015.67,0,2882.82,18898.49
ORD-004231,CUST-00270,2025-07-24,completed,mobile_app,INR,2151.04,322.66,1828.38,49,329.11,2206.49
ORD-004232,CUST-00997,2026-06-05,completed,web,INR,10212.45,0.0,10212.45,0,1838.24,12050.69
ORD-004233,CUST-00845,2025-11-03,completed,mobile_app,INR,6369.82,636.98,5732.84,0,1031.91,6764.75
ORD-004234,CUST-00332,2025-01-26,completed,mobile_app,INR,9504.33,254.27,9250.06,0,1665.01,10915.07
ORD-004235,CUST-01905,2025-02-07,completed,web,INR,6552.28,0.0,6552.28,0,1179.41,7731.69
ORD-004236,CUST-00727,2026-05-20,completed,web,INR,45531.37,3494.21,42037.159999999996,0,7566.69,49603.85
ORD-004237,CUST-00082,2026-06-21,completed,web,INR,19214.6,673.48,18541.12,0,3337.4,21878.52
ORD-004238,CUST-00886,2026-05-17,completed,web,INR,20480.96,306.67,20174.29,0,3631.37,23805.66
ORD-004239,CUST-01934,2026-07-06,completed,mobile_app,INR,33035.229999999996,0.0,33035.229999999996,0,5946.34,38981.57
ORD-004240,CUST-01338,2025-06-27,completed,web,INR,16621.57,286.13,16335.439999999999,0,2940.38,19275.82
ORD-004241,CUST-01274,2026-02-04,pending,web,INR,44505.51,3461.0,41044.51,0,7388.01,48432.52
ORD-004242,CUST-01802,2025-08-26,completed,web,INR,21104.33,1297.3799999999999,19806.949999999997,0,3565.25,23372.2
ORD-004243,CUST-00168,2025-06-07,completed,mobile_app,INR,448.52,44.85,403.67,49,72.66,525.33
ORD-004244,CUST-01101,2025-05-30,completed,web,INR,20073.0,2007.3,18065.699999999997,0,3251.83,21317.53
ORD-004245,CUST-00642,2026-06-27,completed,web,INR,27813.469999999998,529.3,27284.17,0,4911.15,32195.32
ORD-004246,CUST-01353,2025-07-25,completed,mobile_app,INR,7247.96,1155.31,6092.65,0,1096.68,7189.33
ORD-004247,CUST-01706,2026-04-09,shipped,web,INR,20071.010000000002,702.38,19368.63,0,3486.35,22854.98
ORD-004248,CUST-00155,2025-07-11,pending,mobile_app,INR,48791.14,3368.2,45422.94,0,8176.13,53599.07
ORD-004249,CUST-00317,2026-06-10,completed,web,INR,42853.81,2510.09,40343.72,0,7261.87,47605.59
ORD-004250,CUST-01909,2025-11-27,completed,mobile_app,INR,6928.8,1086.87,5841.93,0,1051.55,6893.48
ORD-004251,CUST-00984,2026-02-13,cancelled,web,INR,26961.38,2234.77,24726.61,0,4450.79,29177.4
ORD-004252,CUST-00631,2026-04-21,completed,web,INR,30997.71,2360.2,28637.510000000002,0,5154.75,33792.26
ORD-004253,CUST-00305,2026-01-26,completed,web,INR,8453.23,1406.7,7046.53,0,1268.38,8314.91
ORD-004254,CUST-00709,2025-11-25,cancelled,web,INR,27491.239999999998,453.33,27037.909999999996,0,4866.82,31904.73
ORD-004255,CUST-00010,2026-05-01,completed,mobile_app,INR,26479.27,2213.65,24265.620000000003,0,4367.81,28633.43
ORD-004256,CUST-00446,2026-05-07,completed,web,INR,8614.56,0.0,8614.56,0,1550.62,10165.18
ORD-004257,CUST-00367,2025-06-19,completed,mobile_app,INR,6978.42,158.91,6819.51,0,1227.51,8047.02
ORD-004258,CUST-00170,2026-04-17,completed,web,INR,8121.34,661.5,7459.84,0,1342.77,8802.61
ORD-004259,CUST-01939,2026-06-30,pending,mobile_app,INR,13135.3,1313.53,11821.77,0,2127.92,13949.69
ORD-004260,CUST-01581,2025-02-15,completed,mobile_app,INR,11646.63,269.86,11376.77,0,2047.82,13424.59
ORD-004261,CUST-01881,2025-08-31,completed,web,INR,3520.05,0.0,3520.05,0,633.61,4153.66
ORD-004262,CUST-00481,2025-08-15,completed,web,INR,24438.989999999998,2229.9,22209.09,0,3997.64,26206.73
ORD-004263,CUST-00577,2026-07-17,completed,mobile_app,INR,15202.45,963.2,14239.25,0,2563.06,16802.31
ORD-004264,CUST-00566,2026-02-06,completed,mobile_app,INR,26204.34,3216.74,22987.6,0,4137.77,27125.37
ORD-004265,CUST-01118,2025-07-29,completed,mobile_app,INR,1965.3,0.0,1965.3,99,353.75,2418.05
ORD-004266,CUST-00364,2026-06-11,completed,web,INR,2567.87,34.39,2533.48,0,456.03,2989.51
ORD-004267,CUST-00471,2026-06-11,completed,mobile_app,INR,9319.53,0.0,9319.53,0,1677.52,10997.05
ORD-004268,CUST-01950,2026-02-28,cancelled,web,INR,44433.15,1349.32,43083.83,0,7755.09,50838.92
ORD-004269,CUST-00705,2025-10-16,completed,mobile_app,INR,15897.060000000001,249.31,15647.75,0,2816.6,18464.35
ORD-004270,CUST-01563,2025-12-22,returned,mobile_app,INR,24026.57,93.61,23932.96,0,4307.93,28240.89
ORD-004271,CUST-00458,2026-03-02,completed,mobile_app,INR,4656.87,698.53,3958.34,0,712.5,4670.84
ORD-004272,CUST-01860,2026-01-20,completed,mobile_app,INR,23165.86,1052.72,22113.14,0,3980.37,26093.51
ORD-004273,CUST-01388,2025-11-22,returned,mobile_app,INR,36432.04,192.89,36239.15,0,6523.05,42762.2
ORD-004274,CUST-01724,2026-05-10,cancelled,web,INR,3033.27,454.99,2578.28,0,464.09,3042.37
ORD-004275,CUST-01033,2025-12-04,completed,mobile_app,INR,5667.9,566.79,5101.11,0,918.2,6019.31
ORD-004276,CUST-01813,2026-04-29,completed,web,INR,24892.63,1319.63,23573.0,0,4243.14,27816.14
ORD-004277,CUST-00726,2025-05-25,cancelled,web,INR,2162.57,432.51,1730.06,79,311.41,2120.47
ORD-004278,CUST-00959,2026-07-05,completed,web,INR,4925.16,246.26,4678.9,0,842.2,5521.1
ORD-004279,CUST-00124,2026-03-31,completed,web,INR,17782.83,378.16,17404.67,0,3132.84,20537.51
ORD-004280,CUST-00342,2025-08-13,completed,web,INR,9205.08,460.25,8744.83,0,1574.07,10318.9
ORD-004281,CUST-01543,2025-08-26,cancelled,web,INR,1943.4299999999998,26.01,1917.42,99,345.14,2361.56
ORD-004282,CUST-00654,2026-05-23,completed,web,INR,8631.58,988.9200000000001,7642.66,0,1375.68,9018.34
ORD-004283,CUST-00205,2025-12-18,completed,web,INR,32812.65,3509.14,29303.51,0,5274.63,34578.14
ORD-004284,CUST-00585,2025-12-30,pending,web,INR,3025.12,453.77,2571.35,0,462.84,3034.19
ORD-004285,CUST-00706,2026-07-09,completed,mobile_app,INR,7335.96,0.0,7335.96,0,1320.47,8656.43
ORD-004286,CUST-01435,2026-01-11,cancelled,web,INR,6637.97,0.0,6637.97,0,1194.83,7832.8
ORD-004287,CUST-00182,2025-01-27,completed,mobile_app,INR,2346.14,234.61,2111.53,0,380.08,2491.61
ORD-004288,CUST-00052,2025-05-09,shipped,mobile_app,INR,11703.88,959.9,10743.98,0,1933.92,12677.9
ORD-004289,CUST-01449,2026-03-18,completed,mobile_app,INR,11955.800000000001,185.34,11770.460000000001,0,2118.68,13889.14
ORD-004290,CUST-00285,2025-10-26,completed,web,INR,9999.220000000001,936.68,9062.54,0,1631.26,10693.8
ORD-004291,CUST-00840,2026-06-07,completed,web,INR,4234.36,211.72,4022.64,0,724.08,4746.72
ORD-004292,CUST-01366,2025-04-17,returned,web,INR,3853.96,279.89,3574.0699999999997,0,643.33,4217.4
ORD-004293,CUST-01029,2025-07-30,completed,web,INR,5423.73,0.0,5423.73,0,976.27,6400.0
ORD-004294,CUST-00247,2026-01-17,completed,mobile_app,INR,5243.88,0.0,5243.88,0,943.9,6187.78
ORD-004295,CUST-01445,2026-07-03,completed,web,INR,14351.329999999998,930.48,13420.849999999999,0,2415.75,15836.6
ORD-004296,CUST-00097,2025-08-17,completed,mobile_app,INR,16406.17,3281.23,13124.939999999999,0,2362.49,15487.43
ORD-004297,CUST-00465,2026-07-09,shipped,web,INR,19239.33,1752.87,17486.46,0,3147.56,20634.02
ORD-004298,CUST-00219,2025-08-19,completed,mobile_app,INR,11453.02,1145.3,10307.720000000001,0,1855.39,12163.11
ORD-004299,CUST-01026,2025-06-29,completed,web,INR,28558.51,115.71,28442.8,0,5119.7,33562.5
ORD-004300,CUST-01382,2025-10-10,shipped,mobile_app,INR,22956.059999999998,2977.4199999999996,19978.64,0,3596.16,23574.8
ORD-004301,CUST-01300,2026-07-01,completed,mobile_app,INR,12549.06,629.6700000000001,11919.39,0,2145.49,14064.88
ORD-004302,CUST-00279,2025-11-21,completed,web,INR,2720.49,136.02,2584.47,0,465.2,3049.67
ORD-004303,CUST-00687,2025-02-07,completed,web,INR,17329.23,1779.41,15549.82,0,2798.97,18348.79
ORD-004304,CUST-00293,2026-06-29,completed,web,INR,17411.02,0.0,17411.02,0,3133.98,20545.0
ORD-004305,CUST-00686,2026-07-28,pending,web,INR,16592.91,474.87,16118.04,0,2901.25,19019.29
ORD-004306,CUST-00461,2025-12-23,completed,web,INR,6243.63,424.65,5818.98,0,1047.42,6866.4
ORD-004307,CUST-01481,2026-04-28,completed,mobile_app,INR,12044.25,2408.85,9635.4,0,1734.37,11369.77
ORD-004308,CUST-01502,2026-06-20,cancelled,web,INR,25828.760000000002,0.0,25828.760000000002,0,4649.18,30477.94
ORD-004309,CUST-01637,2025-05-04,completed,web,INR,10529.42,846.81,9682.61,0,1742.87,11425.48
ORD-004310,CUST-00401,2026-07-31,pending,web,INR,7346.85,734.69,6612.16,0,1190.19,7802.35
ORD-004311,CUST-00027,2025-12-18,completed,web,INR,1215.21,60.76,1154.45,49,207.8,1411.25
ORD-004312,CUST-00071,2026-06-22,returned,mobile_app,INR,4598.28,229.91,4368.37,0,786.31,5154.68
ORD-004313,CUST-01687,2026-04-14,returned,web,INR,3500.3,175.01000000000002,3325.29,0,598.55,3923.84
ORD-004314,CUST-01812,2025-09-26,cancelled,web,INR,33691.29,862.71,32828.58,0,5909.14,38737.72
ORD-004315,CUST-00424,2025-11-05,completed,web,INR,16999.45,50.1,16949.350000000002,0,3050.88,20000.23
ORD-004316,CUST-01753,2026-07-11,cancelled,mobile_app,INR,11443.0,630.16,10812.84,0,1946.31,12759.15
ORD-004317,CUST-01060,2025-07-24,shipped,web,INR,22014.71,1694.8600000000001,20319.85,0,3657.57,23977.42
ORD-004318,CUST-00370,2026-02-19,completed,mobile_app,INR,6645.44,650.97,5994.47,0,1079.0,7073.47
ORD-004319,CUST-00626,2025-12-29,completed,web,INR,4612.33,232.12,4380.21,0,788.44,5168.65
ORD-004320,CUST-00531,2025-09-30,completed,mobile_app,INR,13039.32,2607.86,10431.46,0,1877.66,12309.12
ORD-004321,CUST-01528,2025-03-26,returned,web,INR,15937.77,940.03,14997.74,0,2699.59,17697.33
ORD-004322,CUST-00378,2026-06-13,cancelled,mobile_app,INR,16759.4,1765.99,14993.41,0,2698.81,17692.22
ORD-004323,CUST-00367,2025-05-17,completed,mobile_app,INR,47831.3,531.21,47300.09,0,8514.02,55814.11
ORD-004324,CUST-01440,2026-07-27,completed,web,INR,2498.97,0.0,2498.97,0,449.81,2948.78
ORD-004325,CUST-00605,2026-03-30,completed,web,INR,14047.18,1173.3,12873.88,0,2317.3,15191.18
ORD-004326,CUST-00501,2025-03-03,completed,mobile_app,INR,21589.38,4317.88,17271.5,0,3108.87,20380.37
ORD-004327,CUST-01616,2026-03-04,cancelled,web,INR,28843.77,1791.58,27052.19,0,4869.39,31921.58
ORD-004328,CUST-01863,2026-04-04,completed,mobile_app,INR,16084.7,366.55,15718.150000000001,0,2829.27,18547.42
ORD-004329,CUST-01111,2025-12-24,cancelled,mobile_app,INR,17452.2,353.25,17098.95,0,3077.81,20176.76
ORD-004330,CUST-01656,2025-07-22,completed,web,INR,23479.23,0.0,23479.23,0,4226.26,27705.49
ORD-004331,CUST-01683,2025-10-20,completed,web,INR,13894.05,209.33,13684.72,0,2463.25,16147.97
ORD-004332,CUST-01177,2025-10-01,shipped,web,INR,8558.26,1247.1200000000001,7311.14,0,1316.01,8627.15
ORD-004333,CUST-01660,2025-04-23,completed,web,INR,4178.25,417.83,3760.42,0,676.88,4437.3
ORD-004334,CUST-00018,2025-05-16,pending,web,INR,18749.35,2009.9499999999998,16739.4,0,3013.09,19752.49
ORD-004335,CUST-00071,2026-02-26,returned,mobile_app,INR,7374.32,478.58000000000004,6895.74,0,1241.23,8136.97
ORD-004336,CUST-01768,2025-04-13,returned,web,INR,12694.11,0.0,12694.11,0,2284.94,14979.05
ORD-004337,CUST-00281,2026-01-11,returned,mobile_app,INR,29260.26,426.21,28834.049999999996,0,5190.13,34024.18
ORD-004338,CUST-01456,2025-09-29,completed,web,INR,9543.08,228.26999999999998,9314.810000000001,0,1676.67,10991.48
ORD-004339,CUST-00841,2025-03-04,completed,web,INR,6321.18,371.67,5949.51,0,1070.91,7020.42
ORD-004340,CUST-01576,2025-07-11,cancelled,web,INR,5430.48,586.3199999999999,4844.160000000001,0,871.95,5716.11
ORD-004341,CUST-01331,2026-02-09,completed,web,INR,11532.63,656.1999999999999,10876.43,0,1957.76,12834.19
ORD-004342,CUST-00144,2025-06-28,cancelled,web,INR,11200.2,381.23,10818.970000000001,0,1947.41,12766.38
ORD-004343,CUST-00674,2025-08-20,completed,mobile_app,INR,20029.739999999998,349.84000000000003,19679.9,0,3542.38,23222.28
ORD-004344,CUST-01418,2026-03-18,returned,web,INR,735.79,147.16,588.63,79,105.95,773.58
ORD-004345,CUST-01844,2026-06-14,completed,web,INR,4671.42,581.1099999999999,4090.3100000000004,0,736.26,4826.57
ORD-004346,CUST-01610,2026-02-09,cancelled,mobile_app,INR,29072.6,2079.84,26992.760000000002,0,4858.7,31851.46
ORD-004347,CUST-01784,2026-07-05,completed,mobile_app,INR,12204.96,1830.74,10374.22,0,1867.36,12241.58
ORD-004348,CUST-01914,2026-04-14,completed,web,INR,14665.04,1076.06,13588.98,0,2446.02,16035.0
ORD-004349,CUST-01789,2026-05-16,returned,web,INR,1997.4,0.0,1997.4,79,359.53,2435.93
ORD-004350,CUST-01161,2026-06-11,completed,web,INR,23413.04,551.62,22861.42,0,4115.06,26976.48
ORD-004351,CUST-00673,2025-09-11,completed,web,INR,36782.78,1700.03,35082.75,0,6314.9,41397.65
ORD-004352,CUST-01017,2026-04-29,completed,web,INR,28801.239999999998,2175.1,26626.14,0,4792.71,31418.85
ORD-004353,CUST-01592,2026-05-31,completed,web,INR,17781.04,1941.36,15839.68,0,2851.14,18690.82
ORD-004354,CUST-00851,2026-07-30,completed,mobile_app,INR,9974.78,1310.94,8663.84,0,1559.49,10223.33
ORD-004355,CUST-01662,2025-11-05,completed,mobile_app,INR,25617.989999999998,0.0,25617.989999999998,0,4611.24,30229.23
ORD-004356,CUST-01403,2025-10-17,completed,web,INR,50783.84,6128.68,44655.16,0,8037.93,52693.09
ORD-004357,CUST-00419,2025-01-25,completed,web,INR,24498.379999999997,1909.54,22588.84,0,4065.99,26654.83
ORD-004358,CUST-01842,2025-03-05,returned,mobile_app,INR,5450.38,272.52,5177.86,0,932.01,6109.87
ORD-004359,CUST-01693,2026-03-12,shipped,web,INR,2833.15,283.31,2549.84,0,458.97,3008.81
ORD-004360,CUST-01200,2025-10-20,completed,mobile_app,INR,20390.78,218.1,20172.68,0,3631.08,23803.76
ORD-004361,CUST-00389,2026-05-13,completed,mobile_app,INR,18830.7,1061.31,17769.390000000003,0,3198.49,20967.88
ORD-004362,CUST-00455,2025-11-06,completed,mobile_app,INR,3190.0,54.78,3135.22,0,564.34,3699.56
ORD-004363,CUST-01679,2026-06-23,cancelled,mobile_app,INR,3933.2200000000003,0.0,3933.2200000000003,0,707.98,4641.2
ORD-004364,CUST-00036,2025-03-30,shipped,web,INR,2220.46,0.0,2220.46,0,399.68,2620.14
ORD-004365,CUST-00968,2026-04-08,completed,mobile_app,INR,596.76,59.68,537.08,49,96.67,682.75
ORD-004366,CUST-01239,2026-01-21,completed,mobile_app,INR,14178.130000000001,399.27,13778.86,0,2480.19,16259.05
ORD-004367,CUST-00466,2026-07-25,cancelled,web,INR,9127.349999999999,0.0,9127.349999999999,0,1642.92,10770.27
ORD-004368,CUST-01730,2026-06-19,completed,web,INR,3362.26,0.0,3362.26,0,605.21,3967.47
ORD-004369,CUST-01045,2026-04-13,completed,web,INR,4921.04,0.0,4921.04,0,885.79,5806.83
ORD-004370,CUST-00132,2025-11-05,completed,web,INR,14745.46,1762.3,12983.16,0,2336.97,15320.13
ORD-004371,CUST-00641,2026-07-25,pending,web,INR,25796.18,725.34,25070.84,0,4512.75,29583.59
ORD-004372,CUST-00796,2025-11-23,completed,web,INR,14517.11,230.86,14286.25,0,2571.52,16857.77
ORD-004373,CUST-00446,2026-02-11,completed,web,INR,3717.96,557.69,3160.27,0,568.85,3729.12
ORD-004374,CUST-01881,2025-08-29,cancelled,web,INR,12402.1,113.23,12288.869999999999,0,2212.0,14500.87
ORD-004375,CUST-00722,2026-05-30,completed,mobile_app,INR,8925.300000000001,865.8499999999999,8059.45,0,1450.7,9510.15
ORD-004376,CUST-01004,2026-07-27,completed,web,INR,13319.169999999998,908.8599999999999,12410.31,0,2233.86,14644.17
ORD-004377,CUST-01071,2026-06-06,completed,web,INR,11599.42,194.23,11405.19,0,2052.93,13458.12
ORD-004378,CUST-00442,2026-02-08,pending,web,INR,13853.79,564.42,13289.37,0,2392.09,15681.46
ORD-004379,CUST-01136,2025-05-08,completed,web,INR,7865.3,331.1,7534.200000000001,0,1356.16,8890.36
ORD-004380,CUST-00708,2026-07-03,completed,mobile_app,INR,3309.5299999999997,164.35,3145.18,0,566.13,3711.31
ORD-004381,CUST-00021,2025-07-09,returned,web,INR,6285.09,388.63,5896.46,0,1061.36,6957.82
ORD-004382,CUST-00817,2025-05-20,shipped,web,INR,31322.199999999997,1865.09,29457.11,0,5302.28,34759.39
ORD-004383,CUST-01168,2025-02-19,completed,mobile_app,INR,38514.63,1645.8999999999999,36868.73,0,6636.37,43505.1
ORD-004384,CUST-00235,2025-08-25,completed,mobile_app,INR,6244.35,0.0,6244.35,0,1123.98,7368.33
ORD-004385,CUST-01559,2026-07-28,completed,web,INR,3189.38,0.0,3189.38,0,574.09,3763.47
ORD-004386,CUST-01322,2026-04-04,completed,web,INR,2816.96,444.7,2372.26,0,427.01,2799.27
ORD-004387,CUST-00620,2025-07-08,completed,mobile_app,INR,14375.52,661.55,13713.970000000001,0,2468.51,16182.48
ORD-004388,CUST-01185,2026-07-07,cancelled,web,INR,2472.28,0.0,2472.28,0,445.01,2917.29
ORD-004389,CUST-00608,2025-09-15,shipped,web,INR,4663.17,0.0,4663.17,0,839.37,5502.54
ORD-004390,CUST-01296,2025-12-26,cancelled,web,INR,21643.56,1791.94,19851.62,0,3573.29,23424.91
ORD-004391,CUST-00308,2026-02-10,completed,web,INR,11568.11,512.69,11055.42,0,1989.98,13045.4
ORD-004392,CUST-01222,2026-05-21,completed,web,INR,17353.47,802.0,16551.47,0,2979.26,19530.73
ORD-004393,CUST-00111,2026-03-10,shipped,mobile_app,INR,2338.03,0.0,2338.03,0,420.85,2758.88
ORD-004394,CUST-00034,2026-06-06,completed,mobile_app,INR,8876.619999999999,380.22,8496.4,0,1529.35,10025.75
ORD-004395,CUST-00509,2026-06-26,completed,web,INR,3599.83,176.77,3423.0600000000004,0,616.15,4039.21
ORD-004396,CUST-00349,2025-03-09,completed,mobile_app,INR,24317.53,1633.37,22684.16,0,4083.15,26767.31
ORD-004397,CUST-00982,2025-11-19,completed,mobile_app,INR,24157.89,2504.59,21653.3,0,3897.59,25550.89
ORD-004398,CUST-00332,2025-09-17,completed,mobile_app,INR,18451.81,1219.56,17232.25,0,3101.8,20334.05
ORD-004399,CUST-00489,2026-01-24,completed,mobile_app,INR,9218.51,176.5,9042.01,0,1627.56,10669.57
ORD-004400,CUST-00196,2025-10-12,returned,mobile_app,INR,15746.53,1236.37,14510.16,0,2611.83,17121.99
ORD-004401,CUST-01774,2025-12-09,completed,web,INR,4145.64,0.0,4145.64,0,746.22,4891.86
ORD-004402,CUST-01471,2026-05-22,completed,web,INR,23504.92,233.09,23271.83,0,4188.93,27460.76
ORD-004403,CUST-00436,2025-02-26,completed,web,INR,26948.5,0.0,26948.5,0,4850.73,31799.23
ORD-004404,CUST-00241,2026-07-11,completed,mobile_app,INR,15702.72,0.0,15702.72,0,2826.49,18529.21
ORD-004405,CUST-01701,2025-08-02,completed,mobile_app,INR,22472.6,46.3,22426.3,0,4036.73,26463.03
ORD-004406,CUST-01337,2026-06-07,completed,mobile_app,INR,8757.34,772.83,7984.51,0,1437.21,9421.72
ORD-004407,CUST-01772,2025-12-27,completed,mobile_app,INR,35731.44,1616.02,34115.42,0,6140.78,40256.2
ORD-004408,CUST-00357,2026-01-18,completed,mobile_app,INR,7957.200000000001,810.38,7146.82,0,1286.43,8433.25
ORD-004409,CUST-00718,2026-04-17,pending,web,INR,2276.8,341.52,1935.28,99,348.35,2382.63
ORD-004410,CUST-00237,2025-12-10,completed,web,INR,31989.440000000002,3756.9399999999996,28232.5,0,5081.85,33314.35
ORD-004411,CUST-00847,2025-05-06,completed,mobile_app,INR,15030.0,442.24,14587.76,0,2625.8,17213.56
ORD-004412,CUST-00326,2026-07-30,pending,web,INR,7255.0599999999995,0.0,7255.0599999999995,0,1305.91,8560.97
ORD-004413,CUST-00009,2026-01-21,cancelled,mobile_app,INR,31512.739999999998,2088.04,29424.699999999997,0,5296.45,34721.15
ORD-004414,CUST-01017,2025-06-18,cancelled,mobile_app,INR,5692.5,0.0,5692.5,0,1024.65,6717.15
ORD-004415,CUST-01959,2026-04-09,completed,web,INR,9980.21,0.0,9980.21,0,1796.44,11776.65
ORD-004416,CUST-01291,2025-08-16,returned,web,INR,21144.04,262.06,20881.98,0,3758.76,24640.74
ORD-004417,CUST-01514,2026-05-11,completed,web,INR,19628.97,1526.01,18102.96,0,3258.53,21361.49
ORD-004418,CUST-01624,2025-10-21,shipped,mobile_app,INR,23711.18,2658.55,21052.63,0,3789.47,24842.1
ORD-004419,CUST-01945,2025-07-01,cancelled,mobile_app,INR,10892.46,1633.87,9258.59,0,1666.55,10925.14
ORD-004420,CUST-00258,2026-02-03,completed,web,INR,18694.69,0.0,18694.69,0,3365.04,22059.73
ORD-004421,CUST-00502,2026-05-11,pending,mobile_app,INR,8277.46,503.14,7774.32,0,1399.38,9173.7
ORD-004422,CUST-01233,2026-07-14,pending,web,INR,28181.01,1739.75,26441.260000000002,0,4759.43,31200.69
ORD-004423,CUST-01643,2026-03-24,completed,web,INR,8000.65,326.87,7673.780000000001,0,1381.28,9055.06
ORD-004424,CUST-01548,2026-04-14,completed,web,INR,12909.65,764.29,12145.36,0,2186.16,14331.52
ORD-004425,CUST-01456,2025-05-19,cancelled,mobile_app,INR,2630.97,0.0,2630.97,0,473.57,3104.54
ORD-004426,CUST-00625,2026-05-28,completed,mobile_app,INR,10301.43,515.07,9786.36,0,1761.54,11547.9
ORD-004427,CUST-00730,2026-03-31,completed,web,INR,19853.510000000002,2119.4,17734.11,0,3192.14,20926.25
ORD-004428,CUST-00160,2026-01-16,completed,mobile_app,INR,11844.43,0.0,11844.43,0,2132.0,13976.43
ORD-004429,CUST-00628,2026-01-25,cancelled,mobile_app,INR,52945.93000000001,2393.61,50552.32,0,9099.42,59651.74
ORD-004430,CUST-00312,2025-12-29,pending,mobile_app,INR,12296.26,427.59,11868.67,0,2136.36,14005.03
ORD-004431,CUST-01877,2025-06-08,completed,web,INR,1897.06,379.41,1517.65,79,273.18,1869.83
ORD-004432,CUST-00184,2026-02-16,shipped,web,INR,18895.809999999998,600.08,18295.73,0,3293.23,21588.96
ORD-004433,CUST-00727,2026-03-09,cancelled,web,INR,8515.18,655.4200000000001,7859.76,0,1414.76,9274.52
ORD-004434,CUST-01775,2026-07-08,completed,mobile_app,INR,9903.86,0.0,9903.86,0,1782.69,11686.55
ORD-004435,CUST-01912,2026-06-02,completed,web,INR,59204.75,5340.53,53864.22,0,9695.56,63559.78
ORD-004436,CUST-00754,2026-06-19,completed,web,INR,25714.25,2417.37,23296.88,0,4193.44,27490.32
ORD-004437,CUST-00931,2026-04-24,cancelled,mobile_app,INR,23332.350000000002,343.56,22988.79,0,4137.98,27126.77
ORD-004438,CUST-01047,2025-11-10,completed,web,INR,26481.73,274.02,26207.71,0,4717.39,30925.1
ORD-004439,CUST-01645,2025-01-01,completed,web,INR,8047.32,804.73,7242.59,0,1303.67,8546.26
ORD-004440,CUST-01538,2025-12-31,completed,mobile_app,INR,8369.34,728.73,7640.610000000001,0,1375.31,9015.92
ORD-004441,CUST-01049,2026-02-25,completed,web,INR,17622.97,853.09,16769.879999999997,0,3018.58,19788.46
ORD-004442,CUST-00743,2026-03-07,completed,web,INR,31630.98,2177.05,29453.93,0,5301.71,34755.64
ORD-004443,CUST-00745,2026-02-24,completed,web,INR,24722.86,1208.37,23514.49,0,4232.61,27747.1
ORD-004444,CUST-01299,2025-12-12,completed,web,INR,32940.54,1059.84,31880.699999999997,0,5738.53,37619.23
ORD-004445,CUST-01671,2026-05-13,cancelled,web,INR,21029.34,2489.47,18539.870000000003,0,3337.18,21877.05
ORD-004446,CUST-00154,2026-01-26,shipped,web,INR,17660.85,0.0,17660.85,0,3178.95,20839.8
ORD-004447,CUST-01538,2026-01-28,cancelled,web,INR,8763.52,0.0,8763.52,0,1577.43,10340.95
ORD-004448,CUST-00962,2026-07-30,completed,web,INR,8565.57,190.72,8374.85,0,1507.47,9882.32
ORD-004449,CUST-00291,2026-05-02,completed,mobile_app,INR,14792.4,2722.56,12069.84,0,2172.57,14242.41
ORD-004450,CUST-00194,2025-09-06,cancelled,web,INR,12859.71,788.14,12071.57,0,2172.88,14244.45
ORD-004451,CUST-00675,2026-02-18,completed,mobile_app,INR,6443.1,322.16,6120.94,0,1101.77,7222.71
ORD-004452,CUST-00497,2025-07-09,completed,mobile_app,INR,6978.969999999999,230.09,6748.879999999999,0,1214.8,7963.68
ORD-004453,CUST-00209,2025-07-01,completed,mobile_app,INR,11573.63,1617.77,9955.859999999999,0,1792.05,11747.91
ORD-004454,CUST-00587,2026-05-02,completed,mobile_app,INR,21227.72,2581.35,18646.370000000003,0,3356.35,22002.72
ORD-004455,CUST-01668,2026-01-04,completed,web,INR,7492.0199999999995,332.99,7159.03,0,1288.63,8447.66
ORD-004456,CUST-01436,2026-03-09,returned,web,INR,49679.25,6140.86,43538.39,0,7836.91,51375.3
ORD-004457,CUST-00419,2026-03-06,cancelled,web,INR,5174.2300000000005,666.98,4507.25,0,811.3,5318.55
ORD-004458,CUST-01349,2026-07-20,shipped,web,INR,20814.84,0.0,20814.84,0,3746.67,24561.51
ORD-004459,CUST-00904,2026-04-27,pending,mobile_app,INR,10841.02,1640.1299999999999,9200.89,0,1656.16,10857.05
ORD-004460,CUST-01495,2025-08-11,shipped,web,INR,3508.7,246.03,3262.67,0,587.28,3849.95
ORD-004461,CUST-00495,2026-03-22,completed,web,INR,31442.67,4146.66,27296.01,0,4913.28,32209.29
ORD-004462,CUST-00124,2025-10-20,completed,mobile_app,INR,4305.46,430.55,3874.91,0,697.48,4572.39
ORD-004463,CUST-00626,2026-01-13,cancelled,mobile_app,INR,21021.879999999997,216.82,20805.059999999998,0,3744.91,24549.97
ORD-004464,CUST-01988,2026-03-01,completed,mobile_app,INR,13293.58,0.0,13293.58,0,2392.84,15686.42
ORD-004465,CUST-01112,2026-05-26,returned,web,INR,11375.4,90.47,11284.93,0,2031.29,13316.22
ORD-004466,CUST-00109,2025-07-11,completed,web,INR,17773.77,2141.66,15632.109999999999,0,2813.78,18445.89
ORD-004467,CUST-01951,2026-06-02,completed,web,INR,52074.899999999994,143.79,51931.11,0,9347.6,61278.71
ORD-004468,CUST-01652,2025-09-29,cancelled,web,INR,10055.85,0.0,10055.85,0,1810.05,11865.9
ORD-004469,CUST-01088,2026-07-27,cancelled,mobile_app,INR,13488.61,1632.79,11855.82,0,2134.05,13989.87
ORD-004470,CUST-01481,2026-06-07,cancelled,mobile_app,INR,15969.98,268.59,15701.39,0,2826.25,18527.64
ORD-004471,CUST-00370,2026-01-06,completed,web,INR,2928.9,0.0,2928.9,0,527.2,3456.1
ORD-004472,CUST-01184,2025-07-04,completed,mobile_app,INR,3038.4300000000003,188.75,2849.6800000000003,0,512.94,3362.62
ORD-004473,CUST-01826,2026-07-23,completed,web,INR,11506.31,37.4,11468.91,0,2064.4,13533.31
ORD-004474,CUST-00878,2026-04-30,returned,web,INR,14682.36,2090.1,12592.26,0,2266.61,14858.87
ORD-004475,CUST-00078,2026-01-25,completed,mobile_app,INR,34361.52,3472.8499999999995,30888.67,0,5559.96,36448.63
ORD-004476,CUST-01515,2025-05-25,completed,web,INR,12726.09,1099.39,11626.699999999999,0,2092.81,13719.51
ORD-004477,CUST-01461,2026-05-18,completed,web,INR,9375.75,762.1300000000001,8613.619999999999,0,1550.45,10164.07
ORD-004478,CUST-01480,2025-08-19,shipped,web,INR,8039.43,0.0,8039.43,0,1447.1,9486.53
ORD-004479,CUST-01297,2026-02-27,completed,web,INR,12607.17,2078.92,10528.25,0,1895.08,12423.33
ORD-004480,CUST-00275,2025-03-19,pending,web,INR,26409.52,2316.54,24092.98,0,4336.74,28429.72
ORD-004481,CUST-00230,2025-06-14,completed,mobile_app,INR,10685.38,225.79000000000002,10459.59,0,1882.73,12342.32
ORD-004482,CUST-01586,2026-01-07,shipped,web,INR,55278.91,6946.610000000001,48332.3,0,8699.81,57032.11
ORD-004483,CUST-01711,2025-12-15,cancelled,mobile_app,INR,20158.84,1336.85,18821.99,0,3387.96,22209.95
ORD-004484,CUST-00158,2026-05-26,completed,mobile_app,INR,6507.0,1301.4,5205.6,0,937.01,6142.61
ORD-004485,CUST-01163,2026-07-03,completed,mobile_app,INR,27516.899999999998,405.13,27111.77,0,4880.12,31991.89
ORD-004486,CUST-01002,2025-11-28,completed,mobile_app,INR,15085.25,2471.5299999999997,12613.720000000001,0,2270.47,14884.19
ORD-004487,CUST-00701,2025-06-15,completed,mobile_app,INR,27007.12,0.0,27007.12,0,4861.28,31868.4
ORD-004488,CUST-01291,2025-07-24,shipped,web,INR,8993.64,899.3599999999999,8094.280000000001,0,1456.97,9551.25
ORD-004489,CUST-01829,2026-07-17,completed,mobile_app,INR,35787.17,5368.08,30419.089999999997,0,5475.44,35894.53
ORD-004490,CUST-01644,2026-01-13,completed,web,INR,3815.34,381.53,3433.81,0,618.09,4051.9
ORD-004491,CUST-00307,2026-05-30,returned,web,INR,5512.05,0.0,5512.05,0,992.17,6504.22
ORD-004492,CUST-00927,2025-06-19,completed,web,INR,4643.42,58.77,4584.65,0,825.24,5409.89
ORD-004493,CUST-01872,2026-07-10,completed,web,INR,23720.81,544.9200000000001,23175.890000000003,0,4171.66,27347.55
ORD-004494,CUST-00474,2025-04-16,returned,mobile_app,INR,5838.32,205.67,5632.65,0,1013.88,6646.53
ORD-004495,CUST-01709,2026-04-12,returned,mobile_app,INR,32381.73,4231.24,28150.489999999998,0,5067.09,33217.58
ORD-004496,CUST-00982,2026-06-27,completed,mobile_app,INR,6939.46,1040.92,5898.54,0,1061.74,6960.28
ORD-004497,CUST-01043,2025-07-08,completed,web,INR,23572.55,2741.97,20830.579999999998,0,3749.5,24580.08
ORD-004498,CUST-00501,2025-06-23,completed,web,INR,48171.06,3360.7200000000003,44810.34,0,8065.86,52876.2
ORD-004499,CUST-01839,2025-12-02,completed,web,INR,9605.66,1440.85,8164.81,0,1469.67,9634.48
ORD-004500,CUST-01058,2026-06-02,shipped,web,INR,12190.33,2438.06,9752.27,0,1755.41,11507.68
ORD-004501,CUST-01150,2026-03-30,completed,web,INR,682.53,0.0,682.53,49,122.86,854.39
ORD-004502,CUST-00926,2026-06-23,completed,mobile_app,INR,20372.1,2037.21,18334.89,0,3300.28,21635.17
ORD-004503,CUST-00179,2026-07-08,completed,mobile_app,INR,5832.52,422.42,5410.1,0,973.82,6383.92
ORD-004504,CUST-01562,2026-04-11,shipped,web,INR,3845.55,769.11,3076.44,0,553.76,3630.2
ORD-004505,CUST-00658,2025-10-12,cancelled,web,INR,2391.47,239.15,2152.32,0,387.42,2539.74
ORD-004506,CUST-00481,2026-05-29,completed,web,INR,10493.55,895.77,9597.779999999999,0,1727.6,11325.38
ORD-004507,CUST-01565,2026-06-06,completed,web,INR,6339.35,0.0,6339.35,0,1141.08,7480.43
ORD-004508,CUST-00400,2026-05-16,completed,web,INR,1626.33,0.0,1626.33,79,292.74,1998.07
ORD-004509,CUST-01366,2025-05-19,completed,web,INR,34899.53,5234.93,29664.6,0,5339.63,35004.23
ORD-004510,CUST-00949,2026-07-15,shipped,mobile_app,INR,29411.07,3787.52,25623.55,0,4612.24,30235.79
ORD-004511,CUST-01600,2025-12-13,returned,web,INR,12061.0,0.0,12061.0,0,2170.98,14231.98
ORD-004512,CUST-00102,2025-04-24,pending,web,INR,211.04,0.0,211.04,79,37.99,328.03
ORD-004513,CUST-01550,2025-02-10,completed,web,INR,16276.21,1941.37,14334.84,0,2580.27,16915.11
ORD-004514,CUST-00459,2026-05-16,returned,web,INR,33361.79,2244.53,31117.260000000002,0,5601.11,36718.37
ORD-004515,CUST-01742,2026-05-23,completed,mobile_app,INR,6936.6,693.66,6242.94,0,1123.73,7366.67
ORD-004516,CUST-00708,2025-09-12,completed,web,INR,14376.810000000001,2627.29,11749.52,0,2114.91,13864.43
ORD-004517,CUST-00014,2026-01-29,completed,mobile_app,INR,5201.68,0.0,5201.68,0,936.3,6137.98
ORD-004518,CUST-00976,2025-06-09,shipped,web,INR,15637.01,157.24,15479.77,0,2786.36,18266.13
ORD-004519,CUST-00110,2025-12-20,cancelled,web,INR,23506.309999999998,706.1700000000001,22800.14,0,4104.03,26904.17
ORD-004520,CUST-00539,2026-05-20,completed,web,INR,6406.25,254.63,6151.62,0,1107.29,7258.91
ORD-004521,CUST-01434,2025-08-23,returned,mobile_app,INR,15426.189999999999,2396.84,13029.35,0,2345.28,15374.63
ORD-004522,CUST-01122,2025-06-10,returned,web,INR,5662.25,1031.59,4630.66,0,833.52,5464.18
ORD-004523,CUST-01418,2025-07-29,returned,mobile_app,INR,20213.32,278.67,19934.649999999998,0,3588.24,23522.89
ORD-004524,CUST-01757,2025-04-27,completed,mobile_app,INR,6807.52,0.0,6807.52,0,1225.35,8032.87
ORD-004525,CUST-00937,2026-06-28,pending,web,INR,11379.5,650.33,10729.17,0,1931.25,12660.42
ORD-004526,CUST-01088,2026-07-24,cancelled,web,INR,28540.4,693.11,27847.29,0,5012.51,32859.8
ORD-004527,CUST-00117,2025-10-08,shipped,mobile_app,INR,11131.07,556.55,10574.52,0,1903.41,12477.93
ORD-004528,CUST-00574,2025-11-23,completed,mobile_app,INR,2069.34,0.0,2069.34,0,372.48,2441.82
ORD-004529,CUST-01449,2026-01-31,cancelled,web,INR,2057.02,102.85,1954.17,79,351.75,2384.92
ORD-004530,CUST-00124,2025-11-10,shipped,mobile_app,INR,41970.29,3374.9,38595.39,0,6947.17,45542.56
ORD-004531,CUST-00719,2025-04-09,completed,web,INR,16669.43,862.12,15807.310000000001,0,2845.32,18652.63
ORD-004532,CUST-00274,2026-07-11,pending,mobile_app,INR,42245.399999999994,1448.75,40796.65000000001,0,7343.4,48140.05
ORD-004533,CUST-01715,2025-09-06,completed,web,INR,15734.28,1311.3,14422.98,0,2596.14,17019.12
ORD-004534,CUST-01123,2025-09-11,completed,web,INR,1280.54,0.0,1280.54,49,230.5,1560.04
ORD-004535,CUST-01289,2025-07-30,completed,web,INR,15035.199999999999,0.0,15035.199999999999,0,2706.34,17741.54
ORD-004536,CUST-01368,2025-08-30,completed,mobile_app,INR,34857.51,5228.63,29628.88,0,5333.2,34962.08
ORD-004537,CUST-00449,2025-06-24,completed,web,INR,6007.12,0.0,6007.12,0,1081.28,7088.4
ORD-004538,CUST-00100,2026-07-31,completed,mobile_app,INR,2949.75,349.57,2600.18,0,468.03,3068.21
ORD-004539,CUST-00796,2025-01-16,completed,web,INR,12287.33,108.31,12179.019999999999,0,2192.22,14371.24
ORD-004540,CUST-00372,2025-11-01,completed,web,INR,29982.56,353.15,29629.410000000003,0,5333.29,34962.7
ORD-004541,CUST-00644,2025-05-19,completed,web,INR,21350.16,847.63,20502.53,0,3690.46,24192.99
ORD-004542,CUST-00639,2026-07-27,shipped,mobile_app,INR,21950.73,1776.16,20174.57,0,3631.42,23805.99
ORD-004543,CUST-01565,2025-10-20,completed,web,INR,16733.87,2000.36,14733.509999999998,0,2652.03,17385.54
ORD-004544,CUST-00640,2026-07-04,completed,mobile_app,INR,11841.27,1933.5,9907.77,0,1783.4,11691.17
ORD-004545,CUST-00303,2026-03-10,completed,mobile_app,INR,12384.12,1411.78,10972.34,0,1975.02,12947.36
ORD-004546,CUST-01917,2025-01-30,completed,mobile_app,INR,495.36,24.77,470.59,79,84.71,634.3
ORD-004547,CUST-00099,2025-09-14,completed,mobile_app,INR,9188.14,623.1600000000001,8564.98,0,1541.7,10106.68
ORD-004548,CUST-00408,2025-04-16,returned,web,INR,11161.189999999999,796.65,10364.54,0,1865.62,12230.16
ORD-004549,CUST-00695,2026-01-27,completed,web,INR,7657.95,0.0,7657.95,0,1378.43,9036.38
ORD-004550,CUST-00126,2026-07-23,completed,web,INR,8951.74,813.3499999999999,8138.389999999999,0,1464.91,9603.3
ORD-004551,CUST-01799,2026-01-26,completed,web,INR,10728.95,354.67,10374.279999999999,0,1867.37,12241.65
ORD-004552,CUST-00707,2026-05-19,completed,mobile_app,INR,900.54,45.03,855.51,99,153.99,1108.5
ORD-004553,CUST-01565,2026-06-12,shipped,web,INR,2216.23,332.43,1883.8,49,339.08,2271.88
ORD-004554,CUST-00269,2025-11-09,pending,web,INR,7976.24,1595.25,6380.99,0,1148.58,7529.57
ORD-004555,CUST-01044,2025-04-17,completed,web,INR,2488.14,124.41,2363.73,0,425.47,2789.2
ORD-004556,CUST-00254,2025-04-03,completed,mobile_app,INR,6569.79,0.0,6569.79,0,1182.56,7752.35
ORD-004557,CUST-00464,2026-04-10,completed,web,INR,14009.19,2127.3,11881.89,0,2138.74,14020.63
ORD-004558,CUST-00815,2026-05-23,completed,mobile_app,INR,13633.939999999999,159.54,13474.4,0,2425.39,15899.79
ORD-004559,CUST-01726,2026-07-04,completed,web,INR,12790.96,1012.42,11778.54,0,2120.14,13898.68
ORD-004560,CUST-00613,2026-04-22,shipped,web,INR,29800.82,519.4,29281.42,0,5270.66,34552.08
ORD-004561,CUST-01510,2026-07-24,completed,mobile_app,INR,1515.24,0.0,1515.24,99,272.74,1886.98
ORD-004562,CUST-00184,2026-07-01,completed,web,INR,13697.36,1059.05,12638.310000000001,0,2274.9,14913.21
ORD-004563,CUST-00504,2026-07-08,cancelled,web,INR,9331.91,0.0,9331.91,0,1679.74,11011.65
ORD-004564,CUST-01209,2026-04-09,completed,mobile_app,INR,46823.52,4361.1,42462.42,0,7643.24,50105.66
ORD-004565,CUST-00937,2025-03-13,completed,web,INR,30918.11,1843.23,29074.88,0,5233.48,34308.36
ORD-004566,CUST-01004,2026-07-04,shipped,web,INR,36369.729999999996,4081.77,32287.96,0,5811.83,38099.79
ORD-004567,CUST-01357,2026-07-01,completed,mobile_app,INR,13397.220000000001,187.61,13209.61,0,2377.73,15587.34
ORD-004568,CUST-00155,2025-07-19,completed,web,INR,8183.2699999999995,152.53,8030.74,0,1445.53,9476.27
ORD-004569,CUST-01391,2026-04-16,shipped,mobile_app,INR,28448.82,3786.62,24662.199999999997,0,4439.2,29101.4
ORD-004570,CUST-01726,2026-03-20,completed,mobile_app,INR,8064.09,103.44,7960.65,0,1432.92,9393.57
ORD-004571,CUST-01533,2026-06-11,returned,web,INR,25840.899999999998,0.0,25840.899999999998,0,4651.36,30492.26
ORD-004572,CUST-00570,2026-04-14,completed,web,INR,13978.58,350.2,13628.380000000001,0,2453.11,16081.49
ORD-004573,CUST-00702,2025-10-02,completed,web,INR,19050.82,610.73,18440.09,0,3319.22,21759.31
ORD-004574,CUST-01923,2026-05-07,shipped,web,INR,6280.92,0.0,6280.92,0,1130.57,7411.49
ORD-004575,CUST-01580,2026-07-08,completed,web,INR,24323.89,549.92,23773.97,0,4279.31,28053.28
ORD-004576,CUST-01864,2025-04-01,shipped,mobile_app,INR,5394.9,1078.98,4315.92,0,776.87,5092.79
ORD-004577,CUST-01827,2025-03-31,completed,mobile_app,INR,26424.370000000003,3230.1000000000004,23194.27,0,4174.97,27369.24
ORD-004578,CUST-00869,2026-07-02,completed,mobile_app,INR,18682.25,3265.73,15416.52,0,2774.97,18191.49
ORD-004579,CUST-00259,2026-03-25,shipped,mobile_app,INR,3526.57,84.82,3441.75,0,619.52,4061.27
ORD-004580,CUST-00458,2026-01-27,completed,web,INR,11129.69,556.8000000000001,10572.890000000001,0,1903.12,12476.01
ORD-004581,CUST-00589,2026-05-01,completed,web,INR,15259.01,1286.92,13972.09,0,2514.98,16487.07
ORD-004582,CUST-01670,2026-07-22,completed,web,INR,8479.9,1054.6,7425.3,0,1336.55,8761.85
ORD-004583,CUST-00553,2026-06-17,cancelled,web,INR,23178.68,451.7,22726.98,0,4090.86,26817.84
ORD-004584,CUST-00723,2026-07-18,pending,mobile_app,INR,27624.36,477.43,27146.93,0,4886.45,32033.38
ORD-004585,CUST-01703,2025-11-01,completed,mobile_app,INR,26926.66,73.83,26852.83,0,4833.51,31686.34
ORD-004586,CUST-00328,2025-11-03,completed,mobile_app,INR,1269.27,0.0,1269.27,49,228.47,1546.74
ORD-004587,CUST-01328,2026-02-23,completed,web,INR,25342.74,0.0,25342.74,0,4561.69,29904.43
ORD-004588,CUST-01104,2025-01-21,completed,web,INR,13720.16,2029.83,11690.33,0,2104.26,13794.59
ORD-004589,CUST-01969,2026-05-18,completed,web,INR,12353.52,118.92,12234.6,0,2202.23,14436.83
ORD-004590,CUST-00979,2025-02-02,cancelled,web,INR,8004.36,1200.65,6803.71,0,1224.67,8028.38
ORD-004591,CUST-01043,2026-06-07,completed,web,INR,15746.53,2002.56,13743.97,0,2473.91,16217.88
ORD-004592,CUST-01701,2026-01-28,completed,mobile_app,INR,13120.0,0.0,13120.0,0,2361.6,15481.6
ORD-004593,CUST-01984,2026-01-22,completed,web,INR,34225.19,635.23,33589.96,0,6046.19,39636.15
ORD-004594,CUST-01459,2025-10-28,completed,mobile_app,INR,3288.29,328.83000000000004,2959.46,0,532.7,3492.16
ORD-004595,CUST-01397,2025-09-15,completed,mobile_app,INR,5674.25,0.0,5674.25,0,1021.36,6695.61
ORD-004596,CUST-01753,2026-05-24,completed,web,INR,49014.369999999995,1069.82,47944.55,0,8630.02,56574.57
ORD-004597,CUST-01960,2025-04-24,completed,web,INR,22652.84,570.72,22082.120000000003,0,3974.78,26056.9
ORD-004598,CUST-01470,2025-12-17,shipped,mobile_app,INR,31170.059999999998,3322.33,27847.73,0,5012.59,32860.32
ORD-004599,CUST-00585,2025-03-01,completed,mobile_app,INR,18607.11,620.51,17986.6,0,3237.59,21224.19
ORD-004600,CUST-01285,2025-04-02,completed,web,INR,5442.64,257.73,5184.91,0,933.28,6118.19
ORD-004601,CUST-00473,2026-07-21,returned,mobile_app,INR,11385.259999999998,907.76,10477.5,0,1885.95,12363.45
ORD-004602,CUST-01001,2026-04-11,completed,web,INR,12045.3,1805.8,10239.5,0,1843.11,12082.61
ORD-004603,CUST-00889,2025-03-12,completed,web,INR,16650.62,0.0,16650.62,0,2997.11,19647.73
ORD-004604,CUST-01976,2026-02-08,cancelled,web,INR,16307.419999999998,1178.79,15128.63,0,2723.15,17851.78
ORD-004605,CUST-01109,2026-06-17,completed,web,INR,7667.02,1001.03,6665.99,0,1199.88,7865.87
ORD-004606,CUST-01919,2025-12-31,completed,web,INR,14405.5,0.0,14405.5,0,2592.99,16998.49
ORD-004607,CUST-01617,2026-06-25,cancelled,mobile_app,INR,21766.98,776.88,20990.1,0,3778.22,24768.32
ORD-004608,CUST-01698,2026-01-30,completed,web,INR,22214.94,402.15,21812.79,0,3926.3,25739.09
ORD-004609,CUST-00339,2025-05-23,returned,web,INR,30481.020000000004,1315.1100000000001,29165.910000000003,0,5249.86,34415.77
ORD-004610,CUST-01551,2025-05-17,completed,mobile_app,INR,3399.0600000000004,109.38,3289.6800000000003,0,592.14,3881.82
ORD-004611,CUST-00503,2026-07-04,completed,web,INR,3093.8,618.76,2475.04,0,445.51,2920.55
ORD-004612,CUST-01156,2026-03-10,completed,web,INR,14187.470000000001,1698.1599999999999,12489.31,0,2248.08,14737.39
ORD-004613,CUST-00973,2026-02-20,completed,web,INR,9354.6,467.73,8886.87,0,1599.64,10486.51
ORD-004614,CUST-00520,2026-01-29,completed,web,INR,8714.14,484.8,8229.34,0,1481.28,9710.62
ORD-004615,CUST-01970,2025-08-19,completed,web,INR,33017.09,273.12,32743.97,0,5893.91,38637.88
ORD-004616,CUST-01751,2026-06-01,completed,mobile_app,INR,28775.46,5552.91,23222.550000000003,0,4180.06,27402.61
ORD-004617,CUST-01149,2026-06-13,completed,mobile_app,INR,13718.699999999999,1663.61,12055.09,0,2169.92,14225.01
ORD-004618,CUST-00022,2026-01-16,completed,web,INR,15936.58,796.8299999999999,15139.75,0,2725.16,17864.91
ORD-004619,CUST-00367,2026-02-01,completed,web,INR,23732.78,1401.2,22331.58,0,4019.68,26351.26
ORD-004620,CUST-00455,2025-08-25,completed,mobile_app,INR,21315.65,2012.09,19303.56,0,3474.64,22778.2
ORD-004621,CUST-01944,2025-06-16,completed,web,INR,2442.22,244.22,2198.0,0,395.64,2593.64
ORD-004622,CUST-00808,2025-06-25,cancelled,web,INR,25077.43,0.0,25077.43,0,4513.94,29591.37
ORD-004623,CUST-00094,2025-12-12,completed,web,INR,22812.97,3507.8999999999996,19305.07,0,3474.91,22779.98
ORD-004624,CUST-01173,2026-03-31,completed,mobile_app,INR,2081.16,208.12,1873.04,99,337.15,2309.19
ORD-004625,CUST-01901,2026-06-03,returned,mobile_app,INR,34954.97,172.81,34782.16,0,6260.79,41042.95
ORD-004626,CUST-01122,2025-10-29,returned,web,INR,2107.53,0.0,2107.53,0,379.36,2486.89
ORD-004627,CUST-00889,2025-07-30,completed,web,INR,2351.24,117.56,2233.68,0,402.06,2635.74
ORD-004628,CUST-00352,2025-08-24,completed,mobile_app,INR,1105.93,165.89,940.04,99,169.21,1208.25
ORD-004629,CUST-01758,2026-04-25,cancelled,web,INR,3070.62,48.13,3022.49,0,544.05,3566.54
ORD-004630,CUST-00210,2026-03-11,completed,web,INR,32489.300000000003,0.0,32489.300000000003,0,5848.07,38337.37
ORD-004631,CUST-01868,2026-03-21,completed,mobile_app,INR,34992.88,0.0,34992.88,0,6298.72,41291.6
ORD-004632,CUST-00445,2026-04-23,completed,web,INR,27217.7,2457.8,24759.9,0,4456.78,29216.68
ORD-004633,CUST-00277,2025-12-14,completed,web,INR,27925.86,4674.36,23251.5,0,4185.27,27436.77
ORD-004634,CUST-00698,2026-01-07,cancelled,mobile_app,INR,45575.04,2164.89,43410.149999999994,0,7813.83,51223.98
ORD-004635,CUST-00010,2026-02-28,completed,mobile_app,INR,9434.74,890.6700000000001,8544.07,0,1537.93,10082.0
ORD-004636,CUST-00029,2025-09-29,completed,web,INR,9237.48,923.75,8313.73,0,1496.47,9810.2
ORD-004637,CUST-00373,2025-02-24,completed,web,INR,21648.140000000003,158.2,21489.940000000002,0,3868.19,25358.13
ORD-004638,CUST-01385,2026-03-31,completed,web,INR,6357.82,121.4,6236.42,0,1122.56,7358.98
ORD-004639,CUST-01629,2025-09-20,shipped,web,INR,18819.499999999996,1476.48,17343.02,0,3121.74,20464.76
ORD-004640,CUST-00496,2025-07-23,returned,web,INR,13381.400000000001,885.5300000000001,12495.869999999999,0,2249.26,14745.13
ORD-004641,CUST-01290,2025-09-11,completed,web,INR,12185.47,945.5500000000001,11239.92,0,2023.19,13263.11
ORD-004642,CUST-00703,2026-06-19,cancelled,web,INR,18686.43,1952.69,16733.739999999998,0,3012.07,19745.81
ORD-004643,CUST-00866,2026-05-14,completed,web,INR,6262.0,939.3,5322.7,0,958.09,6280.79
ORD-004644,CUST-00670,2025-06-08,completed,web,INR,18687.27,0.0,18687.27,0,3363.71,22050.98
ORD-004645,CUST-01783,2025-12-17,completed,web,INR,37286.479999999996,634.85,36651.63,0,6597.29,43248.92
ORD-004646,CUST-01024,2026-05-13,completed,web,INR,56228.66,5449.4400000000005,50779.22,0,9140.26,59919.48
ORD-004647,CUST-01013,2025-07-08,completed,mobile_app,INR,22051.18,624.34,21426.84,0,3856.83,25283.67
ORD-004648,CUST-01720,2025-09-21,cancelled,web,INR,6776.55,315.69,6460.860000000001,0,1162.95,7623.81
ORD-004649,CUST-01315,2026-05-08,completed,mobile_app,INR,16250.52,3062.64,13187.88,0,2373.82,15561.7
ORD-004650,CUST-00299,2026-07-17,completed,web,INR,21976.84,2197.69,19779.15,0,3560.25,23339.4
ORD-004651,CUST-00378,2026-07-14,returned,mobile_app,INR,8819.24,1588.15,7231.09,0,1301.6,8532.69
ORD-004652,CUST-00682,2026-05-18,cancelled,web,INR,24110.879999999997,400.09,23710.79,0,4267.94,27978.73
ORD-004653,CUST-00196,2025-07-01,completed,mobile_app,INR,9033.54,0.0,9033.54,0,1626.04,10659.58
ORD-004654,CUST-01385,2026-07-30,completed,mobile_app,INR,4861.29,678.44,4182.85,0,752.91,4935.76
ORD-004655,CUST-00991,2025-06-08,cancelled,web,INR,26574.600000000002,2055.16,24519.44,0,4413.5,28932.94
ORD-004656,CUST-00089,2026-06-23,completed,mobile_app,INR,5168.96,775.34,4393.62,0,790.85,5184.47
ORD-004657,CUST-00801,2025-02-28,completed,mobile_app,INR,50303.9,54.13,50249.77,0,9044.96,59294.73
ORD-004658,CUST-01660,2025-06-29,completed,mobile_app,INR,19839.370000000003,2975.91,16863.46,0,3035.42,19898.88
ORD-004659,CUST-01815,2026-06-15,completed,web,INR,2620.06,131.0,2489.06,0,448.03,2937.09
ORD-004660,CUST-01924,2026-07-14,completed,web,INR,17511.21,0.0,17511.21,0,3152.02,20663.23
ORD-004661,CUST-01846,2025-11-08,cancelled,mobile_app,INR,20425.21,500.32,19924.89,0,3586.48,23511.37
ORD-004662,CUST-01216,2025-09-07,completed,web,INR,8584.12,1287.62,7296.5,0,1313.37,8609.87
ORD-004663,CUST-01855,2026-05-02,pending,web,INR,40089.7,4601.83,35487.87,0,6387.82,41875.69
ORD-004664,CUST-01914,2026-04-12,completed,web,INR,9928.7,1338.04,8590.66,0,1546.32,10136.98
ORD-004665,CUST-01271,2026-01-29,completed,web,INR,3548.22,0.0,3548.22,0,638.68,4186.9
ORD-004666,CUST-00827,2026-02-06,completed,mobile_app,INR,23306.11,1952.23,21353.88,0,3843.7,25197.58
ORD-004667,CUST-01933,2026-02-25,completed,mobile_app,INR,11363.54,0.0,11363.54,0,2045.44,13408.98
ORD-004668,CUST-00831,2025-06-13,completed,mobile_app,INR,21899.02,2412.36,19486.66,0,3507.6,22994.26
ORD-004669,CUST-00333,2025-11-23,shipped,mobile_app,INR,25618.630000000005,876.68,24741.95,0,4453.55,29195.5
ORD-004670,CUST-00213,2026-01-17,completed,mobile_app,INR,24122.46,247.21,23875.25,0,4297.54,28172.79
ORD-004671,CUST-01135,2025-10-25,completed,mobile_app,INR,24293.559999999998,328.23,23965.329999999998,0,4313.76,28279.09
ORD-004672,CUST-00071,2026-07-22,completed,web,INR,16815.32,957.18,15858.14,0,2854.47,18712.61
ORD-004673,CUST-00238,2025-02-20,completed,mobile_app,INR,30917.45,2890.68,28026.77,0,5044.82,33071.59
ORD-004674,CUST-00490,2025-10-25,completed,mobile_app,INR,15321.76,0.0,15321.76,0,2757.92,18079.68
ORD-004675,CUST-01060,2025-12-24,completed,mobile_app,INR,3860.46,0.0,3860.46,0,694.88,4555.34
ORD-004676,CUST-00957,2025-11-27,completed,mobile_app,INR,17043.66,1712.85,15330.810000000001,0,2759.55,18090.36
ORD-004677,CUST-01023,2026-04-24,cancelled,web,INR,3701.79,370.18,3331.61,0,599.69,3931.3
ORD-004678,CUST-01016,2026-03-09,cancelled,web,INR,12492.08,1482.21,11009.869999999999,0,1981.78,12991.65
ORD-004679,CUST-01989,2026-06-04,completed,mobile_app,INR,10352.61,0.0,10352.61,0,1863.47,12216.08
ORD-004680,CUST-00436,2025-11-14,completed,mobile_app,INR,19667.59,1307.32,18360.27,0,3304.85,21665.12
ORD-004681,CUST-00949,2026-07-10,completed,web,INR,46673.39,971.63,45701.759999999995,0,8226.32,53928.08
ORD-004682,CUST-01226,2026-07-04,completed,web,INR,26056.04,692.02,25364.02,0,4565.52,29929.54
ORD-004683,CUST-00548,2025-09-29,cancelled,web,INR,20799.88,144.79,20655.09,0,3717.92,24373.01
ORD-004684,CUST-00363,2025-02-12,completed,web,INR,15182.5,0.0,15182.5,0,2732.85,17915.35
ORD-004685,CUST-00094,2026-07-19,cancelled,web,INR,9123.26,1338.8600000000001,7784.4,0,1401.19,9185.59
ORD-004686,CUST-00653,2026-03-21,completed,web,INR,22156.67,2215.6699999999996,19941.0,0,3589.38,23530.38
ORD-004687,CUST-00509,2025-11-12,pending,web,INR,13746.380000000001,687.3199999999999,13059.06,0,2350.63,15409.69
ORD-004688,CUST-00392,2026-01-28,shipped,web,INR,7469.54,118.04,7351.5,0,1323.27,8674.77
ORD-004689,CUST-00543,2025-04-06,shipped,mobile_app,INR,17309.64,865.48,16444.16,0,2959.95,19404.11
ORD-004690,CUST-01394,2026-07-29,returned,web,INR,20153.4,1925.45,18227.949999999997,0,3281.03,21508.98
ORD-004691,CUST-01656,2025-10-26,completed,mobile_app,INR,1547.02,0.0,1547.02,49,278.46,1874.48
ORD-004692,CUST-01034,2025-10-26,completed,web,INR,6674.27,314.56,6359.71,0,1144.75,7504.46
ORD-004693,CUST-00134,2026-07-15,completed,web,INR,24155.59,2300.08,21855.51,0,3933.99,25789.5
ORD-004694,CUST-01473,2025-04-18,cancelled,web,INR,13144.59,1104.76,12039.83,0,2167.17,14207.0
ORD-004695,CUST-00304,2026-06-05,cancelled,web,INR,8011.74,0.0,8011.74,0,1442.11,9453.85
ORD-004696,CUST-00115,2025-06-02,completed,web,INR,6848.99,530.37,6318.620000000001,0,1137.35,7455.97
ORD-004697,CUST-01137,2026-03-04,shipped,web,INR,28580.29,4229.77,24350.52,0,4383.09,28733.61
ORD-004698,CUST-00851,2026-07-18,completed,web,INR,31396.93,0.0,31396.93,0,5651.45,37048.38
ORD-004699,CUST-00624,2025-10-08,completed,mobile_app,INR,7374.01,276.82,7097.1900000000005,0,1277.49,8374.68
ORD-004700,CUST-01934,2026-07-18,completed,web,INR,19088.9,0.0,19088.9,0,3436.0,22524.9
ORD-004701,CUST-00183,2025-08-24,completed,web,INR,6887.88,334.28,6553.6,0,1179.65,7733.25
ORD-004702,CUST-00108,2025-10-05,completed,mobile_app,INR,1573.8,0.0,1573.8,49,283.28,1906.08
ORD-004703,CUST-01175,2025-04-04,shipped,web,INR,42162.57,4196.44,37966.130000000005,0,6833.9,44800.03
ORD-004704,CUST-00837,2026-06-10,completed,web,INR,18323.36,2160.19,16163.17,0,2909.37,19072.54
ORD-004705,CUST-01604,2025-12-01,completed,web,INR,3807.09,531.05,3276.04,0,589.69,3865.73
ORD-004706,CUST-00081,2026-07-30,completed,mobile_app,INR,26530.260000000002,327.01,26203.25,0,4716.58,30919.83
ORD-004707,CUST-00839,2026-05-31,completed,web,INR,3952.6499999999996,287.81,3664.84,0,659.67,4324.51
ORD-004708,CUST-00294,2025-04-03,shipped,mobile_app,INR,17921.140000000003,1803.05,16118.09,0,2901.26,19019.35
ORD-004709,CUST-00083,2026-03-01,cancelled,web,INR,11204.02,1833.0,9371.02,0,1686.78,11057.8
ORD-004710,CUST-00926,2026-06-15,completed,web,INR,5395.88,251.55,5144.33,0,925.98,6070.31
ORD-004711,CUST-01470,2025-02-25,cancelled,mobile_app,INR,7771.2699999999995,388.56,7382.709999999999,0,1328.89,8711.6
ORD-004712,CUST-00316,2026-05-26,cancelled,web,INR,15851.310000000001,1408.85,14442.46,0,2599.64,17042.1
ORD-004713,CUST-01685,2025-08-20,cancelled,mobile_app,INR,4998.389999999999,723.26,4275.13,0,769.52,5044.65
ORD-004714,CUST-01038,2026-07-30,completed,mobile_app,INR,6241.49,64.41,6177.08,0,1111.87,7288.95
ORD-004715,CUST-00961,2025-01-04,completed,web,INR,16384.52,1586.1,14798.42,0,2663.72,17462.14
ORD-004716,CUST-01846,2026-02-01,cancelled,web,INR,29415.46,1358.56,28056.9,0,5050.24,33107.14
ORD-004717,CUST-00659,2025-06-27,completed,web,INR,2567.0,385.05,2181.95,0,392.75,2574.7
ORD-004718,CUST-00401,2026-07-31,completed,web,INR,9668.39,735.51,8932.880000000001,0,1607.92,10540.8
ORD-004719,CUST-01573,2026-05-10,completed,web,INR,7850.47,0.0,7850.47,0,1413.08,9263.55
ORD-004720,CUST-00215,2026-06-05,completed,web,INR,12059.3,633.5,11425.800000000001,0,2056.64,13482.44
ORD-004721,CUST-01745,2025-06-17,completed,mobile_app,INR,62729.91,5827.5599999999995,56902.34999999999,0,10242.42,67144.77
ORD-004722,CUST-01651,2026-06-01,returned,mobile_app,INR,5794.14,289.71,5504.43,0,990.8,6495.23
ORD-004723,CUST-01954,2026-05-12,completed,mobile_app,INR,13555.619999999999,866.6700000000001,12688.95,0,2284.01,14972.96
ORD-004724,CUST-00921,2026-07-06,completed,web,INR,2343.14,0.0,2343.14,0,421.77,2764.91
ORD-004725,CUST-01245,2026-05-31,pending,web,INR,1857.2,0.0,1857.2,49,334.3,2240.5
ORD-004726,CUST-01766,2026-07-27,completed,web,INR,32955.56,0.0,32955.56,0,5932.0,38887.56
ORD-004727,CUST-00264,2026-07-08,completed,web,INR,15580.52,1558.0500000000002,14022.470000000001,0,2524.04,16546.51
ORD-004728,CUST-00613,2026-01-22,cancelled,web,INR,12097.890000000001,718.77,11379.119999999999,0,2048.24,13427.36
ORD-004729,CUST-00944,2026-06-04,pending,web,INR,21262.47,1975.72,19286.75,0,3471.62,22758.37
ORD-004730,CUST-01256,2025-01-13,shipped,mobile_app,INR,27691.35,4809.05,22882.300000000003,0,4118.81,27001.11
ORD-004731,CUST-01359,2026-01-29,completed,web,INR,10581.76,1609.92,8971.84,0,1614.93,10586.77
ORD-004732,CUST-01847,2025-06-04,completed,mobile_app,INR,17200.46,0.0,17200.46,0,3096.08,20296.54
ORD-004733,CUST-00979,2026-06-02,cancelled,web,INR,22732.13,1250.01,21482.12,0,3866.78,25348.9
ORD-004734,CUST-00344,2026-03-30,returned,web,INR,10402.76,943.98,9458.78,0,1702.58,11161.36
ORD-004735,CUST-00380,2026-04-12,completed,mobile_app,INR,23115.07,2399.33,20715.74,0,3728.83,24444.57
ORD-004736,CUST-01602,2026-05-18,cancelled,web,INR,9022.0,0.0,9022.0,0,1623.96,10645.96
ORD-004737,CUST-00923,2025-12-18,completed,web,INR,6174.86,436.93,5737.93,0,1032.83,6770.76
ORD-004738,CUST-01264,2026-07-09,completed,mobile_app,INR,18422.6,2062.47,16360.13,0,2944.82,19304.95
ORD-004739,CUST-01126,2026-04-18,completed,web,INR,18869.86,3614.1000000000004,15255.759999999998,0,2746.04,18001.8
ORD-004740,CUST-01626,2026-07-28,completed,web,INR,25290.28,3937.66,21352.62,0,3843.47,25196.09
ORD-004741,CUST-00437,2025-10-18,returned,web,INR,4751.07,712.66,4038.41,0,726.91,4765.32
ORD-004742,CUST-00342,2025-03-07,completed,mobile_app,INR,3312.54,0.0,3312.54,0,596.26,3908.8
ORD-004743,CUST-01468,2026-05-21,shipped,web,INR,24885.88,2487.2,22398.68,0,4031.76,26430.44
ORD-004744,CUST-00869,2025-11-11,completed,web,INR,17701.82,0.0,17701.82,0,3186.33,20888.15
ORD-004745,CUST-01632,2026-05-01,cancelled,mobile_app,INR,4707.12,49.45,4657.67,0,838.38,5496.05
ORD-004746,CUST-00258,2026-04-22,completed,web,INR,17571.86,720.84,16851.02,0,3033.18,19884.2
ORD-004747,CUST-00544,2026-06-28,returned,web,INR,4169.46,416.95,3752.51,0,675.45,4427.96
ORD-004748,CUST-01921,2026-01-19,completed,mobile_app,INR,2960.86,592.17,2368.69,0,426.36,2795.05
ORD-004749,CUST-01688,2025-07-21,cancelled,web,INR,2788.92,139.45,2649.47,0,476.9,3126.37
ORD-004750,CUST-00126,2026-06-04,completed,mobile_app,INR,23826.940000000002,2620.15,21206.79,0,3817.22,25024.01
ORD-004751,CUST-01634,2026-07-02,completed,mobile_app,INR,10108.36,0.0,10108.36,0,1819.5,11927.86
ORD-004752,CUST-00131,2025-10-11,returned,mobile_app,INR,3920.4,392.04,3528.36,0,635.1,4163.46
ORD-004753,CUST-00241,2025-07-10,completed,web,INR,28878.69,1184.02,27694.67,0,4985.04,32679.71
ORD-004754,CUST-01797,2026-07-31,returned,web,INR,7616.6,444.92,7171.68,0,1290.9,8462.58
ORD-004755,CUST-00253,2026-07-05,completed,mobile_app,INR,6555.58,655.56,5900.02,0,1062.0,6962.02
ORD-004756,CUST-00602,2026-05-25,shipped,web,INR,11520.880000000001,1067.5,10453.38,0,1881.61,12334.99
ORD-004757,CUST-00271,2025-01-22,returned,web,INR,2797.76,272.31,2525.45,0,454.58,2980.03
ORD-004758,CUST-01195,2025-08-21,returned,web,INR,11450.54,169.87,11280.670000000002,0,2030.52,13311.19
ORD-004759,CUST-00115,2025-10-03,completed,web,INR,29034.190000000002,3328.8399999999997,25705.35,0,4626.96,30332.31
ORD-004760,CUST-00575,2025-11-06,completed,mobile_app,INR,24353.39,3451.0,20902.39,0,3762.43,24664.82
ORD-004761,CUST-00653,2026-05-16,cancelled,mobile_app,INR,8581.28,1155.78,7425.5,0,1336.59,8762.09
ORD-004762,CUST-01298,2026-06-15,completed,web,INR,6446.82,0.0,6446.82,0,1160.43,7607.25
ORD-004763,CUST-00994,2025-07-07,returned,web,INR,15764.14,999.44,14764.699999999999,0,2657.65,17422.35
ORD-004764,CUST-00385,2025-03-04,completed,web,INR,3552.71,177.64,3375.07,0,607.51,3982.58
ORD-004765,CUST-00929,2025-06-30,completed,web,INR,10921.529999999999,856.2700000000001,10065.26,0,1811.75,11877.01
ORD-004766,CUST-00918,2026-02-26,cancelled,web,INR,2866.5,0.0,2866.5,0,515.97,3382.47
ORD-004767,CUST-00708,2026-06-21,completed,mobile_app,INR,2838.22,0.0,2838.22,0,510.88,3349.1
ORD-004768,CUST-01067,2026-05-23,completed,web,INR,29468.03,1430.77,28037.260000000002,0,5046.71,33083.97
ORD-004769,CUST-00653,2026-04-25,completed,mobile_app,INR,11024.23,308.17,10716.06,0,1928.89,12644.95
ORD-004770,CUST-00668,2026-06-16,pending,web,INR,8834.51,0.0,8834.51,0,1590.21,10424.72
ORD-004771,CUST-01567,2026-07-05,completed,web,INR,1460.8,219.12,1241.68,79,223.5,1544.18
ORD-004772,CUST-00504,2026-06-22,pending,mobile_app,INR,7162.76,634.8100000000001,6527.95,0,1175.03,7702.98
ORD-004773,CUST-00659,2025-12-01,completed,web,INR,26034.690000000002,2230.49,23804.199999999997,0,4284.76,28088.96
ORD-004774,CUST-00281,2025-01-03,completed,web,INR,8314.65,1156.77,7157.879999999999,0,1288.42,8446.3
ORD-004775,CUST-01397,2025-10-26,completed,web,INR,14044.02,702.2,13341.82,0,2401.53,15743.35
ORD-004776,CUST-01413,2025-07-20,completed,web,INR,5657.92,0.0,5657.92,0,1018.43,6676.35
ORD-004777,CUST-01357,2025-05-05,completed,web,INR,12452.57,903.6500000000001,11548.92,0,2078.81,13627.73
ORD-004778,CUST-00337,2026-07-17,completed,mobile_app,INR,4427.26,221.36,4205.9,0,757.06,4962.96
ORD-004779,CUST-00904,2026-06-19,completed,web,INR,9795.94,1469.39,8326.55,0,1498.78,9825.33
ORD-004780,CUST-00585,2025-04-21,shipped,web,INR,10418.0,1041.8,9376.2,0,1687.72,11063.92
ORD-004781,CUST-01528,2025-03-13,completed,web,INR,9116.44,455.82,8660.62,0,1558.91,10219.53
ORD-004782,CUST-00674,2026-01-14,completed,mobile_app,INR,26490.86,511.33,25979.53,0,4676.32,30655.85
ORD-004783,CUST-00832,2025-09-29,completed,web,INR,3848.44,103.95,3744.49,0,674.01,4418.5
ORD-004784,CUST-00909,2025-06-02,completed,mobile_app,INR,26598.68,2450.23,24148.45,0,4346.72,28495.17
ORD-004785,CUST-01522,2026-01-10,cancelled,web,INR,43429.16,6403.78,37025.38,0,6664.57,43689.95
ORD-004786,CUST-01406,2025-01-23,cancelled,mobile_app,INR,21125.92,0.0,21125.92,0,3802.67,24928.59
ORD-004787,CUST-01640,2026-05-08,cancelled,mobile_app,INR,33092.41,1357.4,31735.010000000002,0,5712.3,37447.31
ORD-004788,CUST-00856,2026-07-09,completed,mobile_app,INR,2110.26,105.51,2004.75,0,360.85,2365.6
ORD-004789,CUST-01640,2025-11-16,completed,mobile_app,INR,20340.39,212.33,20128.06,0,3623.05,23751.11
ORD-004790,CUST-01743,2025-09-01,cancelled,web,INR,11000.86,1668.23,9332.63,0,1679.87,11012.5
ORD-004791,CUST-01048,2025-10-09,returned,web,INR,4965.14,496.51,4468.63,0,804.35,5272.98
ORD-004792,CUST-01360,2025-06-27,completed,web,INR,8512.050000000001,462.75,8049.3,0,1448.87,9498.17
ORD-004793,CUST-01820,2026-06-19,completed,web,INR,29848.670000000002,3104.61,26744.06,0,4813.93,31557.99
ORD-004794,CUST-01677,2025-02-21,shipped,web,INR,21236.2,1149.5,20086.7,0,3615.61,23702.31
ORD-004795,CUST-00553,2026-07-03,pending,mobile_app,INR,2056.14,0.0,2056.14,0,370.11,2426.25
ORD-004796,CUST-01433,2025-06-25,completed,web,INR,2304.87,0.0,2304.87,0,414.88,2719.75
ORD-004797,CUST-00892,2026-01-11,completed,mobile_app,INR,4831.1,0.0,4831.1,0,869.6,5700.7
ORD-004798,CUST-00298,2026-04-22,cancelled,mobile_app,INR,8963.56,169.35,8794.210000000001,0,1582.96,10377.17
ORD-004799,CUST-00744,2026-07-09,shipped,web,INR,383.82,19.19,364.63,99,65.63,529.26
ORD-004800,CUST-01956,2026-07-27,completed,web,INR,8935.97,588.59,8347.380000000001,0,1502.53,9849.91
ORD-004801,CUST-01916,2025-09-01,completed,web,INR,54656.090000000004,2713.92,51942.17,0,9349.59,61291.76
ORD-004802,CUST-01574,2026-05-20,completed,web,INR,6201.74,316.03,5885.71,0,1059.43,6945.14
ORD-004803,CUST-01981,2025-12-15,shipped,web,INR,10246.380000000001,561.01,9685.369999999999,0,1743.37,11428.74
ORD-004804,CUST-01146,2025-07-03,cancelled,web,INR,29335.4,2415.93,26919.47,0,4845.5,31764.97
ORD-004805,CUST-01516,2026-06-21,completed,mobile_app,INR,8142.67,460.92,7681.75,0,1382.72,9064.47
ORD-004806,CUST-00331,2025-06-26,completed,web,INR,22976.67,370.68999999999994,22605.98,0,4069.08,26675.06
ORD-004807,CUST-00598,2026-02-08,shipped,web,INR,11841.83,1402.24,10439.59,0,1879.13,12318.72
ORD-004808,CUST-00346,2025-12-10,completed,web,INR,11169.509999999998,491.96,10677.55,0,1921.96,12599.51
ORD-004809,CUST-01876,2026-02-01,completed,web,INR,39256.25,455.17,38801.08,0,6984.19,45785.27
ORD-004810,CUST-01229,2025-06-06,completed,web,INR,5054.78,505.48,4549.3,0,818.87,5368.17
ORD-004811,CUST-01866,2025-11-25,completed,mobile_app,INR,7688.96,1153.34,6535.62,0,1176.41,7712.03
ORD-004812,CUST-00833,2026-04-01,cancelled,web,INR,1510.51,0.0,1510.51,99,271.89,1881.4
ORD-004813,CUST-00807,2026-06-16,completed,web,INR,35778.0,3577.8,32200.2,0,5796.04,37996.24
ORD-004814,CUST-01352,2025-11-26,cancelled,mobile_app,INR,14048.84,721.94,13326.9,0,2398.84,15725.74
ORD-004815,CUST-01136,2025-05-19,completed,mobile_app,INR,18371.65,168.02,18203.63,0,3276.65,21480.28
ORD-004816,CUST-00745,2026-06-06,completed,web,INR,25874.050000000003,1278.92,24595.13,0,4427.12,29022.25
ORD-004817,CUST-00636,2025-11-27,returned,mobile_app,INR,35764.96,781.39,34983.57,0,6297.04,41280.61
ORD-004818,CUST-01026,2025-03-22,completed,mobile_app,INR,10022.36,1271.69,8750.67,0,1575.12,10325.79
ORD-004819,CUST-00152,2025-07-26,cancelled,web,INR,4548.48,0.0,4548.48,0,818.73,5367.21
ORD-004820,CUST-00376,2025-07-09,completed,web,INR,11304.220000000001,0.0,11304.220000000001,0,2034.76,13338.98
ORD-004821,CUST-00088,2025-03-26,pending,mobile_app,INR,2094.6,0.0,2094.6,0,377.03,2471.63
ORD-004822,CUST-00311,2025-10-06,completed,web,INR,9195.58,725.18,8470.400000000001,0,1524.67,9995.07
ORD-004823,CUST-00398,2026-06-30,completed,web,INR,5027.82,0.0,5027.82,0,905.01,5932.83
ORD-004824,CUST-00152,2026-01-26,completed,mobile_app,INR,1631.79,0.0,1631.79,79,293.72,2004.51
ORD-004825,CUST-00111,2026-02-18,completed,mobile_app,INR,17243.61,395.99,16847.620000000003,0,3032.57,19880.19
ORD-004826,CUST-01640,2025-02-08,completed,web,INR,51200.14,997.73,50202.41,0,9036.43,59238.84
ORD-004827,CUST-00366,2026-04-30,completed,web,INR,9765.18,1464.78,8300.4,0,1494.07,9794.47
ORD-004828,CUST-01111,2025-12-23,completed,web,INR,19909.260000000002,648.15,19261.11,0,3467.0,22728.11
ORD-004829,CUST-00198,2026-03-08,completed,mobile_app,INR,30646.48,2002.88,28643.6,0,5155.85,33799.45
ORD-004830,CUST-01895,2025-10-10,shipped,mobile_app,INR,35917.86,1589.75,34328.11,0,6179.06,40507.17
ORD-004831,CUST-00478,2025-05-21,completed,mobile_app,INR,19052.75,1656.02,17396.73,0,3131.41,20528.14
ORD-004832,CUST-01499,2025-07-26,completed,web,INR,55318.89,7788.48,47530.41,0,8555.47,56085.88
ORD-004833,CUST-01283,2025-03-27,returned,mobile_app,INR,4431.32,204.67,4226.65,0,760.8,4987.45
ORD-004834,CUST-01538,2026-04-24,shipped,web,INR,26406.760000000002,409.62,25997.14,0,4679.49,30676.63
ORD-004835,CUST-01259,2025-11-26,completed,web,INR,1330.5,133.05,1197.45,49,215.54,1461.99
ORD-004836,CUST-01019,2026-03-27,completed,mobile_app,INR,15386.15,511.15,14874.999999999998,0,2677.5,17552.5
ORD-004837,CUST-01545,2026-04-24,completed,web,INR,11159.46,53.02,11106.44,0,1999.16,13105.6
ORD-004838,CUST-01631,2025-08-30,completed,mobile_app,INR,5343.84,0.0,5343.84,0,961.89,6305.73
ORD-004839,CUST-00760,2026-02-11,cancelled,web,INR,13058.1,0.0,13058.1,0,2350.46,15408.56
ORD-004840,CUST-01885,2025-09-18,completed,mobile_app,INR,18385.309999999998,1319.15,17066.16,0,3071.91,20138.07
ORD-004841,CUST-01975,2025-06-14,pending,web,INR,35295.71,3692.81,31602.899999999998,0,5688.52,37291.42
ORD-004842,CUST-01444,2026-07-24,shipped,web,INR,36952.46,3266.27,33686.19,0,6063.51,39749.7
ORD-004843,CUST-01858,2026-03-20,pending,web,INR,20664.36,14.16,20650.199999999997,0,3717.04,24367.24
ORD-004844,CUST-00212,2026-03-07,completed,mobile_app,INR,10568.75,593.34,9975.41,0,1795.57,11770.98
ORD-004845,CUST-01081,2026-06-01,shipped,mobile_app,INR,26913.75,1397.3600000000001,25516.39,0,4592.95,30109.34
ORD-004846,CUST-01303,2026-04-07,shipped,web,INR,54481.32,3177.0,51304.32,0,9234.78,60539.1
ORD-004847,CUST-01856,2026-05-28,shipped,mobile_app,INR,8364.14,493.1,7871.040000000001,0,1416.79,9287.83
ORD-004848,CUST-00241,2025-05-09,completed,web,INR,1739.54,0.0,1739.54,49,313.12,2101.66
ORD-004849,CUST-01613,2025-09-28,completed,web,INR,5483.85,548.39,4935.46,0,888.38,5823.84
ORD-004850,CUST-00155,2025-10-21,completed,web,INR,39681.66,249.8,39431.86,0,7097.73,46529.59
ORD-004851,CUST-00717,2025-12-20,completed,web,INR,15696.28,1193.59,14502.69,0,2610.48,17113.17
ORD-004852,CUST-01386,2026-04-06,returned,web,INR,2990.18,224.86,2765.32,0,497.76,3263.08
ORD-004853,CUST-00582,2026-04-27,shipped,web,INR,781.14,78.11,703.03,79,126.55,908.58
ORD-004854,CUST-01670,2025-12-10,completed,web,INR,4103.04,205.15,3897.89,0,701.62,4599.51
ORD-004855,CUST-01862,2026-05-23,completed,mobile_app,INR,23217.4,1364.2,21853.2,0,3933.58,25786.78
ORD-004856,CUST-00318,2026-03-02,completed,web,INR,2056.57,308.49,1748.08,49,314.65,2111.73
ORD-004857,CUST-00517,2026-06-30,cancelled,mobile_app,INR,943.37,11.53,931.84,99,167.73,1198.57
ORD-004858,CUST-00149,2026-02-21,returned,mobile_app,INR,40295.3,937.59,39357.71,0,7084.39,46442.1
ORD-004859,CUST-01421,2026-06-15,completed,web,INR,13954.599999999999,1336.47,12618.130000000001,0,2271.26,14889.39
ORD-004860,CUST-01774,2025-01-20,completed,mobile_app,INR,623.31,93.5,529.81,99,95.37,724.18
ORD-004861,CUST-01204,2026-06-14,pending,web,INR,28739.55,437.39,28302.16,0,5094.39,33396.55
ORD-004862,CUST-00265,2026-07-24,shipped,web,INR,15292.02,0.0,15292.02,0,2752.56,18044.58
ORD-004863,CUST-00348,2026-07-19,cancelled,mobile_app,INR,10206.04,1530.91,8675.13,0,1561.52,10236.65
ORD-004864,CUST-00071,2026-07-21,completed,web,INR,20317.37,644.73,19672.64,0,3541.08,23213.72
ORD-004865,CUST-00980,2026-03-15,completed,web,INR,20218.97,2119.7799999999997,18099.19,0,3257.85,21357.04
ORD-004866,CUST-01443,2026-07-31,shipped,mobile_app,INR,28117.8,3520.67,24597.13,0,4427.48,29024.61
ORD-004867,CUST-00301,2026-06-21,completed,mobile_app,INR,42333.57,1036.69,41296.880000000005,0,7433.44,48730.32
ORD-004868,CUST-01696,2026-05-09,cancelled,web,INR,9674.51,0.0,9674.51,0,1741.41,11415.92
ORD-004869,CUST-00506,2026-04-21,shipped,web,INR,11191.04,0.0,11191.04,0,2014.39,13205.43
ORD-004870,CUST-01029,2026-02-19,completed,mobile_app,INR,22779.29,1848.9,20930.39,0,3767.47,24697.86
ORD-004871,CUST-01336,2026-07-30,completed,mobile_app,INR,318.54,31.85,286.69,49,51.6,387.29
ORD-004872,CUST-01080,2026-03-14,cancelled,web,INR,48405.66,8952.5,39453.16,0,7101.57,46554.73
ORD-004873,CUST-00956,2025-12-17,returned,mobile_app,INR,6423.68,369.72,6053.959999999999,0,1089.71,7143.67
ORD-004874,CUST-00674,2025-10-02,completed,web,INR,12826.67,659.59,12167.080000000002,0,2190.07,14357.15
ORD-004875,CUST-00861,2026-07-12,cancelled,web,INR,7111.2,1066.68,6044.52,0,1088.01,7132.53
ORD-004876,CUST-00477,2026-03-23,completed,mobile_app,INR,8539.0,303.05,8235.95,0,1482.47,9718.42
ORD-004877,CUST-00590,2026-05-19,returned,mobile_app,INR,18531.440000000002,2742.6,15788.84,0,2841.99,18630.83
ORD-004878,CUST-01511,2025-10-15,shipped,web,INR,31454.6,3029.8,28424.800000000003,0,5116.46,33541.26
ORD-004879,CUST-01766,2026-07-29,completed,mobile_app,INR,8371.06,137.71,8233.349999999999,0,1482.0,9715.35
ORD-004880,CUST-01699,2026-07-05,shipped,web,INR,696.46,0.0,696.46,49,125.36,870.82
ORD-004881,CUST-00662,2026-04-26,shipped,web,INR,11978.83,1341.11,10637.72,0,1914.79,12552.51
ORD-004882,CUST-00643,2026-07-11,shipped,mobile_app,INR,21551.54,923.44,20628.1,0,3713.06,24341.16
ORD-004883,CUST-00117,2025-06-30,completed,web,INR,15588.779999999999,512.43,15076.349999999999,0,2713.74,17790.09
ORD-004884,CUST-00548,2026-07-20,shipped,web,INR,3528.4900000000002,248.19,3280.3,0,590.45,3870.75
ORD-004885,CUST-01172,2026-07-11,cancelled,web,INR,12617.76,1892.66,10725.1,0,1930.52,12655.62
ORD-004886,CUST-00536,2025-03-14,completed,web,INR,12022.55,1421.5800000000002,10600.97,0,1908.17,12509.14
ORD-004887,CUST-01467,2026-04-19,completed,mobile_app,INR,3628.26,181.41,3446.85,0,620.43,4067.28
ORD-004888,CUST-00102,2025-09-22,returned,web,INR,14114.38,705.72,13408.66,0,2413.56,15822.22
ORD-004889,CUST-00824,2025-12-01,completed,web,INR,13012.57,990.02,12022.55,0,2164.06,14186.61
ORD-004890,CUST-00563,2025-10-23,completed,mobile_app,INR,7499.45,455.07,7044.38,0,1267.99,8312.37
ORD-004891,CUST-00989,2026-06-08,returned,mobile_app,INR,15373.96,117.68,15256.28,0,2746.13,18002.41
ORD-004892,CUST-00052,2026-06-18,completed,mobile_app,INR,17105.85,0.0,17105.85,0,3079.05,20184.9
ORD-004893,CUST-00838,2025-07-18,cancelled,mobile_app,INR,8136.47,1220.4699999999998,6916.0,0,1244.88,8160.88
ORD-004894,CUST-01577,2025-12-14,completed,mobile_app,INR,16387.62,205.07,16182.55,0,2912.86,19095.41
ORD-004895,CUST-01714,2026-04-01,completed,mobile_app,INR,17361.21,2604.18,14757.03,0,2656.27,17413.3
ORD-004896,CUST-00512,2026-05-29,pending,web,INR,8726.06,320.6,8405.46,0,1512.98,9918.44
ORD-004897,CUST-00858,2025-10-04,cancelled,web,INR,11850.77,467.90000000000003,11382.87,0,2048.92,13431.79
ORD-004898,CUST-01381,2026-07-20,completed,web,INR,6590.4,1209.65,5380.75,0,968.54,6349.29
ORD-004899,CUST-00928,2026-06-17,returned,mobile_app,INR,41152.25,3087.14,38065.11,0,6851.72,44916.83
ORD-004900,CUST-01087,2026-04-05,returned,mobile_app,INR,11085.69,0.0,11085.69,0,1995.42,13081.11
ORD-004901,CUST-00684,2026-07-03,cancelled,mobile_app,INR,1743.12,348.62,1394.5,99,251.01,1744.51
ORD-004902,CUST-01675,2026-02-02,completed,web,INR,13287.21,1328.72,11958.49,0,2152.53,14111.02
ORD-004903,CUST-01264,2026-04-10,completed,mobile_app,INR,7084.9400000000005,579.88,6505.0599999999995,0,1170.91,7675.97
ORD-004904,CUST-01921,2025-11-19,shipped,web,INR,47317.61,6180.280000000001,41137.33,0,7404.72,48542.05
ORD-004905,CUST-01560,2026-06-15,returned,web,INR,7432.43,187.6,7244.83,0,1304.07,8548.9
ORD-004906,CUST-00735,2025-03-19,completed,web,INR,34334.15,1354.78,32979.37,0,5936.29,38915.66
ORD-004907,CUST-00656,2026-06-11,completed,web,INR,18209.76,0.0,18209.76,0,3277.76,21487.52
ORD-004908,CUST-00177,2026-01-13,completed,mobile_app,INR,20368.350000000002,793.5,19574.850000000002,0,3523.47,23098.32
ORD-004909,CUST-01245,2026-04-18,completed,web,INR,32631.5,1513.45,31118.050000000003,0,5601.25,36719.3
ORD-004910,CUST-01500,2026-06-12,completed,web,INR,13427.589999999998,1177.01,12250.58,0,2205.1,14455.68
ORD-004911,CUST-00709,2025-07-06,completed,mobile_app,INR,2484.08,248.41,2235.67,0,402.42,2638.09
ORD-004912,CUST-00043,2026-05-22,completed,web,INR,2266.15,429.43,1836.72,99,330.61,2266.33
ORD-004913,CUST-01652,2026-07-02,completed,web,INR,6580.56,0.0,6580.56,0,1184.5,7765.06
ORD-004914,CUST-00446,2026-04-25,completed,web,INR,2339.23,163.76999999999998,2175.46,0,391.58,2567.04
ORD-004915,CUST-01165,2026-04-21,returned,web,INR,16781.48,1630.5800000000002,15150.9,0,2727.16,17878.06
ORD-004916,CUST-00107,2026-04-18,completed,mobile_app,INR,35017.39,1450.19,33567.2,0,6042.1,39609.3
ORD-004917,CUST-00126,2025-11-05,completed,web,INR,39259.4,0.0,39259.4,0,7066.69,46326.09
ORD-004918,CUST-01797,2026-07-23,completed,web,INR,3371.6,0.0,3371.6,0,606.89,3978.49
ORD-004919,CUST-01345,2025-07-26,completed,web,INR,49752.25,1037.72,48714.53,0,8768.62,57483.15
ORD-004920,CUST-00011,2026-06-06,completed,web,INR,12828.21,938.33,11889.88,0,2140.18,14030.06
ORD-004921,CUST-00202,2026-06-15,pending,web,INR,9240.439999999999,641.55,8598.89,0,1547.8,10146.69
ORD-004922,CUST-00986,2026-02-17,completed,web,INR,6832.65,512.4100000000001,6320.24,0,1137.64,7457.88
ORD-004923,CUST-01361,2026-01-24,completed,mobile_app,INR,34321.16,1992.92,32328.239999999998,0,5819.08,38147.32
ORD-004924,CUST-00848,2025-04-20,cancelled,web,INR,7425.72,222.29,7203.43,0,1296.62,8500.05
ORD-004925,CUST-01746,2026-07-23,returned,mobile_app,INR,14636.25,0.0,14636.25,0,2634.52,17270.77
ORD-004926,CUST-01306,2026-05-16,completed,mobile_app,INR,24055.0,2781.8500000000004,21273.149999999998,0,3829.17,25102.32
ORD-004927,CUST-01229,2026-03-24,completed,web,INR,10039.65,1150.27,8889.38,0,1600.09,10489.47
ORD-004928,CUST-00580,2025-05-10,completed,web,INR,10899.24,1161.92,9737.32,0,1752.72,11490.04
ORD-004929,CUST-01364,2025-02-01,completed,mobile_app,INR,22997.5,3103.67,19893.83,0,3580.89,23474.72
ORD-004930,CUST-01748,2025-04-23,completed,web,INR,8509.220000000001,972.78,7536.44,0,1356.56,8893.0
ORD-004931,CUST-00098,2026-06-07,shipped,mobile_app,INR,41367.57,1488.1399999999999,39879.43,0,7178.3,47057.73
ORD-004932,CUST-01469,2026-02-27,completed,web,INR,11867.32,0.0,11867.32,0,2136.12,14003.44
ORD-004933,CUST-01760,2025-07-24,completed,web,INR,8999.82,419.26,8580.56,0,1544.5,10125.06
ORD-004934,CUST-00865,2026-06-03,shipped,mobile_app,INR,4855.44,0.0,4855.44,0,873.98,5729.42
ORD-004935,CUST-01532,2026-05-24,completed,mobile_app,INR,5518.52,0.0,5518.52,0,993.33,6511.85
ORD-004936,CUST-00717,2025-08-13,completed,web,INR,32268.86,361.51,31907.35,0,5743.32,37650.67
ORD-004937,CUST-00386,2025-01-25,cancelled,mobile_app,INR,21926.01,2192.6,19733.41,0,3552.01,23285.42
ORD-004938,CUST-01632,2026-05-09,completed,web,INR,15686.68,0.0,15686.68,0,2823.6,18510.28
ORD-004939,CUST-00623,2025-03-15,completed,web,INR,14419.44,1290.8600000000001,13128.58,0,2363.14,15491.72
ORD-004940,CUST-01515,2025-04-29,completed,mobile_app,INR,6948.56,0.0,6948.56,0,1250.74,8199.3
ORD-004941,CUST-00631,2026-01-09,completed,web,INR,37611.39,3146.0299999999997,34465.36,0,6203.76,40669.12
ORD-004942,CUST-00799,2026-01-03,completed,web,INR,2355.51,117.78,2237.73,0,402.79,2640.52
ORD-004943,CUST-01371,2026-05-05,completed,web,INR,17701.08,501.65000000000003,17199.43,0,3095.9,20295.33
ORD-004944,CUST-00683,2026-07-14,completed,mobile_app,INR,597.14,29.86,567.28,99,102.11,768.39
ORD-004945,CUST-01616,2025-08-20,completed,web,INR,30766.609999999997,187.12,30579.489999999998,0,5504.31,36083.8
ORD-004946,CUST-00078,2026-01-13,completed,mobile_app,INR,20783.059999999998,505.57,20277.489999999998,0,3649.95,23927.44
ORD-004947,CUST-00024,2026-07-08,cancelled,mobile_app,INR,16174.78,1617.4899999999998,14557.29,0,2620.31,17177.6
ORD-004948,CUST-00164,2025-12-16,pending,mobile_app,INR,975.62,0.0,975.62,79,175.61,1230.23
ORD-004949,CUST-00513,2026-07-15,completed,web,INR,17889.64,1548.65,16340.99,0,2941.38,19282.37
ORD-004950,CUST-00108,2025-11-20,completed,web,INR,30659.34,1080.3600000000001,29578.98,0,5324.22,34903.2
ORD-004951,CUST-00762,2026-01-12,cancelled,mobile_app,INR,623.18,93.48,529.7,79,95.35,704.05
ORD-004952,CUST-00049,2026-01-28,completed,web,INR,4140.6,0.0,4140.6,0,745.31,4885.91
ORD-004953,CUST-01513,2026-04-09,completed,web,INR,6843.1,684.31,6158.79,0,1108.58,7267.37
ORD-004954,CUST-00306,2025-03-22,returned,web,INR,7203.889999999999,0.0,7203.889999999999,0,1296.7,8500.59
ORD-004955,CUST-01945,2025-07-04,completed,mobile_app,INR,2747.92,476.39,2271.5299999999997,0,408.88,2680.41
ORD-004956,CUST-01715,2026-07-12,completed,mobile_app,INR,15164.76,1255.2399999999998,13909.52,0,2503.71,16413.23
ORD-004957,CUST-01389,2026-07-11,completed,web,INR,744.42,0.0,744.42,79,134.0,957.42
ORD-004958,CUST-01597,2026-01-28,completed,web,INR,12505.43,669.11,11836.32,0,2130.54,13966.86
ORD-004959,CUST-01550,2025-03-05,completed,mobile_app,INR,4925.36,0.0,4925.36,0,886.56,5811.92
ORD-004960,CUST-01692,2026-06-25,completed,web,INR,15412.1,467.29,14944.810000000001,0,2690.07,17634.88
ORD-004961,CUST-01111,2025-12-01,shipped,mobile_app,INR,23132.85,1215.7,21917.15,0,3945.09,25862.24
ORD-004962,CUST-01248,2025-08-28,completed,web,INR,13243.8,603.41,12640.39,0,2275.27,14915.66
ORD-004963,CUST-00939,2025-04-29,returned,web,INR,3343.14,668.63,2674.51,0,481.41,3155.92
ORD-004964,CUST-01249,2025-06-16,completed,web,INR,10960.3,783.15,10177.15,0,1831.89,12009.04
ORD-004965,CUST-00763,2026-06-24,completed,web,INR,29181.109999999997,55.02,29126.089999999997,0,5242.7,34368.79
ORD-004966,CUST-00248,2025-02-14,completed,web,INR,12544.86,0.0,12544.86,0,2258.07,14802.93
ORD-004967,CUST-01863,2026-06-02,completed,mobile_app,INR,1135.8,170.37,965.43,49,173.78,1188.21
ORD-004968,CUST-01398,2026-07-22,completed,web,INR,8317.3,706.67,7610.629999999999,0,1369.91,8980.54
ORD-004969,CUST-01410,2025-03-14,completed,mobile_app,INR,17940.43,1884.97,16055.46,0,2889.98,18945.44
ORD-004970,CUST-00561,2025-06-12,completed,web,INR,5505.5,825.82,4679.68,0,842.34,5522.02
ORD-004971,CUST-01542,2025-02-28,completed,web,INR,6210.96,0.0,6210.96,0,1117.97,7328.93
ORD-004972,CUST-01039,2025-12-02,completed,web,INR,16004.869999999999,944.46,15060.41,0,2710.87,17771.28
ORD-004973,CUST-00154,2026-04-22,completed,web,INR,36180.11,1381.38,34798.729999999996,0,6263.77,41062.5
ORD-004974,CUST-01910,2026-06-22,completed,web,INR,15476.44,2241.8,13234.64,0,2382.24,15616.88
ORD-004975,CUST-01984,2026-01-05,completed,mobile_app,INR,16914.34,1059.85,15854.49,0,2853.81,18708.3
ORD-004976,CUST-01742,2025-12-25,cancelled,web,INR,4258.42,0.0,4258.42,0,766.52,5024.94
ORD-004977,CUST-00950,2025-12-17,shipped,web,INR,23032.18,0.0,23032.18,0,4145.79,27177.97
ORD-004978,CUST-00467,2025-07-25,completed,web,INR,9937.82,727.5799999999999,9210.24,0,1657.84,10868.08
ORD-004979,CUST-00023,2025-07-23,completed,mobile_app,INR,6500.04,0.0,6500.04,0,1170.01,7670.05
ORD-004980,CUST-01474,2025-05-18,completed,web,INR,16253.45,448.09,15805.36,0,2844.96,18650.32
ORD-004981,CUST-01782,2026-06-02,completed,web,INR,17925.29,1995.02,15930.27,0,2867.45,18797.72
ORD-004982,CUST-00209,2025-08-05,completed,web,INR,21130.19,0.0,21130.19,0,3803.43,24933.62
ORD-004983,CUST-01369,2026-07-21,completed,web,INR,16419.43,981.4300000000001,15438.0,0,2778.84,18216.84
ORD-004984,CUST-00054,2026-03-24,pending,web,INR,4938.81,0.0,4938.81,0,888.99,5827.8
ORD-004985,CUST-01554,2025-08-28,cancelled,mobile_app,INR,46601.369999999995,2541.37,44060.0,0,7930.8,51990.8
ORD-004986,CUST-00057,2025-09-13,completed,mobile_app,INR,22660.54,812.88,21847.66,0,3932.58,25780.24
ORD-004987,CUST-01951,2026-07-23,completed,web,INR,12368.45,308.44,12060.009999999998,0,2170.8,14230.81
ORD-004988,CUST-00341,2026-06-21,completed,web,INR,6394.87,736.14,5658.73,0,1018.57,6677.3
ORD-004989,CUST-00801,2025-08-27,completed,web,INR,9321.3,960.9200000000001,8360.38,0,1504.87,9865.25
ORD-004990,CUST-01390,2026-05-20,completed,mobile_app,INR,34691.1,0.0,34691.1,0,6244.4,40935.5
ORD-004991,CUST-01693,2025-12-17,completed,mobile_app,INR,31174.5,2636.75,28537.75,0,5136.8,33674.55
ORD-004992,CUST-00727,2026-07-18,completed,web,INR,20594.28,1608.99,18985.29,0,3417.35,22402.64
ORD-004993,CUST-01961,2026-06-12,completed,mobile_app,INR,7365.28,844.85,6520.43,0,1173.68,7694.11
ORD-004994,CUST-00032,2025-02-13,shipped,web,INR,14389.279999999999,590.06,13799.220000000001,0,2483.86,16283.08
ORD-004995,CUST-00943,2026-07-08,completed,web,INR,18885.09,0.0,18885.09,0,3399.32,22284.41
ORD-004996,CUST-01977,2026-06-06,pending,mobile_app,INR,12343.98,1444.03,10899.95,0,1961.99,12861.94
ORD-004997,CUST-00549,2025-09-17,completed,mobile_app,INR,13581.84,1803.6399999999999,11778.2,0,2120.08,13898.28
ORD-004998,CUST-01067,2026-06-25,completed,web,INR,19593.65,102.88,19490.77,0,3508.34,22999.11
ORD-004999,CUST-00890,2025-07-22,completed,web,INR,23485.170000000002,374.52,23110.65,0,4159.92,27270.57
ORD-005000,CUST-00788,2026-05-03,completed,mobile_app,INR,7238.37,529.69,6708.68,0,1207.56,7916.24
ORD-005001,CUST-01536,2025-04-01,completed,web,INR,1731.27,346.25,1385.02,49,249.3,1683.32
ORD-005002,CUST-01038,2026-05-22,completed,web,INR,30083.27,1895.46,28187.81,0,5073.81,33261.62
ORD-005003,CUST-01428,2026-06-24,completed,web,INR,13278.16,667.78,12610.38,0,2269.87,14880.25
ORD-005004,CUST-01040,2026-04-09,completed,mobile_app,INR,5946.54,0.0,5946.54,0,1070.38,7016.92
ORD-005005,CUST-01995,2026-07-22,completed,web,INR,25965.06,3044.4,22920.66,0,4125.72,27046.38
ORD-005006,CUST-00941,2026-03-01,shipped,web,INR,17043.84,1638.74,15405.099999999999,0,2772.92,18178.02
ORD-005007,CUST-01593,2025-08-29,completed,web,INR,24718.56,1415.3,23303.26,0,4194.59,27497.85
ORD-005008,CUST-01226,2026-07-03,shipped,web,INR,15616.44,0.0,15616.44,0,2810.96,18427.4
ORD-005009,CUST-01603,2026-07-31,returned,mobile_app,INR,976.46,48.82,927.64,49,166.98,1143.62
ORD-005010,CUST-01772,2026-05-04,completed,web,INR,275.49,0.0,275.49,49,49.59,374.08
ORD-005011,CUST-00454,2025-04-12,returned,mobile_app,INR,43948.65,4021.0499999999997,39927.6,0,7186.97,47114.57
ORD-005012,CUST-00604,2026-07-01,completed,mobile_app,INR,9357.3,281.37,9075.93,0,1633.67,10709.6
ORD-005013,CUST-00604,2026-04-05,completed,web,INR,10313.4,0.0,10313.4,0,1856.41,12169.81
ORD-005014,CUST-00974,2025-10-17,completed,mobile_app,INR,12144.81,208.14,11936.67,0,2148.6,14085.27
ORD-005015,CUST-00984,2026-07-08,completed,web,INR,35013.57,3071.04,31942.53,0,5749.66,37692.19
ORD-005016,CUST-00008,2026-03-27,completed,web,INR,22524.14,1051.46,21472.68,0,3865.08,25337.76
ORD-005017,CUST-01791,2026-03-31,completed,web,INR,2036.62,203.66,1832.96,49,329.93,2211.89
ORD-005018,CUST-01720,2025-07-25,completed,web,INR,23570.0,2279.37,21290.63,0,3832.31,25122.94
ORD-005019,CUST-01203,2026-07-18,completed,web,INR,6415.0,565.28,5849.72,0,1052.95,6902.67
ORD-005020,CUST-00612,2025-12-04,cancelled,web,INR,16609.08,0.0,16609.08,0,2989.63,19598.71
ORD-005021,CUST-01654,2025-11-17,completed,web,INR,26025.16,2501.66,23523.5,0,4234.23,27757.73
ORD-005022,CUST-00543,2026-07-21,completed,mobile_app,INR,9732.310000000001,329.36,9402.95,0,1692.53,11095.48
ORD-005023,CUST-00612,2025-04-24,completed,web,INR,15547.460000000001,199.5,15347.960000000001,0,2762.63,18110.59
ORD-005024,CUST-01996,2026-03-17,returned,web,INR,23998.29,60.74,23937.55,0,4308.76,28246.31
ORD-005025,CUST-01848,2026-02-09,pending,mobile_app,INR,32843.97,3880.22,28963.75,0,5213.47,34177.22
ORD-005026,CUST-01169,2026-07-31,completed,web,INR,4066.5,217.68,3848.82,0,692.79,4541.61
ORD-005027,CUST-00339,2026-07-30,completed,mobile_app,INR,12671.92,275.45,12396.47,0,2231.36,14627.83
ORD-005028,CUST-00247,2026-07-02,completed,mobile_app,INR,18883.800000000003,3186.9,15696.9,0,2825.44,18522.34
ORD-005029,CUST-01929,2025-08-05,completed,web,INR,19126.02,1676.05,17449.97,0,3140.99,20590.96
ORD-005030,CUST-00532,2026-02-06,cancelled,web,INR,10263.880000000001,1624.65,8639.23,0,1555.06,10194.29
ORD-005031,CUST-01363,2025-04-05,completed,mobile_app,INR,9134.49,0.0,9134.49,0,1644.21,10778.7
ORD-005032,CUST-00707,2025-10-08,cancelled,mobile_app,INR,3366.99,336.7,3030.29,0,545.45,3575.74
ORD-005033,CUST-00994,2025-07-04,completed,mobile_app,INR,2813.49,257.59,2555.9,0,460.06,3015.96
ORD-005034,CUST-01973,2025-12-19,cancelled,mobile_app,INR,33631.03,1683.3400000000001,31947.690000000002,0,5750.58,37698.27
ORD-005035,CUST-01186,2025-11-26,completed,web,INR,9003.98,0.0,9003.98,0,1620.72,10624.7
ORD-005036,CUST-00862,2026-06-01,completed,web,INR,13073.51,205.05,12868.46,0,2316.32,15184.78
ORD-005037,CUST-00832,2025-11-25,completed,mobile_app,INR,35527.47,1630.09,33897.38,0,6101.53,39998.91
ORD-005038,CUST-00461,2026-02-25,completed,web,INR,10243.4,338.96,9904.439999999999,0,1782.8,11687.24
ORD-005039,CUST-01113,2025-05-13,returned,web,INR,6376.3,187.37,6188.93,0,1114.01,7302.94
ORD-005040,CUST-01140,2026-01-22,completed,web,INR,29799.42,2986.47,26812.95,0,4826.33,31639.28
ORD-005041,CUST-00191,2026-05-18,returned,mobile_app,INR,23195.58,272.78,22922.8,0,4126.1,27048.9
ORD-005042,CUST-00810,2026-07-30,completed,mobile_app,INR,2425.29,0.0,2425.29,0,436.55,2861.84
ORD-005043,CUST-01290,2025-09-09,completed,web,INR,11143.5,427.98,10715.52,0,1928.79,12644.31
ORD-005044,CUST-00110,2026-04-01,completed,web,INR,7991.58,461.26,7530.32,0,1355.46,8885.78
ORD-005045,CUST-01953,2025-12-26,completed,web,INR,3987.21,0.0,3987.21,0,717.7,4704.91
ORD-005046,CUST-01722,2026-05-15,cancelled,web,INR,26382.97,3073.39,23309.579999999998,0,4195.72,27505.3
ORD-005047,CUST-01274,2026-02-06,completed,mobile_app,INR,5367.24,0.0,5367.24,0,966.1,6333.34
ORD-005048,CUST-00032,2025-02-24,completed,web,INR,12320.96,671.08,11649.88,0,2096.98,13746.86
ORD-005049,CUST-01036,2025-12-31,completed,mobile_app,INR,32948.91,1490.16,31458.75,0,5662.58,37121.33
ORD-005050,CUST-01797,2026-07-16,shipped,web,INR,12594.0,1377.3899999999999,11216.61,0,2018.99,13235.6
ORD-005051,CUST-00046,2026-07-21,returned,mobile_app,INR,9018.12,732.81,8285.31,0,1491.36,9776.67
ORD-005052,CUST-01584,2026-03-09,cancelled,web,INR,22763.95,1500.25,21263.7,0,3827.47,25091.17
ORD-005053,CUST-01679,2026-07-08,completed,mobile_app,INR,3894.62,436.58,3458.04,0,622.45,4080.49
ORD-005054,CUST-00152,2025-06-30,completed,web,INR,22955.19,1106.43,21848.760000000002,0,3932.78,25781.54
ORD-005055,CUST-00461,2026-03-07,completed,mobile_app,INR,20982.52,3605.8700000000003,17376.65,0,3127.8,20504.45
ORD-005056,CUST-01448,2026-06-25,returned,mobile_app,INR,6651.27,665.13,5986.14,0,1077.51,7063.65
ORD-005057,CUST-01824,2026-07-08,completed,web,INR,14759.48,1150.65,13608.83,0,2449.59,16058.42
ORD-005058,CUST-01542,2025-07-23,pending,mobile_app,INR,1105.05,110.5,994.55,49,179.02,1222.57
ORD-005059,CUST-01052,2025-10-21,cancelled,mobile_app,INR,3438.83,229.25,3209.58,0,577.72,3787.3
ORD-005060,CUST-01205,2026-01-31,shipped,web,INR,34506.159999999996,5167.33,29338.83,0,5280.99,34619.82
ORD-005061,CUST-01050,2025-06-14,cancelled,web,INR,10442.64,599.35,9843.29,0,1771.79,11615.08
ORD-005062,CUST-01156,2025-09-11,completed,web,INR,4596.18,0.0,4596.18,0,827.31,5423.49
ORD-005063,CUST-01542,2026-07-05,completed,mobile_app,INR,18993.15,826.39,18166.760000000002,0,3270.02,21436.78
ORD-005064,CUST-00100,2025-03-10,completed,mobile_app,INR,20439.84,2043.98,18395.86,0,3311.25,21707.11
ORD-005065,CUST-00420,2026-07-05,completed,web,INR,10944.53,0.0,10944.53,0,1970.02,12914.55
ORD-005066,CUST-00119,2025-03-07,shipped,mobile_app,INR,28139.61,1406.98,26732.63,0,4811.87,31544.5
ORD-005067,CUST-01593,2025-02-25,completed,web,INR,1933.42,0.0,1933.42,99,348.02,2380.44
ORD-005068,CUST-01455,2026-06-22,returned,web,INR,38967.3,5601.1,33366.2,0,6005.92,39372.12
ORD-005069,CUST-00107,2026-07-20,returned,mobile_app,INR,15918.3,2325.8,13592.5,0,2446.65,16039.15
ORD-005070,CUST-00212,2026-07-04,completed,web,INR,18783.07,64.34,18718.730000000003,0,3369.37,22088.1
ORD-005071,CUST-00530,2026-07-15,completed,web,INR,10794.11,0.0,10794.11,0,1942.94,12737.05
ORD-005072,CUST-00484,2026-04-25,completed,web,INR,20977.17,1535.9199999999998,19441.25,0,3499.42,22940.67
ORD-005073,CUST-01039,2025-04-13,completed,web,INR,4610.42,230.52,4379.9,0,788.38,5168.28
ORD-005074,CUST-00998,2025-12-08,shipped,web,INR,16552.440000000002,1655.25,14897.189999999999,0,2681.49,17578.68
ORD-005075,CUST-00716,2026-05-01,shipped,web,INR,8012.59,801.26,7211.33,0,1298.04,8509.37
ORD-005076,CUST-00329,2026-03-01,shipped,web,INR,18370.989999999998,1655.6200000000001,16715.37,0,3008.77,19724.14
ORD-005077,CUST-01299,2025-05-30,completed,mobile_app,INR,2915.01,0.0,2915.01,0,524.7,3439.71
ORD-005078,CUST-01580,2025-08-18,cancelled,web,INR,30836.67,0.0,30836.67,0,5550.6,36387.27
ORD-005079,CUST-01281,2026-04-21,completed,mobile_app,INR,14807.34,1849.16,12958.18,0,2332.47,15290.65
ORD-005080,CUST-01615,2026-05-09,pending,mobile_app,INR,20839.64,371.0,20468.64,0,3684.36,24153.0
ORD-005081,CUST-01828,2026-07-30,cancelled,web,INR,2036.57,309.96,1726.61,99,310.79,2136.4
ORD-005082,CUST-01685,2025-11-25,shipped,web,INR,9616.6,0.0,9616.6,0,1730.99,11347.59
ORD-005083,CUST-01304,2026-05-30,completed,web,INR,9135.98,913.6,8222.38,0,1480.03,9702.41
ORD-005084,CUST-00100,2025-09-30,cancelled,mobile_app,INR,75906.51000000001,7830.86,68075.65,0,12253.62,80329.27
ORD-005085,CUST-00670,2025-10-21,completed,mobile_app,INR,9005.89,804.77,8201.119999999999,0,1476.2,9677.32
ORD-005086,CUST-00856,2026-06-07,completed,web,INR,2331.96,233.2,2098.76,0,377.78,2476.54
ORD-005087,CUST-01426,2026-03-18,completed,web,INR,1421.7,0.0,1421.7,79,255.91,1756.61
ORD-005088,CUST-01694,2025-08-17,completed,web,INR,33214.98,547.3,32667.68,0,5880.18,38547.86
ORD-005089,CUST-01281,2026-04-10,completed,web,INR,16832.66,0.0,16832.66,0,3029.88,19862.54
ORD-005090,CUST-00727,2026-06-22,completed,web,INR,26046.71,1495.15,24551.56,0,4419.28,28970.84
ORD-005091,CUST-01576,2026-04-09,cancelled,web,INR,4416.12,220.81,4195.31,0,755.16,4950.47
ORD-005092,CUST-01392,2026-04-13,shipped,web,INR,25209.010000000002,500.28,24708.730000000003,0,4447.57,29156.3
ORD-005093,CUST-01597,2025-11-21,returned,mobile_app,INR,897.09,89.71,807.38,49,145.33,1001.71
ORD-005094,CUST-01179,2025-08-23,cancelled,web,INR,5363.57,0.0,5363.57,0,965.44,6329.01
ORD-005095,CUST-01294,2025-11-16,completed,web,INR,13001.650000000001,1927.82,11073.83,0,1993.29,13067.12
ORD-005096,CUST-00695,2026-07-13,cancelled,web,INR,21393.41,2178.34,19215.07,0,3458.71,22673.78
ORD-005097,CUST-00800,2025-08-26,completed,mobile_app,INR,35022.95,5388.07,29634.88,0,5334.28,34969.16
ORD-005098,CUST-00553,2026-07-18,completed,web,INR,8067.16,706.49,7360.67,0,1324.92,8685.59
ORD-005099,CUST-00514,2026-06-18,pending,web,INR,10641.39,315.41999999999996,10325.970000000001,0,1858.67,12184.64
ORD-005100,CUST-01306,2026-04-09,returned,web,INR,14906.649999999998,0.0,14906.649999999998,0,2683.2,17589.85
ORD-005101,CUST-00768,2026-03-07,completed,mobile_app,INR,16712.47,2138.6,14573.87,0,2623.3,17197.17
ORD-005102,CUST-00268,2026-04-03,cancelled,web,INR,28654.879999999997,2733.25,25921.629999999997,0,4665.89,30587.52
ORD-005103,CUST-00071,2026-06-03,completed,mobile_app,INR,6098.26,304.91,5793.35,0,1042.8,6836.15
ORD-005104,CUST-01721,2026-01-24,returned,mobile_app,INR,12766.64,1975.6000000000001,10791.039999999999,0,1942.39,12733.43
ORD-005105,CUST-00871,2025-09-15,completed,mobile_app,INR,8819.91,1322.99,7496.92,0,1349.45,8846.37
ORD-005106,CUST-01153,2025-09-27,completed,mobile_app,INR,4113.9,0.0,4113.9,0,740.5,4854.4
ORD-005107,CUST-01810,2026-07-16,cancelled,web,INR,35377.93,4822.76,30555.17,0,5499.93,36055.1
ORD-005108,CUST-00224,2026-05-02,completed,web,INR,24029.19,2721.2200000000003,21307.97,0,3835.43,25143.4
ORD-005109,CUST-01875,2026-01-18,completed,mobile_app,INR,2691.12,0.0,2691.12,0,484.4,3175.52
ORD-005110,CUST-01408,2026-07-30,cancelled,mobile_app,INR,9651.74,482.59,9169.15,0,1650.45,10819.6
ORD-005111,CUST-01281,2026-05-14,cancelled,mobile_app,INR,11567.64,1854.68,9712.96,0,1748.33,11461.29
ORD-005112,CUST-00863,2025-08-24,completed,web,INR,5077.6900000000005,544.02,4533.67,0,816.06,5349.73
ORD-005113,CUST-01413,2025-11-28,shipped,mobile_app,INR,54669.56,4651.52,50018.03999999999,0,9003.25,59021.29
ORD-005114,CUST-00409,2026-07-08,completed,web,INR,6153.36,0.0,6153.36,0,1107.6,7260.96
ORD-005115,CUST-00605,2026-07-10,completed,web,INR,21096.91,991.47,20105.440000000002,0,3618.98,23724.42
ORD-005116,CUST-01923,2026-03-31,shipped,web,INR,36316.32,6088.82,30227.5,0,5440.95,35668.45
ORD-005117,CUST-00552,2025-05-28,completed,web,INR,18827.95,419.75,18408.2,0,3313.48,21721.68
ORD-005118,CUST-01440,2026-06-27,completed,web,INR,30230.07,0.0,30230.07,0,5441.41,35671.48
ORD-005119,CUST-01861,2025-12-11,returned,web,INR,50007.43,2194.58,47812.85,0,8606.31,56419.16
ORD-005120,CUST-01186,2026-01-25,cancelled,web,INR,44776.92,3080.58,41696.34,0,7505.34,49201.68
ORD-005121,CUST-00596,2026-07-24,completed,mobile_app,INR,15920.38,1780.79,14139.59,0,2545.13,16684.72
ORD-005122,CUST-01698,2025-12-21,completed,mobile_app,INR,19956.41,1450.87,18505.54,0,3331.0,21836.54
ORD-005123,CUST-01653,2025-02-05,returned,mobile_app,INR,35316.78,7063.36,28253.42,0,5085.62,33339.04
ORD-005124,CUST-01088,2026-07-25,cancelled,mobile_app,INR,14564.78,0.0,14564.78,0,2621.66,17186.44
ORD-005125,CUST-00230,2026-06-06,completed,mobile_app,INR,4476.9,447.69,4029.21,0,725.26,4754.47
ORD-005126,CUST-00883,2025-03-25,completed,mobile_app,INR,731.4,0.0,731.4,79,131.65,942.05
ORD-005127,CUST-00864,2026-05-09,completed,web,INR,11763.66,539.23,11224.43,0,2020.4,13244.83
ORD-005128,CUST-00379,2025-09-12,completed,web,INR,6998.55,0.0,6998.55,0,1259.74,8258.29
ORD-005129,CUST-00805,2026-07-11,completed,mobile_app,INR,21981.54,1876.0,20105.54,0,3619.0,23724.54
ORD-005130,CUST-00307,2025-10-24,completed,web,INR,34672.42,1969.6200000000001,32702.8,0,5886.5,38589.3
ORD-005131,CUST-01386,2025-11-22,cancelled,mobile_app,INR,3977.96,596.69,3381.27,0,608.63,3989.9
ORD-005132,CUST-00864,2026-06-02,returned,web,INR,15080.859999999999,81.6,14999.259999999998,0,2699.87,17699.13
ORD-005133,CUST-01462,2026-04-19,completed,web,INR,23698.05,424.99,23273.059999999998,0,4189.15,27462.21
ORD-005134,CUST-00912,2025-10-25,completed,web,INR,2767.64,0.0,2767.64,0,498.18,3265.82
ORD-005135,CUST-01428,2026-07-06,completed,mobile_app,INR,9352.119999999999,999.75,8352.369999999999,0,1503.43,9855.8
ORD-005136,CUST-01467,2026-05-26,completed,web,INR,8060.7699999999995,919.48,7141.29,0,1285.43,8426.72
ORD-005137,CUST-00321,2025-10-30,completed,web,INR,14292.97,680.98,13611.99,0,2450.16,16062.15
ORD-005138,CUST-00885,2026-06-12,pending,web,INR,16137.01,987.9200000000001,15149.09,0,2726.84,17875.93
ORD-005139,CUST-01500,2026-04-27,completed,web,INR,7458.45,745.85,6712.6,0,1208.27,7920.87
ORD-005140,CUST-01187,2025-07-24,shipped,web,INR,3353.53,0.0,3353.53,0,603.64,3957.17
ORD-005141,CUST-00444,2025-04-07,completed,mobile_app,INR,1274.08,63.7,1210.38,99,217.87,1527.25
ORD-005142,CUST-01666,2026-01-24,completed,web,INR,19567.78,1002.5,18565.28,0,3341.75,21907.03
ORD-005143,CUST-00400,2025-05-25,returned,mobile_app,INR,41513.92,6241.59,35272.33,0,6349.02,41621.35
ORD-005144,CUST-01987,2026-07-01,returned,web,INR,46113.76,230.62,45883.14,0,8258.97,54142.11
ORD-005145,CUST-01414,2026-07-22,completed,mobile_app,INR,21552.489999999998,3830.5699999999997,17721.92,0,3189.95,20911.87
ORD-005146,CUST-00646,2026-05-21,returned,mobile_app,INR,19171.620000000003,551.9,18619.72,0,3351.55,21971.27
ORD-005147,CUST-00390,2025-06-08,completed,mobile_app,INR,7199.97,228.44,6971.530000000001,0,1254.88,8226.41
ORD-005148,CUST-01804,2026-01-12,cancelled,mobile_app,INR,27373.170000000002,3913.85,23459.32,0,4222.68,27682.0
ORD-005149,CUST-01047,2026-03-10,completed,web,INR,4420.06,0.0,4420.06,0,795.61,5215.67
ORD-005150,CUST-01613,2026-02-28,completed,web,INR,5392.6,0.0,5392.6,0,970.67,6363.27
ORD-005151,CUST-01664,2026-01-06,shipped,web,INR,13692.380000000001,0.0,13692.380000000001,0,2464.63,16157.01
ORD-005152,CUST-00137,2026-01-02,cancelled,web,INR,10727.970000000001,259.42,10468.55,0,1884.34,12352.89
ORD-005153,CUST-01368,2025-08-09,cancelled,web,INR,5525.25,147.66,5377.59,0,967.97,6345.56
ORD-005154,CUST-00669,2026-06-29,completed,web,INR,36113.520000000004,0.0,36113.520000000004,0,6500.43,42613.95
ORD-005155,CUST-01816,2026-07-26,cancelled,mobile_app,INR,24307.92,1886.35,22421.57,0,4035.88,26457.45
ORD-005156,CUST-00439,2025-05-07,completed,web,INR,4671.16,510.91,4160.25,0,748.84,4909.09
ORD-005157,CUST-00068,2025-01-28,completed,web,INR,11618.78,2323.76,9295.02,0,1673.1,10968.12
ORD-005158,CUST-01329,2025-10-15,completed,web,INR,13426.789999999999,1162.59,12264.199999999999,0,2207.56,14471.76
ORD-005159,CUST-01105,2025-12-02,completed,web,INR,30410.97,2885.38,27525.59,0,4954.61,32480.2
ORD-005160,CUST-01111,2025-11-20,completed,web,INR,36517.21,2972.91,33544.299999999996,0,6037.97,39582.27
ORD-005161,CUST-00527,2026-06-22,shipped,mobile_app,INR,9477.45,1006.5400000000001,8470.91,0,1524.76,9995.67
ORD-005162,CUST-00990,2026-07-22,completed,web,INR,41378.68,3178.09,38200.590000000004,0,6876.11,45076.7
ORD-005163,CUST-01929,2025-02-14,completed,mobile_app,INR,16064.16,726.54,15337.619999999999,0,2760.77,18098.39
ORD-005164,CUST-01528,2025-04-11,completed,web,INR,39351.26,3891.37,35459.89,0,6382.78,41842.67
ORD-005165,CUST-01970,2025-05-04,shipped,web,INR,28921.019999999997,0.0,28921.019999999997,0,5205.78,34126.8
ORD-005166,CUST-00667,2025-11-19,completed,web,INR,20431.15,1600.02,18831.13,0,3389.6,22220.73
ORD-005167,CUST-01741,2026-02-18,completed,web,INR,13698.12,0.0,13698.12,0,2465.66,16163.78
ORD-005168,CUST-00766,2026-02-12,completed,web,INR,3498.54,349.85,3148.69,0,566.76,3715.45
ORD-005169,CUST-01872,2025-03-04,returned,web,INR,13056.11,745.15,12310.96,0,2215.97,14526.93
ORD-005170,CUST-01732,2026-05-09,pending,mobile_app,INR,1777.69,355.54,1422.15,49,255.99,1727.14
ORD-005171,CUST-00330,2026-05-09,completed,mobile_app,INR,57070.54,3233.03,53837.51,0,9690.75,63528.26
ORD-005172,CUST-01945,2025-01-18,returned,web,INR,13480.95,657.41,12823.54,0,2308.24,15131.78
ORD-005173,CUST-01215,2025-12-27,completed,mobile_app,INR,18765.86,55.48,18710.379999999997,0,3367.87,22078.25
ORD-005174,CUST-01553,2026-01-27,returned,mobile_app,INR,23880.79,563.12,23317.67,0,4197.18,27514.85
ORD-005175,CUST-01159,2025-02-28,completed,web,INR,10271.98,945.53,9326.45,0,1678.76,11005.21
ORD-005176,CUST-00435,2025-12-05,completed,web,INR,13231.9,1430.3899999999999,11801.51,0,2124.27,13925.78
ORD-005177,CUST-01970,2025-06-15,completed,web,INR,12190.95,1828.64,10362.31,0,1865.22,12227.53
ORD-005178,CUST-00226,2025-10-25,cancelled,mobile_app,INR,14298.43,1647.31,12651.12,0,2277.2,14928.32
ORD-005179,CUST-01618,2025-06-25,completed,web,INR,7759.379999999999,0.0,7759.379999999999,0,1396.69,9156.07
ORD-005180,CUST-00419,2026-01-21,completed,web,INR,15711.79,614.26,15097.529999999999,0,2717.56,17815.09
ORD-005181,CUST-01572,2026-04-06,completed,web,INR,15788.630000000001,789.43,14999.2,0,2699.86,17699.06
ORD-005182,CUST-00846,2025-01-02,pending,web,INR,13029.51,0.0,13029.51,0,2345.31,15374.82
ORD-005183,CUST-00474,2025-12-09,completed,web,INR,26236.989999999998,2211.31,24025.68,0,4324.62,28350.3
ORD-005184,CUST-00474,2026-02-05,shipped,web,INR,6557.65,0.0,6557.65,0,1180.38,7738.03
ORD-005185,CUST-00640,2026-06-13,completed,mobile_app,INR,13827.09,1505.54,12321.55,0,2217.88,14539.43
ORD-005186,CUST-01803,2026-03-12,returned,web,INR,14385.31,1633.23,12752.08,0,2295.37,15047.45
ORD-005187,CUST-01539,2026-03-27,completed,web,INR,14382.36,1271.25,13111.11,0,2360.0,15471.11
ORD-005188,CUST-01342,2025-06-26,completed,web,INR,1015.1,152.26,862.84,49,155.31,1067.15
ORD-005189,CUST-01260,2026-04-26,completed,web,INR,56785.270000000004,3777.06,53008.21,0,9541.48,62549.69
ORD-005190,CUST-00834,2026-01-29,completed,mobile_app,INR,7527.7,810.73,6716.97,0,1209.05,7926.02
ORD-005191,CUST-01803,2026-01-29,shipped,mobile_app,INR,38290.72,2413.68,35877.04,0,6457.87,42334.91
ORD-005192,CUST-00548,2026-05-06,shipped,mobile_app,INR,29403.36,1908.91,27494.45,0,4949.0,32443.45
ORD-005193,CUST-01886,2025-01-21,completed,web,INR,11865.94,2373.19,9492.75,0,1708.7,11201.45
ORD-005194,CUST-00762,2026-05-03,completed,mobile_app,INR,1103.3,0.0,1103.3,49,198.59,1350.89
ORD-005195,CUST-00683,2026-06-25,completed,mobile_app,INR,12022.419999999998,444.24,11578.18,0,2084.07,13662.25
ORD-005196,CUST-00953,2026-03-26,completed,web,INR,1790.09,0.0,1790.09,79,322.22,2191.31
ORD-005197,CUST-01498,2026-03-19,returned,mobile_app,INR,13693.060000000001,1383.43,12309.630000000001,0,2215.73,14525.36
ORD-005198,CUST-01428,2026-05-06,completed,mobile_app,INR,16854.199999999997,1438.78,15415.419999999998,0,2774.78,18190.2
ORD-005199,CUST-01534,2026-02-02,completed,mobile_app,INR,1004.2,0.0,1004.2,79,180.76,1263.96
ORD-005200,CUST-00179,2026-06-19,completed,web,INR,17509.38,0.0,17509.38,0,3151.69,20661.07
ORD-005201,CUST-00323,2026-04-01,cancelled,web,INR,41858.53,1698.04,40160.49,0,7228.89,47389.38
ORD-005202,CUST-01698,2025-08-05,cancelled,mobile_app,INR,13218.88,0.0,13218.88,0,2379.4,15598.28
ORD-005203,CUST-01962,2026-07-24,returned,web,INR,5899.08,0.0,5899.08,0,1061.83,6960.91
ORD-005204,CUST-00256,2025-12-27,completed,mobile_app,INR,9608.119999999999,552.8100000000001,9055.31,0,1629.96,10685.27
ORD-005205,CUST-01809,2025-05-05,completed,web,INR,22527.61,2280.46,20247.15,0,3644.49,23891.64
ORD-005206,CUST-00525,2026-04-14,completed,web,INR,20753.13,0.0,20753.13,0,3735.56,24488.69
ORD-005207,CUST-01959,2026-04-21,cancelled,mobile_app,INR,9630.84,179.81,9451.03,0,1701.19,11152.22
ORD-005208,CUST-01988,2026-07-31,completed,web,INR,20682.96,0.0,20682.96,0,3722.93,24405.89
ORD-005209,CUST-01274,2025-10-07,shipped,web,INR,26790.5,2201.83,24588.67,0,4425.96,29014.63
ORD-005210,CUST-00381,2025-12-04,completed,mobile_app,INR,17618.41,2213.46,15404.95,0,2772.89,18177.84
ORD-005211,CUST-01577,2026-01-24,cancelled,mobile_app,INR,9271.65,1800.95,7470.700000000001,0,1344.73,8815.43
ORD-005212,CUST-00203,2026-05-25,completed,web,INR,12903.039999999999,1531.58,11371.46,0,2046.86,13418.32
ORD-005213,CUST-00669,2026-06-17,cancelled,web,INR,2879.16,143.96,2735.2,0,492.34,3227.54
ORD-005214,CUST-01277,2026-07-11,completed,web,INR,4938.53,246.93,4691.6,0,844.49,5536.09
ORD-005215,CUST-00136,2025-05-18,cancelled,web,INR,31384.59,0.0,31384.59,0,5649.23,37033.82
ORD-005216,CUST-00787,2026-05-08,completed,mobile_app,INR,7113.52,0.0,7113.52,0,1280.43,8393.95
ORD-005217,CUST-01595,2026-03-19,shipped,mobile_app,INR,15928.52,709.5,15219.02,0,2739.42,17958.44
ORD-005218,CUST-00184,2026-07-15,cancelled,web,INR,13648.54,946.8199999999999,12701.72,0,2286.31,14988.03
ORD-005219,CUST-00734,2026-02-15,completed,web,INR,18124.07,761.6,17362.47,0,3125.24,20487.71
ORD-005220,CUST-00008,2026-01-01,completed,web,INR,20926.08,1141.7,19784.379999999997,0,3561.19,23345.57
ORD-005221,CUST-01317,2026-04-03,completed,web,INR,11637.5,0.0,11637.5,0,2094.75,13732.25
ORD-005222,CUST-00159,2026-01-03,completed,web,INR,7433.34,942.9200000000001,6490.42,0,1168.28,7658.7
ORD-005223,CUST-00562,2025-03-27,completed,mobile_app,INR,9183.279999999999,556.56,8626.72,0,1552.81,10179.53
ORD-005224,CUST-01046,2026-01-11,completed,mobile_app,INR,10271.23,356.82,9914.41,0,1784.59,11699.0
ORD-005225,CUST-00430,2026-02-22,completed,web,INR,20576.760000000002,2523.67,18053.09,0,3249.56,21302.65
ORD-005226,CUST-00462,2025-03-29,completed,mobile_app,INR,35503.11,2425.13,33077.98,0,5954.04,39032.02
ORD-005227,CUST-01670,2026-03-27,completed,web,INR,29280.44,4367.540000000001,24912.899999999998,0,4484.32,29397.22
ORD-005228,CUST-01556,2026-02-07,completed,web,INR,6100.25,476.05,5624.2,0,1012.36,6636.56
ORD-005229,CUST-00162,2025-09-28,shipped,web,INR,16971.29,784.55,16186.740000000002,0,2913.61,19100.35
ORD-005230,CUST-01716,2026-07-22,completed,web,INR,20077.49,2007.75,18069.74,0,3252.55,21322.29
ORD-005231,CUST-00937,2025-12-19,returned,web,INR,8426.45,0.0,8426.45,0,1516.76,9943.21
ORD-005232,CUST-00290,2025-07-30,shipped,mobile_app,INR,6056.55,145.9,5910.650000000001,0,1063.92,6974.57
ORD-005233,CUST-01814,2026-04-04,completed,web,INR,837.28,0.0,837.28,79,150.71,1066.99
ORD-005234,CUST-00675,2026-06-06,cancelled,web,INR,1743.24,261.49,1481.75,79,266.71,1827.46
ORD-005235,CUST-00652,2026-07-17,completed,web,INR,39958.89,7991.780000000001,31967.11,0,5754.08,37721.19
ORD-005236,CUST-00294,2026-04-02,completed,mobile_app,INR,3618.21,361.82,3256.39,0,586.15,3842.54
ORD-005237,CUST-01773,2025-04-28,completed,web,INR,16048.64,432.27,15616.369999999999,0,2810.95,18427.32
ORD-005238,CUST-00574,2025-04-05,shipped,mobile_app,INR,33532.69,4213.51,29319.18,0,5277.45,34596.63
ORD-005239,CUST-01185,2025-05-25,completed,mobile_app,INR,10861.89,1128.45,9733.44,0,1752.02,11485.46
ORD-005240,CUST-00479,2026-06-22,completed,web,INR,14620.349999999999,1547.0900000000001,13073.26,0,2353.19,15426.45
ORD-005241,CUST-01791,2025-11-01,completed,web,INR,597.72,0.0,597.72,49,107.59,754.31
ORD-005242,CUST-01574,2026-04-04,completed,web,INR,1859.2399999999998,156.48,1702.76,79,306.5,2088.26
ORD-005243,CUST-01007,2026-07-16,completed,web,INR,12917.95,0.0,12917.95,0,2325.23,15243.18
ORD-005244,CUST-00691,2026-07-28,completed,web,INR,6590.4,988.56,5601.84,0,1008.33,6610.17
ORD-005245,CUST-01311,2025-11-07,completed,mobile_app,INR,10658.2,1000.29,9657.91,0,1738.42,11396.33
ORD-005246,CUST-00992,2025-10-05,cancelled,mobile_app,INR,8176.62,0.0,8176.62,0,1471.79,9648.41
ORD-005247,CUST-01882,2025-06-24,completed,web,INR,17698.41,1035.04,16663.370000000003,0,2999.41,19662.78
ORD-005248,CUST-01348,2026-04-08,completed,web,INR,34338.78,754.3299999999999,33584.450000000004,0,6045.2,39629.65
ORD-005249,CUST-00055,2026-03-31,completed,web,INR,14011.68,317.26,13694.42,0,2465.0,16159.42
ORD-005250,CUST-01645,2025-06-03,returned,web,INR,7655.549999999999,349.55,7306.0,0,1315.08,8621.08
ORD-005251,CUST-00386,2025-01-22,shipped,web,INR,36944.84,1245.57,35699.270000000004,0,6425.87,42125.14
ORD-005252,CUST-00603,2026-05-04,completed,mobile_app,INR,26063.82,942.51,25121.309999999998,0,4521.84,29643.15
ORD-005253,CUST-00873,2025-11-13,cancelled,web,INR,12633.33,0.0,12633.33,0,2274.0,14907.33
ORD-005254,CUST-00419,2026-01-16,shipped,web,INR,3509.42,0.0,3509.42,0,631.7,4141.12
ORD-005255,CUST-01885,2026-01-14,cancelled,mobile_app,INR,7040.6,551.38,6489.22,0,1168.06,7657.28
ORD-005256,CUST-01957,2026-04-23,shipped,web,INR,700.25,105.04,595.21,79,107.14,781.35
ORD-005257,CUST-00312,2026-04-07,cancelled,mobile_app,INR,2514.85,157.61,2357.24,0,424.3,2781.54
ORD-005258,CUST-00641,2026-05-17,completed,mobile_app,INR,33444.74,1880.24,31564.5,0,5681.61,37246.11
ORD-005259,CUST-00742,2026-06-01,completed,web,INR,4490.88,0.0,4490.88,0,808.36,5299.24
ORD-005260,CUST-01343,2025-10-14,completed,web,INR,33661.94,2088.4300000000003,31573.51,0,5683.23,37256.74
ORD-005261,CUST-01196,2025-12-11,completed,mobile_app,INR,3336.02,0.0,3336.02,0,600.48,3936.5
ORD-005262,CUST-01356,2026-01-14,completed,web,INR,14588.85,1458.88,13129.97,0,2363.39,15493.36
ORD-005263,CUST-00063,2026-01-03,pending,web,INR,2488.58,0.0,2488.58,0,447.94,2936.52
ORD-005264,CUST-01029,2026-02-06,shipped,mobile_app,INR,1296.72,194.51,1102.21,79,198.4,1379.61
ORD-005265,CUST-00422,2026-03-16,cancelled,web,INR,9295.33,342.93,8952.4,0,1611.43,10563.83
ORD-005266,CUST-00457,2025-07-17,shipped,web,INR,12597.49,757.83,11839.66,0,2131.14,13970.8
ORD-005267,CUST-01550,2025-03-19,returned,web,INR,14103.03,1478.87,12624.16,0,2272.35,14896.51
ORD-005268,CUST-00283,2026-02-04,shipped,web,INR,22520.399999999998,0.0,22520.399999999998,0,4053.67,26574.07
ORD-005269,CUST-00063,2026-05-24,completed,mobile_app,INR,39206.53,1744.01,37462.520000000004,0,6743.25,44205.77
ORD-005270,CUST-00975,2026-02-18,completed,mobile_app,INR,17607.39,399.81,17207.579999999998,0,3097.36,20304.94
ORD-005271,CUST-01472,2026-05-23,completed,web,INR,14124.32,1649.43,12474.89,0,2245.48,14720.37
ORD-005272,CUST-01022,2026-03-02,completed,web,INR,27727.190000000002,685.7,27041.49,0,4867.47,31908.96
ORD-005273,CUST-00323,2026-07-03,completed,mobile_app,INR,10354.99,1229.84,9125.15,0,1642.53,10767.68
ORD-005274,CUST-01547,2025-12-15,completed,web,INR,13828.08,1625.07,12203.009999999998,0,2196.54,14399.55
ORD-005275,CUST-00764,2026-07-14,completed,web,INR,53836.119999999995,2393.3,51442.82,0,9259.71,60702.53
ORD-005276,CUST-01420,2025-04-28,completed,web,INR,12121.68,613.09,11508.59,0,2071.55,13580.14
ORD-005277,CUST-00405,2025-08-09,returned,web,INR,18312.37,735.36,17577.01,0,3163.86,20740.87
ORD-005278,CUST-01825,2026-01-04,completed,web,INR,1231.52,0.0,1231.52,99,221.67,1552.19
ORD-005279,CUST-00568,2025-09-06,cancelled,web,INR,13696.890000000001,1900.11,11796.78,0,2123.42,13920.2
ORD-005280,CUST-01942,2025-03-23,completed,web,INR,46277.94,4736.41,41541.53,0,7477.48,49019.01
ORD-005281,CUST-00755,2025-11-16,pending,web,INR,6692.52,1003.88,5688.64,0,1023.96,6712.6
ORD-005282,CUST-01456,2025-03-19,shipped,mobile_app,INR,19847.11,125.13,19721.98,0,3549.96,23271.94
ORD-005283,CUST-01005,2025-01-21,returned,web,INR,35253.09,4024.22,31228.87,0,5621.2,36850.07
ORD-005284,CUST-00154,2025-10-03,completed,mobile_app,INR,11193.470000000001,842.1500000000001,10351.32,0,1863.24,12214.56
ORD-005285,CUST-00197,2025-08-25,completed,web,INR,11118.93,232.25,10886.68,0,1959.6,12846.28
ORD-005286,CUST-00811,2025-08-29,completed,web,INR,10543.92,881.17,9662.75,0,1739.29,11402.04
ORD-005287,CUST-00387,2025-07-19,completed,web,INR,40703.229999999996,3472.92,37230.31,0,6701.46,43931.77
ORD-005288,CUST-01218,2026-03-04,shipped,web,INR,8543.769999999999,730.96,7812.81,0,1406.31,9219.12
ORD-005289,CUST-00276,2025-04-01,completed,web,INR,7113.360000000001,339.71,6773.650000000001,0,1219.26,7992.91
ORD-005290,CUST-01181,2026-01-19,completed,web,INR,14425.01,862.93,13562.080000000002,0,2441.17,16003.25
ORD-005291,CUST-00410,2026-05-04,returned,web,INR,7748.0599999999995,0.0,7748.0599999999995,0,1394.65,9142.71
ORD-005292,CUST-00363,2025-03-22,completed,web,INR,10798.59,0.0,10798.59,0,1943.75,12742.34
ORD-005293,CUST-00735,2025-03-25,shipped,web,INR,9560.57,0.0,9560.57,0,1720.9,11281.47
ORD-005294,CUST-01166,2026-03-27,completed,mobile_app,INR,1429.95,71.5,1358.45,99,244.52,1701.97
ORD-005295,CUST-00799,2025-10-17,completed,web,INR,7425.150000000001,96.69,7328.460000000001,0,1319.12,8647.58
ORD-005296,CUST-00700,2025-05-29,completed,mobile_app,INR,8988.11,46.79,8941.32,0,1609.44,10550.76
ORD-005297,CUST-00681,2026-06-05,completed,web,INR,12509.78,1303.83,11205.95,0,2017.07,13223.02
ORD-005298,CUST-00678,2025-07-07,cancelled,web,INR,2400.6,120.03,2280.57,0,410.5,2691.07
ORD-005299,CUST-00808,2025-12-15,returned,web,INR,7333.32,541.72,6791.599999999999,0,1222.49,8014.09
ORD-005300,CUST-01669,2026-01-17,completed,mobile_app,INR,5385.98,195.35,5190.63,0,934.31,6124.94
ORD-005301,CUST-01156,2025-09-11,completed,web,INR,14542.560000000001,712.0,13830.56,0,2489.5,16320.06
ORD-005302,CUST-00844,2026-03-12,cancelled,mobile_app,INR,3228.06,0.0,3228.06,0,581.05,3809.11
ORD-005303,CUST-01500,2026-06-04,completed,mobile_app,INR,3034.89,0.0,3034.89,0,546.28,3581.17
ORD-005304,CUST-01055,2025-05-01,completed,web,INR,54716.21,5400.66,49315.55,0,8876.8,58192.35
ORD-005305,CUST-01899,2026-06-04,completed,web,INR,8586.83,348.38,8238.45,0,1482.92,9721.37
ORD-005306,CUST-01126,2026-06-05,cancelled,web,INR,34099.4,1931.44,32167.96,0,5790.23,37958.19
ORD-005307,CUST-00433,2026-07-08,completed,web,INR,12006.87,1710.57,10296.3,0,1853.33,12149.63
ORD-005308,CUST-01126,2026-07-05,completed,mobile_app,INR,2817.2,434.25,2382.95,0,428.93,2811.88
ORD-005309,CUST-01548,2026-04-26,pending,mobile_app,INR,1119.59,111.96,1007.63,79,181.37,1268.0
ORD-005310,CUST-00427,2026-07-23,returned,web,INR,3093.2,330.25,2762.95,0,497.33,3260.28
ORD-005311,CUST-00405,2025-05-02,shipped,web,INR,24016.13,0.0,24016.13,0,4322.9,28339.03
ORD-005312,CUST-01199,2026-03-30,shipped,web,INR,7784.75,243.53,7541.22,0,1357.42,8898.64
ORD-005313,CUST-01769,2025-12-17,returned,mobile_app,INR,9266.08,824.75,8441.33,0,1519.44,9960.77
ORD-005314,CUST-00670,2025-11-05,completed,web,INR,15826.849999999999,1306.1399999999999,14520.71,0,2613.73,17134.44
ORD-005315,CUST-01014,2025-05-11,cancelled,mobile_app,INR,28599.39,1429.97,27169.42,0,4890.5,32059.92
ORD-005316,CUST-01311,2025-08-06,completed,web,INR,21019.690000000002,943.85,20075.84,0,3613.65,23689.49
ORD-005317,CUST-01328,2026-03-27,completed,mobile_app,INR,3893.4799999999996,130.83,3762.6499999999996,0,677.28,4439.93
ORD-005318,CUST-00292,2026-05-21,cancelled,web,INR,13124.970000000001,657.89,12467.080000000002,0,2244.07,14711.15
ORD-005319,CUST-00791,2026-01-28,shipped,web,INR,12516.8,1848.12,10668.68,0,1920.36,12589.04
ORD-005320,CUST-01989,2025-11-02,completed,mobile_app,INR,21459.210000000003,634.13,20825.08,0,3748.51,24573.59
ORD-005321,CUST-01778,2026-03-23,completed,mobile_app,INR,4578.65,591.85,3986.7999999999997,0,717.62,4704.42
ORD-005322,CUST-01545,2025-05-19,cancelled,web,INR,7062.08,0.0,7062.08,0,1271.17,8333.25
ORD-005323,CUST-00049,2026-07-22,completed,mobile_app,INR,18602.61,1335.68,17266.93,0,3108.05,20374.98
ORD-005324,CUST-00835,2026-04-02,shipped,web,INR,24372.06,386.65,23985.41,0,4317.37,28302.78
ORD-005325,CUST-00103,2026-05-16,completed,web,INR,27197.96,1234.76,25963.2,0,4673.38,30636.58
ORD-005326,CUST-00603,2026-02-19,completed,web,INR,6844.09,546.24,6297.849999999999,0,1133.61,7431.46
ORD-005327,CUST-01730,2026-06-06,pending,web,INR,6369.79,636.98,5732.8099999999995,0,1031.91,6764.72
ORD-005328,CUST-00776,2026-06-27,cancelled,mobile_app,INR,25067.589999999997,776.03,24291.559999999998,0,4372.48,28664.04
ORD-005329,CUST-00337,2026-07-19,returned,web,INR,17642.37,882.12,16760.25,0,3016.84,19777.09
ORD-005330,CUST-01443,2026-06-09,shipped,web,INR,11695.380000000001,583.03,11112.349999999999,0,2000.22,13112.57
ORD-005331,CUST-01519,2025-07-07,completed,mobile_app,INR,7204.49,433.0,6771.49,0,1218.87,7990.36
ORD-005332,CUST-01311,2025-11-11,shipped,web,INR,6383.49,638.35,5745.14,0,1034.13,6779.27
ORD-005333,CUST-01619,2026-04-07,completed,web,INR,1679.55,0.0,1679.55,79,302.32,2060.87
ORD-005334,CUST-01405,2025-06-10,completed,web,INR,13296.619999999999,130.96,13165.66,0,2369.82,15535.48
ORD-005335,CUST-01270,2026-02-05,completed,mobile_app,INR,6093.139999999999,531.44,5561.7,0,1001.11,6562.81
ORD-005336,CUST-01778,2025-11-26,completed,web,INR,16789.33,0.0,16789.33,0,3022.08,19811.41
ORD-005337,CUST-00649,2026-07-31,completed,mobile_app,INR,3844.95,94.29,3750.66,0,675.12,4425.78
ORD-005338,CUST-00913,2025-06-23,completed,mobile_app,INR,6338.63,116.03,6222.6,0,1120.07,7342.67
ORD-005339,CUST-01127,2026-04-18,completed,mobile_app,INR,9857.16,1896.48,7960.68,0,1432.92,9393.6
ORD-005340,CUST-01340,2026-06-07,completed,mobile_app,INR,23093.0,503.41999999999996,22589.58,0,4066.12,26655.7
ORD-005341,CUST-00953,2025-12-01,completed,web,INR,2008.97,401.79,1607.18,79,289.29,1975.47
ORD-005342,CUST-00884,2025-05-04,completed,mobile_app,INR,9677.5,1036.05,8641.45,0,1555.46,10196.91
ORD-005343,CUST-00331,2026-05-16,returned,web,INR,18515.550000000003,1214.09,17301.46,0,3114.26,20415.72
ORD-005344,CUST-01277,2026-06-01,completed,web,INR,9849.11,433.51,9415.6,0,1694.81,11110.41
ORD-005345,CUST-00248,2025-03-02,cancelled,web,INR,40151.97,1406.36,38745.61,0,6974.21,45719.82
ORD-005346,CUST-00950,2026-05-09,completed,mobile_app,INR,14798.04,1031.48,13766.560000000001,0,2477.98,16244.54
ORD-005347,CUST-00818,2026-01-01,cancelled,web,INR,1854.52,278.18,1576.34,99,283.74,1959.08
ORD-005348,CUST-01554,2025-11-15,shipped,mobile_app,INR,13223.99,324.83,12899.16,0,2321.85,15221.01
ORD-005349,CUST-00954,2025-11-23,returned,mobile_app,INR,50521.4,993.5400000000001,49527.86,0,8915.01,58442.87
ORD-005350,CUST-00011,2025-08-25,returned,web,INR,45433.47,4208.12,41225.35,0,7420.56,48645.91
ORD-005351,CUST-01013,2025-04-08,shipped,web,INR,27239.030000000002,3482.62,23756.41,0,4276.15,28032.56
ORD-005352,CUST-00432,2025-12-30,completed,web,INR,2161.84,108.09,2053.75,0,369.68,2423.43
ORD-005353,CUST-00761,2025-04-06,completed,web,INR,15468.64,613.66,14854.98,0,2673.9,17528.88
ORD-005354,CUST-00593,2025-12-03,completed,mobile_app,INR,21558.399999999998,3986.8,17571.6,0,3162.89,20734.49
ORD-005355,CUST-00334,2026-07-01,returned,web,INR,42987.54,3824.85,39162.69,0,7049.28,46211.97
ORD-005356,CUST-01891,2025-10-08,returned,web,INR,25410.63,370.98,25039.65,0,4507.14,29546.79
ORD-005357,CUST-00508,2025-01-09,completed,web,INR,686.22,102.93,583.29,79,104.99,767.28
ORD-005358,CUST-01015,2025-11-15,shipped,web,INR,16115.04,1543.94,14571.099999999999,0,2622.8,17193.9
ORD-005359,CUST-01657,2026-06-25,completed,web,INR,27640.600000000002,3731.3599999999997,23909.239999999998,0,4303.66,28212.9
ORD-005360,CUST-00729,2026-05-13,shipped,web,INR,29337.74,1179.65,28158.09,0,5068.46,33226.55
ORD-005361,CUST-01875,2026-03-04,completed,mobile_app,INR,13194.39,659.72,12534.67,0,2256.24,14790.91
ORD-005362,CUST-00809,2025-08-04,completed,web,INR,35340.25,2214.2200000000003,33126.03,0,5962.69,39088.72
ORD-005363,CUST-01894,2026-04-27,returned,web,INR,25195.12,2693.74,22501.379999999997,0,4050.25,26551.63
ORD-005364,CUST-00904,2026-04-20,completed,web,INR,15835.41,1424.1200000000001,14411.29,0,2594.03,17005.32
ORD-005365,CUST-00029,2025-11-20,cancelled,mobile_app,INR,7478.07,416.75,7061.32,0,1271.04,8332.36
ORD-005366,CUST-01736,2026-05-04,shipped,mobile_app,INR,26833.059999999998,3750.37,23082.69,0,4154.88,27237.57
ORD-005367,CUST-01729,2025-03-09,completed,web,INR,6171.389999999999,302.95,5868.44,0,1056.32,6924.76
ORD-005368,CUST-01925,2025-01-09,completed,web,INR,5214.79,0.0,5214.79,0,938.66,6153.45
ORD-005369,CUST-00248,2026-04-13,completed,mobile_app,INR,4144.11,0.0,4144.11,0,745.94,4890.05
ORD-005370,CUST-01689,2026-06-16,completed,mobile_app,INR,9127.8,792.94,8334.86,0,1500.27,9835.13
ORD-005371,CUST-00684,2026-06-27,returned,web,INR,544.13,108.83,435.3,49,78.35,562.65
ORD-005372,CUST-01684,2026-05-14,completed,mobile_app,INR,9154.1,0.0,9154.1,0,1647.74,10801.84
ORD-005373,CUST-01928,2025-06-12,completed,web,INR,2681.35,402.2,2279.15,0,410.25,2689.4
ORD-005374,CUST-00399,2026-07-20,completed,web,INR,6496.82,0.0,6496.82,0,1169.43,7666.25
ORD-005375,CUST-00743,2026-07-13,completed,mobile_app,INR,15100.14,0.0,15100.14,0,2718.03,17818.17
ORD-005376,CUST-00538,2026-04-21,completed,web,INR,8690.92,194.75,8496.17,0,1529.31,10025.48
ORD-005377,CUST-00610,2026-04-28,completed,web,INR,12533.43,319.35,12214.080000000002,0,2198.53,14412.61
ORD-005378,CUST-01193,2026-05-21,completed,mobile_app,INR,19716.34,2250.66,17465.68,0,3143.82,20609.5
ORD-005379,CUST-00825,2025-11-09,cancelled,mobile_app,INR,1035.17,207.03,828.14,99,149.07,1076.21
ORD-005380,CUST-01313,2026-02-23,completed,web,INR,16948.46,1230.46,15718.0,0,2829.24,18547.24
ORD-005381,CUST-01349,2026-07-25,completed,mobile_app,INR,63168.93,0.0,63168.93,0,11370.41,74539.34
ORD-005382,CUST-00406,2026-02-28,completed,web,INR,6352.54,281.67,6070.87,0,1092.76,7163.63
ORD-005383,CUST-00088,2025-02-19,completed,mobile_app,INR,3450.02,0.0,3450.02,0,621.0,4071.02
ORD-005384,CUST-01493,2026-05-27,completed,mobile_app,INR,1966.98,393.4,1573.58,49,283.24,1905.82
ORD-005385,CUST-00364,2026-05-08,shipped,mobile_app,INR,12036.48,985.34,11051.14,0,1989.21,13040.35
ORD-005386,CUST-00400,2026-01-29,pending,mobile_app,INR,7553.22,145.01,7408.21,0,1333.48,8741.69
ORD-005387,CUST-01203,2026-07-23,completed,mobile_app,INR,38488.81,1492.5800000000002,36996.229999999996,0,6659.32,43655.55
ORD-005388,CUST-00527,2026-05-21,completed,mobile_app,INR,8230.77,0.0,8230.77,0,1481.54,9712.31
ORD-005389,CUST-00380,2026-03-31,completed,web,INR,6033.96,0.0,6033.96,0,1086.11,7120.07
ORD-005390,CUST-00614,2026-02-01,completed,web,INR,4668.93,745.01,3923.92,0,706.31,4630.23
ORD-005391,CUST-01046,2026-05-26,cancelled,web,INR,39897.18,1579.46,38317.72,0,6897.19,45214.91
ORD-005392,CUST-01692,2026-06-21,completed,web,INR,4137.74,196.53,3941.21,0,709.42,4650.63
ORD-005393,CUST-01978,2026-03-13,returned,mobile_app,INR,9814.380000000001,797.74,9016.64,0,1623.0,10639.64
ORD-005394,CUST-01465,2026-07-18,completed,web,INR,7698.12,384.91,7313.21,0,1316.38,8629.59
ORD-005395,CUST-01798,2026-07-18,completed,mobile_app,INR,7540.7300000000005,0.0,7540.7300000000005,0,1357.33,8898.06
ORD-005396,CUST-01062,2026-03-24,shipped,web,INR,7423.97,139.31,7284.66,0,1311.24,8595.9
ORD-005397,CUST-00817,2025-01-10,completed,web,INR,30314.519999999997,4208.16,26106.36,0,4699.14,30805.5
ORD-005398,CUST-01640,2025-07-19,shipped,web,INR,5379.66,285.78999999999996,5093.87,0,916.9,6010.77
ORD-005399,CUST-00605,2026-05-30,cancelled,web,INR,31069.05,2659.03,28410.02,0,5113.8,33523.82
ORD-005400,CUST-01626,2026-07-25,completed,web,INR,13122.03,0.0,13122.03,0,2361.97,15484.0
ORD-005401,CUST-01997,2025-07-24,completed,web,INR,24771.809999999998,1862.69,22909.12,0,4123.64,27032.76
ORD-005402,CUST-00780,2026-05-07,completed,web,INR,64813.369999999995,7931.07,56882.3,0,10238.81,67121.11
ORD-005403,CUST-01267,2026-06-10,completed,mobile_app,INR,5894.04,294.7,5599.34,0,1007.88,6607.22
ORD-005404,CUST-01563,2025-07-05,shipped,web,INR,27507.57,916.22,26591.35,0,4786.44,31377.79
ORD-005405,CUST-01568,2026-07-07,completed,mobile_app,INR,3910.19,782.04,3128.15,0,563.07,3691.22
ORD-005406,CUST-00413,2026-04-09,completed,mobile_app,INR,8689.45,434.47,8254.98,0,1485.9,9740.88
ORD-005407,CUST-01926,2025-06-24,shipped,web,INR,16521.42,1652.14,14869.28,0,2676.47,17545.75
ORD-005408,CUST-01007,2026-04-13,cancelled,web,INR,6092.86,236.9,5855.96,0,1054.07,6910.03
ORD-005409,CUST-00084,2026-07-04,shipped,mobile_app,INR,24249.4,4186.5,20062.9,0,3611.32,23674.22
ORD-005410,CUST-00237,2026-05-15,completed,mobile_app,INR,9847.16,581.15,9266.01,0,1667.88,10933.89
ORD-005411,CUST-01456,2025-12-30,completed,web,INR,10646.84,304.85,10341.99,0,1861.56,12203.55
ORD-005412,CUST-00854,2026-07-19,completed,mobile_app,INR,2324.03,0.0,2324.03,0,418.33,2742.36
ORD-005413,CUST-00216,2025-02-27,cancelled,web,INR,4323.41,500.35,3823.06,0,688.15,4511.21
ORD-005414,CUST-01041,2026-02-11,cancelled,web,INR,11378.47,641.67,10736.8,0,1932.62,12669.42
ORD-005415,CUST-01200,2026-03-11,cancelled,web,INR,15648.02,1237.4,14410.619999999999,0,2593.91,17004.53
ORD-005416,CUST-00160,2026-01-23,completed,mobile_app,INR,12012.27,888.86,11123.41,0,2002.21,13125.62
ORD-005417,CUST-00701,2026-07-21,shipped,web,INR,5749.98,287.5,5462.48,0,983.25,6445.73
ORD-005418,CUST-00926,2026-07-10,returned,web,INR,14307.14,523.0899999999999,13784.05,0,2481.13,16265.18
ORD-005419,CUST-01561,2025-06-27,completed,web,INR,22313.9,1142.1999999999998,21171.7,0,3810.91,24982.61
ORD-005420,CUST-01304,2026-05-17,completed,web,INR,24015.079999999998,4156.79,19858.29,0,3574.49,23432.78
ORD-005421,CUST-00175,2025-10-19,completed,web,INR,19092.54,966.66,18125.88,0,3262.66,21388.54
ORD-005422,CUST-01229,2025-12-08,completed,web,INR,11654.29,1022.8299999999999,10631.460000000001,0,1913.66,12545.12
ORD-005423,CUST-01806,2026-07-18,completed,mobile_app,INR,3358.5,335.85,3022.65,0,544.08,3566.73
ORD-005424,CUST-00109,2025-04-08,completed,mobile_app,INR,9493.74,148.78,9344.96,0,1682.09,11027.05
ORD-005425,CUST-01974,2025-08-27,completed,web,INR,9054.52,452.73,8601.79,0,1548.32,10150.11
ORD-005426,CUST-00191,2026-04-22,cancelled,web,INR,4359.23,435.92,3923.31,0,706.2,4629.51
ORD-005427,CUST-01246,2026-07-24,cancelled,web,INR,17419.1,1123.27,16295.829999999998,0,2933.25,19229.08
ORD-005428,CUST-00703,2026-01-11,shipped,mobile_app,INR,14005.89,2455.7800000000007,11550.11,0,2079.02,13629.13
ORD-005429,CUST-01462,2026-02-16,returned,web,INR,32525.16,0.0,32525.16,0,5854.53,38379.69
ORD-005430,CUST-01686,2026-07-16,completed,mobile_app,INR,34294.91,166.64,34128.270000000004,0,6143.09,40271.36
ORD-005431,CUST-01704,2025-12-15,cancelled,web,INR,16016.449999999999,133.22,15883.23,0,2858.98,18742.21
ORD-005432,CUST-01740,2026-02-14,completed,web,INR,28726.03,0.0,28726.03,0,5170.69,33896.72
ORD-005433,CUST-01633,2025-06-24,cancelled,web,INR,15069.630000000001,968.8499999999999,14100.78,0,2538.14,16638.92
ORD-005434,CUST-00620,2025-03-29,returned,web,INR,15131.29,1217.02,13914.269999999999,0,2504.57,16418.84
ORD-005435,CUST-00931,2025-07-04,shipped,web,INR,1049.43,0.0,1049.43,49,188.9,1287.33
ORD-005436,CUST-01438,2025-10-13,completed,web,INR,27528.800000000003,1612.98,25915.82,0,4664.85,30580.67
ORD-005437,CUST-00337,2026-07-25,completed,web,INR,9680.619999999999,426.63,9253.99,0,1665.72,10919.71
ORD-005438,CUST-01155,2025-01-24,completed,mobile_app,INR,9594.33,1918.87,7675.46,0,1381.58,9057.04
ORD-005439,CUST-01061,2026-04-10,completed,web,INR,2273.85,113.69,2160.16,0,388.83,2548.99
ORD-005440,CUST-01967,2025-12-20,completed,mobile_app,INR,18231.05,1108.91,17122.14,0,3081.99,20204.13
ORD-005441,CUST-00100,2026-01-24,completed,mobile_app,INR,84003.4,8400.34,75603.06,0,13608.55,89211.61
ORD-005442,CUST-00190,2025-02-08,completed,web,INR,28142.9,331.22,27811.68,0,5006.1,32817.78
ORD-005443,CUST-00061,2026-07-21,returned,web,INR,16981.309999999998,206.55,16774.760000000002,0,3019.46,19794.22
ORD-005444,CUST-01096,2025-09-10,completed,web,INR,4001.33,0.0,4001.33,0,720.24,4721.57
ORD-005445,CUST-01102,2025-03-27,cancelled,mobile_app,INR,27386.690000000002,3525.12,23861.570000000003,0,4295.08,28156.65
ORD-005446,CUST-01186,2025-03-18,completed,mobile_app,INR,9478.92,1895.78,7583.14,0,1364.97,8948.11
ORD-005447,CUST-00485,2026-05-21,completed,mobile_app,INR,20229.72,1712.56,18517.16,0,3333.09,21850.25
ORD-005448,CUST-00616,2026-07-12,completed,web,INR,7515.889999999999,77.1,7438.79,0,1338.98,8777.77
ORD-005449,CUST-00834,2026-03-10,cancelled,mobile_app,INR,9313.16,931.32,8381.84,0,1508.73,9890.57
ORD-005450,CUST-00094,2025-07-12,completed,web,INR,913.88,91.39,822.49,49,148.05,1019.54
ORD-005451,CUST-01505,2026-07-11,shipped,web,INR,20055.25,1039.7,19015.55,0,3422.8,22438.35
ORD-005452,CUST-00105,2026-03-14,completed,web,INR,6614.549999999999,455.63,6158.92,0,1108.61,7267.53
ORD-005453,CUST-01334,2026-03-14,completed,web,INR,16173.48,0.0,16173.48,0,2911.23,19084.71
ORD-005454,CUST-00908,2026-03-18,completed,web,INR,17818.61,0.0,17818.61,0,3207.35,21025.96
ORD-005455,CUST-01998,2026-07-27,completed,web,INR,7621.01,932.36,6688.65,0,1203.96,7892.61
ORD-005456,CUST-01385,2025-10-28,completed,mobile_app,INR,31713.78,3064.39,28649.39,0,5156.89,33806.28
ORD-005457,CUST-00952,2026-01-17,cancelled,web,INR,24728.44,2185.0,22543.44,0,4057.82,26601.26
ORD-005458,CUST-01401,2026-04-08,completed,mobile_app,INR,24077.27,845.45,23231.82,0,4181.73,27413.55
ORD-005459,CUST-00235,2026-06-26,completed,web,INR,18612.72,1913.7800000000002,16698.94,0,3005.81,19704.75
ORD-005460,CUST-00362,2026-05-07,completed,web,INR,900.44,45.02,855.42,49,153.98,1058.4
ORD-005461,CUST-00998,2026-07-27,pending,web,INR,10028.88,66.45,9962.43,0,1793.24,11755.67
ORD-005462,CUST-01716,2026-05-09,completed,mobile_app,INR,9037.61,229.78,8807.83,0,1585.41,10393.24
ORD-005463,CUST-01641,2026-02-28,completed,mobile_app,INR,3862.74,386.27,3476.47,0,625.76,4102.23
ORD-005464,CUST-00755,2025-09-21,completed,web,INR,2279.31,0.0,2279.31,0,410.28,2689.59
ORD-005465,CUST-00568,2025-11-08,cancelled,web,INR,3196.35,479.45,2716.9,0,489.04,3205.94
ORD-005466,CUST-01929,2025-01-01,completed,web,INR,836.34,167.27,669.07,99,120.43,888.5
ORD-005467,CUST-01131,2025-04-24,cancelled,web,INR,3809.26,0.0,3809.26,0,685.67,4494.93
ORD-005468,CUST-00237,2026-03-01,cancelled,mobile_app,INR,18217.84,0.0,18217.84,0,3279.21,21497.05
ORD-005469,CUST-00450,2026-02-05,completed,mobile_app,INR,30188.52,1255.1,28933.420000000002,0,5208.02,34141.44
ORD-005470,CUST-01673,2026-07-10,completed,web,INR,16651.43,1241.76,15409.67,0,2773.74,18183.41
ORD-005471,CUST-01797,2026-07-28,completed,web,INR,21435.64,2736.69,18698.95,0,3365.81,22064.76
ORD-005472,CUST-01817,2026-06-16,completed,web,INR,7512.360000000001,291.63,7220.73,0,1299.73,8520.46
ORD-005473,CUST-00014,2026-06-16,completed,mobile_app,INR,38241.36,1451.16,36790.2,0,6622.24,43412.44
ORD-005474,CUST-01646,2026-03-25,completed,web,INR,19141.34,0.0,19141.34,0,3445.44,22586.78
ORD-005475,CUST-00224,2025-07-19,completed,web,INR,5146.32,0.0,5146.32,0,926.34,6072.66
ORD-005476,CUST-01618,2026-06-17,shipped,mobile_app,INR,22787.030000000002,910.64,21876.39,0,3937.75,25814.14
ORD-005477,CUST-01763,2026-07-10,completed,web,INR,1470.28,73.51,1396.77,99,251.42,1747.19
ORD-005478,CUST-00723,2026-05-21,completed,web,INR,32086.08,3853.26,28232.82,0,5081.91,33314.73
ORD-005479,CUST-00388,2026-03-13,completed,web,INR,24316.08,0.0,24316.08,0,4376.89,28692.97
ORD-005480,CUST-01427,2025-10-08,completed,mobile_app,INR,14457.53,1118.65,13338.880000000001,0,2401.0,15739.88
ORD-005481,CUST-00137,2026-01-23,completed,mobile_app,INR,19585.13,1843.6,17741.53,0,3193.48,20935.01
ORD-005482,CUST-01159,2026-01-02,returned,web,INR,4438.91,816.79,3622.12,0,651.98,4274.1
ORD-005483,CUST-00664,2025-11-17,completed,web,INR,8015.650000000001,0.0,8015.650000000001,0,1442.82,9458.47
ORD-005484,CUST-00849,2026-07-14,completed,web,INR,13994.64,0.0,13994.64,0,2519.04,16513.68
ORD-005485,CUST-01652,2025-11-06,cancelled,mobile_app,INR,7870.68,563.46,7307.219999999999,0,1315.3,8622.52
ORD-005486,CUST-01987,2026-06-06,completed,web,INR,14884.960000000001,544.75,14340.210000000001,0,2581.24,16921.45
ORD-005487,CUST-00805,2026-06-02,completed,web,INR,21811.6,697.3399999999999,21114.26,0,3800.57,24914.83
ORD-005488,CUST-00581,2026-06-01,completed,web,INR,12248.330000000002,14.99,12233.34,0,2202.0,14435.34
ORD-005489,CUST-01669,2026-02-09,completed,mobile_app,INR,8158.360000000001,587.99,7570.37,0,1362.67,8933.04
ORD-005490,CUST-00827,2026-03-20,shipped,web,INR,12684.41,519.18,12165.23,0,2189.74,14354.97
ORD-005491,CUST-00400,2025-02-14,shipped,web,INR,11486.13,1204.53,10281.6,0,1850.69,12132.29
ORD-005492,CUST-01806,2026-01-06,shipped,web,INR,14031.58,530.8199999999999,13500.76,0,2430.14,15930.9
ORD-005493,CUST-01984,2026-01-20,completed,mobile_app,INR,17549.44,1583.4899999999998,15965.95,0,2873.87,18839.82
ORD-005494,CUST-00579,2026-05-29,cancelled,mobile_app,INR,13644.39,406.57,13237.82,0,2382.81,15620.63
ORD-005495,CUST-00316,2026-03-03,completed,mobile_app,INR,13759.150000000001,1266.34,12492.810000000001,0,2248.71,14741.52
ORD-005496,CUST-00306,2025-02-17,pending,web,INR,7384.38,0.0,7384.38,0,1329.19,8713.57
ORD-005497,CUST-01198,2026-07-26,shipped,web,INR,5661.3,283.06,5378.24,0,968.08,6346.32
ORD-005498,CUST-00620,2025-06-11,completed,web,INR,15656.18,1096.99,14559.19,0,2620.65,17179.84
ORD-005499,CUST-01247,2026-05-28,shipped,mobile_app,INR,44389.44,284.31,44105.13,0,7938.92,52044.05
ORD-005500,CUST-01519,2025-09-25,completed,mobile_app,INR,1581.45,237.22,1344.23,99,241.96,1685.19
ORD-005501,CUST-00012,2026-07-17,completed,web,INR,43555.159999999996,1470.99,42084.17,0,7575.15,49659.32
ORD-005502,CUST-01720,2025-10-29,completed,web,INR,44175.37,2207.61,41967.76,0,7554.2,49521.96
ORD-005503,CUST-00059,2025-12-14,completed,web,INR,8872.2,887.22,7984.98,0,1437.3,9422.28
ORD-005504,CUST-00229,2025-08-22,completed,mobile_app,INR,26107.25,2113.0,23994.25,0,4318.96,28313.21
ORD-005505,CUST-01450,2026-03-30,shipped,web,INR,25428.68,1375.02,24053.66,0,4329.66,28383.32
ORD-005506,CUST-01244,2025-06-04,completed,web,INR,18960.68,306.4,18654.28,0,3357.77,22012.05
ORD-005507,CUST-01957,2025-12-20,shipped,web,INR,18582.13,1987.35,16594.78,0,2987.06,19581.84
ORD-005508,CUST-01135,2025-09-21,completed,web,INR,4009.6200000000003,298.12,3711.5,0,668.07,4379.57
ORD-005509,CUST-00835,2026-05-29,cancelled,web,INR,21011.04,3151.6499999999996,17859.39,0,3214.69,21074.08
ORD-005510,CUST-01338,2026-01-07,shipped,mobile_app,INR,28039.250000000004,1296.95,26742.3,0,4813.61,31555.91
ORD-005511,CUST-01525,2026-01-14,shipped,mobile_app,INR,23100.93,0.0,23100.93,0,4158.17,27259.1
ORD-005512,CUST-01343,2026-03-22,completed,web,INR,12694.880000000001,0.0,12694.880000000001,0,2285.08,14979.96
ORD-005513,CUST-00742,2026-02-17,pending,web,INR,7173.860000000001,717.39,6456.47,0,1162.16,7618.63
ORD-005514,CUST-01919,2025-12-15,completed,mobile_app,INR,15922.17,0.0,15922.17,0,2865.99,18788.16
ORD-005515,CUST-00604,2025-06-09,cancelled,mobile_app,INR,5206.02,0.0,5206.02,0,937.08,6143.1
ORD-005516,CUST-00694,2026-07-06,completed,web,INR,24445.33,3929.7599999999998,20515.57,0,3692.8,24208.37
ORD-005517,CUST-00556,2025-05-20,completed,mobile_app,INR,6357.01,186.25,6170.76,0,1110.74,7281.5
ORD-005518,CUST-00600,2025-11-27,completed,mobile_app,INR,8664.02,556.36,8107.66,0,1459.38,9567.04
ORD-005519,CUST-00426,2026-02-13,completed,mobile_app,INR,31604.36,501.5,31102.86,0,5598.51,36701.37
ORD-005520,CUST-01163,2026-06-30,completed,web,INR,22075.510000000002,1189.85,20885.66,0,3759.42,24645.08
ORD-005521,CUST-01458,2025-07-22,completed,web,INR,27140.039999999997,1693.52,25446.52,0,4580.37,30026.89
ORD-005522,CUST-00859,2025-12-12,completed,web,INR,8803.58,916.66,7886.92,0,1419.65,9306.57
ORD-005523,CUST-01846,2025-11-20,pending,mobile_app,INR,31300.489999999998,2208.92,29091.57,0,5236.48,34328.05
ORD-005524,CUST-00948,2025-06-11,completed,mobile_app,INR,15887.8,1560.67,14327.13,0,2578.88,16906.01
ORD-005525,CUST-00935,2026-07-28,completed,mobile_app,INR,7221.51,227.98,6993.53,0,1258.84,8252.37
ORD-005526,CUST-00139,2026-01-11,shipped,web,INR,10980.76,860.0699999999999,10120.689999999999,0,1821.72,11942.41
ORD-005527,CUST-01808,2025-10-04,completed,web,INR,4738.42,0.0,4738.42,0,852.92,5591.34
ORD-005528,CUST-00297,2026-05-16,shipped,mobile_app,INR,2589.12,258.91,2330.21,0,419.44,2749.65
ORD-005529,CUST-00329,2025-10-22,completed,mobile_app,INR,5899.86,589.99,5309.87,0,955.78,6265.65
ORD-005530,CUST-01871,2025-11-16,completed,mobile_app,INR,13821.39,691.07,13130.32,0,2363.46,15493.78
ORD-005531,CUST-01040,2026-04-22,completed,web,INR,18946.45,1061.7,17884.75,0,3219.25,21104.0
ORD-005532,CUST-00137,2026-07-22,shipped,mobile_app,INR,5281.65,370.54,4911.110000000001,0,884.0,5795.11
ORD-005533,CUST-00884,2025-06-17,shipped,mobile_app,INR,26370.879999999997,3445.01,22925.87,0,4126.66,27052.53
ORD-005534,CUST-01181,2026-01-01,shipped,mobile_app,INR,29281.72,1203.04,28078.68,0,5054.16,33132.84
ORD-005535,CUST-00021,2025-04-19,completed,web,INR,15060.19,1604.3,13455.890000000001,0,2422.06,15877.95
ORD-005536,CUST-01510,2026-03-01,cancelled,mobile_app,INR,7631.17,171.43,7459.74,0,1342.75,8802.49
ORD-005537,CUST-01338,2026-05-09,completed,web,INR,6301.8,0.0,6301.8,0,1134.32,7436.12
ORD-005538,CUST-00024,2026-07-31,shipped,web,INR,5877.72,587.77,5289.95,0,952.19,6242.14
ORD-005539,CUST-01237,2025-10-01,completed,web,INR,15240.86,156.06,15084.8,0,2715.26,17800.06
ORD-005540,CUST-00446,2025-10-31,shipped,web,INR,20128.89,2547.38,17581.510000000002,0,3164.67,20746.18
ORD-005541,CUST-01469,2026-06-03,pending,mobile_app,INR,11235.41,1119.55,10115.86,0,1820.85,11936.71
ORD-005542,CUST-00755,2026-03-03,completed,mobile_app,INR,12962.580000000002,1930.48,11032.1,0,1985.78,13017.88
ORD-005543,CUST-00405,2026-07-12,cancelled,web,INR,5613.54,1062.89,4550.650000000001,0,819.12,5369.77
ORD-005544,CUST-01014,2025-10-19,completed,mobile_app,INR,24517.15,4503.4,20013.75,0,3602.48,23616.23
ORD-005545,CUST-00887,2025-01-02,completed,web,INR,27152.71,4842.91,22309.8,0,4015.76,26325.56
ORD-005546,CUST-00684,2026-07-28,completed,web,INR,4457.56,332.5,4125.0599999999995,0,742.51,4867.57
ORD-005547,CUST-01757,2026-01-25,shipped,web,INR,22315.35,3075.78,19239.57,0,3463.12,22702.69
ORD-005548,CUST-01298,2026-06-01,completed,web,INR,9403.48,305.41,9098.07,0,1637.65,10735.72
ORD-005549,CUST-00975,2025-03-10,completed,mobile_app,INR,12242.34,1986.95,10255.39,0,1845.97,12101.36
ORD-005550,CUST-00453,2025-11-17,returned,mobile_app,INR,4970.78,745.62,4225.16,0,760.53,4985.69
ORD-005551,CUST-01138,2025-09-22,completed,web,INR,22667.16,3308.55,19358.61,0,3484.55,22843.16
ORD-005552,CUST-00051,2026-02-15,shipped,web,INR,20302.32,1015.12,19287.2,0,3471.7,22758.9
ORD-005553,CUST-01770,2026-05-04,completed,web,INR,25588.06,1045.41,24542.65,0,4417.68,28960.33
ORD-005554,CUST-00004,2025-05-28,completed,mobile_app,INR,14447.970000000001,1927.3300000000002,12520.64,0,2253.72,14774.36
ORD-005555,CUST-01398,2025-10-01,shipped,web,INR,20198.239999999998,401.66,19796.58,0,3563.38,23359.96
ORD-005556,CUST-00692,2026-03-05,completed,mobile_app,INR,19173.77,634.23,18539.54,0,3337.12,21876.66
ORD-005557,CUST-01439,2026-07-26,completed,web,INR,11458.81,560.05,10898.76,0,1961.78,12860.54
ORD-005558,CUST-00724,2025-03-07,completed,web,INR,7747.76,1300.72,6447.04,0,1160.47,7607.51
ORD-005559,CUST-00053,2025-12-02,returned,web,INR,28008.58,881.13,27127.450000000004,0,4882.94,32010.39
ORD-005560,CUST-01898,2026-04-25,completed,web,INR,14913.07,236.58,14676.49,0,2641.77,17318.26
ORD-005561,CUST-01532,2025-08-16,pending,web,INR,4902.28,735.34,4166.94,0,750.05,4916.99
ORD-005562,CUST-00090,2026-05-21,shipped,web,INR,14726.779999999999,1472.6799999999998,13254.099999999999,0,2385.74,15639.84
ORD-005563,CUST-00066,2025-01-12,completed,mobile_app,INR,3993.48,0.0,3993.48,0,718.83,4712.31
ORD-005564,CUST-01061,2026-02-17,completed,web,INR,10401.24,1040.12,9361.12,0,1685.0,11046.12
ORD-005565,CUST-01914,2026-05-06,completed,web,INR,48561.42,1746.9,46814.52,0,8426.61,55241.13
ORD-005566,CUST-01156,2025-07-13,completed,web,INR,25400.43,2999.29,22401.14,0,4032.21,26433.35
ORD-005567,CUST-00022,2025-10-13,completed,web,INR,47492.76,8226.2,39266.56,0,7067.98,46334.54
ORD-005568,CUST-01399,2025-12-15,completed,mobile_app,INR,35961.88,1213.74,34748.14,0,6254.67,41002.81
ORD-005569,CUST-00856,2026-04-11,completed,mobile_app,INR,16316.36,650.21,15666.15,0,2819.91,18486.06
ORD-005570,CUST-01278,2026-02-02,pending,mobile_app,INR,8030.96,1204.64,6826.32,0,1228.74,8055.06
ORD-005571,CUST-00701,2025-12-13,completed,web,INR,3727.83,300.11,3427.72,0,616.99,4044.71
ORD-005572,CUST-00017,2026-03-24,completed,mobile_app,INR,4501.79,856.5799999999999,3645.21,0,656.14,4301.35
ORD-005573,CUST-00037,2026-03-21,completed,mobile_app,INR,36046.15,1921.8899999999999,34124.26,0,6142.37,40266.63
ORD-005574,CUST-01264,2026-04-11,completed,web,INR,5074.42,1014.88,4059.54,0,730.72,4790.26
ORD-005575,CUST-01271,2026-07-31,completed,web,INR,11525.869999999999,1391.5900000000001,10134.28,0,1824.17,11958.45
ORD-005576,CUST-00645,2026-03-09,cancelled,web,INR,37072.4,1784.97,35287.43,0,6351.74,41639.17
ORD-005577,CUST-00165,2025-07-30,completed,mobile_app,INR,9582.119999999999,0.0,9582.119999999999,0,1724.78,11306.9
ORD-005578,CUST-01546,2026-04-21,completed,web,INR,6554.17,0.0,6554.17,0,1179.75,7733.92
ORD-005579,CUST-00303,2025-10-05,cancelled,web,INR,1130.62,56.53,1074.09,79,193.34,1346.43
ORD-005580,CUST-00377,2026-03-02,completed,web,INR,22094.03,212.76,21881.27,0,3938.63,25819.9
ORD-005581,CUST-00905,2026-04-13,cancelled,web,INR,839.19,41.96,797.23,49,143.5,989.73
ORD-005582,CUST-01433,2025-01-18,completed,mobile_app,INR,2731.68,273.17,2458.51,0,442.53,2901.04
ORD-005583,CUST-01991,2026-03-27,returned,web,INR,17790.77,971.01,16819.760000000002,0,3027.56,19847.32
ORD-005584,CUST-01251,2025-08-08,returned,web,INR,2107.06,0.0,2107.06,0,379.27,2486.33
ORD-005585,CUST-01921,2026-05-29,cancelled,web,INR,24334.739999999998,3255.79,21078.949999999997,0,3794.21,24873.16
ORD-005586,CUST-01305,2026-04-22,completed,mobile_app,INR,1557.92,155.79,1402.13,99,252.38,1753.51
ORD-005587,CUST-01696,2026-07-14,completed,web,INR,6562.4400000000005,92.06,6470.38,0,1164.67,7635.05
ORD-005588,CUST-00352,2025-03-16,cancelled,web,INR,22996.91,89.05,22907.86,0,4123.41,27031.27
ORD-005589,CUST-00113,2025-08-26,completed,web,INR,4432.88,664.93,3767.95,0,678.23,4446.18
ORD-005590,CUST-01339,2026-07-11,completed,web,INR,10164.05,1078.98,9085.07,0,1635.31,10720.38
ORD-005591,CUST-01951,2026-06-13,completed,mobile_app,INR,34496.65,308.41,34188.240000000005,0,6153.88,40342.12
ORD-005592,CUST-01474,2026-04-16,completed,mobile_app,INR,5592.83,838.92,4753.91,0,855.7,5609.61
ORD-005593,CUST-00687,2026-02-06,completed,web,INR,25528.309999999998,3189.44,22338.870000000003,0,4021.0,26359.87
ORD-005594,CUST-00979,2025-10-16,completed,web,INR,13268.56,1502.6100000000001,11765.95,0,2117.87,13883.82
ORD-005595,CUST-00225,2025-11-22,completed,web,INR,14896.960000000001,435.84,14461.12,0,2603.0,17064.12
ORD-005596,CUST-00681,2025-12-02,completed,web,INR,9621.32,481.06,9140.26,0,1645.25,10785.51
ORD-005597,CUST-01366,2026-02-18,completed,web,INR,24168.19,436.05,23732.14,0,4271.79,28003.93
ORD-005598,CUST-00334,2026-03-08,completed,web,INR,32730.07,914.67,31815.4,0,5726.77,37542.17
ORD-005599,CUST-00964,2025-01-03,returned,web,INR,11779.39,588.97,11190.42,0,2014.28,13204.7
ORD-005600,CUST-00580,2025-05-07,completed,mobile_app,INR,17829.370000000003,1272.3000000000002,16557.07,0,2980.27,19537.34
ORD-005601,CUST-00982,2026-07-07,completed,mobile_app,INR,50445.03,3698.8900000000003,46746.14,0,8414.31,55160.45
ORD-005602,CUST-01528,2025-12-28,cancelled,web,INR,21791.76,2033.99,19757.77,0,3556.4,23314.17
ORD-005603,CUST-01770,2026-02-19,completed,mobile_app,INR,39270.350000000006,1941.31,37329.04,0,6719.23,44048.27
ORD-005604,CUST-00819,2026-04-13,completed,mobile_app,INR,19052.17,151.12,18901.050000000003,0,3402.19,22303.24
ORD-005605,CUST-01655,2025-11-23,completed,web,INR,13533.539999999999,676.67,12856.869999999999,0,2314.24,15171.11
ORD-005606,CUST-01406,2025-05-28,completed,mobile_app,INR,20082.85,2757.3199999999997,17325.53,0,3118.6,20444.13
ORD-005607,CUST-01844,2026-05-09,completed,web,INR,8224.03,286.35,7937.68,0,1428.78,9366.46
ORD-005608,CUST-01481,2025-11-11,completed,web,INR,11799.79,311.61,11488.18,0,2067.87,13556.05
ORD-005609,CUST-01102,2026-07-26,returned,mobile_app,INR,14134.15,1233.53,12900.62,0,2322.11,15222.73
ORD-005610,CUST-01349,2026-07-06,completed,web,INR,7758.06,320.14,7437.92,0,1338.83,8776.75
ORD-005611,CUST-00636,2026-05-14,completed,web,INR,4252.1,0.0,4252.1,0,765.38,5017.48
ORD-005612,CUST-01348,2026-06-09,completed,web,INR,3916.16,195.81,3720.35,0,669.66,4390.01
ORD-005613,CUST-01418,2026-04-20,completed,mobile_app,INR,10868.22,0.0,10868.22,0,1956.28,12824.5
ORD-005614,CUST-01222,2026-03-14,completed,mobile_app,INR,3010.18,0.0,3010.18,0,541.83,3552.01
ORD-005615,CUST-00207,2026-06-23,cancelled,web,INR,24620.48,2242.58,22377.899999999998,0,4028.02,26405.92
ORD-005616,CUST-01037,2026-05-07,shipped,web,INR,4532.2300000000005,72.33,4459.900000000001,0,802.78,5262.68
ORD-005617,CUST-01422,2026-07-27,shipped,web,INR,972.14,0.0,972.14,49,174.99,1196.13
ORD-005618,CUST-00396,2026-05-26,completed,mobile_app,INR,1491.32,74.57,1416.75,79,255.02,1750.77
ORD-005619,CUST-01575,2025-02-01,completed,web,INR,15052.17,1294.3,13757.87,0,2476.42,16234.29
ORD-005620,CUST-01686,2025-10-06,completed,mobile_app,INR,4100.89,365.39,3735.5,0,672.39,4407.89
ORD-005621,CUST-01078,2025-04-25,completed,web,INR,7598.67,362.34000000000003,7236.33,0,1302.54,8538.87
ORD-005622,CUST-01929,2026-07-07,completed,web,INR,6933.79,346.69,6587.1,0,1185.68,7772.78
ORD-005623,CUST-01716,2026-06-22,completed,web,INR,13311.369999999999,556.3399999999999,12755.029999999999,0,2295.91,15050.94
ORD-005624,CUST-00933,2025-01-25,completed,web,INR,19524.35,664.13,18860.22,0,3394.84,22255.06
ORD-005625,CUST-01769,2025-12-27,completed,web,INR,1893.71,189.37,1704.34,79,306.78,2090.12
ORD-005626,CUST-01867,2026-02-27,completed,mobile_app,INR,35324.32,2267.54,33056.78,0,5950.22,39007.0
ORD-005627,CUST-00217,2025-07-07,completed,web,INR,22877.350000000002,1322.9,21554.45,0,3879.8,25434.25
ORD-005628,CUST-01996,2026-05-25,completed,web,INR,5098.52,122.53,4975.99,0,895.68,5871.67
ORD-005629,CUST-00010,2026-07-16,completed,web,INR,19631.31,130.81,19500.5,0,3510.09,23010.59
ORD-005630,CUST-00973,2026-07-22,completed,web,INR,45175.44,2918.41,42257.03,0,7606.27,49863.3
ORD-005631,CUST-01876,2025-02-23,completed,mobile_app,INR,23559.31,659.86,22899.45,0,4121.9,27021.35
ORD-005632,CUST-01449,2026-03-18,completed,mobile_app,INR,10167.16,0.0,10167.16,0,1830.09,11997.25
ORD-005633,CUST-00534,2026-03-25,cancelled,mobile_app,INR,13187.38,497.78,12689.599999999999,0,2284.13,14973.73
ORD-005634,CUST-01288,2025-09-13,completed,web,INR,13948.759999999998,591.37,13357.390000000001,0,2404.33,15761.72
ORD-005635,CUST-00430,2026-03-14,completed,web,INR,29241.02,1593.45,27647.57,0,4976.56,32624.13
ORD-005636,CUST-00475,2025-12-12,completed,web,INR,5565.26,122.01,5443.25,0,979.78,6423.03
ORD-005637,CUST-01824,2026-05-25,completed,web,INR,7937.87,1116.29,6821.58,0,1227.88,8049.46
ORD-005638,CUST-00095,2026-07-02,completed,web,INR,15450.3,841.64,14608.66,0,2629.56,17238.22
ORD-005639,CUST-01925,2025-01-15,completed,web,INR,18139.33,229.79,17909.54,0,3223.72,21133.26
ORD-005640,CUST-00907,2026-04-11,completed,web,INR,4562.82,345.9,4216.92,0,759.05,4975.97
ORD-005641,CUST-00130,2026-04-29,cancelled,mobile_app,INR,20896.379999999997,1606.17,19290.21,0,3472.24,22762.45
ORD-005642,CUST-01575,2025-03-22,cancelled,mobile_app,INR,2795.95,95.42,2700.5299999999997,0,486.1,3186.63
ORD-005643,CUST-00097,2026-03-22,completed,web,INR,1682.96,0.0,1682.96,79,302.93,2064.89
ORD-005644,CUST-00651,2025-12-13,completed,mobile_app,INR,21044.18,3165.76,17878.42,0,3218.12,21096.54
ORD-005645,CUST-00482,2026-04-13,pending,mobile_app,INR,2145.56,321.83,1823.73,99,328.27,2251.0
ORD-005646,CUST-01569,2026-06-15,completed,web,INR,13401.29,232.4,13168.89,0,2370.4,15539.29
ORD-005647,CUST-00794,2026-05-13,pending,mobile_app,INR,24519.7,1572.38,22947.32,0,4130.52,27077.84
ORD-005648,CUST-01310,2026-04-13,shipped,mobile_app,INR,18892.37,1078.16,17814.21,0,3206.56,21020.77
ORD-005649,CUST-00145,2026-07-29,completed,web,INR,19633.74,981.69,18652.05,0,3357.37,22009.42
ORD-005650,CUST-01392,2026-02-17,completed,mobile_app,INR,10569.65,87.94,10481.71,0,1886.71,12368.42
ORD-005651,CUST-01422,2026-07-28,completed,web,INR,6272.28,167.82,6104.46,0,1098.8,7203.26
ORD-005652,CUST-00572,2025-10-08,cancelled,web,INR,341.55,51.23,290.32,99,52.26,441.58
ORD-005653,CUST-01763,2025-12-22,completed,mobile_app,INR,9231.2,0.0,9231.2,0,1661.62,10892.82
ORD-005654,CUST-00941,2026-03-09,shipped,web,INR,3783.45,0.0,3783.45,0,681.02,4464.47
ORD-005655,CUST-01335,2025-11-25,completed,web,INR,11286.99,907.42,10379.57,0,1868.32,12247.89
ORD-005656,CUST-00364,2026-07-27,cancelled,mobile_app,INR,27830.56,73.39,27757.17,0,4996.29,32753.46
ORD-005657,CUST-01866,2026-05-24,shipped,mobile_app,INR,23823.22,2262.19,21561.03,0,3880.99,25442.02
ORD-005658,CUST-00494,2025-12-11,completed,mobile_app,INR,1297.44,194.62,1102.82,79,198.51,1380.33
ORD-005659,CUST-01253,2026-02-19,completed,web,INR,19090.95,1214.6100000000001,17876.34,0,3217.74,21094.08
ORD-005660,CUST-00180,2026-05-03,completed,web,INR,6944.76,694.48,6250.28,0,1125.05,7375.33
ORD-005661,CUST-00090,2026-03-12,cancelled,web,INR,1856.28,0.0,1856.28,79,334.13,2269.41
ORD-005662,CUST-00254,2025-12-08,shipped,web,INR,7666.92,758.56,6908.36,0,1243.5,8151.86
ORD-005663,CUST-01886,2026-04-07,completed,web,INR,709.94,70.99,638.95,99,115.01,852.96
ORD-005664,CUST-00422,2025-11-01,cancelled,mobile_app,INR,15498.529999999999,1200.89,14297.64,0,2573.58,16871.22
ORD-005665,CUST-01760,2025-11-12,completed,web,INR,695.86,0.0,695.86,49,125.25,870.11
ORD-005666,CUST-01161,2026-05-13,completed,web,INR,33983.8,1913.4099999999999,32070.39,0,5772.67,37843.06
ORD-005667,CUST-00178,2026-06-24,returned,mobile_app,INR,45213.9,2301.11,42912.79,0,7724.3,50637.09
ORD-005668,CUST-00883,2026-07-28,completed,web,INR,4797.49,959.5,3837.99,0,690.84,4528.83
ORD-005669,CUST-00959,2026-07-21,cancelled,web,INR,14740.490000000002,0.0,14740.490000000002,0,2653.29,17393.78
ORD-005670,CUST-00534,2025-01-25,completed,web,INR,26568.27,0.0,26568.27,0,4782.29,31350.56
ORD-005671,CUST-01209,2025-01-16,completed,web,INR,6214.02,0.0,6214.02,0,1118.52,7332.54
ORD-005672,CUST-01723,2026-05-31,completed,mobile_app,INR,11946.6,97.83,11848.77,0,2132.78,13981.55
ORD-005673,CUST-01768,2026-03-20,completed,web,INR,10748.720000000001,378.35,10370.369999999999,0,1866.67,12237.04
ORD-005674,CUST-01051,2025-07-22,completed,mobile_app,INR,3163.18,0.0,3163.18,0,569.37,3732.55
ORD-005675,CUST-01788,2025-03-17,shipped,web,INR,10831.59,143.5,10688.09,0,1923.86,12611.95
ORD-005676,CUST-01847,2025-04-07,completed,web,INR,32184.68,1295.28,30889.4,0,5560.09,36449.49
ORD-005677,CUST-00177,2026-06-29,completed,mobile_app,INR,12537.74,1032.95,11504.79,0,2070.86,13575.65
ORD-005678,CUST-01270,2026-03-18,completed,mobile_app,INR,362.02,0.0,362.02,49,65.16,476.18
ORD-005679,CUST-01547,2026-07-16,completed,mobile_app,INR,9038.79,903.88,8134.91,0,1464.28,9599.19
ORD-005680,CUST-00032,2025-03-07,completed,web,INR,22896.33,3820.08,19076.25,0,3433.72,22509.97
ORD-005681,CUST-01207,2026-03-14,shipped,web,INR,13763.85,319.48,13444.37,0,2419.99,15864.36
ORD-005682,CUST-01827,2026-06-17,shipped,web,INR,8880.39,468.59000000000003,8411.8,0,1514.12,9925.92
ORD-005683,CUST-00537,2025-12-04,completed,web,INR,10800.05,540.0,10260.05,0,1846.81,12106.86
ORD-005684,CUST-01715,2026-05-17,completed,mobile_app,INR,20604.39,0.0,20604.39,0,3708.79,24313.18
ORD-005685,CUST-01868,2026-05-02,completed,web,INR,4362.06,436.21,3925.85,0,706.65,4632.5
ORD-005686,CUST-01271,2025-01-05,completed,web,INR,3639.48,40.22,3599.26,0,647.87,4247.13
ORD-005687,CUST-01259,2025-11-26,returned,web,INR,13527.31,1078.23,12449.08,0,2240.83,14689.91
ORD-005688,CUST-01070,2025-05-31,completed,web,INR,18837.059999999998,0.0,18837.059999999998,0,3390.67,22227.73
ORD-005689,CUST-00819,2025-10-16,returned,mobile_app,INR,16026.58,1602.6599999999999,14423.92,0,2596.31,17020.23
ORD-005690,CUST-00906,2026-04-12,completed,web,INR,19967.059999999998,1656.13,18310.93,0,3295.97,21606.9
ORD-005691,CUST-01045,2026-07-12,shipped,mobile_app,INR,20489.54,1286.06,19203.48,0,3456.63,22660.11
ORD-005692,CUST-00965,2026-06-16,shipped,web,INR,10916.66,1111.19,9805.470000000001,0,1764.98,11570.45
ORD-005693,CUST-01653,2025-07-09,shipped,mobile_app,INR,10674.72,116.37,10558.349999999999,0,1900.5,12458.85
ORD-005694,CUST-01539,2026-05-01,shipped,web,INR,22590.1,2521.02,20069.079999999998,0,3612.43,23681.51
ORD-005695,CUST-00696,2025-06-30,completed,web,INR,5665.9400000000005,736.13,4929.8099999999995,0,887.37,5817.18
ORD-005696,CUST-01027,2025-03-09,shipped,web,INR,12059.33,339.67,11719.66,0,2109.54,13829.2
ORD-005697,CUST-00431,2025-04-21,completed,web,INR,24936.11,1688.83,23247.28,0,4184.51,27431.79
ORD-005698,CUST-00353,2025-01-15,completed,mobile_app,INR,19538.91,1029.76,18509.15,0,3331.65,21840.8
ORD-005699,CUST-00738,2026-07-27,completed,mobile_app,INR,3700.47,0.0,3700.47,0,666.08,4366.55
ORD-005700,CUST-00117,2025-10-11,completed,web,INR,412.84,20.64,392.2,49,70.6,511.8
ORD-005701,CUST-01710,2026-06-28,returned,web,INR,25458.6,1403.8400000000001,24054.760000000002,0,4329.86,28384.62
ORD-005702,CUST-00253,2026-01-31,completed,web,INR,26743.72,2362.54,24381.18,0,4388.61,28769.79
ORD-005703,CUST-00654,2026-04-02,completed,web,INR,18179.15,274.94,17904.21,0,3222.76,21126.97
ORD-005704,CUST-00503,2026-07-29,completed,web,INR,8046.84,399.15,7647.69,0,1376.58,9024.27
ORD-005705,CUST-00414,2025-05-31,completed,web,INR,8068.08,1237.03,6831.05,0,1229.59,8060.64
ORD-005706,CUST-00736,2025-11-19,shipped,web,INR,21597.8,719.43,20878.37,0,3758.11,24636.48
ORD-005707,CUST-01439,2026-04-10,returned,mobile_app,INR,10135.119999999999,555.3,9579.82,0,1724.37,11304.19
ORD-005708,CUST-01785,2026-04-08,completed,web,INR,19243.47,1924.35,17319.12,0,3117.44,20436.56
ORD-005709,CUST-00378,2026-03-16,completed,mobile_app,INR,5415.44,541.54,4873.9,0,877.3,5751.2
ORD-005710,CUST-00479,2026-03-23,completed,mobile_app,INR,7180.25,690.64,6489.61,0,1168.13,7657.74
ORD-005711,CUST-00940,2026-07-17,completed,web,INR,16877.65,766.45,16111.2,0,2900.02,19011.22
ORD-005712,CUST-00640,2026-06-26,completed,web,INR,11540.0,975.47,10564.529999999999,0,1901.62,12466.15
ORD-005713,CUST-01600,2026-07-04,pending,web,INR,8473.73,396.58,8077.15,0,1453.89,9531.04
ORD-005714,CUST-00447,2026-06-10,completed,mobile_app,INR,16772.4,838.62,15933.78,0,2868.08,18801.86
ORD-005715,CUST-00805,2026-06-02,completed,web,INR,21116.239999999998,3658.8900000000003,17457.35,0,3142.32,20599.67
ORD-005716,CUST-01092,2025-05-19,shipped,web,INR,3943.96,0.0,3943.96,0,709.91,4653.87
ORD-005717,CUST-00764,2026-06-06,completed,web,INR,6388.7699999999995,557.77,5831.0,0,1049.58,6880.58
ORD-005718,CUST-01235,2025-10-04,shipped,mobile_app,INR,4865.19,51.05,4814.139999999999,0,866.55,5680.69
ORD-005719,CUST-01600,2026-05-11,completed,mobile_app,INR,24050.02,172.7,23877.32,0,4297.92,28175.24
ORD-005720,CUST-01065,2026-03-14,completed,web,INR,20942.809999999998,985.5,19957.309999999998,0,3592.32,23549.63
ORD-005721,CUST-00914,2026-07-31,completed,mobile_app,INR,6222.5599999999995,428.32,5794.24,0,1042.96,6837.2
ORD-005722,CUST-01904,2025-01-04,completed,web,INR,592.33,59.23,533.1,99,95.96,728.06
ORD-005723,CUST-01964,2026-04-15,shipped,web,INR,18975.89,1893.6100000000001,17082.28,0,3074.81,20157.09
ORD-005724,CUST-01991,2025-09-09,completed,web,INR,6859.84,395.52000000000004,6464.32,0,1163.58,7627.9
ORD-005725,CUST-00033,2026-05-24,completed,mobile_app,INR,568.62,85.29,483.33,49,87.0,619.33
ORD-005726,CUST-01675,2025-12-09,pending,mobile_app,INR,20645.85,1478.24,19167.61,0,3450.17,22617.78
ORD-005727,CUST-01798,2025-08-24,completed,web,INR,5150.24,581.55,4568.6900000000005,0,822.36,5391.05
ORD-005728,CUST-01611,2026-07-03,completed,web,INR,5822.82,0.0,5822.82,0,1048.11,6870.93
ORD-005729,CUST-01500,2026-07-27,returned,web,INR,3455.92,518.39,2937.53,0,528.76,3466.29
ORD-005730,CUST-00733,2026-07-25,completed,web,INR,6410.719999999999,225.51999999999998,6185.2,0,1113.34,7298.54
ORD-005731,CUST-01452,2026-01-13,shipped,web,INR,17110.54,1040.89,16069.65,0,2892.54,18962.19
ORD-005732,CUST-01160,2025-04-05,completed,web,INR,24054.42,2051.83,22002.59,0,3960.47,25963.06
ORD-005733,CUST-01663,2025-02-25,cancelled,web,INR,5553.54,488.82,5064.72,0,911.65,5976.37
ORD-005734,CUST-00703,2025-08-26,completed,web,INR,15311.07,0.0,15311.07,0,2755.99,18067.06
ORD-005735,CUST-01486,2026-05-25,completed,web,INR,28145.229999999996,3063.66,25081.57,0,4514.68,29596.25
ORD-005736,CUST-01569,2026-06-20,pending,web,INR,11292.65,0.0,11292.65,0,2032.68,13325.33
ORD-005737,CUST-01668,2025-10-16,completed,web,INR,13697.36,1626.0900000000001,12071.27,0,2172.83,14244.1
ORD-005738,CUST-00344,2026-03-05,completed,web,INR,8589.77,969.5,7620.27,0,1371.65,8991.92
ORD-005739,CUST-01728,2025-11-28,completed,mobile_app,INR,21386.98,2717.79,18669.19,0,3360.45,22029.64
ORD-005740,CUST-00434,2025-03-04,completed,web,INR,3458.79,0.0,3458.79,0,622.58,4081.37
ORD-005741,CUST-01875,2026-06-14,completed,web,INR,19724.85,121.08,19603.77,0,3528.68,23132.45
ORD-005742,CUST-00078,2025-07-25,completed,web,INR,9592.2,1918.44,7673.76,0,1381.28,9055.04
ORD-005743,CUST-00448,2026-06-29,completed,web,INR,36737.51,4909.99,31827.519999999997,0,5728.95,37556.47
ORD-005744,CUST-01218,2026-03-25,returned,mobile_app,INR,10541.35,0.0,10541.35,0,1897.44,12438.79
ORD-005745,CUST-01087,2026-07-22,shipped,web,INR,2599.97,0.0,2599.97,0,467.99,3067.96
ORD-005746,CUST-01378,2026-06-20,returned,web,INR,5704.8099999999995,199.39,5505.42,0,990.98,6496.4
ORD-005747,CUST-00808,2025-02-27,completed,web,INR,10664.94,522.71,10142.23,0,1825.6,11967.83
ORD-005748,CUST-00007,2026-02-01,completed,web,INR,36905.79,1457.48,35448.31,0,6380.7,41829.01
ORD-005749,CUST-01236,2026-01-19,completed,mobile_app,INR,3206.38,160.32,3046.06,0,548.29,3594.35
ORD-005750,CUST-01022,2026-05-27,completed,mobile_app,INR,18787.11,1018.54,17768.57,0,3198.34,20966.91
ORD-005751,CUST-01018,2026-07-15,completed,web,INR,46877.48,3188.8,43688.68,0,7863.96,51552.64
ORD-005752,CUST-00754,2026-07-16,cancelled,web,INR,14665.09,1202.83,13462.259999999998,0,2423.21,15885.47
ORD-005753,CUST-01782,2026-01-13,shipped,web,INR,17461.66,1227.3899999999999,16234.269999999999,0,2922.17,19156.44
ORD-005754,CUST-01585,2025-12-21,completed,web,INR,17962.550000000003,898.13,17064.42,0,3071.6,20136.02
ORD-005755,CUST-00363,2026-06-03,completed,web,INR,37167.69,0.0,37167.69,0,6690.18,43857.87
ORD-005756,CUST-00078,2026-06-29,completed,web,INR,12325.08,351.73,11973.349999999999,0,2155.2,14128.55
ORD-005757,CUST-00363,2026-07-26,completed,web,INR,8521.25,364.97,8156.28,0,1468.13,9624.41
ORD-005758,CUST-00098,2026-07-18,completed,web,INR,2216.85,332.53,1884.32,49,339.18,2272.5
ORD-005759,CUST-01419,2026-06-15,returned,web,INR,10607.619999999999,1060.76,9546.86,0,1718.43,11265.29
ORD-005760,CUST-01241,2026-07-11,completed,web,INR,7030.56,0.0,7030.56,0,1265.5,8296.06
ORD-005761,CUST-00926,2026-07-20,completed,mobile_app,INR,15648.4,299.78,15348.62,0,2762.75,18111.37
ORD-005762,CUST-01184,2025-07-01,shipped,web,INR,8146.26,1151.97,6994.290000000001,0,1258.97,8253.26
ORD-005763,CUST-01617,2026-01-25,returned,mobile_app,INR,10070.18,130.88,9939.3,0,1789.07,11728.37
ORD-005764,CUST-01663,2026-07-20,cancelled,web,INR,29190.120000000003,3275.3100000000004,25914.809999999998,0,4664.67,30579.48
ORD-005765,CUST-00870,2025-09-04,completed,web,INR,18675.24,1763.04,16912.2,0,3044.2,19956.4
ORD-005766,CUST-01185,2026-05-23,completed,mobile_app,INR,15391.91,1093.67,14298.24,0,2573.68,16871.92
ORD-005767,CUST-01154,2026-05-31,shipped,web,INR,9344.0,727.54,8616.46,0,1550.96,10167.42
ORD-005768,CUST-01899,2026-03-01,cancelled,mobile_app,INR,15317.16,799.51,14517.65,0,2613.18,17130.83
ORD-005769,CUST-01524,2026-04-21,pending,mobile_app,INR,10764.130000000001,905.3100000000001,9858.82,0,1774.59,11633.41
ORD-005770,CUST-00629,2025-12-22,completed,web,INR,45119.689999999995,4071.21,41048.48,0,7388.73,48437.21
ORD-005771,CUST-01774,2026-01-28,shipped,web,INR,5697.23,460.83,5236.400000000001,0,942.55,6178.95
ORD-005772,CUST-00796,2025-07-04,completed,web,INR,12621.74,0.0,12621.74,0,2271.91,14893.65
ORD-005773,CUST-01516,2026-07-06,completed,mobile_app,INR,1139.25,0.0,1139.25,49,205.06,1393.31
ORD-005774,CUST-01956,2025-10-15,completed,web,INR,7286.86,1457.37,5829.49,0,1049.31,6878.8
ORD-005775,CUST-01618,2026-06-30,completed,mobile_app,INR,3605.44,721.09,2884.35,0,519.18,3403.53
ORD-005776,CUST-00216,2025-10-11,completed,web,INR,23800.15,889.6,22910.55,0,4123.9,27034.45
ORD-005777,CUST-00412,2025-02-21,completed,web,INR,7841.17,659.85,7181.320000000001,0,1292.64,8473.96
ORD-005778,CUST-01592,2026-03-02,shipped,web,INR,6695.71,350.33000000000004,6345.38,0,1142.17,7487.55
ORD-005779,CUST-00247,2026-07-21,completed,mobile_app,INR,15928.07,208.48,15719.59,0,2829.53,18549.12
ORD-005780,CUST-00024,2026-07-23,completed,mobile_app,INR,16061.59,582.04,15479.55,0,2786.32,18265.87
ORD-005781,CUST-00517,2026-04-22,shipped,web,INR,6996.41,875.76,6120.65,0,1101.72,7222.37
ORD-005782,CUST-00974,2026-07-31,completed,web,INR,36500.75,0.0,36500.75,0,6570.13,43070.88
ORD-005783,CUST-00257,2026-01-14,completed,web,INR,478.84,0.0,478.84,99,86.19,664.03
ORD-005784,CUST-00307,2026-04-27,pending,web,INR,8762.08,876.21,7885.87,0,1419.46,9305.33
ORD-005785,CUST-00678,2025-12-30,completed,mobile_app,INR,9399.6,1059.62,8339.98,0,1501.2,9841.18
ORD-005786,CUST-01198,2026-07-31,completed,web,INR,22738.54,54.58,22683.96,0,4083.11,26767.07
ORD-005787,CUST-01089,2025-12-27,completed,mobile_app,INR,28740.550000000003,949.15,27791.4,0,5002.45,32793.85
ORD-005788,CUST-01597,2026-03-27,completed,web,INR,2053.7,102.69,1951.01,79,351.18,2381.19
ORD-005789,CUST-01962,2026-07-28,completed,mobile_app,INR,4776.0,0.0,4776.0,0,859.68,5635.68
ORD-005790,CUST-00067,2026-05-17,shipped,mobile_app,INR,26315.34,475.91,25839.43,0,4651.1,30490.53
ORD-005791,CUST-01377,2026-07-23,completed,web,INR,13597.68,0.0,13597.68,0,2447.58,16045.26
ORD-005792,CUST-00328,2025-03-24,completed,mobile_app,INR,3777.71,0.0,3777.71,0,679.99,4457.7
ORD-005793,CUST-00721,2026-04-24,returned,web,INR,16708.239999999998,272.03,16436.21,0,2958.52,19394.73
ORD-005794,CUST-00686,2026-02-17,completed,mobile_app,INR,9371.29,1215.3200000000002,8155.969999999999,0,1468.07,9624.04
ORD-005795,CUST-01402,2025-04-14,completed,web,INR,29845.27,2662.6800000000003,27182.59,0,4892.87,32075.46
ORD-005796,CUST-00512,2026-04-01,completed,web,INR,18059.28,2244.62,15814.66,0,2846.64,18661.3
ORD-005797,CUST-01790,2026-01-22,completed,web,INR,37333.39,2062.94,35270.45,0,6348.68,41619.13
ORD-005798,CUST-00767,2025-08-28,pending,mobile_app,INR,4044.06,0.0,4044.06,0,727.93,4771.99
ORD-005799,CUST-01631,2025-07-15,shipped,mobile_app,INR,16604.3,0.0,16604.3,0,2988.77,19593.07
ORD-005800,CUST-01904,2025-06-15,completed,web,INR,18099.81,682.4300000000001,17417.38,0,3135.13,20552.51
ORD-005801,CUST-01022,2025-10-11,completed,mobile_app,INR,17876.98,1724.01,16152.97,0,2907.53,19060.5
ORD-005802,CUST-00203,2025-05-02,completed,mobile_app,INR,13405.04,2681.01,10724.03,0,1930.33,12654.36
ORD-005803,CUST-01403,2025-03-21,shipped,mobile_app,INR,156.75,0.0,156.75,49,28.22,233.97
ORD-005804,CUST-00847,2025-12-19,completed,web,INR,7056.7699999999995,1332.56,5724.21,0,1030.36,6754.57
ORD-005805,CUST-00677,2025-11-04,returned,web,INR,21374.68,1925.73,19448.95,0,3500.81,22949.76
ORD-005806,CUST-00915,2026-04-29,completed,web,INR,43301.5,441.74,42859.759999999995,0,7714.76,50574.52
ORD-005807,CUST-00600,2026-06-08,completed,mobile_app,INR,2344.87,355.7,1989.17,99,358.05,2446.22
ORD-005808,CUST-00561,2025-06-03,returned,web,INR,24897.08,2768.95,22128.13,0,3983.06,26111.19
ORD-005809,CUST-01980,2026-07-22,returned,mobile_app,INR,29862.37,1748.46,28113.91,0,5060.5,33174.41
ORD-005810,CUST-00558,2026-06-24,completed,mobile_app,INR,20781.75,730.75,20051.0,0,3609.18,23660.18
ORD-005811,CUST-00918,2026-06-25,completed,web,INR,39976.49,0.0,39976.49,0,7195.77,47172.26
ORD-005812,CUST-01430,2026-04-18,returned,mobile_app,INR,8099.05,745.32,7353.7300000000005,0,1323.67,8677.4
ORD-005813,CUST-00442,2025-01-01,shipped,web,INR,19526.5,2482.74,17043.76,0,3067.88,20111.64
ORD-005814,CUST-01236,2026-05-26,completed,web,INR,11450.23,936.06,10514.17,0,1892.55,12406.72
ORD-005815,CUST-01792,2026-06-13,shipped,web,INR,8889.45,0.0,8889.45,0,1600.1,10489.55
ORD-005816,CUST-01626,2026-07-25,returned,mobile_app,INR,7985.84,550.72,7435.12,0,1338.32,8773.44
ORD-005817,CUST-00058,2025-04-07,completed,mobile_app,INR,11999.73,0.0,11999.73,0,2159.95,14159.68
ORD-005818,CUST-00811,2025-04-29,completed,mobile_app,INR,11142.869999999999,0.0,11142.869999999999,0,2005.72,13148.59
ORD-005819,CUST-00001,2025-08-05,completed,web,INR,20744.35,1629.85,19114.5,0,3440.61,22555.11
ORD-005820,CUST-01214,2026-05-22,shipped,web,INR,17110.230000000003,2138.1400000000003,14972.09,0,2694.98,17667.07
ORD-005821,CUST-00651,2025-10-29,completed,mobile_app,INR,5596.539999999999,559.65,5036.889999999999,0,906.64,5943.53
ORD-005822,CUST-01788,2026-05-16,completed,mobile_app,INR,7218.96,360.95,6858.01,0,1234.44,8092.45
ORD-005823,CUST-00352,2026-06-29,shipped,mobile_app,INR,6796.23,0.0,6796.23,0,1223.32,8019.55
ORD-005824,CUST-01703,2026-04-26,completed,mobile_app,INR,25825.379999999997,2559.98,23265.4,0,4187.77,27453.17
ORD-005825,CUST-00685,2026-01-01,pending,mobile_app,INR,15904.49,1274.1,14630.39,0,2633.47,17263.86
ORD-005826,CUST-01841,2026-05-19,completed,web,INR,16153.970000000001,0.0,16153.970000000001,0,2907.71,19061.68
ORD-005827,CUST-00400,2025-06-04,shipped,mobile_app,INR,31610.92,1830.79,29780.13,0,5360.42,35140.55
ORD-005828,CUST-00538,2025-11-19,completed,web,INR,1874.04,0.0,1874.04,49,337.33,2260.37
ORD-005829,CUST-00703,2026-01-06,completed,mobile_app,INR,14740.6,794.66,13945.94,0,2510.27,16456.21
ORD-005830,CUST-01971,2026-04-07,completed,web,INR,34177.19,5537.91,28639.28,0,5155.07,33794.35
ORD-005831,CUST-01468,2026-07-04,completed,mobile_app,INR,10026.539999999999,66.18,9960.359999999999,0,1792.86,11753.22
ORD-005832,CUST-01633,2025-05-16,cancelled,web,INR,10802.9,275.04,10527.86,0,1895.01,12422.87
ORD-005833,CUST-01106,2025-02-04,shipped,web,INR,12494.06,989.47,11504.59,0,2070.83,13575.42
ORD-005834,CUST-01590,2025-07-06,completed,web,INR,2533.78,126.69,2407.09,0,433.28,2840.37
ORD-005835,CUST-01254,2026-06-26,completed,mobile_app,INR,32392.54,2438.5,29954.04,0,5391.73,35345.77
ORD-005836,CUST-01336,2026-07-30,pending,mobile_app,INR,21715.51,615.57,21099.94,0,3797.99,24897.93
ORD-005837,CUST-01675,2026-01-03,completed,mobile_app,INR,6635.16,0.0,6635.16,0,1194.33,7829.49
ORD-005838,CUST-01967,2026-05-19,returned,web,INR,16310.91,0.0,16310.91,0,2935.96,19246.87
ORD-005839,CUST-01152,2025-07-01,completed,web,INR,7535.05,753.5,6781.55,0,1220.68,8002.23
ORD-005840,CUST-00884,2025-04-02,completed,mobile_app,INR,10577.75,594.39,9983.36,0,1797.0,11780.36
ORD-005841,CUST-01307,2026-06-03,completed,mobile_app,INR,4106.4,0.0,4106.4,0,739.15,4845.55
ORD-005842,CUST-01484,2025-07-05,completed,mobile_app,INR,8589.869999999999,0.0,8589.869999999999,0,1546.18,10136.05
ORD-005843,CUST-01973,2025-10-05,returned,web,INR,45414.479999999996,2214.29,43200.19,0,7776.03,50976.22
ORD-005844,CUST-01398,2026-01-27,shipped,mobile_app,INR,18920.35,1224.45,17695.9,0,3185.26,20881.16
ORD-005845,CUST-01910,2026-07-17,shipped,web,INR,20339.98,448.69,19891.29,0,3580.43,23471.72
ORD-005846,CUST-01465,2026-06-27,shipped,mobile_app,INR,22660.44,800.34,21860.1,0,3934.82,25794.92
ORD-005847,CUST-01904,2025-02-20,shipped,web,INR,11542.330000000002,1122.4299999999998,10419.9,0,1875.58,12295.48
ORD-005848,CUST-01503,2025-06-12,shipped,web,INR,9179.38,660.04,8519.34,0,1533.48,10052.82
ORD-005849,CUST-01770,2025-12-23,shipped,web,INR,18907.18,222.12,18685.059999999998,0,3363.31,22048.37
ORD-005850,CUST-00382,2026-07-11,cancelled,mobile_app,INR,35739.54,4089.67,31649.87,0,5696.98,37346.85
ORD-005851,CUST-01986,2026-05-19,completed,mobile_app,INR,33951.06,3250.81,30700.25,0,5526.04,36226.29
ORD-005852,CUST-00699,2025-07-14,completed,mobile_app,INR,12678.12,177.49,12500.630000000001,0,2250.11,14750.74
ORD-005853,CUST-01596,2026-05-13,completed,web,INR,13333.42,490.6,12842.820000000002,0,2311.71,15154.53
ORD-005854,CUST-00785,2025-05-04,completed,mobile_app,INR,3431.95,514.79,2917.16,0,525.09,3442.25
ORD-005855,CUST-00917,2026-05-16,completed,web,INR,16451.13,822.56,15628.57,0,2813.14,18441.71
ORD-005856,CUST-01496,2026-06-29,completed,web,INR,22378.76,2219.33,20159.43,0,3628.7,23788.13
ORD-005857,CUST-01082,2026-07-28,completed,mobile_app,INR,28668.91,2634.16,26034.75,0,4686.26,30721.01
ORD-005858,CUST-01433,2025-09-05,completed,web,INR,33753.479999999996,3646.76,30106.72,0,5419.21,35525.93
ORD-005859,CUST-00159,2025-10-15,cancelled,web,INR,40248.28,2828.0200000000004,37420.26,0,6735.65,44155.91
ORD-005860,CUST-01667,2026-03-21,shipped,web,INR,23196.63,2601.97,20594.66,0,3707.04,24301.7
ORD-005861,CUST-00817,2025-04-07,completed,mobile_app,INR,2175.32,217.53,1957.79,49,352.4,2359.19
ORD-005862,CUST-01578,2026-03-06,returned,web,INR,3852.39,0.0,3852.39,0,693.43,4545.82
ORD-005863,CUST-00572,2026-01-12,returned,web,INR,22366.25,1699.95,20666.3,0,3719.93,24386.23
ORD-005864,CUST-01193,2025-11-14,cancelled,web,INR,2030.6399999999999,0.0,2030.6399999999999,0,365.52,2396.16
ORD-005865,CUST-01177,2025-10-14,completed,mobile_app,INR,14590.55,582.39,14008.16,0,2521.47,16529.63
ORD-005866,CUST-00280,2025-10-01,completed,web,INR,4084.95,0.0,4084.95,0,735.29,4820.24
ORD-005867,CUST-00949,2026-06-15,completed,web,INR,43512.53,1761.05,41751.479999999996,0,7515.27,49266.75
ORD-005868,CUST-01271,2026-05-16,shipped,web,INR,32103.960000000003,574.18,31529.780000000002,0,5675.36,37205.14
ORD-005869,CUST-01673,2026-07-06,completed,web,INR,13030.3,289.14,12741.16,0,2293.41,15034.57
ORD-005870,CUST-01775,2026-02-17,shipped,web,INR,17703.53,643.78,17059.75,0,3070.76,20130.51
ORD-005871,CUST-00770,2025-07-01,shipped,mobile_app,INR,22368.09,227.04,22141.05,0,3985.39,26126.44
ORD-005872,CUST-01287,2026-06-29,returned,web,INR,6784.07,1137.36,5646.709999999999,0,1016.41,6663.12
ORD-005873,CUST-00350,2025-01-02,completed,web,INR,7413.73,741.37,6672.36,0,1201.02,7873.38
ORD-005874,CUST-01792,2026-04-21,returned,web,INR,9951.89,750.69,9201.2,0,1656.22,10857.42
ORD-005875,CUST-01737,2026-06-15,cancelled,web,INR,13735.67,528.41,13207.26,0,2377.31,15584.57
ORD-005876,CUST-01999,2025-04-10,completed,mobile_app,INR,37778.78999999999,1189.79,36589.0,0,6586.02,43175.02
ORD-005877,CUST-00973,2026-01-04,cancelled,mobile_app,INR,7360.94,183.17,7177.7699999999995,0,1292.0,8469.77
ORD-005878,CUST-00719,2026-05-25,completed,mobile_app,INR,2150.1,107.5,2042.6,0,367.67,2410.27
ORD-005879,CUST-01516,2026-07-14,completed,web,INR,9357.03,994.49,8362.54,0,1505.26,9867.8
ORD-005880,CUST-01447,2026-06-19,pending,web,INR,21934.15,242.96,21691.19,0,3904.41,25595.6
ORD-005881,CUST-00425,2025-04-21,completed,web,INR,6771.03,13.69,6757.34,0,1216.32,7973.66
ORD-005882,CUST-01080,2026-06-18,completed,web,INR,3312.84,165.64,3147.2,0,566.5,3713.7
ORD-005883,CUST-01288,2025-08-22,pending,mobile_app,INR,3027.16,454.07,2573.09,0,463.16,3036.25
ORD-005884,CUST-00910,2026-07-13,completed,web,INR,9729.52,0.0,9729.52,0,1751.31,11480.83
ORD-005885,CUST-00743,2026-03-31,completed,web,INR,17780.37,128.11,17652.26,0,3177.41,20829.67
ORD-005886,CUST-00480,2025-01-07,completed,mobile_app,INR,9391.53,939.15,8452.38,0,1521.43,9973.81
ORD-005887,CUST-00824,2025-11-26,completed,web,INR,1518.9,0.0,1518.9,49,273.4,1841.3
ORD-005888,CUST-00492,2026-06-30,completed,mobile_app,INR,16569.670000000002,1459.63,15110.039999999999,0,2719.81,17829.85
ORD-005889,CUST-00601,2026-04-14,completed,web,INR,2243.77,0.0,2243.77,0,403.88,2647.65
ORD-005890,CUST-00370,2026-06-06,cancelled,mobile_app,INR,4770.66,0.0,4770.66,0,858.72,5629.38
ORD-005891,CUST-00753,2025-05-15,completed,mobile_app,INR,7898.150000000001,0.0,7898.150000000001,0,1421.67,9319.82
ORD-005892,CUST-01263,2025-07-03,completed,mobile_app,INR,5142.7699999999995,358.43,4784.34,0,861.18,5645.52
ORD-005893,CUST-00756,2025-06-07,completed,web,INR,24041.94,0.0,24041.94,0,4327.55,28369.49
ORD-005894,CUST-00285,2026-02-21,completed,web,INR,9149.04,0.0,9149.04,0,1646.83,10795.87
ORD-005895,CUST-01603,2026-02-19,completed,web,INR,14986.26,48.01,14938.25,0,2688.88,17627.13
ORD-005896,CUST-00863,2026-04-15,completed,mobile_app,INR,19291.44,859.94,18431.5,0,3317.67,21749.17
ORD-005897,CUST-01168,2025-06-19,completed,web,INR,14099.3,874.3100000000001,13224.99,0,2380.5,15605.49
ORD-005898,CUST-01047,2025-10-09,completed,web,INR,4586.219999999999,278.35,4307.87,0,775.42,5083.29
ORD-005899,CUST-01013,2025-05-23,completed,web,INR,11616.24,0.0,11616.24,0,2090.92,13707.16
ORD-005900,CUST-00877,2025-11-24,completed,mobile_app,INR,23426.11,2707.57,20718.54,0,3729.34,24447.88
ORD-005901,CUST-01512,2026-03-18,completed,web,INR,29750.86,2400.32,27350.54,0,4923.1,32273.64
ORD-005902,CUST-01710,2025-04-25,completed,web,INR,6959.19,347.96,6611.23,0,1190.02,7801.25
ORD-005903,CUST-01808,2026-01-02,completed,mobile_app,INR,1536.18,76.81,1459.37,99,262.69,1821.06
ORD-005904,CUST-00887,2025-02-03,completed,mobile_app,INR,21594.989999999998,1483.1899999999998,20111.8,0,3620.12,23731.92
ORD-005905,CUST-00682,2025-04-13,cancelled,mobile_app,INR,18840.260000000002,1442.02,17398.239999999998,0,3131.68,20529.92
ORD-005906,CUST-00166,2026-06-06,completed,web,INR,75341.07,8725.130000000001,66615.94,0,11990.87,78606.81
ORD-005907,CUST-00886,2026-04-15,completed,web,INR,17119.99,1510.8,15609.189999999999,0,2809.65,18418.84
ORD-005908,CUST-01985,2026-03-21,completed,web,INR,5274.04,249.35,5024.6900000000005,0,904.44,5929.13
ORD-005909,CUST-00521,2025-05-11,completed,web,INR,40287.74,934.54,39353.2,0,7083.58,46436.78
ORD-005910,CUST-01690,2025-04-29,completed,web,INR,5384.04,159.03,5225.01,0,940.5,6165.51
ORD-005911,CUST-01514,2025-09-03,completed,web,INR,20020.79,1531.53,18489.260000000002,0,3328.07,21817.33
ORD-005912,CUST-01321,2025-03-16,completed,web,INR,5684.78,0.0,5684.78,0,1023.26,6708.04
ORD-005913,CUST-01131,2026-05-30,completed,web,INR,49023.8,0.0,49023.8,0,8824.28,57848.08
ORD-005914,CUST-01513,2026-02-04,completed,mobile_app,INR,2096.23,0.0,2096.23,0,377.32,2473.55
ORD-005915,CUST-00197,2026-02-20,returned,web,INR,20492.7,2022.87,18469.83,0,3324.57,21794.4
ORD-005916,CUST-00257,2025-11-17,shipped,mobile_app,INR,3071.16,324.33,2746.83,0,494.43,3241.26
ORD-005917,CUST-00392,2026-01-11,completed,mobile_app,INR,2424.75,121.24,2303.51,0,414.63,2718.14
ORD-005918,CUST-01532,2025-04-28,returned,web,INR,17871.72,420.18,17451.54,0,3141.28,20592.82
ORD-005919,CUST-00865,2026-04-18,completed,web,INR,856.65,42.83,813.82,49,146.49,1009.31
ORD-005920,CUST-00416,2026-02-03,completed,mobile_app,INR,26039.07,1833.92,24205.15,0,4356.93,28562.08
ORD-005921,CUST-00090,2026-03-14,completed,mobile_app,INR,19003.28,1022.03,17981.25,0,3236.62,21217.87
ORD-005922,CUST-00978,2025-08-13,returned,web,INR,8334.29,1078.73,7255.5599999999995,0,1306.0,8561.56
ORD-005923,CUST-00798,2026-03-27,completed,web,INR,6340.12,110.62,6229.5,0,1121.31,7350.81
ORD-005924,CUST-00356,2026-07-26,cancelled,mobile_app,INR,11381.6,1009.8199999999999,10371.78,0,1866.92,12238.7
ORD-005925,CUST-00047,2025-12-18,completed,mobile_app,INR,2700.19,405.03,2295.16,0,413.13,2708.29
ORD-005926,CUST-01508,2026-02-08,completed,mobile_app,INR,7444.629999999999,0.0,7444.629999999999,0,1340.03,8784.66
ORD-005927,CUST-01559,2026-07-30,completed,web,INR,36739.89000000001,5415.51,31324.38,0,5638.39,36962.77
ORD-005928,CUST-00492,2026-06-15,completed,mobile_app,INR,3840.1,0.0,3840.1,0,691.22,4531.32
ORD-005929,CUST-00988,2026-07-17,shipped,web,INR,26338.53,1200.6799999999998,25137.85,0,4524.81,29662.66
ORD-005930,CUST-00507,2026-02-18,completed,web,INR,14275.2,1427.52,12847.68,0,2312.58,15160.26
ORD-005931,CUST-00818,2025-07-20,completed,mobile_app,INR,23992.99,293.97,23699.02,0,4265.82,27964.84
ORD-005932,CUST-00219,2025-07-24,completed,web,INR,14477.28,2171.59,12305.69,0,2215.02,14520.71
ORD-005933,CUST-01893,2026-07-09,cancelled,web,INR,4486.83,439.89,4046.94,0,728.45,4775.39
ORD-005934,CUST-01442,2025-11-07,shipped,mobile_app,INR,3131.28,0.0,3131.28,0,563.63,3694.91
ORD-005935,CUST-01803,2025-12-17,completed,web,INR,5851.99,292.6,5559.39,0,1000.69,6560.08
ORD-005936,CUST-00592,2026-07-14,completed,mobile_app,INR,11885.94,0.0,11885.94,0,2139.47,14025.41
ORD-005937,CUST-01746,2026-07-16,completed,web,INR,12335.16,891.16,11444.0,0,2059.92,13503.92
ORD-005938,CUST-01037,2026-05-21,completed,web,INR,2293.84,114.69,2179.15,0,392.25,2571.4
ORD-005939,CUST-00397,2025-01-31,completed,web,INR,3944.46,131.2,3813.26,0,686.39,4499.65
ORD-005940,CUST-00665,2025-08-13,shipped,web,INR,20942.99,2159.49,18783.5,0,3381.03,22164.53
ORD-005941,CUST-01624,2025-12-22,completed,web,INR,7698.74,769.87,6928.87,0,1247.2,8176.07
ORD-005942,CUST-01550,2025-10-18,completed,web,INR,22475.5,2697.25,19778.25,0,3560.08,23338.33
ORD-005943,CUST-01441,2026-03-07,completed,web,INR,1891.56,0.0,1891.56,79,340.48,2311.04
ORD-005944,CUST-00453,2025-07-24,completed,web,INR,29819.829999999998,1850.3500000000001,27969.480000000003,0,5034.51,33003.99
ORD-005945,CUST-01296,2026-03-14,completed,web,INR,15681.23,0.0,15681.23,0,2822.62,18503.85
ORD-005946,CUST-01882,2025-02-19,shipped,web,INR,6197.64,137.91,6059.7300000000005,0,1090.75,7150.48
ORD-005947,CUST-00098,2026-05-03,completed,web,INR,10703.24,1189.68,9513.56,0,1712.44,11226.0
ORD-005948,CUST-00643,2026-07-18,completed,web,INR,13276.33,204.05,13072.279999999999,0,2353.01,15425.29
ORD-005949,CUST-00161,2026-07-29,completed,web,INR,11542.08,1154.21,10387.87,0,1869.82,12257.69
ORD-005950,CUST-00208,2026-07-16,completed,mobile_app,INR,26124.57,1527.66,24596.91,0,4427.44,29024.35
ORD-005951,CUST-01996,2025-11-06,cancelled,web,INR,18286.15,946.79,17339.36,0,3121.08,20460.44
ORD-005952,CUST-00481,2025-02-24,cancelled,mobile_app,INR,9674.34,158.34,9516.0,0,1712.88,11228.88
ORD-005953,CUST-00359,2025-12-28,cancelled,mobile_app,INR,17986.25,2353.71,15632.539999999999,0,2813.86,18446.4
ORD-005954,CUST-00148,2025-07-30,cancelled,mobile_app,INR,1964.9,294.74,1670.16,79,300.63,2049.79
ORD-005955,CUST-01963,2025-09-28,returned,mobile_app,INR,2995.2,449.28,2545.92,0,458.27,3004.19
ORD-005956,CUST-00938,2025-01-14,completed,web,INR,12173.52,1080.63,11092.89,0,1996.72,13089.61
ORD-005957,CUST-01583,2026-06-05,completed,web,INR,9297.16,323.63,8973.529999999999,0,1615.24,10588.77
ORD-005958,CUST-00501,2025-07-12,shipped,mobile_app,INR,18519.64,343.38,18176.260000000002,0,3271.73,21447.99
ORD-005959,CUST-01282,2025-12-16,completed,web,INR,22794.300000000003,88.86,22705.440000000002,0,4086.98,26792.42
ORD-005960,CUST-01773,2026-03-28,completed,web,INR,1116.67,0.0,1116.67,49,201.0,1366.67
ORD-005961,CUST-01343,2026-07-20,returned,mobile_app,INR,6302.17,350.18,5951.99,0,1071.36,7023.35
ORD-005962,CUST-01035,2025-10-28,completed,web,INR,16497.78,1416.56,15081.220000000001,0,2714.62,17795.84
ORD-005963,CUST-00422,2025-10-25,completed,web,INR,41808.11,4415.75,37392.36,0,6730.62,44122.98
ORD-005964,CUST-00467,2026-07-27,completed,web,INR,3822.9300000000003,301.73,3521.2,0,633.82,4155.02
ORD-005965,CUST-01194,2025-12-22,completed,web,INR,11906.77,2142.6800000000003,9764.09,0,1757.54,11521.63
ORD-005966,CUST-00903,2025-05-19,completed,mobile_app,INR,20570.07,561.75,20008.32,0,3601.5,23609.82
ORD-005967,CUST-00093,2026-06-18,completed,mobile_app,INR,5056.92,505.69,4551.23,0,819.22,5370.45
ORD-005968,CUST-00392,2025-07-11,completed,web,INR,6839.76,683.98,6155.78,0,1108.04,7263.82
ORD-005969,CUST-00865,2026-03-21,completed,web,INR,45553.05,1639.03,43914.02,0,7904.52,51818.54
ORD-005970,CUST-00358,2026-06-29,completed,web,INR,16739.67,130.0,16609.67,0,2989.74,19599.41
ORD-005971,CUST-01108,2026-05-28,completed,web,INR,321.45,16.07,305.38,49,54.97,409.35
ORD-005972,CUST-00602,2026-07-03,completed,mobile_app,INR,8018.02,878.72,7139.3,0,1285.07,8424.37
ORD-005973,CUST-00584,2025-03-30,completed,mobile_app,INR,24446.879999999997,1333.51,23113.370000000003,0,4160.41,27273.78
ORD-005974,CUST-00217,2026-06-07,completed,mobile_app,INR,2032.35,101.62,1930.73,79,347.53,2357.26
ORD-005975,CUST-01007,2026-06-22,completed,web,INR,13247.34,1243.81,12003.53,0,2160.64,14164.17
ORD-005976,CUST-00378,2026-01-31,returned,web,INR,6936.990000000001,120.64,6816.35,0,1226.94,8043.29
ORD-005977,CUST-01261,2025-12-01,completed,web,INR,5976.76,597.68,5379.08,0,968.23,6347.31
ORD-005978,CUST-01877,2026-06-26,completed,web,INR,11387.449999999999,1968.66,9418.79,0,1695.38,11114.17
ORD-005979,CUST-01825,2026-01-11,completed,web,INR,17927.14,408.15,17518.99,0,3153.42,20672.41
ORD-005980,CUST-01334,2026-06-29,completed,web,INR,2585.56,0.0,2585.56,0,465.4,3050.96
ORD-005981,CUST-01615,2025-09-23,completed,web,INR,13808.55,0.0,13808.55,0,2485.54,16294.09
ORD-005982,CUST-01843,2026-07-23,returned,web,INR,8752.64,1531.9899999999998,7220.650000000001,0,1299.72,8520.37
ORD-005983,CUST-01364,2025-05-01,shipped,mobile_app,INR,6656.97,0.0,6656.97,0,1198.25,7855.22
ORD-005984,CUST-00514,2026-06-13,cancelled,mobile_app,INR,9413.61,0.0,9413.61,0,1694.45,11108.06
ORD-005985,CUST-01002,2026-07-23,completed,web,INR,3989.5599999999995,398.95,3590.6099999999997,0,646.31,4236.92
ORD-005986,CUST-01715,2025-12-24,returned,mobile_app,INR,5331.54,336.93,4994.610000000001,0,899.03,5893.64
ORD-005987,CUST-01336,2026-07-30,returned,web,INR,11522.28,0.0,11522.28,0,2074.01,13596.29
ORD-005988,CUST-00725,2026-03-31,completed,web,INR,9803.68,451.15999999999997,9352.52,0,1683.45,11035.97
ORD-005989,CUST-00337,2026-07-17,completed,web,INR,32676.21,3563.4300000000003,29112.78,0,5240.3,34353.08
ORD-005990,CUST-00289,2026-02-22,completed,web,INR,4643.55,73.09,4570.46,0,822.68,5393.14
ORD-005991,CUST-00755,2025-12-26,completed,mobile_app,INR,3485.58,0.0,3485.58,0,627.4,4112.98
ORD-005992,CUST-01610,2026-06-23,completed,web,INR,11750.07,223.24,11526.830000000002,0,2074.83,13601.66
ORD-005993,CUST-01106,2025-11-30,completed,web,INR,9048.01,594.86,8453.15,0,1521.57,9974.72
ORD-005994,CUST-00120,2026-01-05,cancelled,web,INR,9005.5,0.0,9005.5,0,1620.99,10626.49
ORD-005995,CUST-01837,2026-07-29,completed,web,INR,3930.6600000000003,200.77,3729.8900000000003,0,671.38,4401.27
ORD-005996,CUST-00810,2026-07-31,cancelled,web,INR,31941.12,3488.3900000000003,28452.73,0,5121.49,33574.22
ORD-005997,CUST-00782,2025-12-18,completed,web,INR,4840.52,407.55,4432.97,0,797.93,5230.9
ORD-005998,CUST-01639,2025-06-15,completed,web,INR,12936.38,90.98,12845.4,0,2312.17,15157.57
ORD-005999,CUST-00754,2026-07-16,cancelled,web,INR,39512.53,6765.53,32747.000000000004,0,5894.46,38641.46
ORD-006000,CUST-01235,2026-02-19,completed,web,INR,7740.66,165.22,7575.4400000000005,0,1363.58,8939.02
ORD-006001,CUST-01843,2026-04-27,shipped,mobile_app,INR,6671.27,33.76,6637.51,0,1194.75,7832.26
ORD-006002,CUST-01037,2026-07-04,returned,mobile_app,INR,35157.15,478.76,34678.39,0,6242.11,40920.5
ORD-006003,CUST-01229,2026-01-17,completed,mobile_app,INR,26034.510000000002,1503.05,24531.46,0,4415.66,28947.12
ORD-006004,CUST-00708,2026-06-27,completed,mobile_app,INR,277.02,0.0,277.02,49,49.86,375.88
ORD-006005,CUST-01782,2025-07-30,completed,web,INR,12534.9,0.0,12534.9,0,2256.28,14791.18
ORD-006006,CUST-00151,2026-06-28,completed,mobile_app,INR,11484.880000000001,248.51,11236.37,0,2022.55,13258.92
ORD-006007,CUST-00553,2026-03-28,returned,mobile_app,INR,6047.16,604.72,5442.44,0,979.64,6422.08
ORD-006008,CUST-01982,2026-07-09,cancelled,mobile_app,INR,1862.2,186.22,1675.98,79,301.68,2056.66
ORD-006009,CUST-00969,2026-05-24,completed,mobile_app,INR,13066.93,982.09,12084.84,0,2175.27,14260.11
ORD-006010,CUST-00350,2026-03-09,shipped,mobile_app,INR,12804.519999999999,812.81,11991.71,0,2158.51,14150.22
ORD-006011,CUST-00828,2026-05-05,returned,web,INR,15015.77,1267.28,13748.49,0,2474.73,16223.22
ORD-006012,CUST-00511,2026-07-31,completed,mobile_app,INR,1470.92,0.0,1470.92,49,264.77,1784.69
ORD-006013,CUST-01051,2026-07-13,completed,web,INR,6530.7,1306.14,5224.56,0,940.42,6164.98
ORD-006014,CUST-00472,2026-06-28,cancelled,web,INR,23660.34,1896.17,21764.17,0,3917.55,25681.72
ORD-006015,CUST-00799,2026-03-31,shipped,web,INR,12795.26,2126.86,10668.4,0,1920.31,12588.71
ORD-006016,CUST-01816,2025-10-03,completed,web,INR,408.39,40.84,367.55,99,66.16,532.71
ORD-006017,CUST-00165,2025-06-12,completed,web,INR,10072.92,1141.34,8931.58,0,1607.68,10539.26
ORD-006018,CUST-01528,2026-07-23,completed,web,INR,1099.7,164.96,934.74,49,168.25,1151.99
ORD-006019,CUST-00157,2025-11-02,completed,web,INR,2449.38,69.21,2380.17,0,428.43,2808.6
ORD-006020,CUST-00915,2026-05-22,completed,web,INR,6981.54,0.0,6981.54,0,1256.68,8238.22
ORD-006021,CUST-01337,2026-04-25,completed,web,INR,4504.18,225.21,4278.97,0,770.21,5049.18
ORD-006022,CUST-01911,2026-02-09,cancelled,web,INR,3513.65,132.16,3381.4900000000002,0,608.67,3990.16
ORD-006023,CUST-00501,2025-07-23,completed,mobile_app,INR,14534.539999999999,533.57,14000.97,0,2520.17,16521.14
ORD-006024,CUST-00106,2026-04-07,shipped,mobile_app,INR,11161.14,0.0,11161.14,0,2009.01,13170.15
ORD-006025,CUST-01502,2025-09-11,completed,mobile_app,INR,29672.89,1375.6,28297.29,0,5093.51,33390.8
ORD-006026,CUST-01788,2025-12-14,completed,web,INR,16453.8,0.0,16453.8,0,2961.68,19415.48
ORD-006027,CUST-01131,2026-02-24,completed,mobile_app,INR,2111.71,0.0,2111.71,0,380.11,2491.82
ORD-006028,CUST-00121,2025-06-03,completed,mobile_app,INR,33112.05,3926.77,29185.28,0,5253.35,34438.63
ORD-006029,CUST-01002,2026-01-20,shipped,web,INR,30324.92,1004.4,29320.519999999997,0,5277.69,34598.21
ORD-006030,CUST-00783,2025-01-28,completed,web,INR,11114.05,794.65,10319.4,0,1857.49,12176.89
ORD-006031,CUST-00903,2025-10-31,completed,web,INR,14479.829999999998,2365.4700000000003,12114.36,0,2180.58,14294.94
ORD-006032,CUST-00109,2026-02-17,pending,mobile_app,INR,33014.67,0.0,33014.67,0,5942.64,38957.31
ORD-006033,CUST-00635,2025-05-02,cancelled,mobile_app,INR,2313.64,231.36,2082.28,0,374.81,2457.09
ORD-006034,CUST-01998,2026-07-29,completed,mobile_app,INR,12804.27,833.1800000000001,11971.09,0,2154.8,14125.89
ORD-006035,CUST-00092,2026-01-29,completed,mobile_app,INR,8867.31,0.0,8867.31,0,1596.12,10463.43
ORD-006036,CUST-01829,2026-06-13,completed,mobile_app,INR,6840.68,651.02,6189.66,0,1114.14,7303.8
ORD-006037,CUST-01036,2026-05-17,completed,web,INR,28270.399999999998,254.0,28016.399999999998,0,5042.95,33059.35
ORD-006038,CUST-01170,2026-07-07,pending,web,INR,4617.12,0.0,4617.12,0,831.08,5448.2
ORD-006039,CUST-01868,2026-05-26,completed,web,INR,30178.94,2724.26,27454.68,0,4941.84,32396.52
ORD-006040,CUST-00436,2025-07-26,completed,web,INR,21061.440000000002,1545.82,19515.62,0,3512.81,23028.43
ORD-006041,CUST-01969,2026-07-31,completed,web,INR,4795.0,0.0,4795.0,0,863.1,5658.1
ORD-006042,CUST-00554,2026-03-07,completed,web,INR,7982.89,182.13,7800.76,0,1404.14,9204.9
ORD-006043,CUST-00699,2025-04-15,completed,mobile_app,INR,14786.51,0.0,14786.51,0,2661.57,17448.08
ORD-006044,CUST-00900,2026-07-03,completed,web,INR,12446.779999999999,755.0600000000001,11691.72,0,2104.51,13796.23
ORD-006045,CUST-01204,2026-06-03,cancelled,mobile_app,INR,4927.99,985.6,3942.39,0,709.63,4652.02
ORD-006046,CUST-00646,2025-06-29,shipped,mobile_app,INR,39360.3,3133.75,36226.55,0,6520.78,42747.33
ORD-006047,CUST-01587,2026-07-23,returned,web,INR,13058.32,0.0,13058.32,0,2350.5,15408.82
ORD-006048,CUST-00043,2025-12-31,completed,web,INR,28568.92,700.86,27868.06,0,5016.25,32884.31
ORD-006049,CUST-01334,2026-05-28,completed,web,INR,28163.61,0.0,28163.61,0,5069.45,33233.06
ORD-006050,CUST-01313,2026-05-24,cancelled,mobile_app,INR,4979.3,581.66,4397.639999999999,0,791.58,5189.22
ORD-006051,CUST-01070,2026-07-10,completed,mobile_app,INR,27789.92,872.49,26917.43,0,4845.14,31762.57
ORD-006052,CUST-01227,2025-11-25,completed,web,INR,16159.210000000001,0.0,16159.210000000001,0,2908.66,19067.87
ORD-006053,CUST-01496,2026-07-29,pending,mobile_app,INR,1541.62,12.19,1529.43,79,275.3,1883.73
ORD-006054,CUST-01809,2025-06-14,cancelled,mobile_app,INR,8517.48,804.2,7713.28,0,1388.39,9101.67
ORD-006055,CUST-00437,2026-05-12,cancelled,web,INR,25357.92,1267.9,24090.02,0,4336.2,28426.22
ORD-006056,CUST-00954,2025-06-20,completed,mobile_app,INR,42820.34,588.16,42232.17999999999,0,7601.79,49833.97
ORD-006057,CUST-01125,2026-07-31,completed,web,INR,22184.7,1580.98,20603.72,0,3708.67,24312.39
ORD-006058,CUST-00690,2026-06-13,completed,web,INR,25492.6,2141.9,23350.7,0,4203.13,27553.83
ORD-006059,CUST-01948,2026-07-02,completed,mobile_app,INR,17391.519999999997,94.49,17297.03,0,3113.47,20410.5
ORD-006060,CUST-01024,2026-03-14,completed,web,INR,35963.55,423.27,35540.28,0,6397.25,41937.53
ORD-006061,CUST-01186,2025-10-14,cancelled,mobile_app,INR,56992.71,2849.63,54143.08,0,9745.75,63888.83
ORD-006062,CUST-00390,2025-03-25,completed,mobile_app,INR,51028.32,4100.17,46928.15,0,8447.07,55375.22
ORD-006063,CUST-00832,2026-06-14,completed,web,INR,33664.770000000004,876.51,32788.26,0,5901.89,38690.15
ORD-006064,CUST-01252,2025-08-21,cancelled,mobile_app,INR,1107.54,110.75,996.79,79,179.42,1255.21
ORD-006065,CUST-00857,2026-04-25,cancelled,web,INR,11080.48,1004.79,10075.69,0,1813.62,11889.31
ORD-006066,CUST-01541,2026-06-15,completed,web,INR,1534.42,230.16,1304.26,79,234.77,1618.03
ORD-006067,CUST-00274,2026-06-26,completed,web,INR,28625.39,3860.2999999999997,24765.09,0,4457.72,29222.81
ORD-006068,CUST-00307,2026-03-15,completed,mobile_app,INR,14395.189999999999,734.05,13661.14,0,2459.01,16120.15
ORD-006069,CUST-00678,2025-06-24,completed,mobile_app,INR,21685.02,1109.52,20575.5,0,3703.59,24279.09
ORD-006070,CUST-00637,2025-03-04,completed,web,INR,24710.38,2355.46,22354.92,0,4023.89,26378.81
ORD-006071,CUST-01631,2025-10-07,completed,web,INR,9316.93,0.0,9316.93,0,1677.05,10993.98
ORD-006072,CUST-01736,2026-05-07,cancelled,mobile_app,INR,10552.2,1055.22,9496.98,0,1709.46,11206.44
ORD-006073,CUST-00944,2026-05-21,returned,mobile_app,INR,6629.97,663.0,5966.97,0,1074.05,7041.02
ORD-006074,CUST-01012,2026-06-03,completed,web,INR,12393.3,1239.33,11153.970000000001,0,2007.71,13161.68
ORD-006075,CUST-00589,2026-04-04,completed,web,INR,16231.32,633.97,15597.35,0,2807.52,18404.87
ORD-006076,CUST-01064,2026-01-17,completed,web,INR,5993.57,219.28,5774.29,0,1039.37,6813.66
ORD-006077,CUST-01413,2025-06-25,pending,web,INR,12777.51,1171.06,11606.45,0,2089.16,13695.61
ORD-006078,CUST-01445,2026-03-01,cancelled,web,INR,14651.02,953.6099999999999,13697.41,0,2465.53,16162.94
ORD-006079,CUST-01938,2026-01-10,pending,mobile_app,INR,15730.08,2291.0299999999997,13439.05,0,2419.03,15858.08
ORD-006080,CUST-01156,2025-07-17,completed,mobile_app,INR,21963.55,266.09000000000003,21697.46,0,3905.54,25603.0
ORD-006081,CUST-00681,2025-12-02,completed,web,INR,34199.73,895.55,33304.18,0,5994.75,39298.93
ORD-006082,CUST-00140,2025-03-28,completed,mobile_app,INR,1695.09,0.0,1695.09,79,305.12,2079.21
ORD-006083,CUST-01376,2026-07-30,completed,web,INR,6941.31,694.13,6247.18,0,1124.49,7371.67
ORD-006084,CUST-01608,2026-01-23,completed,mobile_app,INR,24193.93,1632.5800000000002,22561.35,0,4061.04,26622.39
ORD-006085,CUST-01105,2025-10-11,completed,web,INR,32262.81,3931.9799999999996,28330.83,0,5099.55,33430.38
ORD-006086,CUST-01846,2026-05-06,completed,web,INR,2021.94,101.1,1920.84,99,345.75,2365.59
ORD-006087,CUST-00634,2025-04-20,completed,web,INR,7800.26,399.99,7400.27,0,1332.05,8732.32
ORD-006088,CUST-00107,2026-01-12,returned,web,INR,20111.760000000002,2528.76,17583.0,0,3164.94,20747.94
ORD-006089,CUST-01267,2025-06-06,shipped,mobile_app,INR,9235.460000000001,1274.6200000000001,7960.84,0,1432.95,9393.79
ORD-006090,CUST-00243,2025-05-01,shipped,web,INR,1248.32,249.66,998.66,99,179.76,1277.42
ORD-006091,CUST-00169,2026-04-06,completed,web,INR,36057.66,1224.84,34832.82,0,6269.91,41102.73
ORD-006092,CUST-01404,2026-04-18,shipped,web,INR,21260.47,410.51,20849.96,0,3752.99,24602.95
ORD-006093,CUST-00869,2026-01-21,completed,mobile_app,INR,8949.380000000001,877.4200000000001,8071.960000000001,0,1452.95,9524.91
ORD-006094,CUST-01209,2026-06-10,completed,mobile_app,INR,4563.13,0.0,4563.13,0,821.36,5384.49
ORD-006095,CUST-01496,2025-10-18,completed,mobile_app,INR,4620.12,513.78,4106.34,0,739.14,4845.48
ORD-006096,CUST-00766,2026-02-24,completed,mobile_app,INR,14934.33,1726.22,13208.11,0,2377.46,15585.57
ORD-006097,CUST-01223,2026-07-07,cancelled,mobile_app,INR,13222.02,617.78,12604.24,0,2268.76,14873.0
ORD-006098,CUST-01079,2025-04-16,cancelled,web,INR,12384.39,518.14,11866.25,0,2135.92,14002.17
ORD-006099,CUST-01161,2026-06-22,completed,mobile_app,INR,27242.309999999998,979.26,26263.05,0,4727.35,30990.4
ORD-006100,CUST-01407,2025-12-15,completed,web,INR,23676.67,2205.93,21470.739999999998,0,3864.73,25335.47
ORD-006101,CUST-00761,2026-03-22,completed,mobile_app,INR,8282.619999999999,0.0,8282.619999999999,0,1490.87,9773.49
ORD-006102,CUST-01009,2026-01-31,completed,mobile_app,INR,7282.08,0.0,7282.08,0,1310.77,8592.85
ORD-006103,CUST-01183,2026-05-10,completed,web,INR,4705.22,0.0,4705.22,0,846.94,5552.16
ORD-006104,CUST-00281,2025-07-10,shipped,web,INR,6958.68,347.93,6610.75,0,1189.94,7800.69
ORD-006105,CUST-00424,2025-12-25,cancelled,web,INR,9761.48,0.0,9761.48,0,1757.07,11518.55
ORD-006106,CUST-00179,2026-06-29,completed,mobile_app,INR,17926.23,2623.87,15302.359999999999,0,2754.42,18056.78
ORD-006107,CUST-00397,2026-07-21,completed,web,INR,23471.66,571.3000000000001,22900.36,0,4122.06,27022.42
ORD-006108,CUST-00878,2026-04-16,completed,mobile_app,INR,3171.89,0.0,3171.89,0,570.94,3742.83
ORD-006109,CUST-01876,2026-02-14,completed,web,INR,3707.53,262.97,3444.56,0,620.02,4064.58
ORD-006110,CUST-01846,2026-03-07,completed,web,INR,32191.01,4690.83,27500.18,0,4950.03,32450.21
ORD-006111,CUST-01526,2025-09-02,completed,web,INR,29121.33,892.81,28228.520000000004,0,5081.13,33309.65
ORD-006112,CUST-01116,2026-06-29,completed,mobile_app,INR,17656.93,613.78,17043.15,0,3067.77,20110.92
ORD-006113,CUST-00406,2026-07-13,completed,web,INR,10696.88,634.5699999999999,10062.31,0,1811.22,11873.53
ORD-006114,CUST-00717,2025-09-21,shipped,mobile_app,INR,11147.32,1264.26,9883.06,0,1778.95,11662.01
ORD-006115,CUST-01533,2026-07-25,completed,mobile_app,INR,18717.62,3646.9399999999996,15070.68,0,2712.72,17783.4
ORD-006116,CUST-01818,2025-09-18,completed,mobile_app,INR,10427.98,785.8,9642.18,0,1735.59,11377.77
ORD-006117,CUST-01926,2026-03-03,returned,web,INR,8713.66,578.63,8135.030000000001,0,1464.31,9599.34
ORD-006118,CUST-00778,2025-10-26,returned,web,INR,32608.89,652.07,31956.82,0,5752.23,37709.05
ORD-006119,CUST-00974,2026-04-07,completed,web,INR,8951.95,611.98,8339.97,0,1501.19,9841.16
ORD-006120,CUST-01019,2026-05-18,completed,web,INR,54659.27,6997.13,47662.14,0,8579.19,56241.33
ORD-006121,CUST-00113,2025-12-02,completed,web,INR,4124.79,0.0,4124.79,0,742.46,4867.25
ORD-006122,CUST-00233,2026-02-09,pending,web,INR,5829.63,0.0,5829.63,0,1049.33,6878.96
ORD-006123,CUST-00091,2025-11-11,completed,mobile_app,INR,20262.920000000002,2087.91,18175.010000000002,0,3271.5,21446.51
ORD-006124,CUST-01475,2026-07-27,completed,web,INR,38939.909999999996,7600.51,31339.4,0,5641.09,36980.49
ORD-006125,CUST-00449,2025-07-31,shipped,web,INR,8214.8,0.0,8214.8,0,1478.66,9693.46
ORD-006126,CUST-01401,2026-06-24,shipped,web,INR,9960.11,259.41,9700.7,0,1746.13,11446.83
ORD-006127,CUST-00751,2026-07-17,completed,web,INR,10285.66,240.05,10045.61,0,1808.21,11853.82
ORD-006128,CUST-01589,2026-05-21,completed,web,INR,2633.91,263.39,2370.52,0,426.69,2797.21
ORD-006129,CUST-00232,2026-05-07,completed,mobile_app,INR,51291.0,5620.29,45670.71,0,8220.73,53891.44
ORD-006130,CUST-00651,2026-03-10,completed,web,INR,15106.45,0.0,15106.45,0,2719.16,17825.61
ORD-006131,CUST-00410,2025-07-20,completed,web,INR,4574.92,109.34,4465.58,0,803.8,5269.38
ORD-006132,CUST-00873,2025-01-19,cancelled,web,INR,42462.880000000005,5266.19,37196.69,0,6695.4,43892.09
ORD-006133,CUST-01124,2026-07-02,shipped,web,INR,11857.279999999999,0.0,11857.279999999999,0,2134.31,13991.59
ORD-006134,CUST-00337,2026-07-12,shipped,web,INR,17250.02,1607.67,15642.35,0,2815.62,18457.97
ORD-006135,CUST-01334,2026-03-01,shipped,mobile_app,INR,20218.629999999997,1978.1799999999998,18240.45,0,3283.28,21523.73
ORD-006136,CUST-01930,2026-06-27,completed,web,INR,10058.83,374.81,9684.02,0,1743.12,11427.14
ORD-006137,CUST-00087,2026-04-24,completed,web,INR,1927.62,0.0,1927.62,49,346.97,2323.59
ORD-006138,CUST-00173,2026-03-09,shipped,web,INR,13952.970000000001,166.34,13786.630000000001,0,2481.59,16268.22
ORD-006139,CUST-01905,2025-06-12,completed,mobile_app,INR,26997.62,87.31,26910.309999999998,0,4843.86,31754.17
ORD-006140,CUST-01299,2025-12-16,completed,web,INR,17390.6,0.0,17390.6,0,3130.31,20520.91
ORD-006141,CUST-01840,2025-06-17,completed,web,INR,5778.02,288.9,5489.12,0,988.04,6477.16
ORD-006142,CUST-01411,2025-11-20,shipped,web,INR,1167.37,175.11,992.26,99,178.61,1269.87
ORD-006143,CUST-01435,2025-01-24,completed,web,INR,13504.65,1064.0500000000002,12440.6,0,2239.31,14679.91
ORD-006144,CUST-00316,2026-06-09,completed,web,INR,28741.92,4311.29,24430.63,0,4397.51,28828.14
ORD-006145,CUST-01024,2026-05-07,completed,web,INR,14319.18,0.0,14319.18,0,2577.45,16896.63
ORD-006146,CUST-00731,2026-01-12,cancelled,web,INR,21043.690000000002,2691.3199999999997,18352.37,0,3303.43,21655.8
ORD-006147,CUST-01668,2026-02-16,completed,web,INR,9836.1,0.0,9836.1,0,1770.5,11606.6
ORD-006148,CUST-00087,2025-04-12,completed,mobile_app,INR,26875.93,1343.8000000000002,25532.13,0,4595.78,30127.91
ORD-006149,CUST-00037,2026-05-01,shipped,web,INR,6917.64,345.88,6571.76,0,1182.92,7754.68
ORD-006150,CUST-01114,2025-03-17,shipped,web,INR,14244.76,963.3199999999999,13281.44,0,2390.66,15672.1
ORD-006151,CUST-01941,2026-01-21,completed,web,INR,1957.9,391.58,1566.32,49,281.94,1897.26
ORD-006152,CUST-01990,2026-07-30,completed,web,INR,4099.76,0.0,4099.76,0,737.96,4837.72
ORD-006153,CUST-01188,2026-01-17,returned,web,INR,9324.58,1300.38,8024.2,0,1444.36,9468.56
ORD-006154,CUST-00860,2026-02-12,completed,web,INR,1088.98,0.0,1088.98,49,196.02,1334.0
ORD-006155,CUST-00546,2025-02-12,returned,web,INR,29511.03,1105.6,28405.43,0,5112.98,33518.41
ORD-006156,CUST-01981,2026-06-07,cancelled,web,INR,19966.1,289.63,19676.47,0,3541.76,23218.23
ORD-006157,CUST-00367,2025-09-09,cancelled,web,INR,41347.5,589.86,40757.64,0,7336.38,48094.02
ORD-006158,CUST-00253,2025-06-20,completed,web,INR,23245.420000000002,0.0,23245.420000000002,0,4184.18,27429.6
ORD-006159,CUST-01017,2025-02-28,completed,web,INR,21320.35,1307.52,20012.83,0,3602.31,23615.14
ORD-006160,CUST-00785,2026-02-16,completed,web,INR,3612.7999999999997,0.0,3612.7999999999997,0,650.3,4263.1
ORD-006161,CUST-00992,2025-06-28,completed,web,INR,22552.98,1186.55,21366.43,0,3845.96,25212.39
ORD-006162,CUST-01804,2026-06-06,completed,web,INR,6789.79,791.5699999999999,5998.22,0,1079.68,7077.9
ORD-006163,CUST-00540,2025-05-01,completed,web,INR,10607.48,1117.6,9489.88,0,1708.18,11198.06
ORD-006164,CUST-01754,2025-02-15,completed,mobile_app,INR,20737.15,1387.7,19349.45,0,3482.9,22832.35
ORD-006165,CUST-00424,2026-04-04,completed,web,INR,1567.87,110.08,1457.79,79,262.4,1799.19
ORD-006166,CUST-00648,2025-10-22,completed,web,INR,2193.64,109.68,2083.96,0,375.11,2459.07
ORD-006167,CUST-00009,2026-02-06,completed,mobile_app,INR,30823.0,4367.0,26456.0,0,4762.08,31218.08
ORD-006168,CUST-01358,2025-01-23,completed,web,INR,22819.39,1727.42,21091.97,0,3796.55,24888.52
ORD-006169,CUST-01717,2026-06-15,shipped,web,INR,12076.4,2362.6,9713.8,0,1748.48,11462.28
ORD-006170,CUST-01773,2025-06-28,completed,mobile_app,INR,17551.54,0.0,17551.54,0,3159.28,20710.82
ORD-006171,CUST-00335,2026-03-30,shipped,web,INR,18022.940000000002,1069.77,16953.17,0,3051.57,20004.74
ORD-006172,CUST-01534,2026-06-24,completed,web,INR,3589.3500000000004,665.08,2924.27,0,526.37,3450.64
ORD-006173,CUST-00283,2026-03-10,completed,web,INR,31941.59,1308.59,30633.0,0,5513.94,36146.94
ORD-006174,CUST-01257,2025-07-12,shipped,web,INR,24312.980000000003,2486.5899999999997,21826.39,0,3928.75,25755.14
ORD-006175,CUST-01405,2025-06-30,completed,web,INR,2105.78,0.0,2105.78,0,379.04,2484.82
ORD-006176,CUST-00306,2026-02-01,completed,mobile_app,INR,4173.07,501.09000000000003,3671.98,0,660.96,4332.94
ORD-006177,CUST-00222,2025-03-08,returned,web,INR,50477.88,1801.4099999999999,48676.47,0,8761.76,57438.23
ORD-006178,CUST-00147,2025-03-26,completed,web,INR,2240.66,112.03,2128.63,0,383.15,2511.78
ORD-006179,CUST-01417,2026-04-01,completed,mobile_app,INR,7756.21,968.61,6787.6,0,1221.77,8009.37
ORD-006180,CUST-01230,2025-01-15,returned,mobile_app,INR,27857.43,3407.33,24450.1,0,4401.02,28851.12
ORD-006181,CUST-00239,2025-06-17,cancelled,web,INR,22813.57,2469.09,20344.48,0,3662.01,24006.49
ORD-006182,CUST-01001,2026-05-29,completed,web,INR,2023.64,0.0,2023.64,0,364.26,2387.9
ORD-006183,CUST-01592,2025-05-25,completed,mobile_app,INR,28343.059999999998,642.34,27700.72,0,4986.13,32686.85
ORD-006184,CUST-00477,2026-07-21,completed,mobile_app,INR,20173.68,1006.1300000000001,19167.55,0,3450.16,22617.71
ORD-006185,CUST-01212,2026-07-26,cancelled,mobile_app,INR,43383.21,7241.09,36142.119999999995,0,6505.58,42647.7
ORD-006186,CUST-00586,2026-05-24,shipped,mobile_app,INR,10550.92,875.1800000000001,9675.740000000002,0,1741.63,11417.37
ORD-006187,CUST-00523,2025-04-11,completed,mobile_app,INR,16692.030000000002,56.33,16635.7,0,2994.43,19630.13
ORD-006188,CUST-00785,2026-06-16,completed,web,INR,3214.24,0.0,3214.24,0,578.56,3792.8
ORD-006189,CUST-00705,2025-01-19,cancelled,web,INR,1950.3,0.0,1950.3,99,351.05,2400.35
ORD-006190,CUST-00992,2025-12-25,completed,web,INR,24149.97,2791.05,21358.92,0,3844.61,25203.53
ORD-006191,CUST-00411,2026-07-02,pending,mobile_app,INR,29868.27,4759.09,25109.18,0,4519.65,29628.83
ORD-006192,CUST-00781,2026-06-14,completed,web,INR,8650.68,392.04999999999995,8258.63,0,1486.55,9745.18
ORD-006193,CUST-01245,2026-05-11,completed,web,INR,43852.99,2443.39,41409.6,0,7453.73,48863.33
ORD-006194,CUST-00775,2026-03-09,completed,web,INR,12020.04,1020.7900000000001,10999.25,0,1979.86,12979.11
ORD-006195,CUST-01313,2026-03-27,completed,mobile_app,INR,18826.85,1962.8500000000001,16864.0,0,3035.52,19899.52
ORD-006196,CUST-00232,2026-05-30,completed,web,INR,34292.57,1124.37,33168.2,0,5970.28,39138.48
ORD-006197,CUST-00276,2025-05-09,completed,mobile_app,INR,15729.91,1021.86,14708.05,0,2647.45,17355.5
ORD-006198,CUST-01732,2026-06-19,completed,web,INR,17879.870000000003,1765.5100000000002,16114.36,0,2900.58,19014.94
ORD-006199,CUST-00924,2025-08-22,completed,web,INR,473.14,0.0,473.14,49,85.17,607.31
ORD-006200,CUST-01219,2026-04-01,cancelled,web,INR,17412.760000000002,811.3,16601.46,0,2988.26,19589.72
ORD-006201,CUST-01480,2026-07-16,completed,web,INR,7869.74,0.0,7869.74,0,1416.55,9286.29
ORD-006202,CUST-00293,2026-07-27,completed,mobile_app,INR,11093.98,731.22,10362.76,0,1865.3,12228.06
ORD-006203,CUST-01945,2026-02-05,shipped,web,INR,18757.97,522.13,18235.84,0,3282.45,21518.29
ORD-006204,CUST-00848,2025-12-07,completed,mobile_app,INR,10406.13,0.0,10406.13,0,1873.1,12279.23
ORD-006205,CUST-01780,2026-02-25,completed,mobile_app,INR,24770.25,789.6,23980.649999999998,0,4316.52,28297.17
ORD-006206,CUST-00834,2025-02-10,cancelled,web,INR,1221.38,183.21,1038.17,79,186.87,1304.04
ORD-006207,CUST-00812,2026-05-14,completed,web,INR,11551.2,714.7,10836.5,0,1950.57,12787.07
ORD-006208,CUST-01202,2025-03-31,completed,web,INR,15026.27,611.56,14414.71,0,2594.65,17009.36
ORD-006209,CUST-00382,2026-06-23,cancelled,web,INR,391.94,58.79,333.15,79,59.97,472.12
ORD-006210,CUST-01218,2026-03-20,returned,web,INR,39249.9,0.0,39249.9,0,7064.98,46314.88
ORD-006211,CUST-01967,2025-12-19,cancelled,web,INR,26613.03,3372.22,23240.81,0,4183.35,27424.16
ORD-006212,CUST-01291,2025-07-24,completed,mobile_app,INR,20907.3,0.0,20907.3,0,3763.31,24670.61
ORD-006213,CUST-00141,2026-07-19,completed,mobile_app,INR,11498.279999999999,607.24,10891.04,0,1960.39,12851.43
ORD-006214,CUST-01396,2026-04-11,completed,mobile_app,INR,8561.64,441.15999999999997,8120.48,0,1461.69,9582.17
ORD-006215,CUST-00067,2026-05-17,completed,web,INR,8213.69,72.41,8141.280000000001,0,1465.43,9606.71
ORD-006216,CUST-00207,2026-01-17,completed,web,INR,9425.66,444.03999999999996,8981.619999999999,0,1616.69,10598.31
ORD-006217,CUST-00570,2026-03-31,cancelled,mobile_app,INR,26238.18,0.0,26238.18,0,4722.87,30961.05
ORD-006218,CUST-00610,2026-06-06,completed,web,INR,4930.26,548.2,4382.0599999999995,0,788.77,5170.83
ORD-006219,CUST-00008,2026-06-24,returned,mobile_app,INR,11864.49,102.47,11762.02,0,2117.16,13879.18
ORD-006220,CUST-00035,2026-07-04,pending,mobile_app,INR,23568.27,1647.99,21920.28,0,3945.65,25865.93
ORD-006221,CUST-01579,2026-06-05,completed,mobile_app,INR,11770.02,438.41,11331.61,0,2039.69,13371.3
ORD-006222,CUST-00910,2026-01-19,completed,web,INR,36298.35,914.97,35383.38,0,6369.01,41752.39
ORD-006223,CUST-00400,2026-05-01,pending,mobile_app,INR,49956.32,595.18,49361.14,0,8885.01,58246.15
ORD-006224,CUST-00859,2025-11-14,completed,web,INR,29445.370000000003,1065.49,28379.88,0,5108.38,33488.26
ORD-006225,CUST-01386,2025-11-03,cancelled,web,INR,15944.759999999998,2868.3300000000004,13076.43,0,2353.76,15430.19
ORD-006226,CUST-01469,2026-07-20,completed,web,INR,7968.92,239.56,7729.360000000001,0,1391.28,9120.64
ORD-006227,CUST-00577,2026-07-17,completed,web,INR,31901.989999999998,1781.75,30120.239999999998,0,5421.64,35541.88
ORD-006228,CUST-00335,2025-10-01,completed,web,INR,8258.16,1267.5,6990.660000000001,0,1258.32,8248.98
ORD-006229,CUST-01919,2026-06-23,completed,web,INR,11642.58,279.56,11363.02,0,2045.34,13408.36
ORD-006230,CUST-01263,2025-08-05,returned,web,INR,11535.28,0.0,11535.28,0,2076.35,13611.63
ORD-006231,CUST-01966,2025-12-05,completed,mobile_app,INR,5607.6,0.0,5607.6,0,1009.37,6616.97
ORD-006232,CUST-00614,2026-04-05,completed,mobile_app,INR,10797.4,445.13,10352.27,0,1863.41,12215.68
ORD-006233,CUST-00223,2026-02-17,shipped,mobile_app,INR,2361.84,354.27,2007.5700000000002,0,361.36,2368.93
ORD-006234,CUST-00764,2026-06-03,pending,web,INR,48651.44,2068.8199999999997,46582.62,0,8384.87,54967.49
ORD-006235,CUST-00656,2025-08-15,completed,mobile_app,INR,4217.14,632.57,3584.57,0,645.22,4229.79
ORD-006236,CUST-01439,2025-02-11,cancelled,web,INR,19382.940000000002,1714.94,17668.0,0,3180.24,20848.24
ORD-006237,CUST-01433,2026-07-30,completed,web,INR,2231.33,0.0,2231.33,0,401.64,2632.97
ORD-006238,CUST-00144,2026-05-08,cancelled,web,INR,6735.34,1347.07,5388.27,0,969.89,6358.16
ORD-006239,CUST-01176,2026-06-21,shipped,web,INR,14545.119999999999,605.15,13939.97,0,2509.19,16449.16
ORD-006240,CUST-00686,2026-02-28,returned,web,INR,19103.61,323.01,18780.6,0,3380.51,22161.11
ORD-006241,CUST-01230,2026-04-08,completed,web,INR,10239.02,685.4,9553.62,0,1719.65,11273.27
ORD-006242,CUST-00783,2025-11-22,returned,mobile_app,INR,25181.09,0.0,25181.09,0,4532.6,29713.69
ORD-006243,CUST-01075,2025-08-11,completed,web,INR,23062.43,1241.58,21820.85,0,3927.75,25748.6
ORD-006244,CUST-01432,2026-01-21,shipped,web,INR,11096.369999999999,0.0,11096.369999999999,0,1997.35,13093.72
ORD-006245,CUST-00587,2026-07-17,shipped,web,INR,9214.47,814.57,8399.9,0,1511.98,9911.88
ORD-006246,CUST-00399,2025-09-23,completed,web,INR,9386.94,0.0,9386.94,0,1689.65,11076.59
ORD-006247,CUST-01412,2025-06-25,returned,mobile_app,INR,1307.24,196.09,1111.15,99,200.01,1410.16
ORD-006248,CUST-01895,2026-05-02,cancelled,web,INR,25568.07,368.81,25199.260000000002,0,4535.87,29735.13
ORD-006249,CUST-00889,2025-04-19,cancelled,web,INR,3519.4,0.0,3519.4,0,633.49,4152.89
ORD-006250,CUST-01996,2025-04-16,completed,mobile_app,INR,4972.49,458.21,4514.28,0,812.57,5326.85
ORD-006251,CUST-00370,2026-05-10,cancelled,web,INR,24913.21,1832.8300000000002,23080.38,0,4154.47,27234.85
ORD-006252,CUST-01638,2026-05-21,completed,web,INR,36169.95,1179.17,34990.78,0,6298.34,41289.12
ORD-006253,CUST-01977,2026-07-18,pending,web,INR,21726.82,1424.77,20302.05,0,3654.37,23956.42
ORD-006254,CUST-00600,2026-06-17,completed,web,INR,51672.729999999996,5132.1900000000005,46540.54,0,8377.3,54917.84
ORD-006255,CUST-00296,2026-06-09,completed,web,INR,29595.1,4736.05,24859.050000000003,0,4474.63,29333.68
ORD-006256,CUST-01328,2025-03-16,completed,mobile_app,INR,23856.58,0.0,23856.58,0,4294.18,28150.76
ORD-006257,CUST-01739,2025-06-23,shipped,web,INR,15437.91,1077.05,14360.86,0,2584.95,16945.81
ORD-006258,CUST-00167,2026-02-20,completed,web,INR,8003.98,1200.6,6803.38,0,1224.61,8027.99
ORD-006259,CUST-01282,2026-03-04,returned,mobile_app,INR,1053.99,105.4,948.59,49,170.75,1168.34
ORD-006260,CUST-01743,2026-03-08,returned,web,INR,41835.03,529.74,41305.29,0,7434.95,48740.24
ORD-006261,CUST-00065,2025-10-02,completed,web,INR,1783.15,89.16,1693.99,49,304.92,2047.91
ORD-006262,CUST-01032,2025-09-18,cancelled,web,INR,8928.960000000001,269.97,8658.99,0,1558.62,10217.61
ORD-006263,CUST-00154,2025-01-16,shipped,web,INR,15831.6,1870.18,13961.42,0,2513.06,16474.48
ORD-006264,CUST-00353,2025-12-18,completed,web,INR,3939.1499999999996,143.19,3795.96,0,683.27,4479.23
ORD-006265,CUST-00973,2026-05-25,completed,web,INR,1981.68,396.34,1585.34,79,285.36,1949.7
ORD-006266,CUST-00655,2026-05-16,completed,web,INR,35918.27,4151.0,31767.269999999997,0,5718.11,37485.38
ORD-006267,CUST-00171,2025-07-14,completed,mobile_app,INR,37523.68000000001,2051.67,35472.01,0,6384.96,41856.97
ORD-006268,CUST-01602,2026-05-13,completed,web,INR,46763.49,0.0,46763.49,0,8417.43,55180.92
ORD-006269,CUST-00406,2025-07-19,completed,mobile_app,INR,15023.85,0.0,15023.85,0,2704.29,17728.14
ORD-006270,CUST-01741,2026-01-16,completed,web,INR,33500.42,1109.02,32391.4,0,5830.45,38221.85
ORD-006271,CUST-00354,2025-09-20,pending,web,INR,28332.94,4036.8,24296.14,0,4373.31,28669.45
ORD-006272,CUST-01040,2026-07-20,completed,web,INR,13912.62,211.81,13700.81,0,2466.15,16166.96
ORD-006273,CUST-01455,2026-04-06,cancelled,web,INR,45103.2,3079.57,42023.63,0,7564.25,49587.88
ORD-006274,CUST-00961,2025-02-12,cancelled,mobile_app,INR,6314.1,315.71,5998.39,0,1079.71,7078.1
ORD-006275,CUST-00835,2026-07-14,shipped,web,INR,19222.55,0.0,19222.55,0,3460.06,22682.61
ORD-006276,CUST-01502,2026-02-22,completed,web,INR,3215.8900000000003,461.92999999999995,2753.96,0,495.71,3249.67
ORD-006277,CUST-00024,2026-06-07,completed,web,INR,508.91,0.0,508.91,99,91.6,699.51
ORD-006278,CUST-01653,2025-06-13,cancelled,web,INR,2585.02,517.0,2068.02,0,372.24,2440.26
ORD-006279,CUST-01380,2025-08-07,shipped,mobile_app,INR,15157.92,243.97,14913.95,0,2684.51,17598.46
ORD-006280,CUST-01530,2026-06-08,cancelled,mobile_app,INR,25037.300000000003,1240.35,23796.95,0,4283.45,28080.4
ORD-006281,CUST-00842,2026-07-13,completed,web,INR,3921.03,196.05,3724.98,0,670.5,4395.48
ORD-006282,CUST-00769,2026-06-05,completed,mobile_app,INR,13214.359999999999,226.94,12987.420000000002,0,2337.74,15325.16
ORD-006283,CUST-01144,2026-05-26,completed,mobile_app,INR,4308.33,61.68,4246.65,0,764.4,5011.05
ORD-006284,CUST-01284,2026-04-03,completed,web,INR,9588.86,1274.58,8314.28,0,1496.57,9810.85
ORD-006285,CUST-01851,2025-07-31,shipped,web,INR,9887.71,878.96,9008.75,0,1621.58,10630.33
ORD-006286,CUST-01715,2026-07-17,completed,mobile_app,INR,31599.649999999998,595.87,31003.78,0,5580.68,36584.46
ORD-006287,CUST-00108,2025-11-20,completed,mobile_app,INR,41930.63,3294.1800000000003,38636.45,0,6954.56,45591.01
ORD-006288,CUST-00304,2026-07-08,completed,web,INR,26599.67,884.78,25714.89,0,4628.68,30343.57
ORD-006289,CUST-01894,2026-07-30,completed,web,INR,2574.7999999999997,257.48,2317.3199999999997,0,417.12,2734.44
ORD-006290,CUST-00777,2026-05-14,completed,mobile_app,INR,7419.64,636.77,6782.87,0,1220.92,8003.79
ORD-006291,CUST-01161,2026-04-12,completed,mobile_app,INR,709.17,0.0,709.17,79,127.65,915.82
ORD-006292,CUST-00114,2026-06-10,completed,web,INR,6767.21,469.42999999999995,6297.78,0,1133.6,7431.38
ORD-006293,CUST-00210,2026-02-18,shipped,mobile_app,INR,751.86,0.0,751.86,79,135.33,966.19
ORD-006294,CUST-00818,2026-07-22,cancelled,web,INR,12071.52,731.71,11339.81,0,2041.17,13380.98
ORD-006295,CUST-01435,2025-02-22,completed,web,INR,39392.77,3076.44,36316.33,0,6536.94,42853.27
ORD-006296,CUST-01545,2025-01-08,completed,mobile_app,INR,7042.4,0.0,7042.4,0,1267.63,8310.03
ORD-006297,CUST-01790,2026-01-26,shipped,web,INR,2208.54,331.28,1877.26,49,337.91,2264.17
ORD-006298,CUST-00395,2026-04-19,completed,web,INR,22417.7,3397.71,19019.989999999998,0,3423.6,22443.59
ORD-006299,CUST-00404,2026-07-11,completed,mobile_app,INR,34817.27,3390.31,31426.960000000003,0,5656.85,37083.81
ORD-006300,CUST-01084,2026-02-28,completed,web,INR,8469.220000000001,0.0,8469.220000000001,0,1524.46,9993.68
ORD-006301,CUST-01094,2025-03-09,pending,web,INR,12258.05,777.9000000000001,11480.150000000001,0,2066.43,13546.58
ORD-006302,CUST-00074,2026-02-07,completed,web,INR,3260.14,0.0,3260.14,0,586.83,3846.97
ORD-006303,CUST-00895,2026-01-30,pending,web,INR,2149.14,214.91,1934.23,49,348.16,2331.39
ORD-006304,CUST-01796,2025-10-30,completed,web,INR,11906.65,736.47,11170.18,0,2010.63,13180.81
ORD-006305,CUST-00328,2025-03-09,completed,web,INR,17542.05,25.01,17517.04,0,3153.07,20670.11
ORD-006306,CUST-01641,2026-07-24,completed,mobile_app,INR,3860.33,0.0,3860.33,0,694.86,4555.19
ORD-006307,CUST-00895,2026-03-06,cancelled,mobile_app,INR,18647.62,1528.15,17119.47,0,3081.5,20200.97
ORD-006308,CUST-01049,2026-03-30,completed,mobile_app,INR,18570.57,1409.58,17160.989999999998,0,3088.98,20249.97
ORD-006309,CUST-01284,2026-04-26,completed,web,INR,21292.34,1765.26,19527.08,0,3514.87,23041.95
ORD-006310,CUST-01412,2026-02-14,pending,web,INR,29969.629999999997,5073.1,24896.53,0,4481.38,29377.91
ORD-006311,CUST-01275,2026-03-31,completed,mobile_app,INR,10670.779999999999,435.92,10234.86,0,1842.27,12077.13
ORD-006312,CUST-00208,2026-07-04,completed,web,INR,7020.6900000000005,213.58,6807.110000000001,0,1225.28,8032.39
ORD-006313,CUST-00591,2026-06-29,shipped,mobile_app,INR,20499.79,668.4799999999999,19831.31,0,3569.64,23400.95
ORD-006314,CUST-01691,2026-05-16,completed,web,INR,4515.22,0.0,4515.22,0,812.74,5327.96
ORD-006315,CUST-00081,2026-06-19,completed,web,INR,9780.01,121.53,9658.48,0,1738.53,11397.01
ORD-006316,CUST-01431,2025-04-30,cancelled,web,INR,25024.92,0.0,25024.92,0,4504.49,29529.41
ORD-006317,CUST-01041,2026-06-30,completed,web,INR,923.38,0.0,923.38,99,166.21,1188.59
ORD-006318,CUST-00240,2025-12-09,completed,mobile_app,INR,14887.76,758.56,14129.2,0,2543.26,16672.46
ORD-006319,CUST-00246,2026-06-08,completed,web,INR,44572.12,3199.6099999999997,41372.51,0,7447.05,48819.56
ORD-006320,CUST-01962,2026-07-29,completed,web,INR,13116.65,0.0,13116.65,0,2361.0,15477.65
ORD-006321,CUST-00063,2026-07-08,completed,web,INR,19258.04,908.5699999999999,18349.47,0,3302.9,21652.37
ORD-006322,CUST-00046,2026-07-22,completed,web,INR,1146.38,0.0,1146.38,99,206.35,1451.73
ORD-006323,CUST-00034,2025-08-22,completed,mobile_app,INR,12714.96,125.81,12589.15,0,2266.05,14855.2
ORD-006324,CUST-01258,2025-06-22,completed,web,INR,12522.29,0.0,12522.29,0,2254.01,14776.3
ORD-006325,CUST-01853,2025-07-08,completed,mobile_app,INR,17789.05,1087.67,16701.379999999997,0,3006.25,19707.63
ORD-006326,CUST-00344,2025-11-17,completed,web,INR,38685.420000000006,5512.31,33173.11,0,5971.16,39144.27
ORD-006327,CUST-01592,2025-12-26,completed,mobile_app,INR,23969.73,2359.32,21610.41,0,3889.87,25500.28
ORD-006328,CUST-01439,2026-06-01,pending,mobile_app,INR,11473.91,0.0,11473.91,0,2065.3,13539.21
ORD-006329,CUST-00460,2025-03-23,completed,mobile_app,INR,3329.47,0.0,3329.47,0,599.3,3928.77
ORD-006330,CUST-00141,2026-07-25,completed,mobile_app,INR,10299.6,0.0,10299.6,0,1853.93,12153.53
ORD-006331,CUST-00976,2025-02-19,returned,web,INR,21761.14,1088.06,20673.08,0,3721.15,24394.23
ORD-006332,CUST-00163,2025-10-16,completed,web,INR,15247.470000000001,1938.8899999999999,13308.58,0,2395.54,15704.12
ORD-006333,CUST-00228,2025-07-29,returned,mobile_app,INR,3975.16,397.52,3577.64,0,643.98,4221.62
ORD-006334,CUST-00933,2025-08-04,shipped,mobile_app,INR,21702.879999999997,1989.5500000000002,19713.33,0,3548.4,23261.73
ORD-006335,CUST-01632,2026-06-23,completed,web,INR,11201.19,0.0,11201.19,0,2016.21,13217.4
ORD-006336,CUST-01989,2026-03-03,completed,mobile_app,INR,56325.61,2438.75,53886.86,0,9699.63,63586.49
ORD-006337,CUST-01256,2026-04-10,completed,web,INR,12707.42,325.07,12382.35,0,2228.82,14611.17
ORD-006338,CUST-00554,2025-10-30,cancelled,web,INR,8824.039999999999,149.07,8674.97,0,1561.49,10236.46
ORD-006339,CUST-00657,2026-02-18,completed,web,INR,9932.2,705.41,9226.79,0,1660.82,10887.61
ORD-006340,CUST-01226,2026-07-29,shipped,mobile_app,INR,17333.23,1139.69,16193.54,0,2914.84,19108.38
ORD-006341,CUST-00347,2026-07-31,cancelled,mobile_app,INR,17122.059999999998,2238.64,14883.42,0,2679.02,17562.44
ORD-006342,CUST-01038,2026-07-13,shipped,mobile_app,INR,14646.24,891.3,13754.939999999999,0,2475.89,16230.83
ORD-006343,CUST-01538,2026-04-02,completed,web,INR,11657.869999999999,1880.92,9776.95,0,1759.85,11536.8
ORD-006344,CUST-01685,2026-03-25,shipped,web,INR,2899.48,286.32,2613.16,0,470.37,3083.53
ORD-006345,CUST-00119,2025-02-14,shipped,web,INR,11645.4,1346.6499999999999,10298.75,0,1853.78,12152.53
ORD-006346,CUST-00578,2026-01-21,completed,web,INR,12318.17,496.1,11822.07,0,2127.97,13950.04
ORD-006347,CUST-00510,2025-08-24,returned,web,INR,29797.11,2076.33,27720.78,0,4989.74,32710.52
ORD-006348,CUST-01110,2025-05-30,completed,web,INR,34115.53,1210.62,32904.909999999996,0,5922.88,38827.79
ORD-006349,CUST-00371,2025-02-09,pending,mobile_app,INR,7053.16,806.98,6246.18,0,1124.31,7370.49
ORD-006350,CUST-01902,2025-08-18,completed,mobile_app,INR,11767.58,924.54,10843.04,0,1951.75,12794.79
ORD-006351,CUST-01835,2026-06-14,completed,web,INR,15132.76,765.99,14366.77,0,2586.02,16952.79
ORD-006352,CUST-00666,2026-07-05,shipped,mobile_app,INR,44770.22,1469.49,43300.729999999996,0,7794.13,51094.86
ORD-006353,CUST-00815,2026-06-07,completed,web,INR,16728.01,299.02,16428.989999999998,0,2957.22,19386.21
ORD-006354,CUST-00879,2025-07-14,completed,web,INR,2173.02,0.0,2173.02,0,391.14,2564.16
ORD-006355,CUST-00086,2026-05-04,completed,mobile_app,INR,9380.89,528.75,8852.14,0,1593.39,10445.53
ORD-006356,CUST-01778,2025-03-15,cancelled,mobile_app,INR,13909.74,695.49,13214.25,0,2378.56,15592.81
ORD-006357,CUST-01559,2026-07-30,completed,web,INR,33904.83,4799.5199999999995,29105.31,0,5238.96,34344.27
ORD-006358,CUST-00665,2025-07-29,completed,web,INR,2017.9,201.79,1816.11,99,326.9,2242.01
ORD-006359,CUST-01095,2025-06-14,completed,web,INR,23362.730000000003,1186.97,22175.760000000002,0,3991.64,26167.4
ORD-006360,CUST-00762,2025-07-26,completed,web,INR,21406.35,1141.4399999999998,20264.91,0,3647.68,23912.59
ORD-006361,CUST-00457,2026-06-23,completed,web,INR,12040.5,1023.37,11017.13,0,1983.08,13000.21
ORD-006362,CUST-00609,2026-07-18,completed,web,INR,15595.29,888.71,14706.58,0,2647.18,17353.76
ORD-006363,CUST-00215,2026-07-12,pending,mobile_app,INR,8851.2,0.0,8851.2,0,1593.22,10444.42
ORD-006364,CUST-01620,2026-07-24,cancelled,web,INR,12292.3,1924.82,10367.48,0,1866.15,12233.63
ORD-006365,CUST-01310,2026-06-25,returned,mobile_app,INR,33108.6,1303.4599999999998,31805.14,0,5724.93,37530.07
ORD-006366,CUST-01861,2026-03-26,shipped,mobile_app,INR,29561.82,5603.719999999999,23958.1,0,4312.46,28270.56
ORD-006367,CUST-00014,2026-04-02,cancelled,mobile_app,INR,10695.67,1459.36,9236.31,0,1662.54,10898.85
ORD-006368,CUST-01263,2026-05-26,pending,web,INR,4056.54,811.31,3245.23,0,584.14,3829.37
ORD-006369,CUST-01121,2025-01-28,completed,web,INR,12870.83,2169.25,10701.58,0,1926.28,12627.86
ORD-006370,CUST-01248,2026-07-03,returned,web,INR,19865.82,629.32,19236.5,0,3462.57,22699.07
ORD-006371,CUST-01980,2026-01-24,completed,web,INR,12633.3,0.0,12633.3,0,2273.99,14907.29
ORD-006372,CUST-00781,2026-05-19,completed,web,INR,8515.99,0.0,8515.99,0,1532.88,10048.87
ORD-006373,CUST-00283,2025-11-06,completed,web,INR,8181.969999999999,708.74,7473.23,0,1345.18,8818.41
ORD-006374,CUST-00025,2026-04-24,completed,mobile_app,INR,24639.620000000003,370.38,24269.24,0,4368.46,28637.7
ORD-006375,CUST-00985,2026-02-24,completed,web,INR,9977.67,0.0,9977.67,0,1795.98,11773.65
ORD-006376,CUST-00348,2026-07-10,completed,web,INR,4392.379999999999,547.3199999999999,3845.0600000000004,0,692.11,4537.17
ORD-006377,CUST-00283,2026-05-30,completed,mobile_app,INR,16474.32,823.72,15650.6,0,2817.11,18467.71
ORD-006378,CUST-00295,2026-04-16,returned,mobile_app,INR,6440.01,644.0,5796.01,0,1043.28,6839.29
ORD-006379,CUST-00554,2026-07-02,completed,mobile_app,INR,12770.91,1815.01,10955.900000000001,0,1972.06,12927.96
ORD-006380,CUST-00232,2026-05-18,completed,web,INR,9157.75,0.0,9157.75,0,1648.4,10806.15
ORD-006381,CUST-00972,2025-05-06,shipped,mobile_app,INR,22145.03,1092.67,21052.36,0,3789.42,24841.78
ORD-006382,CUST-01309,2025-04-21,completed,web,INR,24608.32,0.0,24608.32,0,4429.5,29037.82
ORD-006383,CUST-00579,2026-05-19,cancelled,mobile_app,INR,6275.29,0.0,6275.29,0,1129.55,7404.84
ORD-006384,CUST-00273,2025-12-14,completed,web,INR,10679.55,0.0,10679.55,0,1922.32,12601.87
ORD-006385,CUST-01145,2025-02-01,completed,mobile_app,INR,4484.22,896.84,3587.38,0,645.73,4233.11
ORD-006386,CUST-00172,2026-07-05,returned,web,INR,16003.1,1430.9599999999998,14572.14,0,2622.99,17195.13
ORD-006387,CUST-01476,2026-07-25,completed,mobile_app,INR,15674.489999999998,1374.72,14299.77,0,2573.96,16873.73
ORD-006388,CUST-00766,2026-02-09,shipped,mobile_app,INR,7895.75,1119.06,6776.6900000000005,0,1219.8,7996.49
ORD-006389,CUST-00820,2026-07-31,completed,mobile_app,INR,6347.16,1047.05,5300.110000000001,0,954.02,6254.13
ORD-006390,CUST-00499,2026-07-16,completed,web,INR,2973.3,594.66,2378.64,0,428.16,2806.8
ORD-006391,CUST-00566,2025-12-11,cancelled,web,INR,19290.13,154.09,19136.04,0,3444.49,22580.53
ORD-006392,CUST-00292,2025-10-05,completed,web,INR,13481.1,1461.3,12019.8,0,2163.56,14183.36
ORD-006393,CUST-01117,2026-07-30,completed,mobile_app,INR,11046.72,1058.86,9987.86,0,1797.81,11785.67
ORD-006394,CUST-00293,2026-07-13,shipped,web,INR,14667.5,186.37,14481.130000000001,0,2606.6,17087.73
ORD-006395,CUST-01362,2025-07-06,completed,web,INR,18919.41,418.15,18501.260000000002,0,3330.23,21831.49
ORD-006396,CUST-00513,2026-05-27,completed,mobile_app,INR,9388.04,291.03,9097.01,0,1637.46,10734.47
ORD-006397,CUST-01131,2025-04-04,completed,web,INR,6629.879999999999,0.0,6629.879999999999,0,1193.38,7823.26
ORD-006398,CUST-01074,2025-08-31,completed,mobile_app,INR,14326.97,757.76,13569.21,0,2442.46,16011.67
ORD-006399,CUST-01267,2026-07-16,completed,web,INR,13991.84,594.39,13397.45,0,2411.54,15808.99
ORD-006400,CUST-01517,2025-06-29,completed,mobile_app,INR,11566.869999999999,0.0,11566.869999999999,0,2082.04,13648.91
ORD-006401,CUST-01122,2025-12-12,completed,web,INR,8726.6,241.26,8485.34,0,1527.36,10012.7
ORD-006402,CUST-01706,2026-04-29,completed,mobile_app,INR,3575.75,357.58,3218.17,0,579.27,3797.44
ORD-006403,CUST-00519,2025-11-09,returned,web,INR,23464.11,553.01,22911.1,0,4124.0,27035.1
ORD-006404,CUST-01503,2025-05-23,completed,web,INR,8511.970000000001,305.62,8206.35,0,1477.14,9683.49
ORD-006405,CUST-00686,2026-05-11,returned,web,INR,21646.01,82.17,21563.84,0,3881.49,25445.33
ORD-006406,CUST-01257,2025-11-18,completed,mobile_app,INR,9430.0,724.36,8705.64,0,1567.02,10272.66
ORD-006407,CUST-00984,2026-03-27,completed,web,INR,21808.440000000002,2886.66,18921.78,0,3405.92,22327.7
ORD-006408,CUST-01816,2025-06-27,shipped,web,INR,28016.83,1361.2,26655.63,0,4798.01,31453.64
ORD-006409,CUST-00543,2025-12-01,completed,web,INR,4229.1,211.46,4017.64,0,723.18,4740.82
ORD-006410,CUST-01040,2026-06-17,completed,mobile_app,INR,15400.06,1023.3399999999999,14376.72,0,2587.81,16964.53
ORD-006411,CUST-00329,2026-02-20,returned,web,INR,10295.86,1215.33,9080.529999999999,0,1634.5,10715.03
ORD-006412,CUST-01267,2025-11-24,cancelled,web,INR,17215.2,228.84,16986.36,0,3057.54,20043.9
ORD-006413,CUST-00074,2025-06-22,completed,web,INR,14066.83,1513.8899999999999,12552.94,0,2259.53,14812.47
ORD-006414,CUST-00824,2026-02-27,shipped,web,INR,25313.300000000003,1858.69,23454.61,0,4221.83,27676.44
ORD-006415,CUST-00020,2025-12-04,completed,web,INR,10922.01,559.12,10362.89,0,1865.32,12228.21
ORD-006416,CUST-00655,2026-07-11,cancelled,web,INR,12757.92,987.38,11770.539999999999,0,2118.7,13889.24
ORD-006417,CUST-00969,2026-06-15,completed,web,INR,22668.87,493.72,22175.15,0,3991.53,26166.68
ORD-006418,CUST-00664,2025-07-06,completed,mobile_app,INR,20578.6,2204.75,18373.85,0,3307.29,21681.14
ORD-006419,CUST-00772,2026-07-28,completed,web,INR,19190.67,2439.49,16751.18,0,3015.21,19766.39
ORD-006420,CUST-00297,2026-06-10,completed,web,INR,24143.54,1317.15,22826.39,0,4108.75,26935.14
ORD-006421,CUST-01430,2026-04-07,shipped,web,INR,3594.18,0.0,3594.18,0,646.95,4241.13
ORD-006422,CUST-01594,2025-01-01,completed,web,INR,4254.15,0.0,4254.15,0,765.75,5019.9
ORD-006423,CUST-00910,2026-02-11,completed,mobile_app,INR,1046.04,52.3,993.74,79,178.87,1251.61
ORD-006424,CUST-00111,2026-03-02,shipped,mobile_app,INR,23288.61,2114.07,21174.54,0,3811.42,24985.96
ORD-006425,CUST-00125,2026-07-22,completed,mobile_app,INR,9957.2,373.41,9583.79,0,1725.08,11308.87
ORD-006426,CUST-01350,2026-01-22,pending,mobile_app,INR,35389.04,2338.95,33050.09,0,5949.02,38999.11
ORD-006427,CUST-01858,2026-01-22,completed,web,INR,8933.58,0.0,8933.58,0,1608.04,10541.62
ORD-006428,CUST-01729,2025-06-12,completed,mobile_app,INR,6855.98,562.08,6293.9,0,1132.9,7426.8
ORD-006429,CUST-00811,2025-09-23,completed,web,INR,7855.67,0.0,7855.67,0,1414.02,9269.69
ORD-006430,CUST-00995,2025-05-14,completed,mobile_app,INR,9760.13,390.56,9369.57,0,1686.52,11056.09
ORD-006431,CUST-00327,2025-10-16,completed,mobile_app,INR,4431.139999999999,420.31,4010.83,0,721.95,4732.78
ORD-006432,CUST-00141,2026-07-27,cancelled,web,INR,3288.56,0.0,3288.56,0,591.94,3880.5
ORD-006433,CUST-01532,2026-03-30,completed,web,INR,5968.16,895.22,5072.94,0,913.13,5986.07
ORD-006434,CUST-00857,2026-01-18,returned,mobile_app,INR,24239.57,2575.5600000000004,21664.010000000002,0,3899.52,25563.53
ORD-006435,CUST-00994,2026-04-18,completed,web,INR,2740.6,411.09,2329.51,0,419.31,2748.82
ORD-006436,CUST-00687,2026-01-25,shipped,web,INR,1148.22,0.0,1148.22,79,206.68,1433.9
ORD-006437,CUST-00627,2026-03-26,completed,web,INR,3968.73,396.87,3571.86,0,642.93,4214.79
ORD-006438,CUST-01972,2026-06-19,completed,web,INR,8282.93,155.79,8127.139999999999,0,1462.89,9590.03
ORD-006439,CUST-01633,2025-12-14,completed,web,INR,1152.21,43.34,1108.87,99,199.6,1407.47
ORD-006440,CUST-01383,2026-01-04,completed,mobile_app,INR,3926.11,588.92,3337.19,0,600.69,3937.88
ORD-006441,CUST-00779,2025-11-27,completed,mobile_app,INR,23088.09,2103.3199999999997,20984.769999999997,0,3777.26,24762.03
ORD-006442,CUST-01443,2026-07-05,completed,web,INR,11064.09,956.04,10108.05,0,1819.45,11927.5
ORD-006443,CUST-00679,2026-04-24,completed,mobile_app,INR,2314.88,231.49,2083.39,0,375.01,2458.4
ORD-006444,CUST-01032,2025-05-18,pending,web,INR,17344.5,2002.1100000000001,15342.39,0,2761.63,18104.02
ORD-006445,CUST-00291,2026-03-29,completed,web,INR,10830.75,2166.15,8664.6,0,1559.63,10224.23
ORD-006446,CUST-01419,2026-05-29,completed,web,INR,2464.04,369.61,2094.43,0,377.0,2471.43
ORD-006447,CUST-00121,2026-01-25,completed,web,INR,3082.29,308.23,2774.06,0,499.33,3273.39
ORD-006448,CUST-01446,2025-10-24,completed,web,INR,2817.29,0.0,2817.29,0,507.11,3324.4
ORD-006449,CUST-01208,2026-01-01,completed,web,INR,3671.6,0.0,3671.6,0,660.89,4332.49
ORD-006450,CUST-00133,2026-04-21,completed,web,INR,4896.38,482.69,4413.6900000000005,0,794.46,5208.15
ORD-006451,CUST-01013,2025-11-11,completed,mobile_app,INR,51690.200000000004,925.53,50764.67,0,9137.64,59902.31
ORD-006452,CUST-00446,2026-02-01,shipped,web,INR,13158.24,229.84,12928.4,0,2327.11,15255.51
ORD-006453,CUST-00953,2026-06-17,completed,web,INR,12044.88,0.0,12044.88,0,2168.08,14212.96
ORD-006454,CUST-00026,2026-01-23,completed,web,INR,11612.23,406.84000000000003,11205.390000000001,0,2016.97,13222.36
ORD-006455,CUST-01444,2025-05-09,cancelled,mobile_app,INR,25390.820000000003,3960.91,21429.91,0,3857.38,25287.29
ORD-006456,CUST-01020,2026-07-23,completed,mobile_app,INR,7750.66,982.99,6767.67,0,1218.18,7985.85
ORD-006457,CUST-00725,2026-03-29,completed,mobile_app,INR,6454.48,150.27,6304.21,0,1134.76,7438.97
ORD-006458,CUST-01752,2026-07-20,completed,mobile_app,INR,13793.81,985.01,12808.8,0,2305.58,15114.38
ORD-006459,CUST-01290,2026-02-09,shipped,mobile_app,INR,7411.4400000000005,492.03,6919.41,0,1245.49,8164.9
ORD-006460,CUST-01220,2025-06-26,completed,web,INR,7149.8099999999995,259.65,6890.16,0,1240.23,8130.39
ORD-006461,CUST-00295,2025-11-06,returned,web,INR,5891.28,0.0,5891.28,0,1060.43,6951.71
ORD-006462,CUST-01001,2026-07-15,completed,web,INR,15829.14,1195.65,14633.49,0,2634.03,17267.52
ORD-006463,CUST-01402,2026-06-30,pending,web,INR,30303.18,3633.89,26669.29,0,4800.47,31469.76
ORD-006464,CUST-01852,2025-03-21,completed,web,INR,76057.44,2887.29,73170.15,0,13170.63,86340.78
ORD-006465,CUST-01209,2026-07-24,shipped,web,INR,4410.72,882.14,3528.58,0,635.14,4163.72
ORD-006466,CUST-00345,2026-07-18,completed,web,INR,8419.25,0.0,8419.25,0,1515.46,9934.71
ORD-006467,CUST-01356,2026-02-15,cancelled,mobile_app,INR,32232.72,1237.23,30995.49,0,5579.19,36574.68
ORD-006468,CUST-00150,2025-04-16,completed,web,INR,35710.74,2100.98,33609.76,0,6049.76,39659.52
ORD-006469,CUST-00626,2025-12-05,returned,mobile_app,INR,27036.690000000002,99.48,26937.21,0,4848.7,31785.91
ORD-006470,CUST-01835,2025-09-15,shipped,mobile_app,INR,16729.62,2509.45,14220.17,0,2559.63,16779.8
ORD-006471,CUST-01604,2025-03-13,completed,mobile_app,INR,39374.68,0.0,39374.68,0,7087.44,46462.12
ORD-006472,CUST-01806,2026-07-22,completed,web,INR,12768.080000000002,2315.9,10452.18,0,1881.39,12333.57
ORD-006473,CUST-00705,2025-12-15,completed,mobile_app,INR,29705.55,405.05,29300.5,0,5274.09,34574.59
ORD-006474,CUST-01366,2025-02-25,pending,web,INR,19256.51,2098.04,17158.47,0,3088.52,20246.99
ORD-006475,CUST-01401,2026-05-02,returned,mobile_app,INR,27038.96,901.76,26137.2,0,4704.7,30841.9
ORD-006476,CUST-00492,2026-07-11,completed,web,INR,10985.59,0.0,10985.59,0,1977.41,12963.0
ORD-006477,CUST-01886,2025-09-13,completed,web,INR,5838.9,0.0,5838.9,0,1051.0,6889.9
ORD-006478,CUST-01940,2025-10-13,completed,web,INR,3638.04,0.0,3638.04,0,654.85,4292.89
ORD-006479,CUST-00221,2025-03-24,completed,mobile_app,INR,8672.3,1268.25,7404.05,0,1332.73,8736.78
ORD-006480,CUST-01531,2025-03-06,completed,mobile_app,INR,20073.78,1394.74,18679.04,0,3362.23,22041.27
ORD-006481,CUST-00896,2026-07-23,cancelled,mobile_app,INR,3639.31,181.97,3457.34,0,622.32,4079.66
ORD-006482,CUST-01348,2026-07-18,completed,mobile_app,INR,6409.98,0.0,6409.98,0,1153.8,7563.78
ORD-006483,CUST-01109,2026-06-11,returned,web,INR,5487.6,823.14,4664.46,0,839.6,5504.06
ORD-006484,CUST-00446,2026-03-10,pending,mobile_app,INR,6878.84,225.68,6653.16,0,1197.57,7850.73
ORD-006485,CUST-00192,2026-04-11,completed,web,INR,21859.76,518.07,21341.69,0,3841.5,25183.19
ORD-006486,CUST-01027,2026-05-24,completed,mobile_app,INR,11819.11,675.1,11144.01,0,2005.92,13149.93
ORD-006487,CUST-01675,2026-04-05,completed,mobile_app,INR,11845.89,1011.77,10834.12,0,1950.14,12784.26
ORD-006488,CUST-01646,2026-05-17,completed,web,INR,12857.779999999999,1419.33,11438.45,0,2058.92,13497.37
ORD-006489,CUST-00550,2025-11-09,shipped,web,INR,4307.58,363.91999999999996,3943.66,0,709.86,4653.52
ORD-006490,CUST-01721,2025-01-09,completed,mobile_app,INR,8750.57,687.82,8062.75,0,1451.29,9514.04
ORD-006491,CUST-00712,2025-12-03,completed,mobile_app,INR,15210.02,1684.24,13525.78,0,2434.64,15960.42
ORD-006492,CUST-01123,2025-06-02,returned,mobile_app,INR,7322.01,1248.5900000000001,6073.42,0,1093.22,7166.64
ORD-006493,CUST-00649,2026-07-22,completed,mobile_app,INR,50953.07000000001,2480.2,48472.87,0,8725.12,57197.99
ORD-006494,CUST-01046,2025-07-14,completed,mobile_app,INR,34800.649999999994,1423.67,33376.979999999996,0,6007.86,39384.84
ORD-006495,CUST-01059,2025-09-13,pending,web,INR,5738.97,573.9,5165.07,0,929.71,6094.78
ORD-006496,CUST-01396,2026-02-02,completed,web,INR,28307.84,4350.52,23957.32,0,4312.32,28269.64
ORD-006497,CUST-00944,2026-07-12,completed,web,INR,6075.2,0.0,6075.2,0,1093.54,7168.74
ORD-006498,CUST-01057,2025-04-06,completed,web,INR,10399.400000000001,1039.94,9359.460000000001,0,1684.7,11044.16
ORD-006499,CUST-01303,2026-03-27,completed,mobile_app,INR,3879.93,0.0,3879.93,0,698.39,4578.32
ORD-006500,CUST-00836,2026-03-25,completed,web,INR,13035.32,2607.06,10428.26,0,1877.09,12305.35
ORD-006501,CUST-01049,2025-10-03,shipped,mobile_app,INR,26692.28,0.0,26692.28,0,4804.61,31496.89
ORD-006502,CUST-00171,2026-04-16,completed,web,INR,8409.48,0.0,8409.48,0,1513.71,9923.19
ORD-006503,CUST-01740,2026-06-12,completed,mobile_app,INR,10267.77,0.0,10267.77,0,1848.2,12115.97
ORD-006504,CUST-00253,2025-04-10,completed,web,INR,14855.300000000001,2530.39,12324.91,0,2218.48,14543.39
ORD-006505,CUST-01746,2026-07-27,completed,web,INR,317.39,47.61,269.78,49,48.56,367.34
ORD-006506,CUST-01521,2026-06-23,returned,web,INR,4408.14,0.0,4408.14,0,793.47,5201.61
ORD-006507,CUST-01896,2026-06-20,cancelled,mobile_app,INR,2852.58,142.63,2709.95,0,487.79,3197.74
ORD-006508,CUST-00050,2026-04-10,shipped,web,INR,33634.62,2215.34,31419.28,0,5655.47,37074.75
ORD-006509,CUST-00435,2025-08-02,completed,web,INR,32469.489999999998,3170.59,29298.899999999998,0,5273.8,34572.7
ORD-006510,CUST-00105,2026-02-03,completed,mobile_app,INR,19802.79,380.06,19422.73,0,3496.09,22918.82
ORD-006511,CUST-00836,2026-01-09,cancelled,web,INR,34288.380000000005,2228.4300000000003,32059.949999999997,0,5770.79,37830.74
ORD-006512,CUST-01810,2026-06-29,returned,web,INR,1198.53,0.0,1198.53,99,215.74,1513.27
ORD-006513,CUST-01533,2026-07-01,shipped,web,INR,30415.72,3500.48,26915.24,0,4844.74,31759.98
ORD-006514,CUST-01408,2026-04-20,completed,web,INR,13452.150000000001,429.18,13022.970000000001,0,2344.13,15367.1
ORD-006515,CUST-01697,2026-02-24,completed,web,INR,37022.31,567.4,36454.91,0,6561.88,43016.79
ORD-006516,CUST-00009,2025-12-24,completed,web,INR,37179.75,738.07,36441.68,0,6559.5,43001.18
ORD-006517,CUST-01576,2025-07-18,completed,web,INR,48841.4,3772.69,45068.71,0,8112.37,53181.08
ORD-006518,CUST-00625,2025-08-25,completed,web,INR,1100.94,0.0,1100.94,99,198.17,1398.11
ORD-006519,CUST-01382,2025-10-26,completed,web,INR,17487.39,263.89,17223.5,0,3100.23,20323.73
ORD-006520,CUST-01527,2026-04-20,completed,web,INR,11028.34,827.2099999999999,10201.130000000001,0,1836.2,12037.33
ORD-006521,CUST-01372,2025-08-16,completed,web,INR,14376.76,0.0,14376.76,0,2587.82,16964.58
ORD-006522,CUST-00836,2026-06-21,completed,web,INR,36546.58,3307.0,33239.579999999994,0,5983.12,39222.7
ORD-006523,CUST-01224,2025-12-11,completed,web,INR,9069.119999999999,211.92000000000002,8857.2,0,1594.3,10451.5
ORD-006524,CUST-00938,2025-02-16,completed,mobile_app,INR,17939.67,1903.33,16036.34,0,2886.54,18922.88
ORD-006525,CUST-01257,2026-01-11,completed,web,INR,5390.37,808.56,4581.81,0,824.73,5406.54
ORD-006526,CUST-00918,2026-07-09,pending,mobile_app,INR,12597.94,623.01,11974.93,0,2155.49,14130.42
ORD-006527,CUST-00789,2026-06-11,completed,web,INR,20863.35,2109.72,18753.63,0,3375.65,22129.28
ORD-006528,CUST-00405,2026-07-12,returned,web,INR,25875.489999999998,2510.5299999999997,23364.96,0,4205.69,27570.65
ORD-006529,CUST-00775,2026-03-24,completed,mobile_app,INR,11869.72,593.49,11276.23,0,2029.72,13305.95
ORD-006530,CUST-01443,2026-06-02,completed,web,INR,19357.65,1935.77,17421.88,0,3135.94,20557.82
ORD-006531,CUST-01741,2025-12-13,completed,mobile_app,INR,30411.09,1002.0699999999999,29409.019999999997,0,5293.62,34702.64
ORD-006532,CUST-00207,2026-07-20,shipped,web,INR,1945.68,97.28,1848.4,79,332.71,2260.11
ORD-006533,CUST-00366,2026-07-31,returned,web,INR,17579.96,759.12,16820.84,0,3027.75,19848.59
ORD-006534,CUST-01015,2025-09-08,completed,web,INR,5862.68,954.28,4908.4,0,883.51,5791.91
ORD-006535,CUST-01406,2025-08-05,shipped,mobile_app,INR,16720.52,1144.88,15575.64,0,2803.62,18379.26
ORD-006536,CUST-00340,2026-07-16,returned,web,INR,24162.58,1436.01,22726.57,0,4090.78,26817.35
ORD-006537,CUST-00650,2026-07-19,cancelled,web,INR,8212.89,1514.7199999999998,6698.17,0,1205.67,7903.84
ORD-006538,CUST-00094,2025-04-11,completed,mobile_app,INR,16391.2,1091.27,15299.93,0,2753.99,18053.92
ORD-006539,CUST-00106,2026-07-27,completed,web,INR,13357.289999999999,1096.1200000000001,12261.17,0,2207.01,14468.18
ORD-006540,CUST-00287,2026-04-17,returned,web,INR,19995.63,2186.2200000000003,17809.41,0,3205.69,21015.1
ORD-006541,CUST-01459,2025-02-09,shipped,web,INR,10579.439999999999,343.26,10236.18,0,1842.51,12078.69
ORD-006542,CUST-01739,2026-05-01,pending,web,INR,3694.19,353.46,3340.73,0,601.33,3942.06
ORD-006543,CUST-00998,2026-01-06,completed,web,INR,3823.94,357.8,3466.14,0,623.91,4090.05
ORD-006544,CUST-00353,2026-07-19,cancelled,mobile_app,INR,24198.79,2429.46,21769.329999999998,0,3918.48,25687.81
ORD-006545,CUST-01843,2026-03-17,cancelled,mobile_app,INR,18600.84,2038.95,16561.89,0,2981.14,19543.03
ORD-006546,CUST-00557,2026-07-30,cancelled,web,INR,24180.12,2128.5800000000004,22051.54,0,3969.28,26020.82
ORD-006547,CUST-00310,2025-01-28,shipped,web,INR,4961.98,496.2,4465.78,0,803.84,5269.62
ORD-006548,CUST-00277,2025-04-24,completed,web,INR,8018.55,145.1,7873.450000000001,0,1417.22,9290.67
ORD-006549,CUST-00707,2025-09-16,shipped,web,INR,33208.56,112.11,33096.45,0,5957.36,39053.81
ORD-006550,CUST-01472,2026-04-25,completed,web,INR,15339.769999999999,0.0,15339.769999999999,0,2761.16,18100.93
ORD-006551,CUST-00795,2025-05-11,completed,web,INR,7327.21,640.46,6686.75,0,1203.62,7890.37
ORD-006552,CUST-00891,2025-06-07,completed,mobile_app,INR,31390.78,592.0799999999999,30798.7,0,5543.77,36342.47
ORD-006553,CUST-00681,2026-02-22,returned,web,INR,24008.649999999998,3173.04,20835.61,0,3750.41,24586.02
ORD-006554,CUST-01888,2025-04-04,completed,mobile_app,INR,9219.46,332.2,8887.26,0,1599.71,10486.97
ORD-006555,CUST-01368,2025-06-01,completed,mobile_app,INR,18386.08,2127.75,16258.330000000002,0,2926.5,19184.83
ORD-006556,CUST-01329,2025-11-12,completed,web,INR,30428.55,3042.86,27385.69,0,4929.42,32315.11
ORD-006557,CUST-00876,2026-07-10,pending,mobile_app,INR,10125.54,506.28,9619.26,0,1731.47,11350.73
ORD-006558,CUST-01063,2026-06-25,shipped,mobile_app,INR,28732.32,3043.55,25688.77,0,4623.98,30312.75
ORD-006559,CUST-01770,2025-12-29,completed,web,INR,13382.689999999999,1645.39,11737.3,0,2112.71,13850.01
ORD-006560,CUST-01314,2026-06-18,completed,web,INR,43767.869999999995,597.77,43170.1,0,7770.62,50940.72
ORD-006561,CUST-01628,2025-08-27,completed,web,INR,2051.73,102.59,1949.14,49,350.85,2348.99
ORD-006562,CUST-00081,2026-06-07,completed,web,INR,12686.649999999998,1300.24,11386.41,0,2049.55,13435.96
ORD-006563,CUST-01720,2025-10-21,cancelled,mobile_app,INR,9032.09,278.92,8753.17,0,1575.57,10328.74
ORD-006564,CUST-01902,2026-07-25,completed,web,INR,4837.77,0.0,4837.77,0,870.8,5708.57
ORD-006565,CUST-01337,2026-02-03,completed,web,INR,3038.06,455.71,2582.35,0,464.82,3047.17
ORD-006566,CUST-01913,2026-04-12,cancelled,mobile_app,INR,7400.06,1110.01,6290.05,0,1132.21,7422.26
ORD-006567,CUST-01136,2025-08-02,completed,mobile_app,INR,7033.2,703.32,6329.88,0,1139.38,7469.26
ORD-006568,CUST-00553,2026-04-11,completed,web,INR,8902.66,382.67,8519.99,0,1533.6,10053.59
ORD-006569,CUST-01213,2026-04-27,completed,web,INR,24373.92,0.0,24373.92,0,4387.31,28761.23
ORD-006570,CUST-01257,2025-09-29,completed,web,INR,6982.450000000001,0.0,6982.450000000001,0,1256.84,8239.29
ORD-006571,CUST-00290,2026-03-21,completed,mobile_app,INR,14888.8,0.0,14888.8,0,2679.98,17568.78
ORD-006572,CUST-00404,2026-07-24,pending,web,INR,19539.7,71.62,19468.08,0,3504.25,22972.33
ORD-006573,CUST-00583,2026-02-24,cancelled,web,INR,15206.2,1396.14,13810.06,0,2485.81,16295.87
ORD-006574,CUST-01095,2026-01-26,shipped,web,INR,7753.12,320.57,7432.549999999999,0,1337.86,8770.41
ORD-006575,CUST-00296,2026-05-06,shipped,web,INR,2778.42,138.92,2639.5,0,475.11,3114.61
ORD-006576,CUST-01542,2025-09-25,completed,web,INR,14373.45,1437.3500000000001,12936.1,0,2328.5,15264.6
ORD-006577,CUST-00219,2025-08-02,cancelled,mobile_app,INR,22712.100000000002,650.0200000000001,22062.08,0,3971.17,26033.25
ORD-006578,CUST-01880,2025-10-23,completed,mobile_app,INR,956.79,95.68,861.11,49,155.0,1065.11
ORD-006579,CUST-01352,2025-07-09,completed,web,INR,18790.129999999997,3147.2,15642.929999999998,0,2815.73,18458.66
ORD-006580,CUST-00679,2025-05-27,completed,mobile_app,INR,30076.480000000003,430.13,29646.35,0,5336.34,34982.69
ORD-006581,CUST-00746,2025-07-28,completed,web,INR,578.79,0.0,578.79,49,104.18,731.97
ORD-006582,CUST-01388,2025-10-16,completed,web,INR,1867.77,93.39,1774.38,99,319.39,2192.77
ORD-006583,CUST-00178,2025-10-28,completed,web,INR,3506.16,0.0,3506.16,0,631.11,4137.27
ORD-006584,CUST-01433,2025-07-16,completed,web,INR,5671.97,1043.63,4628.34,0,833.1,5461.44
ORD-006585,CUST-01105,2026-02-23,completed,web,INR,10869.96,579.56,10290.4,0,1852.27,12142.67
ORD-006586,CUST-00443,2025-06-14,completed,web,INR,5466.0599999999995,172.45,5293.610000000001,0,952.85,6246.46
ORD-006587,CUST-01795,2026-02-08,completed,web,INR,55289.59,1949.65,53339.94,0,9601.19,62941.13
ORD-006588,CUST-01259,2025-09-18,completed,mobile_app,INR,18123.17,934.69,17188.48,0,3093.93,20282.41
ORD-006589,CUST-00328,2026-07-24,completed,web,INR,3532.32,529.85,3002.47,0,540.44,3542.91
ORD-006590,CUST-01311,2026-02-24,completed,web,INR,12208.73,1780.82,10427.91,0,1877.02,12304.93
ORD-006591,CUST-00823,2025-11-18,completed,web,INR,7805.45,1296.0,6509.450000000001,0,1171.7,7681.15
ORD-006592,CUST-01529,2025-09-05,completed,mobile_app,INR,10632.32,354.48,10277.84,0,1850.01,12127.85
ORD-006593,CUST-00985,2026-04-28,shipped,web,INR,20982.329999999998,1139.48,19842.850000000002,0,3571.71,23414.56
ORD-006594,CUST-02000,2025-09-03,completed,web,INR,5409.33,0.0,5409.33,0,973.68,6383.01
ORD-006595,CUST-01855,2026-04-09,completed,mobile_app,INR,34057.47,3052.2200000000003,31005.25,0,5580.94,36586.19
ORD-006596,CUST-00081,2026-06-14,cancelled,web,INR,22005.18,0.0,22005.18,0,3960.93,25966.11
ORD-006597,CUST-00822,2026-06-05,completed,mobile_app,INR,29858.12,316.12,29542.0,0,5317.56,34859.56
ORD-006598,CUST-00405,2026-07-13,completed,web,INR,19535.18,1334.04,18201.14,0,3276.21,21477.35
ORD-006599,CUST-00901,2025-05-20,completed,mobile_app,INR,6017.150000000001,845.99,5171.16,0,930.81,6101.97
ORD-006600,CUST-00291,2026-03-12,cancelled,web,INR,14071.06,208.6,13862.46,0,2495.24,16357.7
ORD-006601,CUST-01072,2026-07-05,completed,mobile_app,INR,21081.09,1749.6,19331.49,0,3479.67,22811.16
ORD-006602,CUST-00309,2025-08-23,returned,web,INR,14433.64,459.12,13974.52,0,2515.41,16489.93
ORD-006603,CUST-01247,2026-06-21,shipped,web,INR,5327.96,374.19000000000005,4953.77,0,891.68,5845.45
ORD-006604,CUST-00909,2025-04-20,completed,mobile_app,INR,1786.32,357.26,1429.06,49,257.23,1735.29
ORD-006605,CUST-01987,2026-04-29,completed,web,INR,705.31,35.27,670.04,99,120.61,889.65
ORD-006606,CUST-01758,2026-04-13,completed,web,INR,15736.98,583.92,15153.060000000001,0,2727.55,17880.61
ORD-006607,CUST-01201,2026-07-20,completed,web,INR,16751.72,447.75,16303.97,0,2934.71,19238.68
ORD-006608,CUST-00898,2025-09-09,completed,web,INR,730.89,73.09,657.8,99,118.4,875.2
ORD-006609,CUST-01432,2025-02-13,completed,web,INR,17246.73,244.59,17002.14,0,3060.39,20062.53
ORD-006610,CUST-01337,2026-01-13,shipped,web,INR,13059.33,158.34,12900.99,0,2322.18,15223.17
ORD-006611,CUST-00279,2026-01-06,shipped,web,INR,24434.34,1159.06,23275.28,0,4189.55,27464.83
ORD-006612,CUST-00753,2026-05-20,returned,web,INR,26693.96,213.69,26480.27,0,4766.45,31246.72
ORD-006613,CUST-01985,2026-06-05,completed,mobile_app,INR,23794.33,4301.55,19492.780000000002,0,3508.7,23001.48
ORD-006614,CUST-00640,2026-07-20,returned,web,INR,2364.46,204.82999999999998,2159.63,0,388.73,2548.36
ORD-006615,CUST-00027,2025-04-18,cancelled,web,INR,31050.589999999997,5058.82,25991.77,0,4678.52,30670.29
ORD-006616,CUST-01669,2026-01-01,cancelled,web,INR,50369.16,7882.59,42486.57,0,7647.58,50134.15
ORD-006617,CUST-01866,2025-12-06,shipped,web,INR,5720.46,286.02,5434.44,0,978.2,6412.64
ORD-006618,CUST-01312,2025-09-28,completed,web,INR,30234.8,379.72,29855.08,0,5373.91,35228.99
ORD-006619,CUST-01270,2026-06-17,returned,web,INR,15978.82,1455.59,14523.23,0,2614.18,17137.41
ORD-006620,CUST-00702,2026-07-17,completed,web,INR,2353.74,245.95000000000002,2107.79,0,379.4,2487.19
ORD-006621,CUST-00719,2025-05-02,shipped,mobile_app,INR,14652.330000000002,362.69,14289.64,0,2572.14,16861.78
ORD-006622,CUST-01829,2026-07-16,completed,web,INR,3211.1,0.0,3211.1,0,578.0,3789.1
ORD-006623,CUST-01717,2026-06-10,completed,web,INR,9901.369999999999,710.99,9190.380000000001,0,1654.27,10844.65
ORD-006624,CUST-00998,2026-02-11,completed,web,INR,8821.96,0.0,8821.96,0,1587.95,10409.91
ORD-006625,CUST-00627,2025-08-09,completed,web,INR,13014.32,0.0,13014.32,0,2342.58,15356.9
ORD-006626,CUST-00377,2026-06-02,completed,mobile_app,INR,8574.52,99.09,8475.43,0,1525.58,10001.01
ORD-006627,CUST-00022,2025-12-05,returned,mobile_app,INR,4212.54,91.46,4121.08,0,741.79,4862.87
ORD-006628,CUST-00967,2026-06-24,completed,mobile_app,INR,11025.17,79.76,10945.41,0,1970.17,12915.58
ORD-006629,CUST-01108,2026-07-06,completed,web,INR,12240.71,0.0,12240.71,0,2203.33,14444.04
ORD-006630,CUST-01350,2026-07-18,completed,web,INR,12291.99,518.29,11773.7,0,2119.27,13892.97
ORD-006631,CUST-01611,2026-03-31,completed,mobile_app,INR,1149.8,0.0,1149.8,99,206.96,1455.76
ORD-006632,CUST-00735,2025-02-17,completed,mobile_app,INR,7541.48,0.0,7541.48,0,1357.47,8898.95
ORD-006633,CUST-00334,2026-05-11,shipped,web,INR,32658.920000000002,129.49,32529.43,0,5855.3,38384.73
ORD-006634,CUST-01688,2026-07-30,pending,web,INR,25917.18,5183.44,20733.739999999998,0,3732.07,24465.81
ORD-006635,CUST-01525,2026-03-24,completed,web,INR,10979.73,0.0,10979.73,0,1976.35,12956.08
ORD-006636,CUST-01067,2026-07-10,completed,web,INR,6261.639999999999,332.36,5929.28,0,1067.27,6996.55
ORD-006637,CUST-00079,2026-02-28,shipped,web,INR,20826.809999999998,1968.06,18858.75,0,3394.58,22253.33
ORD-006638,CUST-00936,2026-07-09,completed,web,INR,3984.14,597.62,3386.52,0,609.57,3996.09
ORD-006639,CUST-01239,2025-02-05,shipped,mobile_app,INR,17341.07,1788.52,15552.55,0,2799.46,18352.01
ORD-006640,CUST-01718,2025-08-27,completed,web,INR,15131.52,803.71,14327.81,0,2579.01,16906.82
ORD-006641,CUST-01017,2025-02-19,cancelled,mobile_app,INR,30116.07,1899.83,28216.24,0,5078.92,33295.16
ORD-006642,CUST-00926,2026-06-28,completed,web,INR,48426.520000000004,3794.85,44631.67,0,8033.7,52665.37
ORD-006643,CUST-00760,2026-05-21,pending,web,INR,19444.0,868.46,18575.54,0,3343.6,21919.14
ORD-006644,CUST-00829,2026-07-06,pending,mobile_app,INR,24973.510000000002,2483.79,22489.72,0,4048.15,26537.87
ORD-006645,CUST-00033,2025-05-10,completed,web,INR,9625.32,839.28,8786.039999999999,0,1581.49,10367.53
ORD-006646,CUST-00208,2026-07-21,completed,web,INR,5055.86,0.0,5055.86,0,910.05,5965.91
ORD-006647,CUST-01513,2026-01-25,completed,web,INR,17229.19,1780.75,15448.44,0,2780.72,18229.16
ORD-006648,CUST-00725,2026-02-20,completed,web,INR,3901.22,0.0,3901.22,0,702.22,4603.44
ORD-006649,CUST-01702,2026-07-08,pending,mobile_app,INR,13106.51,606.52,12499.990000000002,0,2250.0,14749.99
ORD-006650,CUST-00795,2026-01-03,completed,mobile_app,INR,2454.35,245.44,2208.91,0,397.6,2606.51
ORD-006651,CUST-01994,2025-10-31,completed,mobile_app,INR,14242.15,712.46,13529.689999999999,0,2435.34,15965.03
ORD-006652,CUST-00362,2026-05-04,completed,web,INR,8290.61,971.6200000000001,7318.99,0,1317.42,8636.41
ORD-006653,CUST-00377,2025-12-07,completed,mobile_app,INR,9580.1,958.01,8622.09,0,1551.98,10174.07
ORD-006654,CUST-01176,2025-10-14,cancelled,web,INR,12700.47,809.26,11891.21,0,2140.42,14031.63
ORD-006655,CUST-01606,2026-04-29,completed,web,INR,31520.95,0.0,31520.95,0,5673.77,37194.72
ORD-006656,CUST-00288,2026-02-13,shipped,mobile_app,INR,14443.3,70.3,14373.0,0,2587.14,16960.14
ORD-006657,CUST-01006,2026-06-19,completed,web,INR,4414.55,20.51,4394.04,0,790.93,5184.97
ORD-006658,CUST-00448,2026-07-16,shipped,web,INR,6778.74,0.0,6778.74,0,1220.17,7998.91
ORD-006659,CUST-01475,2026-07-14,completed,mobile_app,INR,4548.46,368.2,4180.26,0,752.45,4932.71
ORD-006660,CUST-01123,2025-03-25,completed,web,INR,3683.5899999999997,39.41,3644.18,0,655.95,4300.13
ORD-006661,CUST-01309,2025-03-22,completed,web,INR,11974.86,1273.4499999999998,10701.41,0,1926.25,12627.66
ORD-006662,CUST-00538,2025-02-25,pending,web,INR,12335.45,198.27,12137.18,0,2184.69,14321.87
ORD-006663,CUST-00578,2025-06-10,shipped,mobile_app,INR,11898.880000000001,1189.8899999999999,10708.99,0,1927.62,12636.61
ORD-006664,CUST-01280,2026-04-28,shipped,web,INR,4416.2,441.62,3974.58,0,715.42,4690.0
ORD-006665,CUST-00706,2026-05-11,completed,web,INR,12559.26,713.42,11845.84,0,2132.25,13978.09
ORD-006666,CUST-01382,2025-12-17,completed,web,INR,16182.76,1875.23,14307.529999999999,0,2575.36,16882.89
ORD-006667,CUST-00308,2025-09-19,completed,web,INR,22594.94,1790.76,20804.18,0,3744.75,24548.93
ORD-006668,CUST-00603,2026-07-15,shipped,web,INR,13769.18,1039.6699999999998,12729.51,0,2291.31,15020.82
ORD-006669,CUST-00204,2026-05-25,shipped,mobile_app,INR,25765.13,0.0,25765.13,0,4637.72,30402.85
ORD-006670,CUST-00175,2026-05-29,completed,mobile_app,INR,6482.129999999999,849.87,5632.26,0,1013.81,6646.07
ORD-006671,CUST-00525,2026-06-03,completed,mobile_app,INR,6881.91,105.04,6776.87,0,1219.84,7996.71
ORD-006672,CUST-00979,2026-03-07,completed,mobile_app,INR,3525.97,130.46,3395.5099999999998,0,611.19,4006.7
ORD-006673,CUST-00289,2026-07-13,completed,web,INR,14317.0,311.3,14005.699999999999,0,2521.03,16526.73
ORD-006674,CUST-00186,2025-08-16,shipped,web,INR,24341.46,1834.63,22506.83,0,4051.23,26558.06
ORD-006675,CUST-01755,2026-06-11,pending,web,INR,47616.479999999996,6947.38,40669.1,0,7320.44,47989.54
ORD-006676,CUST-01031,2025-05-28,completed,web,INR,13545.3,0.0,13545.3,0,2438.15,15983.45
ORD-006677,CUST-01432,2025-06-23,shipped,mobile_app,INR,11627.560000000001,232.83,11394.73,0,2051.05,13445.78
ORD-006678,CUST-01453,2026-05-30,shipped,web,INR,5601.99,0.0,5601.99,0,1008.36,6610.35
ORD-006679,CUST-00204,2025-11-28,completed,mobile_app,INR,33831.31,4035.64,29795.67,0,5363.22,35158.89
ORD-006680,CUST-01241,2025-12-12,completed,web,INR,366.53,18.33,348.2,79,62.68,489.88
ORD-006681,CUST-01722,2026-02-21,completed,web,INR,55629.549999999996,3126.9399999999996,52502.61,0,9450.47,61953.08
ORD-006682,CUST-00897,2025-06-10,returned,mobile_app,INR,2294.74,0.0,2294.74,0,413.05,2707.79
ORD-006683,CUST-01725,2025-08-29,completed,web,INR,15516.48,0.0,15516.48,0,2792.97,18309.45
ORD-006684,CUST-01892,2025-11-05,completed,web,INR,44367.26,1556.8400000000001,42810.42,0,7705.88,50516.3
ORD-006685,CUST-01093,2026-06-07,completed,web,INR,12306.9,1634.4099999999999,10672.49,0,1921.05,12593.54
ORD-006686,CUST-00204,2026-05-01,shipped,web,INR,1746.81,0.0,1746.81,79,314.43,2140.24
ORD-006687,CUST-01235,2025-10-07,completed,web,INR,11175.74,869.8100000000001,10305.93,0,1855.07,12161.0
ORD-006688,CUST-01761,2025-07-04,pending,mobile_app,INR,18157.64,1815.7599999999998,16341.880000000001,0,2941.54,19283.42
ORD-006689,CUST-01159,2025-03-02,completed,mobile_app,INR,16558.2,272.69,16285.51,0,2931.39,19216.9
ORD-006690,CUST-01601,2025-01-06,returned,mobile_app,INR,14511.57,1125.59,13385.98,0,2409.48,15795.46
ORD-006691,CUST-01071,2026-01-25,completed,mobile_app,INR,13373.0,154.08,13218.92,0,2379.41,15598.33
ORD-006692,CUST-00840,2026-06-29,completed,web,INR,6972.030000000001,0.0,6972.030000000001,0,1254.97,8227.0
ORD-006693,CUST-01892,2025-08-02,shipped,mobile_app,INR,3159.2,157.96,3001.24,0,540.22,3541.46
ORD-006694,CUST-00306,2025-01-24,completed,web,INR,19480.07,1801.1100000000001,17678.96,0,3182.21,20861.17
ORD-006695,CUST-00896,2025-10-19,completed,web,INR,8175.68,1247.69,6927.99,0,1247.04,8175.03
ORD-006696,CUST-00312,2026-02-06,shipped,mobile_app,INR,10124.56,0.0,10124.56,0,1822.42,11946.98
ORD-006697,CUST-01310,2026-05-03,completed,web,INR,9130.849999999999,1477.24,7653.61,0,1377.65,9031.26
ORD-006698,CUST-01844,2026-07-06,completed,web,INR,34686.39,852.71,33833.68,0,6090.06,39923.74
ORD-006699,CUST-01996,2025-12-12,shipped,mobile_app,INR,17666.58,288.44,17378.14,0,3128.07,20506.21
ORD-006700,CUST-00468,2026-07-31,shipped,web,INR,8772.66,570.7,8201.960000000001,0,1476.35,9678.31
ORD-006701,CUST-01456,2025-04-12,completed,web,INR,23720.67,2279.57,21441.1,0,3859.4,25300.5
ORD-006702,CUST-01749,2026-04-07,completed,web,INR,8916.369999999999,371.28,8545.09,0,1538.12,10083.21
ORD-006703,CUST-01668,2025-10-27,completed,web,INR,3698.91,184.95,3513.96,0,632.51,4146.47
ORD-006704,CUST-01007,2026-03-14,completed,web,INR,7418.02,1483.6,5934.42,0,1068.2,7002.62
ORD-006705,CUST-00349,2026-06-18,completed,web,INR,15202.14,1139.58,14062.56,0,2531.26,16593.82
ORD-006706,CUST-00924,2025-10-12,completed,web,INR,5586.78,0.0,5586.78,0,1005.62,6592.4
ORD-006707,CUST-01553,2026-03-04,cancelled,web,INR,15958.77,848.55,15110.22,0,2719.84,17830.06
ORD-006708,CUST-01240,2025-06-09,completed,web,INR,7015.32,917.5799999999999,6097.74,0,1097.59,7195.33
ORD-006709,CUST-00777,2025-03-03,completed,web,INR,6500.25,650.03,5850.22,0,1053.04,6903.26
ORD-006710,CUST-00431,2026-05-31,cancelled,web,INR,3588.78,0.0,3588.78,0,645.98,4234.76
ORD-006711,CUST-01304,2026-06-28,shipped,web,INR,4954.53,495.45,4459.08,0,802.63,5261.71
ORD-006712,CUST-00857,2026-02-15,shipped,web,INR,4782.01,73.72,4708.29,0,847.49,5555.78
ORD-006713,CUST-00945,2025-11-04,completed,web,INR,9948.81,825.6,9123.21,0,1642.18,10765.39
ORD-006714,CUST-01877,2025-08-22,completed,mobile_app,INR,35702.05,4482.150000000001,31219.9,0,5619.58,36839.48
ORD-006715,CUST-00019,2026-05-05,returned,web,INR,235.59,23.56,212.03,49,38.17,299.2
ORD-006716,CUST-00477,2026-06-27,completed,web,INR,28702.55,1373.1699999999998,27329.38,0,4919.29,32248.67
ORD-006717,CUST-01840,2025-09-08,completed,web,INR,35133.020000000004,1359.46,33773.56,0,6079.24,39852.8
ORD-006718,CUST-01844,2026-04-26,completed,web,INR,8684.85,135.14,8549.71,0,1538.95,10088.66
ORD-006719,CUST-00606,2025-10-01,returned,web,INR,20129.02,263.59,19865.43,0,3575.78,23441.21
ORD-006720,CUST-01989,2025-10-29,completed,mobile_app,INR,10699.5,1069.95,9629.550000000001,0,1733.32,11362.87
ORD-006721,CUST-00424,2026-07-19,completed,mobile_app,INR,4656.63,0.0,4656.63,0,838.19,5494.82
ORD-006722,CUST-00104,2026-06-17,completed,web,INR,6229.47,0.0,6229.47,0,1121.3,7350.77
ORD-006723,CUST-00615,2026-03-19,pending,web,INR,28244.230000000003,164.31,28079.920000000002,0,5054.39,33134.31
ORD-006724,CUST-01063,2025-04-26,completed,mobile_app,INR,38526.369999999995,426.06,38100.31,0,6858.06,44958.37
ORD-006725,CUST-00013,2026-07-17,completed,web,INR,13363.02,2004.45,11358.57,0,2044.54,13403.11
ORD-006726,CUST-00344,2025-09-21,pending,web,INR,9225.6,305.9,8919.7,0,1605.55,10525.25
ORD-006727,CUST-01582,2025-07-25,completed,web,INR,11487.75,0.0,11487.75,0,2067.8,13555.55
ORD-006728,CUST-01244,2026-06-06,completed,web,INR,15577.71,117.52,15460.189999999999,0,2782.83,18243.02
ORD-006729,CUST-01211,2025-11-12,completed,mobile_app,INR,52668.6,1125.03,51543.57,0,9277.84,60821.41
ORD-006730,CUST-01980,2026-04-18,completed,web,INR,4921.0,0.0,4921.0,0,885.78,5806.78
ORD-006731,CUST-00457,2026-06-13,completed,web,INR,6475.18,404.91,6070.27,0,1092.65,7162.92
ORD-006732,CUST-01794,2025-07-03,completed,web,INR,936.83,93.68,843.15,79,151.77,1073.92
ORD-006733,CUST-00711,2026-04-09,completed,mobile_app,INR,10862.1,0.0,10862.1,0,1955.18,12817.28
ORD-006734,CUST-01850,2025-01-22,cancelled,web,INR,36582.159999999996,3658.21,32923.95,0,5926.31,38850.26
ORD-006735,CUST-01567,2026-07-31,completed,web,INR,32148.920000000002,1857.3899999999999,30291.53,0,5452.48,35744.01
ORD-006736,CUST-00427,2026-05-18,completed,web,INR,10132.570000000002,40.4,10092.17,0,1816.59,11908.76
ORD-006737,CUST-00419,2026-01-22,shipped,web,INR,10478.800000000001,1226.12,9252.68,0,1665.48,10918.16
ORD-006738,CUST-01085,2025-10-16,returned,web,INR,37144.68,3775.89,33368.79,0,6006.38,39375.17
ORD-006739,CUST-01006,2026-06-19,completed,web,INR,3949.24,92.14,3857.1,0,694.28,4551.38
ORD-006740,CUST-00470,2026-06-24,completed,mobile_app,INR,21345.25,0.0,21345.25,0,3842.14,25187.39
ORD-006741,CUST-00521,2025-01-11,completed,mobile_app,INR,51880.09999999999,6837.3099999999995,45042.79,0,8107.7,53150.49
ORD-006742,CUST-01799,2025-08-11,cancelled,web,INR,13655.65,655.74,12999.91,0,2339.98,15339.89
ORD-006743,CUST-01508,2025-10-01,cancelled,mobile_app,INR,27788.8,2226.63,25562.170000000002,0,4601.19,30163.36
ORD-006744,CUST-00383,2026-06-30,completed,web,INR,12431.010000000002,1321.1599999999999,11109.849999999999,0,1999.77,13109.62
ORD-006745,CUST-01451,2025-06-07,completed,mobile_app,INR,9789.980000000001,0.0,9789.980000000001,0,1762.2,11552.18
ORD-006746,CUST-00308,2026-03-03,completed,mobile_app,INR,9537.320000000002,1846.25,7691.07,0,1384.39,9075.46
ORD-006747,CUST-00891,2026-04-24,shipped,mobile_app,INR,22014.75,3452.12,18562.63,0,3341.27,21903.9
ORD-006748,CUST-00025,2026-07-09,completed,web,INR,15435.69,847.77,14587.92,0,2625.83,17213.75
ORD-006749,CUST-01299,2026-07-19,completed,mobile_app,INR,16613.07,2818.1099999999997,13794.96,0,2483.09,16278.05
ORD-006750,CUST-00364,2026-06-26,completed,web,INR,859.83,171.97,687.86,99,123.81,910.67
ORD-006751,CUST-00473,2025-09-19,shipped,web,INR,20706.98,644.95,20062.03,0,3611.17,23673.2
ORD-006752,CUST-00380,2026-01-08,pending,mobile_app,INR,20061.08,2365.96,17695.120000000003,0,3185.12,20880.24
ORD-006753,CUST-00367,2025-05-24,completed,web,INR,9108.19,0.0,9108.19,0,1639.47,10747.66
ORD-006754,CUST-00155,2026-04-25,returned,web,INR,14739.630000000001,0.0,14739.630000000001,0,2653.13,17392.76
ORD-006755,CUST-01109,2026-07-05,completed,web,INR,4784.66,0.0,4784.66,0,861.24,5645.9
ORD-006756,CUST-01736,2026-02-22,shipped,web,INR,15144.029999999999,0.0,15144.029999999999,0,2725.93,17869.96
ORD-006757,CUST-00604,2025-09-03,cancelled,mobile_app,INR,6443.31,644.33,5798.98,0,1043.82,6842.8
ORD-006758,CUST-01560,2026-04-27,completed,web,INR,9410.47,1554.15,7856.32,0,1414.14,9270.46
ORD-006759,CUST-01088,2026-07-25,completed,web,INR,21601.56,1448.83,20152.73,0,3627.49,23780.22
ORD-006760,CUST-00509,2025-01-30,completed,mobile_app,INR,4712.79,0.0,4712.79,0,848.3,5561.09
ORD-006761,CUST-00124,2025-03-28,cancelled,mobile_app,INR,38277.55,220.23,38057.32,0,6850.32,44907.64
ORD-006762,CUST-01567,2026-07-12,completed,mobile_app,INR,5341.31,801.2,4540.11,0,817.22,5357.33
ORD-006763,CUST-00046,2026-07-12,completed,web,INR,10894.48,242.95,10651.529999999999,0,1917.28,12568.81
ORD-006764,CUST-00845,2026-07-31,completed,web,INR,12863.869999999999,1034.17,11829.7,0,2129.35,13959.05
ORD-006765,CUST-00069,2025-06-01,completed,mobile_app,INR,20992.14,966.47,20025.67,0,3604.62,23630.29
ORD-006766,CUST-01552,2026-04-29,completed,mobile_app,INR,20336.45,406.44,19930.010000000002,0,3587.4,23517.41
ORD-006767,CUST-01980,2026-07-15,cancelled,web,INR,18510.92,480.98,18029.940000000002,0,3245.39,21275.33
ORD-006768,CUST-00647,2026-05-21,completed,web,INR,2041.8,0.0,2041.8,0,367.52,2409.32
ORD-006769,CUST-00628,2025-02-02,completed,web,INR,5572.44,0.0,5572.44,0,1003.04,6575.48
ORD-006770,CUST-01130,2025-10-02,completed,web,INR,16992.92,1813.57,15179.35,0,2732.28,17911.63
ORD-006771,CUST-01004,2026-04-25,returned,web,INR,776.1,155.22,620.88,49,111.76,781.64
ORD-006772,CUST-00764,2026-06-29,completed,web,INR,9103.23,455.16,8648.07,0,1556.65,10204.72
ORD-006773,CUST-00732,2025-12-09,completed,web,INR,4633.59,463.36,4170.23,0,750.64,4920.87
ORD-006774,CUST-00376,2025-07-22,completed,web,INR,17023.03,1447.1999999999998,15575.829999999998,0,2803.65,18379.48
ORD-006775,CUST-00502,2025-09-11,completed,web,INR,20698.760000000002,1930.4699999999998,18768.29,0,3378.29,22146.58
ORD-006776,CUST-01172,2025-10-27,completed,web,INR,3033.32,0.0,3033.32,0,546.0,3579.32
ORD-006777,CUST-01469,2026-05-12,completed,mobile_app,INR,14754.79,542.69,14212.1,0,2558.18,16770.28
ORD-006778,CUST-01502,2025-08-03,completed,web,INR,62995.56,2833.36,60162.2,0,10829.2,70991.4
ORD-006779,CUST-01033,2025-12-21,completed,mobile_app,INR,18239.629999999997,669.01,17570.620000000003,0,3162.71,20733.33
ORD-006780,CUST-01507,2026-07-03,completed,mobile_app,INR,46400.159999999996,447.33,45952.83,0,8271.51,54224.34
ORD-006781,CUST-01185,2026-01-01,completed,mobile_app,INR,43665.369999999995,1708.91,41956.46,0,7552.16,49508.62
ORD-006782,CUST-00713,2026-03-23,shipped,mobile_app,INR,6144.55,435.2,5709.35,0,1027.68,6737.03
ORD-006783,CUST-00707,2026-06-27,completed,mobile_app,INR,2117.38,0.0,2117.38,0,381.13,2498.51
ORD-006784,CUST-01038,2026-05-03,completed,web,INR,1484.02,0.0,1484.02,99,267.12,1850.14
ORD-006785,CUST-00616,2025-09-08,pending,web,INR,4821.77,0.0,4821.77,0,867.92,5689.69
ORD-006786,CUST-01528,2026-06-07,completed,mobile_app,INR,16900.89,622.11,16278.779999999999,0,2930.18,19208.96
ORD-006787,CUST-00371,2025-01-29,shipped,web,INR,4186.78,0.0,4186.78,0,753.62,4940.4
ORD-006788,CUST-00109,2025-11-15,completed,mobile_app,INR,19865.309999999998,1788.67,18076.64,0,3253.8,21330.44
ORD-006789,CUST-00983,2026-06-20,pending,web,INR,8146.97,0.0,8146.97,0,1466.45,9613.42
ORD-006790,CUST-00144,2026-07-21,completed,web,INR,10572.800000000001,1585.9199999999998,8986.88,0,1617.64,10604.52
ORD-006791,CUST-00384,2025-01-14,completed,web,INR,14565.9,0.0,14565.9,0,2621.86,17187.76
ORD-006792,CUST-00753,2025-02-11,cancelled,mobile_app,INR,7410.41,303.76,7106.65,0,1279.2,8385.85
ORD-006793,CUST-00009,2025-05-20,completed,web,INR,5851.32,0.0,5851.32,0,1053.24,6904.56
ORD-006794,CUST-00447,2025-06-09,completed,web,INR,3933.92,0.0,3933.92,0,708.11,4642.03
ORD-006795,CUST-01090,2025-06-11,completed,web,INR,21948.57,1476.71,20471.86,0,3684.93,24156.79
ORD-006796,CUST-00750,2025-08-29,completed,mobile_app,INR,12367.86,0.0,12367.86,0,2226.21,14594.07
ORD-006797,CUST-01793,2025-07-03,shipped,mobile_app,INR,20617.43,1647.3999999999999,18970.03,0,3414.61,22384.64
ORD-006798,CUST-00188,2025-12-03,completed,web,INR,28982.71,3773.82,25208.89,0,4537.6,29746.49
ORD-006799,CUST-01440,2026-07-25,completed,web,INR,6956.74,1043.51,5913.23,0,1064.38,6977.61
ORD-006800,CUST-01185,2025-11-25,completed,mobile_app,INR,28156.239999999998,2325.79,25830.45,0,4649.48,30479.93
ORD-006801,CUST-01289,2025-07-11,completed,web,INR,322.2,32.22,289.98,99,52.2,441.18
ORD-006802,CUST-01344,2026-02-08,shipped,web,INR,12190.25,1786.24,10404.01,0,1872.72,12276.73
ORD-006803,CUST-00105,2026-05-20,completed,mobile_app,INR,2498.8,374.82,2123.98,0,382.32,2506.3
ORD-006804,CUST-01584,2026-06-04,completed,mobile_app,INR,25486.79,404.45,25082.34,0,4514.82,29597.16
ORD-006805,CUST-00663,2026-07-01,completed,web,INR,10792.23,0.0,10792.23,0,1942.6,12734.83
ORD-006806,CUST-01302,2025-06-19,completed,web,INR,44850.91,620.7,44230.21,0,7961.44,52191.65
ORD-006807,CUST-00588,2026-06-14,completed,web,INR,19199.9,1069.57,18130.329999999998,0,3263.46,21393.79
ORD-006808,CUST-00793,2026-06-14,cancelled,mobile_app,INR,7217.78,64.99,7152.79,0,1287.5,8440.29
ORD-006809,CUST-01401,2026-04-03,completed,mobile_app,INR,30855.12,1012.55,29842.57,0,5371.66,35214.23
ORD-006810,CUST-01870,2026-04-27,completed,web,INR,37747.65,3689.76,34057.89,0,6130.42,40188.31
ORD-006811,CUST-01756,2025-03-29,pending,mobile_app,INR,12560.26,1204.35,11355.91,0,2044.06,13399.97
ORD-006812,CUST-01453,2025-10-11,completed,web,INR,8964.93,159.53,8805.4,0,1584.97,10390.37
ORD-006813,CUST-01078,2025-01-26,cancelled,mobile_app,INR,3172.72,634.54,2538.18,0,456.87,2995.05
ORD-006814,CUST-01056,2026-07-28,completed,mobile_app,INR,47328.21,1654.27,45673.939999999995,0,8221.31,53895.25
ORD-006815,CUST-01932,2026-01-11,completed,mobile_app,INR,7928.68,0.0,7928.68,0,1427.16,9355.84
ORD-006816,CUST-00414,2025-06-25,completed,mobile_app,INR,28842.670000000002,426.14,28416.530000000002,0,5114.98,33531.51
ORD-006817,CUST-01909,2025-01-06,completed,web,INR,4071.12,0.0,4071.12,0,732.8,4803.92
ORD-006818,CUST-01298,2026-01-27,shipped,web,INR,449.74,44.97,404.77,99,72.86,576.63
ORD-006819,CUST-01233,2026-07-19,completed,web,INR,12297.560000000001,132.20999999999998,12165.35,0,2189.76,14355.11
ORD-006820,CUST-01184,2026-03-31,completed,mobile_app,INR,17116.21,1589.5,15526.710000000001,0,2794.81,18321.52
ORD-006821,CUST-01625,2025-08-02,cancelled,web,INR,12459.75,0.0,12459.75,0,2242.76,14702.51
ORD-006822,CUST-01367,2025-10-03,completed,web,INR,8737.130000000001,390.39,8346.74,0,1502.41,9849.15
ORD-006823,CUST-00190,2025-04-25,completed,web,INR,4971.25,95.07,4876.18,0,877.71,5753.89
ORD-006824,CUST-01563,2025-03-30,completed,web,INR,6453.75,331.61,6122.14,0,1101.99,7224.13
ORD-006825,CUST-01458,2025-05-06,completed,web,INR,5548.889999999999,277.44,5271.450000000001,0,948.86,6220.31
ORD-006826,CUST-01831,2026-03-15,returned,web,INR,32959.079999999994,4293.24,28665.84,0,5159.85,33825.69
ORD-006827,CUST-01873,2026-07-01,completed,web,INR,9690.55,857.63,8832.92,0,1589.93,10422.85
ORD-006828,CUST-01899,2026-05-12,completed,web,INR,17302.05,724.22,16577.83,0,2984.01,19561.84
ORD-006829,CUST-00086,2026-02-06,completed,web,INR,735.64,110.35,625.29,99,112.55,836.84
ORD-006830,CUST-01261,2026-07-02,completed,mobile_app,INR,4317.43,0.0,4317.43,0,777.14,5094.57
ORD-006831,CUST-01869,2025-10-14,completed,web,INR,1713.3799999999999,23.49,1689.8899999999999,79,304.18,2073.07
ORD-006832,CUST-01932,2025-12-14,completed,mobile_app,INR,1760.6,147.32,1613.28,99,290.39,2002.67
ORD-006833,CUST-01099,2026-01-02,completed,mobile_app,INR,33216.630000000005,1796.5700000000002,31420.06,0,5655.61,37075.67
ORD-006834,CUST-01823,2026-01-13,completed,web,INR,15990.76,955.72,15035.04,0,2706.31,17741.35
ORD-006835,CUST-01761,2025-10-11,completed,web,INR,13834.22,1703.62,12130.6,0,2183.51,14314.11
ORD-006836,CUST-00006,2026-05-23,completed,web,INR,5799.27,0.0,5799.27,0,1043.87,6843.14
ORD-006837,CUST-01770,2025-07-03,completed,web,INR,22213.78,243.48,21970.3,0,3954.65,25924.95
ORD-006838,CUST-01276,2026-05-06,completed,web,INR,12000.12,1372.0500000000002,10628.07,0,1913.05,12541.12
ORD-006839,CUST-01148,2026-05-21,cancelled,mobile_app,INR,16998.77,375.28,16623.489999999998,0,2992.23,19615.72
ORD-006840,CUST-00357,2025-09-09,completed,web,INR,13811.68,1336.24,12475.44,0,2245.58,14721.02
ORD-006841,CUST-01838,2026-02-15,completed,web,INR,6766.129999999999,532.83,6233.299999999999,0,1121.99,7355.29
ORD-006842,CUST-00591,2026-02-19,shipped,mobile_app,INR,26839.559999999998,2199.12,24640.440000000002,0,4435.28,29075.72
ORD-006843,CUST-00836,2026-03-30,completed,web,INR,20242.16,89.68,20152.48,0,3627.45,23779.93
ORD-006844,CUST-00596,2026-07-29,completed,web,INR,10518.72,0.0,10518.72,0,1893.37,12412.09
ORD-006845,CUST-01940,2026-02-28,returned,mobile_app,INR,23517.84,0.0,23517.84,0,4233.21,27751.05
ORD-006846,CUST-00967,2026-04-17,completed,web,INR,626.94,0.0,626.94,99,112.85,838.79
ORD-006847,CUST-00229,2026-06-03,completed,web,INR,13574.34,1357.43,12216.91,0,2199.04,14415.95
ORD-006848,CUST-00022,2025-12-18,completed,web,INR,11107.86,1615.42,9492.44,0,1708.64,11201.08
ORD-006849,CUST-01961,2026-06-10,completed,mobile_app,INR,12589.0,1980.67,10608.33,0,1909.5,12517.83
ORD-006850,CUST-00472,2026-04-27,completed,mobile_app,INR,1741.54,348.31,1393.23,99,250.78,1743.01
ORD-006851,CUST-01542,2026-04-22,completed,mobile_app,INR,21312.16,1338.74,19973.42,0,3595.22,23568.64
ORD-006852,CUST-00059,2026-05-23,completed,web,INR,16172.46,2039.68,14132.78,0,2543.9,16676.68
ORD-006853,CUST-01794,2025-10-30,completed,web,INR,19115.99,2625.4300000000003,16490.56,0,2968.3,19458.86
ORD-006854,CUST-01302,2025-03-26,completed,web,INR,21394.61,1208.08,20186.53,0,3633.58,23820.11
ORD-006855,CUST-00450,2026-04-11,completed,mobile_app,INR,5164.150000000001,968.48,4195.67,0,755.22,4950.89
ORD-006856,CUST-01779,2025-07-08,completed,web,INR,22428.059999999998,1378.42,21049.64,0,3788.94,24838.58
ORD-006857,CUST-00596,2026-04-03,completed,web,INR,21174.97,1165.62,20009.35,0,3601.68,23611.03
ORD-006858,CUST-01996,2025-03-13,completed,web,INR,12200.11,2147.06,10053.05,0,1809.55,11862.6
ORD-006859,CUST-01200,2025-10-24,completed,web,INR,11769.6,1544.84,10224.76,0,1840.46,12065.22
ORD-006860,CUST-00898,2025-03-14,shipped,mobile_app,INR,3366.72,505.01,2861.71,0,515.11,3376.82
ORD-006861,CUST-00118,2025-02-26,pending,mobile_app,INR,17766.91,1650.8600000000001,16116.05,0,2900.89,19016.94
ORD-006862,CUST-00521,2025-01-13,completed,web,INR,9216.72,921.67,8295.05,0,1493.11,9788.16
ORD-006863,CUST-00117,2025-06-20,completed,web,INR,26086.53,1606.45,24480.08,0,4406.41,28886.49
ORD-006864,CUST-01707,2026-07-28,cancelled,web,INR,11400.71,63.22,11337.49,0,2040.75,13378.24
ORD-006865,CUST-00201,2026-05-14,completed,web,INR,11203.04,560.15,10642.89,0,1915.72,12558.61
ORD-006866,CUST-00227,2026-03-14,pending,web,INR,20194.75,556.79,19637.96,0,3534.83,23172.79
ORD-006867,CUST-00249,2026-04-07,shipped,web,INR,27423.21,2911.59,24511.620000000003,0,4412.09,28923.71
ORD-006868,CUST-01949,2026-04-26,shipped,web,INR,17522.03,151.35,17370.68,0,3126.72,20497.4
ORD-006869,CUST-01942,2026-02-12,completed,mobile_app,INR,2936.6,0.0,2936.6,0,528.59,3465.19
ORD-006870,CUST-01430,2026-07-12,completed,mobile_app,INR,8500.08,0.0,8500.08,0,1530.01,10030.09
ORD-006871,CUST-00148,2025-08-31,completed,web,INR,3204.58,0.0,3204.58,0,576.82,3781.4
ORD-006872,CUST-01008,2025-07-07,completed,web,INR,6251.3099999999995,208.23,6043.08,0,1087.75,7130.83
ORD-006873,CUST-01897,2025-08-21,shipped,web,INR,18735.31,1061.45,17673.86,0,3181.29,20855.15
ORD-006874,CUST-00194,2026-02-14,pending,web,INR,34986.119999999995,913.09,34073.03,0,6133.15,40206.18
ORD-006875,CUST-01588,2025-01-16,completed,web,INR,57663.17999999999,7061.06,50602.119999999995,0,9108.38,59710.5
ORD-006876,CUST-00037,2026-05-20,completed,web,INR,18566.089999999997,1247.6399999999999,17318.449999999997,0,3117.32,20435.77
ORD-006877,CUST-01608,2025-11-26,cancelled,web,INR,10791.9,1936.98,8854.92,0,1593.89,10448.81
ORD-006878,CUST-01090,2026-06-15,cancelled,mobile_app,INR,11881.05,903.9,10977.15,0,1975.89,12953.04
ORD-006879,CUST-01776,2026-07-30,cancelled,mobile_app,INR,21353.72,1219.75,20133.97,0,3624.11,23758.08
ORD-006880,CUST-00828,2026-06-11,completed,mobile_app,INR,984.42,98.44,885.98,99,159.48,1144.46
ORD-006881,CUST-01571,2025-12-01,pending,web,INR,7838.76,0.0,7838.76,0,1410.98,9249.74
ORD-006882,CUST-01686,2025-10-24,completed,mobile_app,INR,37674.57,940.2800000000001,36734.29,0,6612.17,43346.46
ORD-006883,CUST-00650,2026-06-30,completed,web,INR,44103.24,3754.54,40348.7,0,7262.77,47611.47
ORD-006884,CUST-01285,2025-06-19,completed,mobile_app,INR,17144.59,137.05,17007.54,0,3061.36,20068.9
ORD-006885,CUST-00922,2026-04-19,completed,web,INR,30900.83,723.46,30177.37,0,5431.93,35609.3
ORD-006886,CUST-00864,2026-07-11,cancelled,mobile_app,INR,2050.38,102.52,1947.86,49,350.61,2347.47
ORD-006887,CUST-01600,2025-12-16,completed,mobile_app,INR,1449.54,0.0,1449.54,49,260.92,1759.46
ORD-006888,CUST-00453,2025-07-31,completed,web,INR,24859.54,1982.11,22877.43,0,4117.94,26995.37
ORD-006889,CUST-00240,2025-12-25,completed,web,INR,1670.56,167.06,1503.5,99,270.63,1873.13
ORD-006890,CUST-00961,2026-04-23,shipped,mobile_app,INR,22782.3,772.52,22009.78,0,3961.76,25971.54
ORD-006891,CUST-01644,2026-03-16,completed,mobile_app,INR,4895.79,64.36,4831.43,0,869.66,5701.09
ORD-006892,CUST-00326,2025-04-23,completed,web,INR,32201.85,1317.78,30884.07,0,5559.13,36443.2
ORD-006893,CUST-00681,2026-02-17,completed,web,INR,7553.54,0.0,7553.54,0,1359.64,8913.18
ORD-006894,CUST-01335,2026-02-25,completed,web,INR,55755.3,5400.8,50354.5,0,9063.81,59418.31
ORD-006895,CUST-00954,2026-07-12,completed,web,INR,12987.259999999998,508.46,12478.8,0,2246.18,14724.98
ORD-006896,CUST-01212,2026-04-09,completed,web,INR,25375.309999999998,1389.1399999999999,23986.17,0,4317.51,28303.68
ORD-006897,CUST-01057,2025-04-07,completed,web,INR,15557.79,0.0,15557.79,0,2800.4,18358.19
ORD-006898,CUST-01621,2025-03-02,pending,web,INR,9547.47,868.3299999999999,8679.14,0,1562.25,10241.39
ORD-006899,CUST-01751,2026-05-29,returned,web,INR,21926.86,1096.34,20830.52,0,3749.49,24580.01
ORD-006900,CUST-00900,2025-09-18,completed,mobile_app,INR,2211.48,142.26,2069.22,0,372.46,2441.68
ORD-006901,CUST-00864,2026-03-27,completed,web,INR,11233.23,191.55,11041.68,0,1987.5,13029.18
ORD-006902,CUST-00558,2026-05-08,completed,web,INR,492.1,49.21,442.89,49,79.72,571.61
ORD-006903,CUST-00888,2025-06-23,completed,web,INR,5605.58,0.0,5605.58,0,1009.0,6614.58
ORD-006904,CUST-01673,2026-03-19,completed,mobile_app,INR,18125.17,207.16,17918.01,0,3225.24,21143.25
ORD-006905,CUST-01004,2026-06-05,returned,web,INR,14959.210000000001,138.09,14821.12,0,2667.8,17488.92
ORD-006906,CUST-01382,2026-02-25,returned,web,INR,12515.36,456.55,12058.810000000001,0,2170.59,14229.4
ORD-006907,CUST-00837,2026-05-10,completed,web,INR,5266.74,144.35,5122.39,0,922.03,6044.42
ORD-006908,CUST-01414,2026-02-26,shipped,web,INR,13229.4,934.58,12294.82,0,2213.07,14507.89
ORD-006909,CUST-01425,2026-07-02,cancelled,mobile_app,INR,8894.04,678.35,8215.689999999999,0,1478.82,9694.51
ORD-006910,CUST-01057,2025-11-02,completed,web,INR,14836.259999999998,1699.0,13137.26,0,2364.71,15501.97
ORD-006911,CUST-01869,2026-04-28,returned,web,INR,6017.31,300.87,5716.44,0,1028.96,6745.4
ORD-006912,CUST-01752,2026-04-27,pending,web,INR,45550.54,1196.96,44353.58,0,7983.64,52337.22
ORD-006913,CUST-00317,2026-06-23,pending,web,INR,22775.14,2032.92,20742.22,0,3733.6,24475.82
ORD-006914,CUST-00456,2026-04-03,shipped,mobile_app,INR,1468.89,293.78,1175.11,99,211.52,1485.63
ORD-006915,CUST-01910,2026-06-19,completed,mobile_app,INR,21751.23,846.75,20904.48,0,3762.81,24667.29
ORD-006916,CUST-00804,2026-07-16,completed,mobile_app,INR,8578.630000000001,825.1,7753.53,0,1395.64,9149.17
ORD-006917,CUST-00621,2026-03-16,pending,web,INR,11085.08,1609.18,9475.9,0,1705.66,11181.56
ORD-006918,CUST-01593,2026-05-31,completed,web,INR,22832.32,556.72,22275.6,0,4009.61,26285.21
ORD-006919,CUST-01205,2025-11-13,completed,mobile_app,INR,4917.52,491.75,4425.77,0,796.64,5222.41
ORD-006920,CUST-00266,2026-06-16,completed,web,INR,23757.47,1180.95,22576.52,0,4063.77,26640.29
ORD-006921,CUST-00184,2026-05-24,completed,mobile_app,INR,12094.7,902.45,11192.25,0,2014.6,13206.85
ORD-006922,CUST-01617,2026-03-25,completed,web,INR,15708.710000000001,785.4399999999999,14923.27,0,2686.19,17609.46
ORD-006923,CUST-01530,2026-06-11,cancelled,web,INR,6926.52,1038.98,5887.54,0,1059.76,6947.3
ORD-006924,CUST-00706,2025-09-29,completed,mobile_app,INR,15369.380000000001,343.56,15025.82,0,2704.65,17730.47
ORD-006925,CUST-01725,2025-12-13,completed,web,INR,9350.74,1402.61,7948.13,0,1430.66,9378.79
ORD-006926,CUST-00252,2026-06-12,completed,mobile_app,INR,23915.52,1314.53,22600.989999999998,0,4068.18,26669.17
ORD-006927,CUST-01739,2026-04-29,completed,web,INR,9332.18,580.99,8751.19,0,1575.21,10326.4
ORD-006928,CUST-00159,2025-06-28,cancelled,web,INR,22215.62,1551.8700000000001,20663.75,0,3719.48,24383.23
ORD-006929,CUST-01273,2026-06-05,returned,web,INR,17302.75,0.0,17302.75,0,3114.5,20417.25
ORD-006930,CUST-01687,2025-03-11,cancelled,web,INR,14147.05,632.68,13514.37,0,2432.59,15946.96
ORD-006931,CUST-01239,2025-12-21,completed,mobile_app,INR,12855.22,1257.94,11597.279999999999,0,2087.51,13684.79
ORD-006932,CUST-01558,2026-03-07,cancelled,web,INR,20730.92,0.0,20730.92,0,3731.57,24462.49
ORD-006933,CUST-00688,2026-05-01,completed,web,INR,3943.12,0.0,3943.12,0,709.76,4652.88
ORD-006934,CUST-00577,2026-07-15,completed,web,INR,3448.06,146.82,3301.24,0,594.22,3895.46
ORD-006935,CUST-00532,2025-04-25,shipped,mobile_app,INR,2796.54,279.65,2516.89,0,453.04,2969.93
ORD-006936,CUST-00233,2026-02-05,completed,web,INR,14541.279999999999,2301.38,12239.9,0,2203.18,14443.08
ORD-006937,CUST-00555,2026-07-28,completed,web,INR,25278.96,331.45,24947.510000000002,0,4490.55,29438.06
ORD-006938,CUST-00495,2026-07-24,shipped,mobile_app,INR,35470.72,5157.2,30313.519999999997,0,5456.43,35769.95
ORD-006939,CUST-01514,2026-02-21,completed,mobile_app,INR,16671.7,0.0,16671.7,0,3000.91,19672.61
ORD-006940,CUST-00426,2025-07-27,shipped,mobile_app,INR,23068.63,2386.9900000000002,20681.64,0,3722.7,24404.34
ORD-006941,CUST-00332,2026-07-31,completed,mobile_app,INR,23896.57,2378.48,21518.09,0,3873.26,25391.35
ORD-006942,CUST-01467,2025-11-24,completed,web,INR,11554.21,178.29,11375.92,0,2047.67,13423.59
ORD-006943,CUST-01076,2026-04-10,cancelled,mobile_app,INR,5986.5,475.54,5510.96,0,991.97,6502.93
ORD-006944,CUST-00432,2026-03-01,completed,web,INR,12097.24,1189.75,10907.49,0,1963.35,12870.84
ORD-006945,CUST-01412,2026-07-05,completed,web,INR,10460.87,1064.55,9396.32,0,1691.34,11087.66
ORD-006946,CUST-00433,2026-06-26,completed,web,INR,16898.93,418.13,16480.8,0,2966.54,19447.34
ORD-006947,CUST-01572,2025-12-13,completed,web,INR,23269.43,2146.08,21123.35,0,3802.2,24925.55
ORD-006948,CUST-00065,2025-05-21,completed,web,INR,18600.05,2377.68,16222.37,0,2920.03,19142.4
ORD-006949,CUST-01181,2025-10-04,shipped,web,INR,19153.74,957.69,18196.05,0,3275.29,21471.34
ORD-006950,CUST-01194,2026-07-17,completed,mobile_app,INR,7034.69,0.0,7034.69,0,1266.24,8300.93
ORD-006951,CUST-00746,2026-04-08,completed,mobile_app,INR,23876.55,0.0,23876.55,0,4297.78,28174.33
ORD-006952,CUST-01378,2026-04-08,completed,web,INR,18789.71,2587.2,16202.51,0,2916.45,19118.96
ORD-006953,CUST-00760,2026-06-30,completed,web,INR,12763.810000000001,1603.6800000000003,11160.130000000001,0,2008.82,13168.95
ORD-006954,CUST-01307,2026-03-28,completed,web,INR,14351.05,858.41,13492.64,0,2428.68,15921.32
ORD-006955,CUST-00448,2026-07-06,pending,web,INR,10979.22,95.78,10883.44,0,1959.02,12842.46
ORD-006956,CUST-01138,2026-04-23,completed,mobile_app,INR,20584.68,3087.7,17496.98,0,3149.46,20646.44
ORD-006957,CUST-01513,2026-06-12,completed,web,INR,916.8199999999999,18.43,898.39,79,161.71,1139.1
ORD-006958,CUST-01933,2026-05-11,completed,web,INR,2146.3,0.0,2146.3,0,386.33,2532.63
ORD-006959,CUST-00721,2025-01-12,completed,web,INR,13875.09,276.65,13598.44,0,2447.72,16046.16
ORD-006960,CUST-00946,2026-03-04,completed,web,INR,12361.46,1794.65,10566.810000000001,0,1902.03,12468.84
ORD-006961,CUST-00953,2025-12-04,completed,web,INR,17681.09,884.06,16797.03,0,3023.47,19820.5
ORD-006962,CUST-01721,2025-07-30,completed,mobile_app,INR,17900.2,904.66,16995.54,0,3059.2,20054.74
ORD-006963,CUST-01926,2026-02-16,completed,mobile_app,INR,22404.1,954.14,21449.96,0,3860.99,25310.95
ORD-006964,CUST-01293,2026-04-23,completed,web,INR,10094.48,844.96,9249.52,0,1664.91,10914.43
ORD-006965,CUST-01645,2025-02-20,cancelled,mobile_app,INR,17856.65,0.0,17856.65,0,3214.2,21070.85
ORD-006966,CUST-00169,2026-04-21,completed,mobile_app,INR,9969.74,676.41,9293.33,0,1672.8,10966.13
ORD-006967,CUST-01519,2025-08-29,shipped,web,INR,4925.7,738.85,4186.85,0,753.63,4940.48
ORD-006968,CUST-01621,2025-11-23,completed,mobile_app,INR,26454.0,2845.09,23608.91,0,4249.6,27858.51
ORD-006969,CUST-01430,2026-07-05,completed,web,INR,2202.24,330.34,1871.9,99,336.94,2307.84
ORD-006970,CUST-01169,2026-07-30,completed,mobile_app,INR,8665.62,424.48,8241.14,0,1483.41,9724.55
ORD-006971,CUST-01800,2025-08-14,completed,web,INR,12941.07,1165.4099999999999,11775.66,0,2119.62,13895.28
ORD-006972,CUST-01308,2026-07-14,returned,mobile_app,INR,18368.120000000003,1804.87,16563.25,0,2981.38,19544.63
ORD-006973,CUST-01693,2026-01-10,completed,mobile_app,INR,2023.4,101.17,1922.23,79,346.0,2347.23
ORD-006974,CUST-00361,2026-07-24,completed,mobile_app,INR,37828.43,977.8,36850.63,0,6633.11,43483.74
ORD-006975,CUST-01331,2025-09-01,completed,web,INR,14277.4,1789.26,12488.14,0,2247.87,14736.01
ORD-006976,CUST-00875,2026-04-14,cancelled,web,INR,11314.2,1433.1100000000001,9881.09,0,1778.6,11659.69
ORD-006977,CUST-01737,2025-12-14,completed,mobile_app,INR,2387.55,0.0,2387.55,0,429.76,2817.31
ORD-006978,CUST-01762,2026-07-23,returned,mobile_app,INR,20656.91,306.24,20350.670000000002,0,3663.12,24013.79
ORD-006979,CUST-01688,2025-11-23,completed,mobile_app,INR,37693.340000000004,0.0,37693.340000000004,0,6784.8,44478.14
ORD-006980,CUST-00431,2025-10-18,completed,web,INR,31675.31,1597.81,30077.5,0,5413.95,35491.45
ORD-006981,CUST-00985,2026-01-05,cancelled,web,INR,6212.43,0.0,6212.43,0,1118.24,7330.67
ORD-006982,CUST-00001,2025-08-05,completed,mobile_app,INR,33129.51,1509.8899999999999,31619.620000000003,0,5691.53,37311.15
ORD-006983,CUST-01960,2025-09-11,completed,mobile_app,INR,22006.14,2045.2800000000002,19960.86,0,3592.95,23553.81
ORD-006984,CUST-00516,2025-09-23,completed,web,INR,11876.4,1417.83,10458.57,0,1882.54,12341.11
ORD-006985,CUST-01249,2026-03-17,returned,mobile_app,INR,14300.400000000001,547.11,13753.29,0,2475.59,16228.88
ORD-006986,CUST-00976,2025-01-27,cancelled,web,INR,11411.630000000001,2022.3500000000001,9389.28,0,1690.07,11079.35
ORD-006987,CUST-01810,2026-07-12,completed,web,INR,29759.67,2105.34,27654.33,0,4977.78,32632.11
ORD-006988,CUST-01643,2025-12-09,cancelled,web,INR,9625.94,788.98,8836.960000000001,0,1590.65,10427.61
ORD-006989,CUST-01554,2026-05-04,completed,web,INR,2154.9,107.75,2047.15,0,368.49,2415.64
ORD-006990,CUST-01287,2026-07-02,completed,mobile_app,INR,4718.79,928.79,3790.0,0,682.2,4472.2
ORD-006991,CUST-00239,2025-09-07,shipped,web,INR,26827.41,3279.69,23547.72,0,4238.59,27786.31
ORD-006992,CUST-01839,2025-03-05,shipped,mobile_app,INR,45444.3,463.81,44980.490000000005,0,8096.49,53076.98
ORD-006993,CUST-00126,2025-11-16,shipped,web,INR,35894.4,3991.76,31902.64,0,5742.48,37645.12
ORD-006994,CUST-00912,2025-05-28,cancelled,mobile_app,INR,16508.39,483.16,16025.23,0,2884.54,18909.77
ORD-006995,CUST-00759,2025-04-28,completed,web,INR,2389.0299999999997,392.46000000000004,1996.5700000000002,49,359.38,2404.95
ORD-006996,CUST-00782,2026-04-27,returned,web,INR,24540.93,3103.9500000000003,21436.980000000003,0,3858.66,25295.64
ORD-006997,CUST-01955,2026-07-17,completed,web,INR,56180.270000000004,2609.98,53570.29000000001,0,9642.65,63212.94
ORD-006998,CUST-00463,2026-06-13,completed,mobile_app,INR,21794.46,689.59,21104.870000000003,0,3798.88,24903.75
ORD-006999,CUST-01160,2025-03-21,cancelled,mobile_app,INR,38819.54,3370.24,35449.3,0,6380.87,41830.17
ORD-007000,CUST-00437,2026-07-26,completed,web,INR,8051.54,0.0,8051.54,0,1449.28,9500.82
ORD-007001,CUST-01824,2026-05-31,completed,web,INR,17906.72,0.0,17906.72,0,3223.21,21129.93
ORD-007002,CUST-01473,2025-07-09,cancelled,web,INR,5573.85,0.0,5573.85,0,1003.29,6577.14
ORD-007003,CUST-00830,2025-07-29,completed,web,INR,4457.82,668.67,3789.15,0,682.05,4471.2
ORD-007004,CUST-00161,2026-07-31,completed,web,INR,4460.63,377.09,4083.54,0,735.04,4818.58
ORD-007005,CUST-00306,2026-02-14,completed,mobile_app,INR,14988.31,438.23,14550.08,0,2619.01,17169.09
ORD-007006,CUST-00486,2025-04-10,completed,web,INR,22614.5,0.0,22614.5,0,4070.61,26685.11
ORD-007007,CUST-00813,2026-07-29,completed,web,INR,5985.83,656.1,5329.73,0,959.35,6289.08
ORD-007008,CUST-01772,2025-03-17,completed,mobile_app,INR,21852.21,1965.61,19886.6,0,3579.59,23466.19
ORD-007009,CUST-00240,2025-11-18,cancelled,mobile_app,INR,29481.9,3126.46,26355.44,0,4743.98,31099.42
ORD-007010,CUST-01154,2026-07-08,completed,web,INR,12860.36,2087.09,10773.27,0,1939.19,12712.46
ORD-007011,CUST-00695,2025-11-02,cancelled,mobile_app,INR,1530.66,0.0,1530.66,49,275.52,1855.18
ORD-007012,CUST-00094,2025-09-15,pending,web,INR,7740.83,640.79,7100.04,0,1278.01,8378.05
ORD-007013,CUST-01239,2026-06-19,completed,web,INR,8577.55,857.75,7719.8,0,1389.56,9109.36
ORD-007014,CUST-01409,2026-04-04,pending,web,INR,33615.34,1603.17,32012.17,0,5762.19,37774.36
ORD-007015,CUST-01919,2026-07-12,completed,web,INR,18206.75,1696.15,16510.6,0,2971.91,19482.51
ORD-007016,CUST-01014,2025-06-13,completed,web,INR,17959.35,314.83,17644.52,0,3176.01,20820.53
ORD-007017,CUST-00651,2026-05-21,pending,mobile_app,INR,19565.64,2993.05,16572.59,0,2983.07,19555.66
ORD-007018,CUST-01710,2025-05-04,cancelled,web,INR,12644.29,230.29000000000002,12414.0,0,2234.52,14648.52
ORD-007019,CUST-00495,2026-04-10,completed,web,INR,1518.9,0.0,1518.9,49,273.4,1841.3
ORD-007020,CUST-01365,2026-01-23,completed,mobile_app,INR,21310.58,720.56,20590.02,0,3706.2,24296.22
ORD-007021,CUST-01887,2026-03-21,completed,mobile_app,INR,7429.700000000001,454.39,6975.3099999999995,0,1255.56,8230.87
ORD-007022,CUST-00009,2025-03-08,returned,mobile_app,INR,7236.46,361.82,6874.64,0,1237.44,8112.08
ORD-007023,CUST-01851,2026-05-23,completed,mobile_app,INR,33711.21,4527.97,29183.239999999998,0,5252.98,34436.22
ORD-007024,CUST-00412,2025-06-10,completed,mobile_app,INR,6177.3,926.6,5250.7,0,945.13,6195.83
ORD-007025,CUST-00964,2025-12-12,completed,mobile_app,INR,24455.69,1397.0600000000002,23058.629999999997,0,4150.55,27209.18
ORD-007026,CUST-00516,2025-04-06,completed,web,INR,2294.67,0.0,2294.67,0,413.04,2707.71
ORD-007027,CUST-00290,2026-06-25,completed,web,INR,5375.87,0.0,5375.87,0,967.66,6343.53
ORD-007028,CUST-01405,2025-07-04,completed,web,INR,2952.84,0.0,2952.84,0,531.51,3484.35
ORD-007029,CUST-00965,2026-07-20,completed,web,INR,8863.41,0.0,8863.41,0,1595.41,10458.82
ORD-007030,CUST-01019,2026-03-18,completed,web,INR,2402.64,240.26,2162.38,0,389.23,2551.61
ORD-007031,CUST-00968,2025-11-14,completed,web,INR,6772.62,516.24,6256.379999999999,0,1126.15,7382.53
ORD-007032,CUST-01495,2025-03-30,completed,web,INR,32834.76,1672.52,31162.24,0,5609.2,36771.44
ORD-007033,CUST-01933,2026-04-09,completed,web,INR,16633.91,721.01,15912.9,0,2864.32,18777.22
ORD-007034,CUST-01026,2025-12-20,shipped,web,INR,18308.219999999998,33.63,18274.589999999997,0,3289.43,21564.02
ORD-007035,CUST-00312,2026-03-10,completed,web,INR,4757.14,0.0,4757.14,0,856.29,5613.43
ORD-007036,CUST-00655,2026-02-06,completed,web,INR,15489.94,1266.52,14223.419999999998,0,2560.22,16783.64
ORD-007037,CUST-00993,2025-05-24,completed,web,INR,8408.47,428.79,7979.68,0,1436.34,9416.02
ORD-007038,CUST-00208,2026-07-18,completed,web,INR,3255.81,179.8,3076.01,0,553.68,3629.69
ORD-007039,CUST-00459,2026-03-16,cancelled,web,INR,14719.65,741.59,13978.06,0,2516.05,16494.11
ORD-007040,CUST-00406,2025-12-01,cancelled,mobile_app,INR,4756.1,433.37,4322.73,0,778.09,5100.82
ORD-007041,CUST-01946,2025-02-22,completed,mobile_app,INR,12408.220000000001,191.99,12216.23,0,2198.92,14415.15
ORD-007042,CUST-00802,2026-01-19,completed,web,INR,2183.94,109.2,2074.74,0,373.45,2448.19
ORD-007043,CUST-01759,2026-02-06,completed,mobile_app,INR,29803.21,830.4499999999999,28972.76,0,5215.1,34187.86
ORD-007044,CUST-01103,2026-07-20,shipped,mobile_app,INR,3632.77,440.87,3191.8999999999996,0,574.54,3766.44
ORD-007045,CUST-01013,2025-09-24,completed,mobile_app,INR,6214.12,310.71,5903.41,0,1062.61,6966.02
ORD-007046,CUST-01878,2026-05-10,pending,mobile_app,INR,3022.37,453.36,2569.01,0,462.42,3031.43
ORD-007047,CUST-01384,2026-05-18,completed,web,INR,10202.310000000001,236.93,9965.380000000001,0,1793.77,11759.15
ORD-007048,CUST-00480,2026-04-15,pending,web,INR,20759.16,1058.33,19700.83,0,3546.15,23246.98
ORD-007049,CUST-00564,2026-07-07,completed,web,INR,4277.52,0.0,4277.52,0,769.95,5047.47
ORD-007050,CUST-01333,2025-03-10,completed,web,INR,25486.44,0.0,25486.44,0,4587.56,30074.0
ORD-007051,CUST-00005,2026-02-08,completed,web,INR,442.14,66.32,375.82,79,67.65,522.47
ORD-007052,CUST-00306,2025-10-06,completed,mobile_app,INR,2500.44,125.02,2375.42,0,427.58,2803.0
ORD-007053,CUST-00149,2026-03-29,pending,web,INR,4502.19,450.22,4051.97,0,729.35,4781.32
ORD-007054,CUST-01428,2026-06-17,completed,web,INR,54638.649999999994,2480.6400000000003,52158.01,0,9388.44,61546.45
ORD-007055,CUST-00883,2026-06-28,completed,mobile_app,INR,10196.04,1361.36,8834.68,0,1590.24,10424.92
ORD-007056,CUST-00023,2025-04-25,pending,web,INR,20765.56,1107.1,19658.46,0,3538.52,23196.98
ORD-007057,CUST-01484,2026-04-29,completed,web,INR,13843.82,1262.45,12581.37,0,2264.65,14846.02
ORD-007058,CUST-01312,2025-02-21,completed,web,INR,4273.25,467.38,3805.87,0,685.06,4490.93
ORD-007059,CUST-01438,2026-05-01,completed,web,INR,11366.29,929.19,10437.1,0,1878.68,12315.78
ORD-007060,CUST-00327,2025-02-13,completed,web,INR,21525.659999999996,557.64,20968.019999999997,0,3774.24,24742.26
ORD-007061,CUST-01750,2025-11-25,returned,web,INR,2807.6800000000003,240.98,2566.7,0,462.01,3028.71
ORD-007062,CUST-00361,2026-03-13,completed,web,INR,18491.370000000003,74.43,18416.940000000002,0,3315.05,21731.99
ORD-007063,CUST-01142,2026-04-10,shipped,web,INR,36466.38,3289.63,33176.75,0,5971.82,39148.57
ORD-007064,CUST-01118,2026-02-15,completed,mobile_app,INR,19491.460000000003,185.16,19306.3,0,3475.13,22781.43
ORD-007065,CUST-00438,2026-07-10,completed,web,INR,28321.35,5420.44,22900.91,0,4122.16,27023.07
ORD-007066,CUST-00751,2026-06-30,shipped,web,INR,11980.880000000001,428.16,11552.720000000001,0,2079.49,13632.21
ORD-007067,CUST-00105,2026-07-16,shipped,web,INR,11642.41,743.13,10899.28,0,1961.87,12861.15
ORD-007068,CUST-00943,2026-07-16,completed,mobile_app,INR,24176.02,2415.68,21760.34,0,3916.86,25677.2
ORD-007069,CUST-01355,2025-10-09,completed,web,INR,29765.550000000003,5287.94,24477.61,0,4405.97,28883.58
ORD-007070,CUST-00618,2026-06-03,completed,web,INR,10541.45,461.99,10079.46,0,1814.3,11893.76
ORD-007071,CUST-01076,2025-03-24,shipped,web,INR,2222.58,222.26,2000.32,0,360.06,2360.38
ORD-007072,CUST-01907,2025-06-18,completed,web,INR,5599.46,559.95,5039.51,0,907.11,5946.62
ORD-007073,CUST-00470,2026-06-01,completed,mobile_app,INR,22727.34,87.42,22639.92,0,4075.19,26715.11
ORD-007074,CUST-00582,2026-03-22,completed,mobile_app,INR,37385.11,0.0,37385.11,0,6729.32,44114.43
ORD-007075,CUST-00240,2026-06-06,shipped,web,INR,17593.68,648.39,16945.29,0,3050.15,19995.44
ORD-007076,CUST-01085,2025-08-25,completed,web,INR,13189.98,364.87,12825.11,0,2308.52,15133.63
ORD-007077,CUST-00408,2026-01-08,completed,web,INR,15732.77,98.58,15634.19,0,2814.15,18448.34
ORD-007078,CUST-01709,2026-05-24,shipped,mobile_app,INR,10144.86,1521.73,8623.13,0,1552.16,10175.29
ORD-007079,CUST-00582,2026-06-24,completed,web,INR,7789.25,0.0,7789.25,0,1402.06,9191.31
ORD-007080,CUST-01329,2026-01-28,completed,web,INR,20532.68,2247.73,18284.95,0,3291.29,21576.24
ORD-007081,CUST-00379,2025-07-20,completed,mobile_app,INR,20720.43,2253.55,18466.88,0,3324.04,21790.92
ORD-007082,CUST-00646,2025-03-04,completed,web,INR,4924.13,0.0,4924.13,0,886.34,5810.47
ORD-007083,CUST-00343,2026-06-01,returned,mobile_app,INR,16489.71,1982.66,14507.05,0,2611.27,17118.32
ORD-007084,CUST-01105,2026-07-23,completed,web,INR,3506.93,0.0,3506.93,0,631.25,4138.18
ORD-007085,CUST-00056,2025-10-16,completed,mobile_app,INR,12503.380000000001,682.62,11820.76,0,2127.74,13948.5
ORD-007086,CUST-00166,2026-05-04,completed,mobile_app,INR,21900.6,1270.51,20630.09,0,3713.42,24343.51
ORD-007087,CUST-01003,2026-05-29,completed,web,INR,29020.989999999998,2757.93,26263.06,0,4727.35,30990.41
ORD-007088,CUST-01092,2025-08-24,completed,web,INR,20705.41,583.48,20121.93,0,3621.95,23743.88
ORD-007089,CUST-00660,2025-08-23,shipped,web,INR,8636.630000000001,0.0,8636.630000000001,0,1554.59,10191.22
ORD-007090,CUST-00863,2026-05-31,completed,mobile_app,INR,9523.400000000001,1741.34,7782.06,0,1400.77,9182.83
ORD-007091,CUST-00833,2025-09-15,completed,web,INR,3890.61,389.06,3501.55,0,630.28,4131.83
ORD-007092,CUST-01516,2026-07-27,completed,mobile_app,INR,6581.85,329.09,6252.76,0,1125.5,7378.26
ORD-007093,CUST-00893,2025-07-19,returned,mobile_app,INR,10014.47,1722.63,8291.84,0,1492.53,9784.37
ORD-007094,CUST-01696,2026-03-03,shipped,mobile_app,INR,32150.44,5580.299999999999,26570.14,0,4782.63,31352.77
ORD-007095,CUST-00435,2025-11-01,completed,web,INR,29786.38,1053.1100000000001,28733.27,0,5171.99,33905.26
ORD-007096,CUST-00400,2025-06-26,completed,web,INR,3767.92,0.0,3767.92,0,678.23,4446.15
ORD-007097,CUST-00808,2026-07-10,returned,web,INR,31325.280000000002,340.95,30984.33,0,5577.18,36561.51
ORD-007098,CUST-00164,2025-10-15,returned,web,INR,19402.93,964.35,18438.58,0,3318.94,21757.52
ORD-007099,CUST-01343,2026-05-23,completed,web,INR,19813.54,1612.31,18201.23,0,3276.22,21477.45
ORD-007100,CUST-00782,2025-11-06,shipped,web,INR,26686.22,2663.73,24022.489999999998,0,4324.05,28346.54
ORD-007101,CUST-00733,2026-06-13,returned,mobile_app,INR,17279.88,0.0,17279.88,0,3110.38,20390.26
ORD-007102,CUST-01069,2025-10-03,completed,web,INR,12231.69,66.59,12165.1,0,2189.72,14354.82
ORD-007103,CUST-00165,2025-12-04,completed,web,INR,19077.739999999998,2759.18,16318.56,0,2937.34,19255.9
ORD-007104,CUST-00754,2026-06-14,completed,web,INR,30697.7,4288.31,26409.39,0,4753.69,31163.08
ORD-007105,CUST-01945,2025-06-30,completed,mobile_app,INR,30897.64,965.88,29931.76,0,5387.72,35319.48
ORD-007106,CUST-01258,2026-02-23,shipped,mobile_app,INR,1519.46,0.0,1519.46,49,273.5,1841.96
ORD-007107,CUST-01148,2026-02-24,completed,web,INR,11032.26,426.86,10605.4,0,1908.97,12514.37
ORD-007108,CUST-01012,2026-06-16,completed,web,INR,8625.800000000001,990.3399999999999,7635.46,0,1374.38,9009.84
ORD-007109,CUST-00938,2025-10-03,completed,web,INR,19376.95,0.0,19376.95,0,3487.85,22864.8
ORD-007110,CUST-01874,2026-07-30,shipped,web,INR,4122.26,0.0,4122.26,0,742.01,4864.27
ORD-007111,CUST-01861,2026-01-25,completed,web,INR,28815.08,2635.4700000000003,26179.61,0,4712.33,30891.94
ORD-007112,CUST-00819,2026-06-12,completed,web,INR,9866.17,674.49,9191.68,0,1654.5,10846.18
ORD-007113,CUST-01850,2025-10-10,completed,mobile_app,INR,30811.23,2170.87,28640.36,0,5155.26,33795.62
ORD-007114,CUST-00165,2025-03-17,cancelled,web,INR,6120.47,774.27,5346.2,0,962.32,6308.52
ORD-007115,CUST-00640,2026-07-17,completed,web,INR,24920.68,2560.1800000000003,22360.5,0,4024.89,26385.39
ORD-007116,CUST-00604,2025-05-03,completed,web,INR,34696.64,473.24,34223.4,0,6160.21,40383.61
ORD-007117,CUST-01395,2025-03-21,cancelled,mobile_app,INR,24585.81,890.21,23695.6,0,4265.21,27960.81
ORD-007118,CUST-01212,2026-04-26,completed,web,INR,1395.48,279.1,1116.38,99,200.95,1416.33
ORD-007119,CUST-00946,2026-03-30,shipped,mobile_app,INR,48264.68,0.0,48264.68,0,8687.64,56952.32
ORD-007120,CUST-00513,2026-04-11,completed,mobile_app,INR,1574.9,0.0,1574.9,49,283.48,1907.38
ORD-007121,CUST-01014,2025-12-26,cancelled,mobile_app,INR,14354.68,1343.8600000000001,13010.82,0,2341.95,15352.77
ORD-007122,CUST-00538,2025-01-09,completed,web,INR,3648.25,0.0,3648.25,0,656.68,4304.93
ORD-007123,CUST-00995,2025-08-03,completed,web,INR,36907.770000000004,2729.29,34178.479999999996,0,6152.13,40330.61
ORD-007124,CUST-00680,2026-07-17,completed,mobile_app,INR,33069.66,1027.34,32042.32,0,5767.62,37809.94
ORD-007125,CUST-01778,2025-01-08,returned,mobile_app,INR,4350.5,811.04,3539.46,0,637.1,4176.56
ORD-007126,CUST-01493,2025-07-26,cancelled,mobile_app,INR,8837.08,271.46,8565.619999999999,0,1541.81,10107.43
ORD-007127,CUST-00351,2025-12-27,completed,mobile_app,INR,1046.0,0.0,1046.0,99,188.28,1333.28
ORD-007128,CUST-01881,2025-02-08,completed,mobile_app,INR,10948.84,645.33,10303.51,0,1854.63,12158.14
ORD-007129,CUST-01318,2026-07-23,completed,web,INR,13547.7,2032.15,11515.55,0,2072.8,13588.35
ORD-007130,CUST-00701,2025-12-21,completed,web,INR,11254.83,1406.44,9848.39,0,1772.71,11621.1
ORD-007131,CUST-01061,2026-03-10,completed,web,INR,2889.75,433.46,2456.29,0,442.13,2898.42
ORD-007132,CUST-00391,2026-07-26,returned,web,INR,17163.21,1085.5900000000001,16077.619999999999,0,2893.97,18971.59
ORD-007133,CUST-00094,2025-11-19,completed,web,INR,12029.460000000001,710.85,11318.61,0,2037.35,13355.96
ORD-007134,CUST-00842,2026-04-18,returned,web,INR,10128.82,571.1700000000001,9557.65,0,1720.38,11278.03
ORD-007135,CUST-01565,2025-07-16,completed,web,INR,19198.98,1218.55,17980.43,0,3236.48,21216.91
ORD-007136,CUST-00704,2025-04-02,cancelled,web,INR,9129.27,164.64,8964.630000000001,0,1613.63,10578.26
ORD-007137,CUST-00769,2025-01-27,completed,mobile_app,INR,21776.3,2079.17,19697.13,0,3545.48,23242.61
ORD-007138,CUST-01981,2026-02-25,completed,web,INR,29394.399999999998,3177.59,26216.81,0,4719.03,30935.84
ORD-007139,CUST-01975,2026-05-24,cancelled,web,INR,3896.31,779.26,3117.05,0,561.07,3678.12
ORD-007140,CUST-00928,2026-06-05,completed,mobile_app,INR,27019.47,3561.42,23458.05,0,4222.45,27680.5
ORD-007141,CUST-00089,2026-04-29,returned,web,INR,15984.97,1121.8000000000002,14863.17,0,2675.37,17538.54
ORD-007142,CUST-01359,2025-02-01,shipped,web,INR,40618.07,0.0,40618.07,0,7311.25,47929.32
ORD-007143,CUST-01430,2026-05-17,pending,web,INR,10710.57,964.8100000000001,9745.76,0,1754.24,11500.0
ORD-007144,CUST-01828,2026-07-26,cancelled,web,INR,37346.87,1463.5099999999998,35883.36,0,6459.0,42342.36
ORD-007145,CUST-01897,2026-02-20,completed,web,INR,12671.27,416.0,12255.27,0,2205.95,14461.22
ORD-007146,CUST-01259,2026-04-02,completed,mobile_app,INR,12451.89,622.59,11829.3,0,2129.27,13958.57
ORD-007147,CUST-00215,2026-04-13,shipped,web,INR,11276.220000000001,1680.53,9595.689999999999,0,1727.22,11322.91
ORD-007148,CUST-00499,2026-07-11,completed,mobile_app,INR,15578.3,498.24,15080.06,0,2714.41,17794.47
ORD-007149,CUST-01434,2025-12-31,completed,web,INR,22622.0,859.52,21762.48,0,3917.25,25679.73
ORD-007150,CUST-01215,2025-03-28,completed,web,INR,11838.28,2367.66,9470.619999999999,0,1704.71,11175.33
ORD-007151,CUST-00872,2025-02-16,shipped,mobile_app,INR,6383.16,1276.63,5106.53,0,919.18,6025.71
ORD-007152,CUST-00804,2026-07-24,completed,mobile_app,INR,10434.130000000001,745.63,9688.5,0,1743.93,11432.43
ORD-007153,CUST-01420,2025-10-28,completed,web,INR,27074.04,0.0,27074.04,0,4873.33,31947.37
ORD-007154,CUST-00845,2025-07-05,pending,web,INR,20788.05,2366.4,18421.65,0,3315.9,21737.55
ORD-007155,CUST-00310,2025-06-19,cancelled,web,INR,4914.66,399.67,4514.99,0,812.7,5327.69
ORD-007156,CUST-01959,2025-10-01,completed,mobile_app,INR,5514.21,827.13,4687.08,0,843.67,5530.75
ORD-007157,CUST-00699,2026-06-30,completed,web,INR,1409.8,211.47,1198.33,99,215.7,1513.03
ORD-007158,CUST-00558,2026-04-14,shipped,web,INR,19021.11,700.83,18320.28,0,3297.65,21617.93
ORD-007159,CUST-00139,2025-05-07,completed,web,INR,33619.67,4486.75,29132.920000000002,0,5243.93,34376.85
ORD-007160,CUST-00938,2025-09-22,completed,mobile_app,INR,22830.97,1994.79,20836.18,0,3750.51,24586.69
ORD-007161,CUST-01973,2026-01-20,cancelled,web,INR,14328.08,1676.39,12651.689999999999,0,2277.3,14928.99
ORD-007162,CUST-00320,2026-01-03,completed,mobile_app,INR,5063.27,506.33,4556.94,0,820.25,5377.19
ORD-007163,CUST-00490,2025-11-24,completed,web,INR,12372.060000000001,1043.31,11328.75,0,2039.18,13367.93
ORD-007164,CUST-00358,2026-07-09,completed,web,INR,8702.49,0.0,8702.49,0,1566.45,10268.94
ORD-007165,CUST-00189,2025-05-25,completed,web,INR,9989.68,841.25,9148.43,0,1646.72,10795.15
ORD-007166,CUST-01207,2026-05-31,completed,web,INR,4088.1499999999996,0.0,4088.1499999999996,0,735.87,4824.02
ORD-007167,CUST-00597,2025-11-19,completed,web,INR,1918.62,95.93,1822.69,49,328.08,2199.77
ORD-007168,CUST-01503,2025-01-08,pending,web,INR,32734.53,4796.6,27937.93,0,5028.83,32966.76
ORD-007169,CUST-00802,2025-03-04,shipped,web,INR,16548.600000000002,223.02,16325.58,0,2938.6,19264.18
ORD-007170,CUST-01273,2026-07-19,completed,mobile_app,INR,6236.22,0.0,6236.22,0,1122.52,7358.74
ORD-007171,CUST-00179,2026-06-06,completed,web,INR,17645.66,1827.81,15817.85,0,2847.21,18665.06
ORD-007172,CUST-00659,2026-07-21,completed,web,INR,13226.85,461.95,12764.9,0,2297.68,15062.58
ORD-007173,CUST-00829,2026-07-04,completed,web,INR,5492.86,823.93,4668.93,0,840.41,5509.34
ORD-007174,CUST-00120,2025-01-18,completed,web,INR,17819.12,2841.2,14977.92,0,2696.03,17673.95
ORD-007175,CUST-00839,2025-06-30,completed,web,INR,23075.190000000002,2106.58,20968.61,0,3774.35,24742.96
ORD-007176,CUST-00941,2026-05-12,completed,web,INR,32336.940000000002,0.0,32336.940000000002,0,5820.65,38157.59
ORD-007177,CUST-00808,2025-02-06,completed,mobile_app,INR,4856.58,0.0,4856.58,0,874.18,5730.76
ORD-007178,CUST-01009,2026-07-31,completed,mobile_app,INR,7609.55,618.13,6991.42,0,1258.46,8249.88
ORD-007179,CUST-01595,2025-12-09,shipped,web,INR,11086.89,533.33,10553.56,0,1899.64,12453.2
ORD-007180,CUST-01542,2026-04-05,pending,web,INR,2329.8,0.0,2329.8,0,419.36,2749.16
ORD-007181,CUST-00029,2026-05-24,shipped,mobile_app,INR,3037.1,0.0,3037.1,0,546.68,3583.78
ORD-007182,CUST-01281,2026-04-01,pending,web,INR,41244.45,988.95,40255.5,0,7245.99,47501.49
ORD-007183,CUST-01809,2026-04-09,completed,web,INR,2569.63,164.32,2405.31,0,432.96,2838.27
ORD-007184,CUST-01743,2026-06-02,completed,mobile_app,INR,22744.45,1092.29,21652.16,0,3897.39,25549.55
ORD-007185,CUST-00647,2026-03-18,returned,web,INR,1219.19,121.92,1097.27,49,197.51,1343.78
ORD-007186,CUST-01566,2026-03-03,completed,web,INR,21255.47,2076.1099999999997,19179.36,0,3452.28,22631.64
ORD-007187,CUST-01602,2026-03-02,completed,mobile_app,INR,4654.96,232.75,4422.21,0,796.0,5218.21
ORD-007188,CUST-00732,2025-07-09,returned,web,INR,26737.8,291.93,26445.87,0,4760.26,31206.13
ORD-007189,CUST-01739,2026-05-16,shipped,mobile_app,INR,8576.92,700.22,7876.699999999999,0,1417.81,9294.51
ORD-007190,CUST-01265,2025-05-10,returned,web,INR,16016.37,1652.78,14363.59,0,2585.45,16949.04
ORD-007191,CUST-01503,2025-08-28,completed,web,INR,23610.760000000002,2261.84,21348.92,0,3842.81,25191.73
ORD-007192,CUST-01495,2025-11-02,shipped,mobile_app,INR,9239.71,58.83,9180.880000000001,0,1652.56,10833.44
ORD-007193,CUST-01563,2025-08-14,completed,mobile_app,INR,38569.57,7619.21,30950.359999999997,0,5571.06,36521.42
ORD-007194,CUST-01914,2026-03-22,completed,mobile_app,INR,19460.05,2135.6,17324.449999999997,0,3118.4,20442.85
ORD-007195,CUST-01715,2026-03-19,returned,web,INR,12179.349999999999,1078.72,11100.630000000001,0,1998.11,13098.74
ORD-007196,CUST-00845,2025-07-10,completed,mobile_app,INR,2268.12,0.0,2268.12,0,408.26,2676.38
ORD-007197,CUST-01125,2026-07-30,shipped,web,INR,37657.12,6103.110000000001,31554.010000000002,0,5679.72,37233.73
ORD-007198,CUST-01297,2025-04-13,returned,web,INR,16378.25,1661.22,14717.03,0,2649.07,17366.1
ORD-007199,CUST-01714,2026-02-28,returned,mobile_app,INR,7343.34,0.0,7343.34,0,1321.8,8665.14
ORD-007200,CUST-00786,2026-06-01,completed,web,INR,38768.36,3837.75,34930.61,0,6287.51,41218.12
ORD-007201,CUST-00626,2025-10-02,completed,web,INR,4853.9,728.08,4125.82,0,742.65,4868.47
ORD-007202,CUST-01476,2026-02-11,returned,mobile_app,INR,7171.43,337.88,6833.55,0,1230.04,8063.59
ORD-007203,CUST-01909,2026-01-09,completed,mobile_app,INR,5556.58,0.0,5556.58,0,1000.18,6556.76
ORD-007204,CUST-01824,2026-05-14,completed,web,INR,3565.2799999999997,283.85,3281.4300000000003,0,590.66,3872.09
ORD-007205,CUST-00296,2026-04-07,completed,web,INR,14990.779999999999,955.87,14034.91,0,2526.28,16561.19
ORD-007206,CUST-01839,2025-05-18,completed,web,INR,20251.71,1458.53,18793.18,0,3382.77,22175.95
ORD-007207,CUST-01579,2026-03-09,pending,web,INR,357.14,0.0,357.14,99,64.29,520.43
ORD-007208,CUST-00315,2025-03-15,completed,web,INR,18362.4,756.99,17605.41,0,3168.97,20774.38
ORD-007209,CUST-00014,2026-05-23,cancelled,web,INR,19048.21,1487.24,17560.97,0,3160.97,20721.94
ORD-007210,CUST-00409,2026-06-06,completed,web,INR,8375.24,246.15,8129.09,0,1463.24,9592.33
ORD-007211,CUST-01859,2026-06-03,completed,web,INR,37037.08,3743.91,33293.17,0,5992.77,39285.94
ORD-007212,CUST-01510,2026-04-11,completed,mobile_app,INR,4067.96,0.0,4067.96,0,732.23,4800.19
ORD-007213,CUST-01151,2025-01-24,returned,mobile_app,INR,11131.34,1624.99,9506.35,0,1711.14,11217.49
ORD-007214,CUST-01263,2025-04-21,completed,web,INR,18852.66,2451.92,16400.739999999998,0,2952.13,19352.87
ORD-007215,CUST-00827,2025-11-29,completed,web,INR,7361.3,0.0,7361.3,0,1325.03,8686.33
ORD-007216,CUST-01811,2026-07-09,completed,mobile_app,INR,30150.88,833.73,29317.15,0,5277.09,34594.24
ORD-007217,CUST-00313,2025-12-07,completed,web,INR,33205.72,3437.6099999999997,29768.11,0,5358.26,35126.37
ORD-007218,CUST-00628,2025-06-11,completed,mobile_app,INR,21088.26,0.0,21088.26,0,3795.89,24884.15
ORD-007219,CUST-00402,2026-03-02,completed,web,INR,17360.649999999998,1137.27,16223.380000000001,0,2920.21,19143.59
ORD-007220,CUST-01697,2025-03-30,completed,mobile_app,INR,10501.1,69.74,10431.36,0,1877.64,12309.0
ORD-007221,CUST-01081,2026-06-01,completed,web,INR,27436.54,3117.77,24318.77,0,4377.38,28696.15
ORD-007222,CUST-01368,2026-05-18,completed,mobile_app,INR,19128.07,1023.31,18104.76,0,3258.86,21363.62
ORD-007223,CUST-01839,2025-12-12,shipped,mobile_app,INR,12276.15,2121.05,10155.1,0,1827.92,11983.02
ORD-007224,CUST-00391,2026-03-02,cancelled,web,INR,6585.4400000000005,86.16,6499.280000000001,0,1169.87,7669.15
ORD-007225,CUST-01929,2025-01-13,cancelled,mobile_app,INR,29708.0,1507.72,28200.28,0,5076.05,33276.33
ORD-007226,CUST-00253,2025-07-17,shipped,web,INR,5664.52,436.15999999999997,5228.360000000001,0,941.1,6169.46
ORD-007227,CUST-01509,2026-05-13,completed,web,INR,21382.9,3167.57,18215.33,0,3278.76,21494.09
ORD-007228,CUST-01406,2025-03-10,completed,mobile_app,INR,5946.24,891.94,5054.3,0,909.77,5964.07
ORD-007229,CUST-01651,2025-12-17,completed,web,INR,2107.11,210.71,1896.4,79,341.35,2316.75
ORD-007230,CUST-00317,2026-05-06,completed,web,INR,5147.52,466.25,4681.27,0,842.63,5523.9
ORD-007231,CUST-01920,2026-07-31,shipped,web,INR,29830.559999999998,4474.58,25355.98,0,4564.08,29920.06
ORD-007232,CUST-01589,2026-05-09,completed,web,INR,25547.579999999998,245.31,25302.27,0,4554.41,29856.68
ORD-007233,CUST-00222,2025-07-25,completed,web,INR,30972.18,0.0,30972.18,0,5574.99,36547.17
ORD-007234,CUST-01115,2026-04-20,completed,web,INR,18205.17,543.08,17662.09,0,3179.18,20841.27
ORD-007235,CUST-01635,2025-08-07,shipped,web,INR,42138.520000000004,4037.35,38101.17,0,6858.21,44959.38
ORD-007236,CUST-00954,2026-01-13,completed,web,INR,7821.0199999999995,0.0,7821.0199999999995,0,1407.78,9228.8
ORD-007237,CUST-00762,2026-04-12,completed,web,INR,32856.4,974.0,31882.4,0,5738.83,37621.23
ORD-007238,CUST-00552,2026-05-24,completed,mobile_app,INR,19168.67,1800.3899999999999,17368.28,0,3126.29,20494.57
ORD-007239,CUST-01032,2025-07-03,returned,mobile_app,INR,22057.28,2206.46,19850.82,0,3573.15,23423.97
ORD-007240,CUST-01968,2026-01-23,shipped,web,INR,8641.84,197.1,8444.74,0,1520.05,9964.79
ORD-007241,CUST-01216,2025-03-17,completed,web,INR,13946.61,2789.33,11157.28,0,2008.31,13165.59
ORD-007242,CUST-01445,2026-03-26,cancelled,web,INR,6723.47,797.8399999999999,5925.63,0,1066.61,6992.24
ORD-007243,CUST-01560,2026-03-23,completed,web,INR,34953.81,1120.73,33833.08,0,6089.95,39923.03
ORD-007244,CUST-01557,2026-07-02,completed,web,INR,11198.67,1589.9900000000002,9608.68,0,1729.56,11338.24
ORD-007245,CUST-00801,2025-05-01,completed,web,INR,2339.44,0.0,2339.44,0,421.1,2760.54
ORD-007246,CUST-01538,2025-09-24,completed,mobile_app,INR,37565.96,577.73,36988.229999999996,0,6657.88,43646.11
ORD-007247,CUST-00657,2026-01-08,completed,mobile_app,INR,22632.309999999998,1096.5700000000002,21535.74,0,3876.43,25412.17
ORD-007248,CUST-01169,2026-07-31,completed,web,INR,14941.41,1757.25,13184.16,0,2373.15,15557.31
ORD-007249,CUST-00605,2026-05-08,cancelled,web,INR,19352.94,2136.66,17216.28,0,3098.93,20315.21
ORD-007250,CUST-01880,2026-01-18,completed,mobile_app,INR,9737.42,228.5,9508.92,0,1711.61,11220.53
ORD-007251,CUST-01461,2026-03-24,completed,mobile_app,INR,19839.29,2735.2400000000002,17104.05,0,3078.73,20182.78
ORD-007252,CUST-01168,2025-01-14,completed,web,INR,56311.920000000006,6133.41,50178.509999999995,0,9032.13,59210.64
ORD-007253,CUST-00904,2026-06-15,shipped,web,INR,18238.81,2870.18,15368.63,0,2766.35,18134.98
ORD-007254,CUST-01041,2026-05-09,completed,web,INR,1020.56,0.0,1020.56,99,183.7,1303.26
ORD-007255,CUST-01560,2026-06-16,completed,web,INR,2139.45,0.0,2139.45,0,385.1,2524.55
ORD-007256,CUST-00548,2025-10-20,completed,mobile_app,INR,20625.46,425.32,20200.14,0,3636.03,23836.17
ORD-007257,CUST-01657,2026-06-21,completed,web,INR,7387.36,0.0,7387.36,0,1329.72,8717.08
ORD-007258,CUST-00564,2025-11-09,completed,web,INR,4939.42,0.0,4939.42,0,889.1,5828.52
ORD-007259,CUST-00284,2025-07-17,cancelled,web,INR,17929.32,1130.3,16799.02,0,3023.82,19822.84
ORD-007260,CUST-01474,2025-03-06,completed,web,INR,18584.9,1858.49,16726.41,0,3010.75,19737.16
ORD-007261,CUST-01417,2025-12-11,completed,mobile_app,INR,7640.039999999999,176.69,7463.349999999999,0,1343.4,8806.75
ORD-007262,CUST-00670,2025-01-14,shipped,web,INR,32514.010000000002,4923.85,27590.16,0,4966.23,32556.39
ORD-007263,CUST-01298,2026-05-06,cancelled,mobile_app,INR,4588.32,917.66,3670.66,0,660.72,4331.38
ORD-007264,CUST-01458,2025-03-12,completed,mobile_app,INR,12407.220000000001,562.87,11844.349999999999,0,2131.98,13976.33
ORD-007265,CUST-01576,2025-01-28,completed,mobile_app,INR,16841.49,743.79,16097.7,0,2897.59,18995.29
ORD-007266,CUST-01906,2025-04-02,pending,web,INR,12111.24,2422.25,9688.99,0,1744.02,11433.01
ORD-007267,CUST-01709,2025-07-08,completed,web,INR,1179.66,0.0,1179.66,79,212.34,1471.0
ORD-007268,CUST-00879,2025-06-09,completed,web,INR,7538.62,0.0,7538.62,0,1356.95,8895.57
ORD-007269,CUST-00461,2026-04-26,completed,web,INR,2051.22,410.24,1640.98,79,295.38,2015.36
ORD-007270,CUST-00195,2026-06-29,completed,web,INR,793.3,39.66,753.64,99,135.66,988.3
ORD-007271,CUST-01148,2026-06-19,completed,web,INR,6438.96,0.0,6438.96,0,1159.01,7597.97
ORD-007272,CUST-01334,2026-05-12,pending,mobile_app,INR,2026.12,0.0,2026.12,0,364.7,2390.82
ORD-007273,CUST-01382,2025-02-18,completed,mobile_app,INR,9313.48,470.19,8843.289999999999,0,1591.79,10435.08
ORD-007274,CUST-00020,2025-09-24,completed,mobile_app,INR,18362.57,1061.07,17301.5,0,3114.27,20415.77
ORD-007275,CUST-01403,2025-03-22,completed,mobile_app,INR,12570.25,577.96,11992.29,0,2158.61,14150.9
ORD-007276,CUST-01575,2026-07-20,completed,mobile_app,INR,19527.09,1275.68,18251.41,0,3285.25,21536.66
ORD-007277,CUST-01444,2025-12-26,shipped,web,INR,26064.96,1564.92,24500.04,0,4410.01,28910.05
ORD-007278,CUST-01052,2026-04-12,pending,web,INR,27430.75,88.14,27342.61,0,4921.67,32264.28
ORD-007279,CUST-00031,2025-09-10,shipped,mobile_app,INR,3285.0,0.0,3285.0,0,591.3,3876.3
ORD-007280,CUST-00980,2025-08-16,pending,mobile_app,INR,7200.22,565.98,6634.24,0,1194.16,7828.4
ORD-007281,CUST-01290,2025-10-31,completed,mobile_app,INR,14827.650000000001,1820.28,13007.37,0,2341.33,15348.7
ORD-007282,CUST-01139,2026-03-12,completed,web,INR,6751.26,0.0,6751.26,0,1215.23,7966.49
ORD-007283,CUST-01150,2026-06-29,completed,mobile_app,INR,5403.87,270.19,5133.68,0,924.06,6057.74
ORD-007284,CUST-01033,2026-03-09,cancelled,web,INR,7672.44,960.41,6712.030000000001,0,1208.17,7920.2
ORD-007285,CUST-01105,2026-06-20,completed,web,INR,23367.03,1123.05,22243.98,0,4003.92,26247.9
ORD-007286,CUST-00648,2025-10-25,completed,web,INR,10573.42,840.4000000000001,9733.02,0,1751.94,11484.96
ORD-007287,CUST-01210,2026-07-05,completed,web,INR,12790.189999999999,1475.1100000000001,11315.08,0,2036.71,13351.79
ORD-007288,CUST-00564,2025-10-13,completed,web,INR,13524.849999999999,0.0,13524.849999999999,0,2434.47,15959.32
ORD-007289,CUST-00983,2025-07-17,completed,mobile_app,INR,7803.55,316.86,7486.6900000000005,0,1347.6,8834.29
ORD-007290,CUST-00831,2026-01-22,returned,web,INR,6344.73,248.66,6096.07,0,1097.29,7193.36
ORD-007291,CUST-01429,2025-02-28,completed,mobile_app,INR,12390.44,1239.04,11151.4,0,2007.25,13158.65
ORD-007292,CUST-01790,2026-05-09,completed,web,INR,28261.239999999998,3521.75,24739.489999999998,0,4453.11,29192.6
ORD-007293,CUST-01267,2025-08-09,completed,web,INR,13112.32,0.0,13112.32,0,2360.22,15472.54
ORD-007294,CUST-00271,2025-07-26,completed,web,INR,12019.720000000001,1374.9,10644.82,0,1916.07,12560.89
ORD-007295,CUST-01336,2026-07-31,completed,web,INR,10567.96,1165.78,9402.18,0,1692.39,11094.57
ORD-007296,CUST-00650,2026-06-19,completed,web,INR,10936.92,1771.5700000000002,9165.35,0,1649.76,10815.11
ORD-007297,CUST-00099,2026-07-07,completed,web,INR,12218.550000000001,799.3,11419.25,0,2055.46,13474.71
ORD-007298,CUST-00385,2025-06-17,completed,web,INR,8611.18,592.85,8018.33,0,1443.3,9461.63
ORD-007299,CUST-01999,2026-04-14,cancelled,web,INR,10356.27,0.0,10356.27,0,1864.13,12220.4
ORD-007300,CUST-00855,2026-04-28,completed,web,INR,27635.31,782.86,26852.45,0,4833.44,31685.89
ORD-007301,CUST-00404,2026-07-31,shipped,web,INR,13568.9,362.65,13206.25,0,2377.12,15583.37
ORD-007302,CUST-00267,2026-07-13,shipped,web,INR,11734.2,1173.42,10560.78,0,1900.94,12461.72
ORD-007303,CUST-01301,2026-06-14,completed,web,INR,10335.699999999999,587.41,9748.289999999999,0,1754.69,11502.98
ORD-007304,CUST-01522,2026-01-21,completed,web,INR,29810.3,2813.9700000000003,26996.33,0,4859.34,31855.67
ORD-007305,CUST-00707,2026-02-05,completed,mobile_app,INR,12155.85,1648.42,10507.43,0,1891.34,12398.77
ORD-007306,CUST-00207,2026-06-13,completed,web,INR,856.36,171.27,685.09,49,123.32,857.41
ORD-007307,CUST-00710,2025-08-08,completed,web,INR,13186.24,1488.57,11697.67,0,2105.58,13803.25
ORD-007308,CUST-01331,2026-04-26,completed,mobile_app,INR,1040.76,0.0,1040.76,49,187.34,1277.1
ORD-007309,CUST-00228,2026-04-04,returned,web,INR,5115.75,1023.15,4092.6,0,736.67,4829.27
ORD-007310,CUST-00536,2025-10-11,returned,mobile_app,INR,9350.7,0.0,9350.7,0,1683.13,11033.83
ORD-007311,CUST-00005,2026-05-19,completed,mobile_app,INR,15471.9,66.54,15405.359999999999,0,2772.96,18178.32
ORD-007312,CUST-00945,2025-02-20,shipped,mobile_app,INR,1248.33,187.25,1061.08,99,190.99,1351.07
ORD-007313,CUST-00342,2026-01-30,pending,mobile_app,INR,7879.81,296.69,7583.12,0,1364.96,8948.08
ORD-007314,CUST-00400,2026-03-30,completed,web,INR,24724.4,4809.89,19914.510000000002,0,3584.61,23499.12
ORD-007315,CUST-00227,2026-02-08,completed,web,INR,19279.44,2891.92,16387.52,0,2949.75,19337.27
ORD-007316,CUST-01461,2026-04-05,shipped,web,INR,23270.67,1855.76,21414.91,0,3854.68,25269.59
ORD-007317,CUST-00980,2026-01-14,returned,mobile_app,INR,49795.06,4253.8,45541.26,0,8197.43,53738.69
ORD-007318,CUST-01897,2025-09-16,cancelled,web,INR,30425.370000000003,1824.7800000000002,28600.59,0,5148.11,33748.7
ORD-007319,CUST-00791,2026-05-23,completed,web,INR,2997.61,0.0,2997.61,0,539.57,3537.18
ORD-007320,CUST-00444,2026-02-02,shipped,mobile_app,INR,9945.66,74.97,9870.689999999999,0,1776.72,11647.41
ORD-007321,CUST-00409,2026-06-17,completed,web,INR,9270.33,805.35,8464.98,0,1523.7,9988.68
ORD-007322,CUST-01907,2025-09-10,completed,web,INR,20588.879999999997,994.9399999999999,19593.94,0,3526.91,23120.85
ORD-007323,CUST-01180,2025-03-06,completed,web,INR,14500.02,1509.29,12990.73,0,2338.33,15329.06
ORD-007324,CUST-00651,2025-05-18,shipped,web,INR,2907.81,0.0,2907.81,0,523.41,3431.22
ORD-007325,CUST-01309,2026-03-14,completed,web,INR,6654.63,332.73,6321.9,0,1137.94,7459.84
ORD-007326,CUST-01116,2026-07-24,completed,web,INR,21600.45,1939.82,19660.629999999997,0,3538.91,23199.54
ORD-007327,CUST-00230,2025-06-09,shipped,mobile_app,INR,5064.509999999999,137.27,4927.24,0,886.9,5814.14
ORD-007328,CUST-01404,2025-05-22,completed,web,INR,18145.54,1068.06,17077.48,0,3073.95,20151.43
ORD-007329,CUST-00239,2026-01-30,cancelled,web,INR,38909.25,500.67,38408.58,0,6913.54,45322.12
ORD-007330,CUST-00399,2025-10-22,completed,mobile_app,INR,14477.02,1762.85,12714.17,0,2288.55,15002.72
ORD-007331,CUST-01427,2025-11-07,completed,web,INR,12849.66,410.08000000000004,12439.58,0,2239.12,14678.7
ORD-007332,CUST-00890,2026-01-21,completed,web,INR,25899.04,2397.02,23502.02,0,4230.36,27732.38
ORD-007333,CUST-00445,2025-07-30,pending,web,INR,11990.990000000002,1212.5700000000002,10778.419999999998,0,1940.12,12718.54
ORD-007334,CUST-00136,2025-03-08,returned,mobile_app,INR,41985.98,1144.83,40841.15,0,7351.41,48192.56
ORD-007335,CUST-01188,2026-01-09,completed,web,INR,9648.09,1127.99,8520.1,0,1533.62,10053.72
ORD-007336,CUST-01395,2026-03-03,shipped,mobile_app,INR,10201.06,161.33,10039.73,0,1807.15,11846.88
ORD-007337,CUST-00407,2025-11-18,cancelled,mobile_app,INR,29917.13,881.46,29035.670000000002,0,5226.42,34262.09
ORD-007338,CUST-00834,2026-01-10,completed,web,INR,1753.5,263.02,1490.48,99,268.29,1857.77
ORD-007339,CUST-00689,2025-06-28,completed,web,INR,14489.69,658.44,13831.25,0,2489.62,16320.87
ORD-007340,CUST-01784,2026-07-10,cancelled,mobile_app,INR,2946.79,294.68,2652.11,0,477.38,3129.49
ORD-007341,CUST-01582,2026-02-16,completed,web,INR,9608.130000000001,603.37,9004.76,0,1620.86,10625.62
ORD-007342,CUST-00548,2026-01-30,returned,web,INR,20824.719999999998,1913.37,18911.35,0,3404.04,22315.39
ORD-007343,CUST-01028,2025-05-19,completed,web,INR,20296.38,1886.99,18409.39,0,3313.69,21723.08
ORD-007344,CUST-01848,2026-07-12,returned,web,INR,16288.169999999998,1281.71,15006.460000000001,0,2701.16,17707.62
ORD-007345,CUST-00692,2026-02-01,pending,mobile_app,INR,3314.49,331.45,2983.04,0,536.95,3519.99
ORD-007346,CUST-00283,2026-07-04,completed,web,INR,2573.73,0.0,2573.73,0,463.27,3037.0
ORD-007347,CUST-00597,2026-04-13,completed,web,INR,17962.25,1282.94,16679.31,0,3002.28,19681.59
ORD-007348,CUST-01214,2026-04-11,completed,web,INR,15337.67,2789.62,12548.05,0,2258.65,14806.7
ORD-007349,CUST-01985,2025-11-19,returned,web,INR,27181.899999999998,920.3899999999999,26261.510000000002,0,4727.07,30988.58
ORD-007350,CUST-00616,2025-12-29,completed,mobile_app,INR,5390.4,109.33,5281.07,0,950.59,6231.66
ORD-007351,CUST-00118,2026-07-07,completed,web,INR,1650.32,165.03,1485.29,99,267.35,1851.64
ORD-007352,CUST-00364,2026-06-13,cancelled,mobile_app,INR,38517.13,0.0,38517.13,0,6933.08,45450.21
ORD-007353,CUST-00826,2025-05-29,completed,web,INR,7949.820000000001,605.96,7343.86,0,1321.89,8665.75
ORD-007354,CUST-00188,2026-06-15,completed,mobile_app,INR,11222.29,485.38,10736.91,0,1932.64,12669.55
ORD-007355,CUST-00070,2025-05-17,completed,mobile_app,INR,6031.74,301.58,5730.16,0,1031.43,6761.59
ORD-007356,CUST-01312,2026-04-17,pending,web,INR,4553.030000000001,0.0,4553.030000000001,0,819.55,5372.58
ORD-007357,CUST-01649,2026-07-28,completed,mobile_app,INR,26413.6,1682.6100000000001,24730.99,0,4451.58,29182.57
ORD-007358,CUST-00467,2025-08-12,returned,web,INR,10208.16,1020.82,9187.34,0,1653.72,10841.06
ORD-007359,CUST-01046,2025-01-25,completed,web,INR,11138.46,614.22,10524.24,0,1894.36,12418.6
ORD-007360,CUST-01146,2026-06-06,returned,web,INR,17466.08,343.12,17122.96,0,3082.13,20205.09
ORD-007361,CUST-01336,2026-07-31,completed,web,INR,3321.93,0.0,3321.93,0,597.95,3919.88
ORD-007362,CUST-01959,2026-01-14,completed,mobile_app,INR,36531.700000000004,0.0,36531.700000000004,0,6575.71,43107.41
ORD-007363,CUST-01771,2025-04-18,cancelled,mobile_app,INR,11592.2,587.23,11004.970000000001,0,1980.89,12985.86
ORD-007364,CUST-00632,2025-06-06,cancelled,web,INR,6807.55,0.0,6807.55,0,1225.36,8032.91
ORD-007365,CUST-01952,2025-09-15,completed,mobile_app,INR,11014.7,2171.27,8843.43,0,1591.82,10435.25
ORD-007366,CUST-00070,2026-01-17,completed,web,INR,19697.760000000002,1381.21,18316.55,0,3296.98,21613.53
ORD-007367,CUST-01924,2025-11-17,completed,web,INR,8090.76,404.54,7686.22,0,1383.52,9069.74
ORD-007368,CUST-00286,2026-06-23,completed,mobile_app,INR,6467.7,781.54,5686.16,0,1023.51,6709.67
ORD-007369,CUST-00228,2026-03-15,shipped,web,INR,36092.17,3392.62,32699.55,0,5885.92,38585.47
ORD-007370,CUST-00239,2025-12-26,pending,mobile_app,INR,20839.05,2519.5699999999997,18319.480000000003,0,3297.51,21616.99
ORD-007371,CUST-00245,2025-08-19,completed,web,INR,12599.91,1152.96,11446.95,0,2060.45,13507.4
ORD-007372,CUST-00927,2025-11-18,completed,web,INR,7006.65,869.21,6137.4400000000005,0,1104.74,7242.18
ORD-007373,CUST-01281,2026-06-28,completed,web,INR,17652.03,1827.47,15824.560000000001,0,2848.42,18672.98
ORD-007374,CUST-01490,2026-04-28,completed,web,INR,574.0,28.7,545.3,49,98.15,692.45
ORD-007375,CUST-00032,2026-05-09,completed,web,INR,4186.02,627.9,3558.12,0,640.46,4198.58
ORD-007376,CUST-00593,2026-07-05,cancelled,web,INR,4610.94,0.0,4610.94,0,829.97,5440.91
ORD-007377,CUST-00265,2026-07-22,completed,web,INR,17125.13,2730.9900000000002,14394.14,0,2590.95,16985.09
ORD-007378,CUST-00292,2025-06-05,completed,mobile_app,INR,5535.32,0.0,5535.32,0,996.36,6531.68
ORD-007379,CUST-01493,2025-09-23,shipped,web,INR,28230.28,880.4300000000001,27349.85,0,4922.97,32272.82
ORD-007380,CUST-01282,2026-04-02,completed,web,INR,52181.009999999995,1129.55,51051.46000000001,0,9189.26,60240.72
ORD-007381,CUST-00420,2026-04-23,completed,web,INR,16623.15,0.0,16623.15,0,2992.17,19615.32
ORD-007382,CUST-00603,2026-05-25,completed,web,INR,585.45,117.09,468.36,79,84.3,631.66
ORD-007383,CUST-01850,2026-02-12,completed,web,INR,24465.9,0.0,24465.9,0,4403.86,28869.76
ORD-007384,CUST-01151,2025-04-02,completed,web,INR,19511.33,1175.85,18335.48,0,3300.39,21635.87
ORD-007385,CUST-00478,2026-01-26,completed,web,INR,3530.48,0.0,3530.48,0,635.49,4165.97
ORD-007386,CUST-01868,2026-06-15,shipped,mobile_app,INR,688.02,103.2,584.82,49,105.27,739.09
ORD-007387,CUST-00398,2026-03-10,completed,web,INR,16338.91,351.67,15987.240000000002,0,2877.7,18864.94
ORD-007388,CUST-00583,2025-12-03,completed,web,INR,10503.52,1050.35,9453.17,0,1701.57,11154.74
ORD-007389,CUST-01386,2025-02-20,shipped,mobile_app,INR,13549.43,730.99,12818.44,0,2307.32,15125.76
ORD-007390,CUST-01025,2026-03-11,completed,web,INR,23511.370000000003,1503.52,22007.85,0,3961.41,25969.26
ORD-007391,CUST-00139,2026-03-05,completed,web,INR,6288.22,0.0,6288.22,0,1131.88,7420.1
ORD-007392,CUST-01614,2026-06-23,completed,web,INR,8105.0199999999995,680.3599999999999,7424.66,0,1336.44,8761.1
ORD-007393,CUST-00457,2026-04-22,completed,web,INR,5930.37,720.65,5209.72,0,937.75,6147.47
ORD-007394,CUST-01384,2026-06-05,completed,mobile_app,INR,4608.7,460.87,4147.83,0,746.61,4894.44
ORD-007395,CUST-00669,2026-06-30,pending,web,INR,4360.25,872.05,3488.2,0,627.88,4116.08
ORD-007396,CUST-01503,2025-04-12,completed,mobile_app,INR,2832.34,566.47,2265.87,0,407.86,2673.73
ORD-007397,CUST-01797,2026-07-22,completed,web,INR,5713.26,292.58,5420.68,0,975.72,6396.4
ORD-007398,CUST-01546,2025-09-23,completed,mobile_app,INR,1211.64,0.0,1211.64,49,218.1,1478.74
ORD-007399,CUST-01843,2026-06-26,completed,web,INR,14598.66,26.11,14572.55,0,2623.06,17195.61
ORD-007400,CUST-01080,2026-06-28,shipped,mobile_app,INR,19528.17,2644.8199999999997,16883.35,0,3039.0,19922.35
ORD-007401,CUST-00131,2025-07-07,shipped,web,INR,33661.36,2414.01,31247.350000000002,0,5624.52,36871.87
ORD-007402,CUST-01073,2026-07-17,pending,web,INR,5768.0,1054.96,4713.04,0,848.35,5561.39
ORD-007403,CUST-00923,2026-04-16,completed,web,INR,25171.03,0.0,25171.03,0,4530.79,29701.82
ORD-007404,CUST-01438,2026-01-09,completed,mobile_app,INR,13930.42,207.46,13722.96,0,2470.13,16193.09
ORD-007405,CUST-00498,2025-09-18,shipped,web,INR,4335.86,103.41,4232.45,0,761.84,4994.29
ORD-007406,CUST-01396,2025-08-10,completed,web,INR,3104.8100000000004,191.71,2913.1000000000004,0,524.36,3437.46
ORD-007407,CUST-00884,2026-06-25,completed,mobile_app,INR,20893.81,1277.6,19616.21,0,3530.92,23147.13
ORD-007408,CUST-01341,2025-07-02,completed,mobile_app,INR,3848.97,0.0,3848.97,0,692.81,4541.78
ORD-007409,CUST-00840,2026-07-25,completed,mobile_app,INR,4363.18,872.64,3490.54,0,628.3,4118.84
ORD-007410,CUST-00765,2026-01-13,cancelled,web,INR,6869.99,896.39,5973.599999999999,0,1075.25,7048.85
ORD-007411,CUST-00429,2026-06-15,returned,web,INR,12698.58,328.16,12370.42,0,2226.68,14597.1
ORD-007412,CUST-01658,2026-05-18,completed,mobile_app,INR,16206.98,351.11,15855.87,0,2854.06,18709.93
ORD-007413,CUST-00138,2026-06-01,completed,web,INR,10198.73,0.0,10198.73,0,1835.77,12034.5
ORD-007414,CUST-00473,2025-09-27,shipped,mobile_app,INR,13840.99,2261.8500000000004,11579.140000000001,0,2084.25,13663.39
ORD-007415,CUST-00854,2025-07-22,completed,web,INR,10251.710000000001,1678.8,8572.91,0,1543.12,10116.03
ORD-007416,CUST-00312,2026-01-08,cancelled,mobile_app,INR,14338.619999999999,1433.87,12904.75,0,2322.86,15227.61
ORD-007417,CUST-01834,2026-07-04,completed,web,INR,18810.21,309.46999999999997,18500.739999999998,0,3330.13,21830.87
ORD-007418,CUST-00691,2026-07-29,pending,web,INR,15548.59,348.55,15200.04,0,2736.01,17936.05
ORD-007419,CUST-00485,2025-11-10,completed,mobile_app,INR,3071.16,307.12,2764.04,0,497.53,3261.57
ORD-007420,CUST-00508,2026-01-07,completed,mobile_app,INR,24801.11,739.63,24061.48,0,4331.07,28392.55
ORD-007421,CUST-00384,2025-11-17,cancelled,mobile_app,INR,11192.16,1913.95,9278.21,0,1670.08,10948.29
ORD-007422,CUST-01327,2026-03-14,returned,web,INR,6811.53,96.11,6715.42,0,1208.78,7924.2
ORD-007423,CUST-00963,2026-04-29,returned,web,INR,4552.11,0.0,4552.11,0,819.38,5371.49
ORD-007424,CUST-00463,2026-01-14,completed,mobile_app,INR,22658.56,2265.86,20392.7,0,3670.69,24063.39
ORD-007425,CUST-01747,2026-07-31,shipped,web,INR,11327.0,564.28,10762.720000000001,0,1937.29,12700.01
ORD-007426,CUST-01313,2026-04-17,completed,web,INR,29271.61,3899.58,25372.03,0,4566.97,29939.0
ORD-007427,CUST-00806,2026-07-26,completed,web,INR,12184.1,776.6,11407.5,0,2053.35,13460.85
ORD-007428,CUST-01027,2025-09-23,completed,web,INR,3693.55,0.0,3693.55,0,664.84,4358.39
ORD-007429,CUST-01313,2026-05-09,completed,web,INR,25493.55,911.07,24582.48,0,4424.85,29007.33
ORD-007430,CUST-00305,2026-01-17,returned,web,INR,2760.1099999999997,142.9,2617.21,0,471.1,3088.31
ORD-007431,CUST-01617,2026-07-25,cancelled,mobile_app,INR,18234.91,146.99,18087.92,0,3255.83,21343.75
ORD-007432,CUST-00517,2026-04-23,completed,mobile_app,INR,4472.95,91.41,4381.54,0,788.68,5170.22
ORD-007433,CUST-00060,2026-03-09,completed,web,INR,14415.01,377.93,14037.080000000002,0,2526.67,16563.75
ORD-007434,CUST-01044,2025-03-30,completed,web,INR,17988.68,1658.91,16329.769999999999,0,2939.36,19269.13
ORD-007435,CUST-01753,2026-06-15,completed,web,INR,11300.939999999999,0.0,11300.939999999999,0,2034.17,13335.11
ORD-007436,CUST-01467,2026-02-20,completed,mobile_app,INR,8953.21,1149.88,7803.330000000001,0,1404.6,9207.93
ORD-007437,CUST-00617,2026-06-17,returned,mobile_app,INR,15239.539999999999,456.98,14782.56,0,2660.86,17443.42
ORD-007438,CUST-00797,2026-07-10,completed,web,INR,10711.9,366.84,10345.06,0,1862.11,12207.17
ORD-007439,CUST-01192,2025-04-04,completed,mobile_app,INR,13649.43,191.15,13458.28,0,2422.49,15880.77
ORD-007440,CUST-00466,2026-07-20,shipped,web,INR,201.12,30.17,170.95,49,30.77,250.72
ORD-007441,CUST-01641,2025-12-19,completed,mobile_app,INR,8218.06,367.29,7850.77,0,1413.14,9263.91
ORD-007442,CUST-00591,2026-04-05,completed,mobile_app,INR,45585.490000000005,425.41,45160.08,0,8128.81,53288.89
ORD-007443,CUST-00434,2025-07-01,completed,mobile_app,INR,17763.49,1147.15,16616.34,0,2990.94,19607.28
ORD-007444,CUST-00191,2025-12-11,completed,web,INR,1401.09,0.0,1401.09,79,252.2,1732.29
ORD-007445,CUST-01387,2025-08-05,completed,web,INR,10799.279999999999,2159.86,8639.42,0,1555.1,10194.52
ORD-007446,CUST-00051,2026-05-15,shipped,web,INR,15455.99,1202.0,14253.990000000002,0,2565.72,16819.71
ORD-007447,CUST-01611,2026-06-10,completed,web,INR,2979.93,0.0,2979.93,0,536.39,3516.32
ORD-007448,CUST-01947,2025-08-16,cancelled,web,INR,5824.14,582.41,5241.73,0,943.51,6185.24
ORD-007449,CUST-00223,2026-01-12,returned,web,INR,24292.4,2729.2,21563.199999999997,0,3881.38,25444.58
ORD-007450,CUST-00193,2025-09-22,cancelled,web,INR,23520.12,2284.46,21235.66,0,3822.42,25058.08
ORD-007451,CUST-01870,2026-05-23,pending,web,INR,29313.16,1635.48,27677.68,0,4981.98,32659.66
ORD-007452,CUST-00250,2026-04-12,returned,web,INR,4130.23,619.53,3510.7,0,631.93,4142.63
ORD-007453,CUST-00816,2026-05-23,cancelled,mobile_app,INR,11496.63,1119.95,10376.68,0,1867.8,12244.48
ORD-007454,CUST-01742,2026-03-16,completed,web,INR,20483.47,338.53999999999996,20144.93,0,3626.09,23771.02
ORD-007455,CUST-00278,2026-05-20,completed,web,INR,28996.510000000002,3568.38,25428.129999999997,0,4577.06,30005.19
ORD-007456,CUST-01328,2026-06-12,shipped,mobile_app,INR,44736.09,7387.91,37348.18,0,6722.67,44070.85
ORD-007457,CUST-00766,2026-07-29,cancelled,web,INR,24586.11,750.7099999999999,23835.399999999998,0,4290.37,28125.77
ORD-007458,CUST-00873,2025-04-22,cancelled,web,INR,15116.73,1928.68,13188.050000000001,0,2373.85,15561.9
ORD-007459,CUST-01863,2026-05-17,completed,mobile_app,INR,5822.780000000001,481.72,5341.06,0,961.39,6302.45
ORD-007460,CUST-01299,2026-06-07,cancelled,web,INR,6524.82,0.0,6524.82,0,1174.47,7699.29
ORD-007461,CUST-00639,2026-05-21,shipped,web,INR,9706.119999999999,1364.83,8341.29,0,1501.43,9842.72
ORD-007462,CUST-01870,2026-06-22,shipped,mobile_app,INR,8895.539999999999,822.9300000000001,8072.61,0,1453.07,9525.68
ORD-007463,CUST-01162,2026-07-30,completed,mobile_app,INR,9883.68,0.0,9883.68,0,1779.06,11662.74
ORD-007464,CUST-00199,2025-03-01,completed,web,INR,17792.149999999998,1424.86,16367.289999999999,0,2946.11,19313.4
ORD-007465,CUST-00786,2026-03-03,completed,web,INR,39748.8,3540.6099999999997,36208.19,0,6517.47,42725.66
ORD-007466,CUST-00488,2026-01-05,completed,mobile_app,INR,38689.96,4776.16,33913.799999999996,0,6104.48,40018.28
ORD-007467,CUST-01285,2025-06-14,completed,web,INR,10009.56,2001.91,8007.65,0,1441.38,9449.03
ORD-007468,CUST-01721,2026-01-13,completed,mobile_app,INR,16458.809999999998,388.16,16070.65,0,2892.72,18963.37
ORD-007469,CUST-00079,2025-07-28,returned,web,INR,14369.69,574.89,13794.800000000001,0,2483.06,16277.86
ORD-007470,CUST-01562,2025-10-13,completed,web,INR,25798.4,1102.92,24695.480000000003,0,4445.19,29140.67
ORD-007471,CUST-01833,2025-12-16,shipped,web,INR,3377.01,168.85,3208.16,0,577.47,3785.63
ORD-007472,CUST-01989,2025-08-14,completed,mobile_app,INR,20438.56,2043.8600000000001,18394.7,0,3311.05,21705.75
ORD-007473,CUST-01323,2026-02-18,cancelled,web,INR,5942.94,507.62,5435.32,0,978.36,6413.68
ORD-007474,CUST-00628,2026-06-29,completed,mobile_app,INR,14238.150000000001,0.0,14238.150000000001,0,2562.87,16801.02
ORD-007475,CUST-00291,2026-07-22,completed,mobile_app,INR,11179.869999999999,221.32,10958.55,0,1972.54,12931.09
ORD-007476,CUST-01890,2026-02-26,completed,mobile_app,INR,33347.21,1946.43,31400.78,0,5652.14,37052.92
ORD-007477,CUST-00826,2025-07-10,completed,mobile_app,INR,26460.63,567.27,25893.36,0,4660.8,30554.16
ORD-007478,CUST-00688,2026-07-18,completed,web,INR,18971.48,1158.69,17812.79,0,3206.3,21019.09
ORD-007479,CUST-01468,2026-07-31,shipped,web,INR,7257.07,157.78,7099.29,0,1277.87,8377.16
ORD-007480,CUST-01431,2026-05-16,cancelled,web,INR,34609.619999999995,4464.46,30145.16,0,5426.13,35571.29
ORD-007481,CUST-01619,2026-05-19,completed,web,INR,4772.219999999999,238.62,4533.6,0,816.05,5349.65
ORD-007482,CUST-01766,2026-07-20,returned,web,INR,5547.93,0.0,5547.93,0,998.63,6546.56
ORD-007483,CUST-01755,2026-05-08,completed,mobile_app,INR,9184.14,459.21,8724.93,0,1570.49,10295.42
ORD-007484,CUST-00342,2026-02-23,completed,mobile_app,INR,18036.760000000002,1777.74,16259.02,0,2926.62,19185.64
ORD-007485,CUST-00340,2026-07-15,completed,web,INR,12355.86,1442.96,10912.900000000001,0,1964.32,12877.22
ORD-007486,CUST-00412,2026-01-08,completed,web,INR,16283.97,164.22,16119.749999999998,0,2901.55,19021.3
ORD-007487,CUST-01255,2026-01-11,completed,mobile_app,INR,29303.449999999997,1664.85,27638.6,0,4974.95,32613.55
ORD-007488,CUST-01162,2026-06-08,cancelled,mobile_app,INR,16550.36,815.74,15734.619999999999,0,2832.23,18566.85
ORD-007489,CUST-01715,2026-03-31,completed,mobile_app,INR,4477.86,447.79,4030.07,0,725.41,4755.48
ORD-007490,CUST-01688,2025-12-28,pending,web,INR,16687.940000000002,804.8499999999999,15883.09,0,2858.96,18742.05
ORD-007491,CUST-01627,2026-04-20,completed,web,INR,17792.34,1878.55,15913.79,0,2864.48,18778.27
ORD-007492,CUST-00158,2025-07-10,completed,mobile_app,INR,16980.0,1022.32,15957.68,0,2872.38,18830.06
ORD-007493,CUST-01392,2026-06-25,completed,web,INR,12425.609999999999,1373.46,11052.150000000001,0,1989.39,13041.54
ORD-007494,CUST-01702,2025-12-03,completed,mobile_app,INR,7973.790000000001,0.0,7973.790000000001,0,1435.28,9409.07
ORD-007495,CUST-01965,2026-07-22,completed,web,INR,1296.13,64.81,1231.32,49,221.64,1501.96
ORD-007496,CUST-00687,2025-03-17,shipped,web,INR,30865.340000000004,2092.83,28772.510000000002,0,5179.05,33951.56
ORD-007497,CUST-01554,2025-10-29,shipped,web,INR,22633.68,1058.62,21575.059999999998,0,3883.51,25458.57
ORD-007498,CUST-00813,2026-07-16,completed,mobile_app,INR,1936.01,276.83,1659.1799999999998,79,298.65,2036.83
ORD-007499,CUST-00322,2026-02-04,completed,web,INR,34731.81,2463.34,32268.47,0,5808.32,38076.79
ORD-007500,CUST-00680,2026-07-10,completed,mobile_app,INR,30009.989999999998,1723.98,28286.01,0,5091.48,33377.49
ORD-007501,CUST-00503,2026-07-10,completed,mobile_app,INR,16477.269999999997,667.75,15809.52,0,2845.71,18655.23
ORD-007502,CUST-01823,2025-11-17,shipped,mobile_app,INR,13430.16,529.2,12900.96,0,2322.17,15223.13
ORD-007503,CUST-00352,2025-11-12,completed,mobile_app,INR,9954.71,1561.01,8393.7,0,1510.87,9904.57
ORD-007504,CUST-00262,2025-04-25,cancelled,mobile_app,INR,5002.89,0.0,5002.89,0,900.52,5903.41
ORD-007505,CUST-01160,2025-11-23,pending,mobile_app,INR,24214.67,2154.35,22060.32,0,3970.86,26031.18
ORD-007506,CUST-01149,2026-03-12,completed,web,INR,15192.76,1009.7,14183.060000000001,0,2552.95,16736.01
ORD-007507,CUST-01123,2025-06-30,returned,mobile_app,INR,22583.46,0.0,22583.46,0,4065.02,26648.48
ORD-007508,CUST-00297,2026-04-29,cancelled,mobile_app,INR,20184.9,512.2,19672.699999999997,0,3541.09,23213.79
ORD-007509,CUST-00998,2026-03-20,completed,web,INR,19832.4,1074.19,18758.21,0,3376.48,22134.69
ORD-007510,CUST-01858,2026-03-26,cancelled,web,INR,9441.86,1888.3700000000001,7553.490000000001,0,1359.63,8913.12
ORD-007511,CUST-00180,2025-11-24,completed,web,INR,8601.27,0.0,8601.27,0,1548.23,10149.5
ORD-007512,CUST-01596,2025-12-15,shipped,mobile_app,INR,952.98,95.3,857.68,49,154.38,1061.06
ORD-007513,CUST-00252,2025-08-04,shipped,mobile_app,INR,1728.43,259.26,1469.17,79,264.45,1812.62
ORD-007514,CUST-00468,2026-01-22,returned,web,INR,2418.76,120.94,2297.82,0,413.61,2711.43
ORD-007515,CUST-01797,2026-07-21,shipped,mobile_app,INR,21254.87,2780.1299999999997,18474.739999999998,0,3325.45,21800.19
ORD-007516,CUST-00596,2026-03-14,cancelled,web,INR,14155.6,108.84,14046.76,0,2528.42,16575.18
ORD-007517,CUST-01045,2025-12-16,completed,web,INR,18652.45,1004.77,17647.68,0,3176.58,20824.26
ORD-007518,CUST-00764,2026-07-03,pending,mobile_app,INR,36344.88,26.96,36317.92,0,6537.23,42855.15
ORD-007519,CUST-01229,2026-06-27,shipped,mobile_app,INR,1263.17,252.63,1010.54,79,181.9,1271.44
ORD-007520,CUST-00811,2025-09-24,cancelled,web,INR,12231.539999999999,630.3299999999999,11601.21,0,2088.22,13689.43
ORD-007521,CUST-00888,2026-06-05,cancelled,mobile_app,INR,10218.66,1532.8,8685.86,0,1563.45,10249.31
ORD-007522,CUST-01635,2026-05-10,completed,mobile_app,INR,5574.63,367.59000000000003,5207.04,0,937.27,6144.31
ORD-007523,CUST-01109,2026-07-17,completed,mobile_app,INR,53520.88,2375.05,51145.83,0,9206.25,60352.08
ORD-007524,CUST-01130,2026-06-27,cancelled,mobile_app,INR,3965.66,0.0,3965.66,0,713.82,4679.48
ORD-007525,CUST-01612,2025-08-26,returned,web,INR,3201.31,0.0,3201.31,0,576.24,3777.55
ORD-007526,CUST-00856,2026-06-27,shipped,web,INR,40126.92,3627.34,36499.58,0,6569.92,43069.5
ORD-007527,CUST-01648,2025-11-02,completed,web,INR,8384.45,1220.3200000000002,7164.13,0,1289.54,8453.67
ORD-007528,CUST-01439,2025-07-04,completed,web,INR,1272.33,127.23,1145.1,99,206.12,1450.22
ORD-007529,CUST-01768,2025-12-26,completed,web,INR,10412.98,0.0,10412.98,0,1874.34,12287.32
ORD-007530,CUST-00916,2025-03-27,completed,web,INR,41744.86,4524.83,37220.03,0,6699.61,43919.64
ORD-007531,CUST-01118,2026-05-01,returned,web,INR,6771.88,0.0,6771.88,0,1218.94,7990.82
ORD-007532,CUST-00257,2026-07-09,completed,web,INR,42231.55,243.41,41988.14,0,7557.87,49546.01
ORD-007533,CUST-00223,2025-11-24,completed,web,INR,7894.83,0.0,7894.83,0,1421.07,9315.9
ORD-007534,CUST-00215,2026-07-30,completed,web,INR,13118.880000000001,795.6700000000001,12323.21,0,2218.18,14541.39
ORD-007535,CUST-01267,2025-02-20,returned,web,INR,9080.42,0.0,9080.42,0,1634.48,10714.9
ORD-007536,CUST-00652,2025-10-18,completed,web,INR,7827.73,245.85,7581.88,0,1364.74,8946.62
ORD-007537,CUST-00578,2026-04-16,completed,mobile_app,INR,13728.12,0.0,13728.12,0,2471.06,16199.18
ORD-007538,CUST-01206,2026-07-03,completed,mobile_app,INR,32957.41,1176.23,31781.18,0,5720.61,37501.79
ORD-007539,CUST-00797,2026-07-30,completed,mobile_app,INR,14164.279999999999,965.13,13199.150000000001,0,2375.85,15575.0
ORD-007540,CUST-00270,2025-12-22,completed,mobile_app,INR,3950.18,395.02,3555.16,0,639.93,4195.09
ORD-007541,CUST-01115,2025-11-27,shipped,mobile_app,INR,20934.53,1313.54,19620.989999999998,0,3531.78,23152.77
ORD-007542,CUST-01101,2025-06-08,completed,mobile_app,INR,18864.589999999997,0.0,18864.589999999997,0,3395.63,22260.22
ORD-007543,CUST-00280,2026-02-04,completed,web,INR,16558.699999999997,416.77,16141.93,0,2905.55,19047.48
ORD-007544,CUST-00540,2026-07-30,completed,web,INR,6633.02,0.0,6633.02,0,1193.94,7826.96
ORD-007545,CUST-00475,2026-03-14,completed,web,INR,9221.16,1486.8400000000001,7734.32,0,1392.18,9126.5
ORD-007546,CUST-01391,2026-06-23,completed,web,INR,15635.46,1376.02,14259.44,0,2566.7,16826.14
ORD-007547,CUST-00499,2026-06-19,shipped,mobile_app,INR,4908.18,0.0,4908.18,0,883.47,5791.65
ORD-007548,CUST-00057,2026-07-24,completed,web,INR,26496.86,798.06,25698.800000000003,0,4625.78,30324.58
ORD-007549,CUST-00534,2025-11-06,completed,mobile_app,INR,16071.009999999998,1777.77,14293.240000000002,0,2572.78,16866.02
ORD-007550,CUST-00939,2025-05-23,cancelled,web,INR,918.99,0.0,918.99,49,165.42,1133.41
ORD-007551,CUST-01539,2026-02-05,returned,mobile_app,INR,2872.13,0.0,2872.13,0,516.98,3389.11
ORD-007552,CUST-00105,2026-04-25,completed,web,INR,44637.06,655.08,43981.979999999996,0,7916.76,51898.74
ORD-007553,CUST-01763,2025-02-08,completed,web,INR,20360.82,0.0,20360.82,0,3664.95,24025.77
ORD-007554,CUST-00662,2026-07-05,returned,web,INR,18702.6,180.26,18522.34,0,3334.02,21856.36
ORD-007555,CUST-00686,2026-03-10,completed,web,INR,9407.44,0.0,9407.44,0,1693.34,11100.78
ORD-007556,CUST-00032,2026-01-25,pending,web,INR,2822.0600000000004,0.0,2822.0600000000004,0,507.97,3330.03
ORD-007557,CUST-00553,2026-07-19,cancelled,mobile_app,INR,4686.84,468.68,4218.16,0,759.27,4977.43
ORD-007558,CUST-00939,2025-10-17,completed,web,INR,7309.96,994.54,6315.42,0,1136.78,7452.2
ORD-007559,CUST-01253,2025-12-18,completed,web,INR,4284.139999999999,197.01,4087.13,0,735.68,4822.81
ORD-007560,CUST-01535,2026-05-09,pending,web,INR,14024.95,623.37,13401.58,0,2412.28,15813.86
ORD-007561,CUST-01046,2026-03-17,completed,web,INR,1908.54,0.0,1908.54,99,343.54,2351.08
ORD-007562,CUST-00201,2025-01-23,completed,web,INR,14068.96,769.38,13299.58,0,2393.92,15693.5
ORD-007563,CUST-00783,2025-07-27,completed,web,INR,2457.76,122.89,2334.87,0,420.28,2755.15
ORD-007564,CUST-01471,2026-06-24,completed,mobile_app,INR,15043.669999999998,1382.3500000000001,13661.32,0,2459.04,16120.36
ORD-007565,CUST-01280,2026-04-07,cancelled,web,INR,3276.46,0.0,3276.46,0,589.76,3866.22
ORD-007566,CUST-01169,2026-07-31,shipped,mobile_app,INR,8797.87,729.8199999999999,8068.05,0,1452.25,9520.3
ORD-007567,CUST-01017,2025-12-31,completed,web,INR,1621.86,0.0,1621.86,99,291.93,2012.79
ORD-007568,CUST-01010,2025-05-07,completed,mobile_app,INR,4653.69,142.33,4511.36,0,812.04,5323.4
ORD-007569,CUST-01987,2026-02-20,shipped,mobile_app,INR,11897.86,154.06,11743.800000000001,0,2113.88,13857.68
ORD-007570,CUST-01199,2026-02-25,completed,web,INR,1020.48,153.07,867.41,99,156.13,1122.54
ORD-007571,CUST-01195,2026-03-03,shipped,mobile_app,INR,15617.83,1086.02,14531.81,0,2615.73,17147.54
ORD-007572,CUST-00672,2026-02-06,completed,web,INR,21415.47,1273.39,20142.079999999998,0,3625.57,23767.65
ORD-007573,CUST-00981,2026-01-12,completed,web,INR,38876.14,2116.0,36760.14,0,6616.83,43376.97
ORD-007574,CUST-01421,2026-07-10,pending,mobile_app,INR,12919.88,232.66,12687.22,0,2283.7,14970.92
ORD-007575,CUST-01717,2026-02-13,completed,mobile_app,INR,7395.94,1109.39,6286.55,0,1131.58,7418.13
ORD-007576,CUST-01560,2026-05-03,completed,web,INR,1986.5,99.33,1887.17,99,339.69,2325.86
ORD-007577,CUST-01325,2026-03-28,completed,mobile_app,INR,20215.690000000002,684.09,19531.6,0,3515.69,23047.29
ORD-007578,CUST-01557,2026-04-27,completed,web,INR,81120.43,3411.02,77709.41,0,13987.69,91697.1
ORD-007579,CUST-00066,2026-02-02,completed,web,INR,25829.52,478.03,25351.49,0,4563.27,29914.76
ORD-007580,CUST-00539,2026-04-11,completed,web,INR,16558.010000000002,987.96,15570.05,0,2802.61,18372.66
ORD-007581,CUST-00487,2025-05-19,cancelled,web,INR,1477.17,73.86,1403.31,49,252.6,1704.91
ORD-007582,CUST-01308,2025-05-21,completed,mobile_app,INR,1208.71,181.31,1027.4,49,184.93,1261.33
ORD-007583,CUST-01507,2026-06-14,completed,web,INR,3338.79,375.44,2963.35,0,533.4,3496.75
ORD-007584,CUST-00297,2026-06-11,shipped,mobile_app,INR,64079.049999999996,4700.12,59378.93,0,10688.21,70067.14
ORD-007585,CUST-00386,2025-12-09,shipped,mobile_app,INR,14489.25,0.0,14489.25,0,2608.06,17097.31
ORD-007586,CUST-00991,2025-11-19,completed,web,INR,10702.220000000001,0.0,10702.220000000001,0,1926.4,12628.62
ORD-007587,CUST-01937,2025-01-22,pending,web,INR,4874.3,155.56,4718.740000000001,0,849.37,5568.11
ORD-007588,CUST-00006,2026-05-16,completed,web,INR,12112.17,0.0,12112.17,0,2180.19,14292.36
ORD-007589,CUST-01759,2026-04-23,completed,web,INR,12894.080000000002,1188.3600000000001,11705.720000000001,0,2107.03,13812.75
ORD-007590,CUST-00388,2026-05-27,completed,web,INR,22620.81,1754.12,20866.690000000002,0,3756.0,24622.69
ORD-007591,CUST-00538,2026-04-11,completed,web,INR,12396.890000000001,943.83,11453.06,0,2061.55,13514.61
ORD-007592,CUST-01264,2026-06-10,completed,web,INR,40650.15,1726.1000000000001,38924.05,0,7006.33,45930.38
ORD-007593,CUST-01458,2026-06-10,completed,web,INR,14982.849999999999,552.06,14430.79,0,2597.54,17028.33
ORD-007594,CUST-01749,2026-05-14,completed,mobile_app,INR,10702.18,1059.25,9642.93,0,1735.73,11378.66
ORD-007595,CUST-00011,2026-01-20,returned,mobile_app,INR,4060.37,310.0,3750.37,0,675.07,4425.44
ORD-007596,CUST-00099,2026-03-02,cancelled,mobile_app,INR,35314.49,2946.29,32368.199999999997,0,5826.28,38194.48
ORD-007597,CUST-00957,2025-06-11,shipped,mobile_app,INR,9982.87,1925.22,8057.650000000001,0,1450.38,9508.03
ORD-007598,CUST-01118,2025-12-24,shipped,web,INR,14628.12,1948.71,12679.41,0,2282.29,14961.7
ORD-007599,CUST-00522,2025-04-08,shipped,web,INR,2119.94,0.0,2119.94,0,381.59,2501.53
ORD-007600,CUST-01274,2026-02-07,completed,web,INR,12377.49,1856.62,10520.87,0,1893.76,12414.63
ORD-007601,CUST-00531,2025-09-12,completed,mobile_app,INR,942.96,0.0,942.96,49,169.73,1161.69
ORD-007602,CUST-01865,2026-05-13,completed,web,INR,2124.21,106.21,2018.0,0,363.24,2381.24
ORD-007603,CUST-00355,2026-07-30,completed,web,INR,3298.55,659.71,2638.84,0,474.99,3113.83
ORD-007604,CUST-01311,2025-11-27,completed,mobile_app,INR,2549.52,0.0,2549.52,0,458.91,3008.43
ORD-007605,CUST-01061,2026-06-05,completed,web,INR,6843.0599999999995,0.0,6843.0599999999995,0,1231.75,8074.81
ORD-007606,CUST-00207,2026-03-28,completed,mobile_app,INR,5194.77,0.0,5194.77,0,935.06,6129.83
ORD-007607,CUST-01210,2026-07-28,completed,web,INR,2414.83,241.48,2173.35,0,391.2,2564.55
ORD-007608,CUST-00294,2025-05-02,cancelled,web,INR,16080.15,0.0,16080.15,0,2894.43,18974.58
ORD-007609,CUST-01080,2026-07-06,completed,mobile_app,INR,26217.42,3401.75,22815.67,0,4106.82,26922.49
ORD-007610,CUST-01272,2026-02-23,completed,web,INR,35237.37,1572.71,33664.66,0,6059.64,39724.3
ORD-007611,CUST-00145,2026-07-31,completed,web,INR,4643.94,0.0,4643.94,0,835.91,5479.85
ORD-007612,CUST-00432,2025-12-30,completed,web,INR,27798.739999999998,1713.6599999999999,26085.079999999998,0,4695.31,30780.39
ORD-007613,CUST-00592,2026-07-22,shipped,mobile_app,INR,8584.91,1581.8,7003.110000000001,0,1260.56,8263.67
ORD-007614,CUST-01857,2026-06-09,completed,web,INR,11828.46,0.0,11828.46,0,2129.12,13957.58
ORD-007615,CUST-00443,2025-06-20,completed,web,INR,9655.14,704.0600000000001,8951.08,0,1611.19,10562.27
ORD-007616,CUST-01842,2025-12-27,pending,web,INR,8803.42,0.0,8803.42,0,1584.62,10388.04
ORD-007617,CUST-01068,2026-03-13,completed,web,INR,4104.75,205.24,3899.51,0,701.91,4601.42
ORD-007618,CUST-01898,2026-04-09,completed,web,INR,19454.57,58.19,19396.38,0,3491.35,22887.73
ORD-007619,CUST-01663,2025-10-31,completed,web,INR,5626.73,844.01,4782.72,0,860.89,5643.61
ORD-007620,CUST-00586,2026-07-07,completed,mobile_app,INR,44195.21,2004.68,42190.53,0,7594.3,49784.83
ORD-007621,CUST-01120,2025-07-17,completed,web,INR,6499.99,334.4,6165.59,0,1109.81,7275.4
ORD-007622,CUST-01434,2025-11-10,completed,web,INR,2731.11,136.56,2594.55,0,467.02,3061.57
ORD-007623,CUST-00157,2025-12-04,completed,web,INR,11696.64,1136.47,10560.17,0,1900.83,12461.0
ORD-007624,CUST-01327,2026-07-10,completed,web,INR,19633.28,981.66,18651.62,0,3357.29,22008.91
ORD-007625,CUST-00920,2025-09-12,completed,web,INR,20313.47,711.9499999999999,19601.52,0,3528.27,23129.79
ORD-007626,CUST-00072,2026-06-25,completed,mobile_app,INR,27155.7,5431.14,21724.56,0,3910.42,25634.98
ORD-007627,CUST-01735,2026-07-07,completed,web,INR,6118.62,395.73,5722.889999999999,0,1030.12,6753.01
ORD-007628,CUST-00532,2026-05-04,completed,mobile_app,INR,12724.67,1703.15,11021.52,0,1983.87,13005.39
ORD-007629,CUST-01749,2026-02-06,completed,web,INR,8702.67,663.0699999999999,8039.6,0,1447.13,9486.73
ORD-007630,CUST-00414,2025-11-24,completed,mobile_app,INR,6238.0,0.0,6238.0,0,1122.84,7360.84
ORD-007631,CUST-01084,2025-11-09,completed,mobile_app,INR,5037.74,251.89,4785.85,0,861.45,5647.3
ORD-007632,CUST-00742,2026-07-13,shipped,mobile_app,INR,20785.02,1637.6,19147.42,0,3446.54,22593.96
ORD-007633,CUST-01786,2026-03-04,cancelled,web,INR,9853.439999999999,316.14,9537.3,0,1716.71,11254.01
ORD-007634,CUST-01907,2026-01-10,completed,web,INR,24021.35,981.3,23040.050000000003,0,4147.21,27187.26
ORD-007635,CUST-01541,2025-04-06,cancelled,mobile_app,INR,5470.4400000000005,444.83000000000004,5025.610000000001,0,904.61,5930.22
ORD-007636,CUST-01692,2026-07-19,completed,web,INR,31786.989999999998,579.13,31207.86,0,5617.41,36825.27
ORD-007637,CUST-01538,2025-10-10,completed,web,INR,15527.080000000002,1337.26,14189.82,0,2554.17,16743.99
ORD-007638,CUST-00587,2025-11-27,completed,mobile_app,INR,19152.0,1316.1799999999998,17835.82,0,3210.45,21046.27
ORD-007639,CUST-01841,2026-05-24,completed,web,INR,6048.47,435.97,5612.5,0,1010.25,6622.75
ORD-007640,CUST-01061,2026-07-11,cancelled,web,INR,28835.32,2549.42,26285.9,0,4731.46,31017.36
ORD-007641,CUST-00687,2025-10-23,completed,mobile_app,INR,10514.220000000001,257.58,10256.64,0,1846.2,12102.84
ORD-007642,CUST-00385,2026-01-17,completed,web,INR,3528.48,0.0,3528.48,0,635.13,4163.61
ORD-007643,CUST-01420,2026-01-20,returned,mobile_app,INR,9921.04,0.0,9921.04,0,1785.79,11706.83
ORD-007644,CUST-00555,2026-07-21,completed,mobile_app,INR,5689.39,277.74,5411.65,0,974.1,6385.75
ORD-007645,CUST-01306,2026-05-14,completed,web,INR,9241.68,954.0,8287.68,0,1491.78,9779.46
ORD-007646,CUST-00131,2026-07-31,completed,web,INR,1374.41,137.44,1236.97,49,222.65,1508.62
ORD-007647,CUST-01270,2026-06-24,pending,mobile_app,INR,9359.64,936.22,8423.42,0,1516.22,9939.64
ORD-007648,CUST-01286,2026-02-01,completed,web,INR,21013.62,1568.23,19445.39,0,3500.17,22945.56
ORD-007649,CUST-01050,2025-07-27,shipped,mobile_app,INR,4665.85,154.59,4511.26,0,812.03,5323.29
ORD-007650,CUST-01314,2026-07-19,completed,web,INR,6733.5,0.0,6733.5,0,1212.03,7945.53
ORD-007651,CUST-01988,2026-06-20,pending,web,INR,5142.29,514.5899999999999,4627.700000000001,0,832.99,5460.69
ORD-007652,CUST-01678,2025-02-02,pending,mobile_app,INR,36610.0,0.0,36610.0,0,6589.8,43199.8
ORD-007653,CUST-00880,2025-12-13,cancelled,web,INR,1982.38,297.36,1685.02,99,303.3,2087.32
ORD-007654,CUST-01744,2025-11-15,completed,web,INR,105.34,10.53,94.81,79,17.07,190.88
ORD-007655,CUST-01909,2025-11-30,completed,mobile_app,INR,14464.86,168.08,14296.78,0,2573.42,16870.2
ORD-007656,CUST-00321,2026-02-16,cancelled,web,INR,5431.46,680.38,4751.08,0,855.19,5606.27
ORD-007657,CUST-00718,2025-12-11,completed,web,INR,2742.69,458.66,2284.03,0,411.13,2695.16
ORD-007658,CUST-01487,2025-01-08,returned,mobile_app,INR,11284.68,327.53,10957.15,0,1972.29,12929.44
ORD-007659,CUST-01030,2025-04-06,cancelled,web,INR,4886.64,587.43,4299.21,0,773.86,5073.07
ORD-007660,CUST-00270,2026-05-01,completed,mobile_app,INR,35817.72,4004.7,31813.02,0,5726.34,37539.36
ORD-007661,CUST-00946,2026-02-05,completed,web,INR,3265.7799999999997,306.38,2959.4,0,532.69,3492.09
ORD-007662,CUST-00748,2026-01-11,completed,web,INR,5483.66,274.18,5209.48,0,937.71,6147.19
ORD-007663,CUST-01478,2025-09-15,shipped,web,INR,33369.97,2627.89,30742.079999999998,0,5533.57,36275.65
ORD-007664,CUST-01032,2025-06-08,completed,mobile_app,INR,1308.57,261.71,1046.86,99,188.43,1334.29
ORD-007665,CUST-00280,2025-06-27,completed,web,INR,20700.07,393.77,20306.3,0,3655.13,23961.43
ORD-007666,CUST-00099,2026-04-16,shipped,mobile_app,INR,18800.35,990.27,17810.08,0,3205.81,21015.89
ORD-007667,CUST-00575,2025-10-18,completed,mobile_app,INR,19131.83,512.95,18618.88,0,3351.4,21970.28
ORD-007668,CUST-00314,2025-03-17,completed,mobile_app,INR,4894.4400000000005,0.0,4894.4400000000005,0,881.0,5775.44
ORD-007669,CUST-01753,2026-01-02,completed,web,INR,5889.09,207.57,5681.52,0,1022.67,6704.19
ORD-007670,CUST-00543,2026-04-21,completed,web,INR,12133.53,1820.02,10313.51,0,1856.43,12169.94
ORD-007671,CUST-01269,2026-07-13,completed,web,INR,34955.05,3549.1000000000004,31405.95,0,5653.07,37059.02
ORD-007672,CUST-00256,2026-05-15,shipped,mobile_app,INR,17419.88,1380.72,16039.16,0,2887.05,18926.21
ORD-007673,CUST-00884,2025-10-21,cancelled,web,INR,12887.57,1933.1399999999999,10954.43,0,1971.8,12926.23
ORD-007674,CUST-01869,2025-10-08,shipped,web,INR,10614.68,1409.7,9204.98,0,1656.9,10861.88
ORD-007675,CUST-01287,2026-07-27,pending,web,INR,1126.85,100.22999999999999,1026.6200000000001,99,184.79,1310.41
ORD-007676,CUST-00577,2026-06-27,completed,web,INR,12912.41,1064.07,11848.34,0,2132.7,13981.04
ORD-007677,CUST-01496,2025-04-24,completed,web,INR,8814.7,0.0,8814.7,0,1586.65,10401.35
ORD-007678,CUST-01003,2025-11-24,completed,web,INR,3199.34,0.0,3199.34,0,575.88,3775.22
ORD-007679,CUST-00471,2026-05-05,shipped,web,INR,17237.2,2276.9300000000003,14960.27,0,2692.85,17653.12
ORD-007680,CUST-01994,2025-12-20,completed,web,INR,1311.69,0.0,1311.69,79,236.1,1626.79
ORD-007681,CUST-01876,2025-08-25,returned,web,INR,26766.36,2284.17,24482.19,0,4406.79,28888.98
ORD-007682,CUST-01134,2026-07-03,completed,web,INR,11062.62,0.0,11062.62,0,1991.27,13053.89
ORD-007683,CUST-00067,2026-06-11,cancelled,mobile_app,INR,4611.1,96.8,4514.3,0,812.57,5326.87
ORD-007684,CUST-00823,2025-06-25,completed,web,INR,22258.02,1112.9,21145.12,0,3806.12,24951.24
ORD-007685,CUST-01028,2025-03-04,shipped,mobile_app,INR,15664.95,1850.54,13814.41,0,2486.59,16301.0
ORD-007686,CUST-01860,2026-03-04,completed,web,INR,188.16,0.0,188.16,79,33.87,301.03
ORD-007687,CUST-01466,2026-03-19,completed,web,INR,17170.989999999998,3292.63,13878.359999999999,0,2498.1,16376.46
ORD-007688,CUST-00445,2025-09-10,cancelled,web,INR,4521.86,452.19,4069.67,0,732.54,4802.21
ORD-007689,CUST-01021,2025-09-29,completed,mobile_app,INR,36566.13,4543.16,32022.97,0,5764.13,37787.1
ORD-007690,CUST-00360,2026-05-11,returned,mobile_app,INR,14527.19,1069.66,13457.53,0,2422.36,15879.89
ORD-007691,CUST-00948,2026-06-20,shipped,mobile_app,INR,14958.609999999999,464.16,14494.45,0,2609.0,17103.45
ORD-007692,CUST-01071,2026-06-04,shipped,web,INR,14556.18,722.6800000000001,13833.5,0,2490.03,16323.53
ORD-007693,CUST-01020,2025-06-15,completed,mobile_app,INR,734.48,0.0,734.48,49,132.21,915.69
ORD-007694,CUST-00855,2025-04-05,completed,web,INR,21880.2,1409.54,20470.66,0,3684.72,24155.38
ORD-007695,CUST-00875,2026-04-28,completed,web,INR,13498.59,1859.89,11638.7,0,2094.97,13733.67
ORD-007696,CUST-01594,2025-05-27,completed,mobile_app,INR,8085.01,122.11,7962.9,0,1433.32,9396.22
ORD-007697,CUST-01012,2026-04-08,completed,web,INR,22601.52,1130.08,21471.44,0,3864.86,25336.3
ORD-007698,CUST-00085,2025-09-22,pending,mobile_app,INR,7291.54,673.7299999999999,6617.81,0,1191.21,7809.02
ORD-007699,CUST-01482,2026-03-23,pending,mobile_app,INR,9423.5,1540.17,7883.33,0,1419.0,9302.33
ORD-007700,CUST-01236,2025-04-03,completed,mobile_app,INR,15781.2,801.73,14979.47,0,2696.3,17675.77
ORD-007701,CUST-01392,2025-10-30,shipped,web,INR,24448.13,3712.4300000000003,20735.7,0,3732.43,24468.13
ORD-007702,CUST-01422,2026-07-29,completed,web,INR,15807.869999999999,1300.5,14507.37,0,2611.33,17118.7
ORD-007703,CUST-00347,2026-07-23,completed,web,INR,9788.2,0.0,9788.2,0,1761.88,11550.08
ORD-007704,CUST-01944,2026-03-24,completed,web,INR,17515.39,1235.5,16279.89,0,2930.38,19210.27
ORD-007705,CUST-01981,2026-03-30,cancelled,mobile_app,INR,12725.279999999999,270.6,12454.68,0,2241.84,14696.52
ORD-007706,CUST-00292,2025-11-09,returned,web,INR,9929.44,0.0,9929.44,0,1787.3,11716.74
ORD-007707,CUST-00438,2026-06-05,completed,mobile_app,INR,35485.25,2393.44,33091.81,0,5956.53,39048.34
ORD-007708,CUST-00493,2025-12-23,completed,web,INR,28785.57,2319.32,26466.25,0,4763.92,31230.17
ORD-007709,CUST-01933,2026-03-05,completed,web,INR,1514.48,52.9,1461.58,99,263.08,1823.66
ORD-007710,CUST-01865,2026-06-03,completed,mobile_app,INR,9852.33,0.0,9852.33,0,1773.42,11625.75
ORD-007711,CUST-00531,2026-04-27,completed,web,INR,10353.36,0.0,10353.36,0,1863.6,12216.96
ORD-007712,CUST-01262,2026-07-17,cancelled,web,INR,36921.93,1699.92,35222.01,0,6339.96,41561.97
ORD-007713,CUST-00487,2026-04-07,returned,mobile_app,INR,13950.63,0.0,13950.63,0,2511.11,16461.74
ORD-007714,CUST-00077,2025-08-16,completed,web,INR,32669.6,0.0,32669.6,0,5880.53,38550.13
ORD-007715,CUST-00461,2025-11-13,cancelled,web,INR,11118.42,0.0,11118.42,0,2001.32,13119.74
ORD-007716,CUST-00155,2025-06-24,shipped,mobile_app,INR,29432.94,1421.26,28011.68,0,5042.1,33053.78
ORD-007717,CUST-01696,2026-05-29,completed,web,INR,4691.26,392.27,4298.99,0,773.82,5072.81
ORD-007718,CUST-01571,2026-03-17,cancelled,mobile_app,INR,17774.359999999997,1733.17,16041.19,0,2887.41,18928.6
ORD-007719,CUST-00369,2025-10-20,completed,mobile_app,INR,3900.51,390.05,3510.46,0,631.88,4142.34
ORD-007720,CUST-01135,2025-08-10,completed,web,INR,15227.53,1374.24,13853.289999999999,0,2493.59,16346.88
ORD-007721,CUST-00411,2026-03-25,completed,mobile_app,INR,24977.489999999998,1222.3600000000001,23755.13,0,4275.92,28031.05
ORD-007722,CUST-01131,2026-04-19,shipped,web,INR,13955.82,881.73,13074.09,0,2353.34,15427.43
ORD-007723,CUST-01792,2026-05-05,completed,web,INR,4792.8,317.21000000000004,4475.59,0,805.61,5281.2
ORD-007724,CUST-01760,2026-05-15,completed,mobile_app,INR,5070.360000000001,211.8,4858.5599999999995,0,874.54,5733.1
ORD-007725,CUST-01667,2026-05-08,completed,web,INR,11493.93,79.98,11413.95,0,2054.51,13468.46
ORD-007726,CUST-00483,2026-05-28,completed,web,INR,17987.92,954.84,17033.08,0,3065.95,20099.03
ORD-007727,CUST-00382,2026-07-09,completed,web,INR,22111.34,290.62,21820.72,0,3927.73,25748.45
ORD-007728,CUST-00321,2025-02-21,completed,web,INR,2311.48,346.72,1964.76,49,353.66,2367.42
ORD-007729,CUST-00255,2026-04-10,cancelled,web,INR,5663.92,283.2,5380.72,0,968.53,6349.25
ORD-007730,CUST-01228,2026-07-18,completed,web,INR,16043.210000000001,78.3,15964.91,0,2873.68,18838.59
ORD-007731,CUST-01317,2026-01-09,completed,mobile_app,INR,6487.99,510.01,5977.98,0,1076.04,7054.02
ORD-007732,CUST-01765,2026-06-11,cancelled,mobile_app,INR,17938.25,78.77,17859.48,0,3214.71,21074.19
ORD-007733,CUST-00181,2026-07-30,cancelled,web,INR,2938.14,0.0,2938.14,0,528.87,3467.01
ORD-007734,CUST-00531,2026-01-14,completed,web,INR,7680.5599999999995,701.49,6979.07,0,1256.23,8235.3
ORD-007735,CUST-01456,2025-06-17,completed,web,INR,3049.38,457.41,2591.97,0,466.55,3058.52
ORD-007736,CUST-01363,2025-08-15,completed,web,INR,14737.41,520.64,14216.77,0,2559.02,16775.79
ORD-007737,CUST-00855,2025-05-20,completed,web,INR,16042.35,430.16999999999996,15612.18,0,2810.19,18422.37
ORD-007738,CUST-00305,2026-01-29,shipped,mobile_app,INR,2832.84,283.28,2549.56,0,458.92,3008.48
ORD-007739,CUST-00969,2026-06-18,completed,web,INR,20440.8,1247.33,19193.47,0,3454.82,22648.29
ORD-007740,CUST-00344,2025-05-27,completed,mobile_app,INR,2947.63,0.0,2947.63,0,530.57,3478.2
ORD-007741,CUST-01072,2025-12-18,completed,mobile_app,INR,7115.15,97.87,7017.28,0,1263.11,8280.39
ORD-007742,CUST-01804,2026-01-07,completed,web,INR,11985.08,474.41,11510.67,0,2071.92,13582.59
ORD-007743,CUST-00392,2026-01-20,completed,mobile_app,INR,22697.61,35.02,22662.59,0,4079.27,26741.86
ORD-007744,CUST-00236,2026-07-17,cancelled,web,INR,10324.59,1421.03,8903.56,0,1602.64,10506.2
ORD-007745,CUST-01476,2026-02-11,completed,mobile_app,INR,4854.950000000001,202.79,4652.16,0,837.39,5489.55
ORD-007746,CUST-00049,2026-04-24,completed,web,INR,1040.11,104.01,936.1,79,168.5,1183.6
ORD-007747,CUST-01967,2025-05-03,shipped,web,INR,8577.060000000001,525.96,8051.1,0,1449.2,9500.3
ORD-007748,CUST-01550,2025-09-26,completed,web,INR,32156.63,0.0,32156.63,0,5788.19,37944.82
ORD-007749,CUST-00807,2025-12-01,completed,web,INR,8758.23,0.0,8758.23,0,1576.48,10334.71
ORD-007750,CUST-00726,2026-07-09,completed,mobile_app,INR,9459.68,932.74,8526.939999999999,0,1534.85,10061.79
ORD-007751,CUST-00774,2026-03-14,completed,mobile_app,INR,8866.02,204.58,8661.44,0,1559.06,10220.5
ORD-007752,CUST-00794,2026-06-10,completed,web,INR,21913.33,1604.45,20308.879999999997,0,3655.6,23964.48
ORD-007753,CUST-01680,2026-01-02,completed,mobile_app,INR,10053.75,288.85,9764.9,0,1757.68,11522.58
ORD-007754,CUST-01600,2025-11-14,shipped,web,INR,1693.62,338.72,1354.9,49,243.88,1647.78
ORD-007755,CUST-00410,2026-06-24,shipped,web,INR,11831.46,1039.12,10792.34,0,1942.62,12734.96
ORD-007756,CUST-00360,2026-05-14,completed,web,INR,12197.59,1175.78,11021.81,0,1983.93,13005.74
ORD-007757,CUST-01082,2026-07-23,completed,mobile_app,INR,4102.429999999999,699.72,3402.71,0,612.49,4015.2
ORD-007758,CUST-01301,2025-12-30,returned,web,INR,44440.63,5556.09,38884.54,0,6999.22,45883.76
ORD-007759,CUST-01455,2026-07-06,completed,web,INR,18038.7,1522.71,16515.989999999998,0,2972.88,19488.87
ORD-007760,CUST-00628,2025-06-27,completed,mobile_app,INR,13735.18,1229.74,12505.439999999999,0,2250.98,14756.42
ORD-007761,CUST-00965,2026-06-14,shipped,mobile_app,INR,966.2,48.31,917.89,99,165.22,1182.11
ORD-007762,CUST-00209,2025-12-22,completed,web,INR,11217.49,0.0,11217.49,0,2019.15,13236.64
ORD-007763,CUST-00912,2025-01-10,returned,web,INR,18551.2,0.0,18551.2,0,3339.22,21890.42
ORD-007764,CUST-01375,2026-05-09,completed,web,INR,6300.94,630.09,5670.85,0,1020.75,6691.6
ORD-007765,CUST-00609,2026-07-28,cancelled,web,INR,7159.76,511.7,6648.0599999999995,0,1196.65,7844.71
ORD-007766,CUST-00638,2025-01-23,completed,web,INR,10496.53,526.8199999999999,9969.71,0,1794.55,11764.26
ORD-007767,CUST-00925,2026-03-11,completed,mobile_app,INR,41547.24,864.64,40682.6,0,7322.87,48005.47
ORD-007768,CUST-01734,2026-06-13,completed,web,INR,18929.5,68.85,18860.65,0,3394.92,22255.57
ORD-007769,CUST-01209,2025-06-26,pending,mobile_app,INR,4955.64,0.0,4955.64,0,892.02,5847.66
ORD-007770,CUST-01839,2025-06-14,completed,mobile_app,INR,4241.860000000001,124.54,4117.32,0,741.12,4858.44
ORD-007771,CUST-00124,2025-11-11,completed,web,INR,3648.8100000000004,65.07,3583.74,0,645.07,4228.81
ORD-007772,CUST-01699,2025-11-04,returned,web,INR,33303.28,468.98,32834.3,0,5910.17,38744.47
ORD-007773,CUST-00088,2026-05-29,completed,web,INR,8569.01,683.99,7885.02,0,1419.3,9304.32
ORD-007774,CUST-00645,2026-02-21,completed,mobile_app,INR,10534.63,1020.24,9514.39,0,1712.59,11226.98
ORD-007775,CUST-00854,2025-12-07,completed,web,INR,23300.31,3142.49,20157.82,0,3628.41,23786.23
ORD-007776,CUST-00474,2026-02-24,cancelled,web,INR,29434.4,909.36,28525.04,0,5134.51,33659.55
ORD-007777,CUST-01979,2025-01-08,completed,mobile_app,INR,4495.7,80.99,4414.71,0,794.65,5209.36
ORD-007778,CUST-01786,2026-06-01,completed,mobile_app,INR,6176.78,723.18,5453.6,0,981.65,6435.25
ORD-007779,CUST-01143,2026-07-31,returned,web,INR,16418.899999999998,677.62,15741.28,0,2833.43,18574.71
ORD-007780,CUST-00906,2025-11-23,completed,mobile_app,INR,10588.44,470.29,10118.150000000001,0,1821.27,11939.42
ORD-007781,CUST-01524,2025-06-01,completed,mobile_app,INR,9138.73,644.93,8493.8,0,1528.88,10022.68
ORD-007782,CUST-01416,2026-06-18,completed,web,INR,587.23,117.45,469.78,79,84.56,633.34
ORD-007783,CUST-00962,2026-04-16,completed,web,INR,8513.14,851.31,7661.83,0,1379.13,9040.96
ORD-007784,CUST-01655,2025-04-01,completed,mobile_app,INR,32536.239999999998,68.87,32467.37,0,5844.13,38311.5
ORD-007785,CUST-00386,2026-06-14,completed,mobile_app,INR,7919.13,308.55,7610.58,0,1369.9,8980.48
ORD-007786,CUST-00556,2025-09-21,completed,web,INR,25960.03,2449.73,23510.300000000003,0,4231.85,27742.15
ORD-007787,CUST-00036,2025-06-19,shipped,mobile_app,INR,12004.92,1752.79,10252.130000000001,0,1845.38,12097.51
ORD-007788,CUST-00239,2025-07-26,completed,web,INR,3027.3,454.1,2573.2,0,463.18,3036.38
ORD-007789,CUST-00398,2026-01-23,completed,web,INR,5365.0,72.93,5292.07,0,952.57,6244.64
ORD-007790,CUST-01250,2026-07-15,completed,mobile_app,INR,15367.810000000001,246.71,15121.100000000002,0,2721.8,17842.9
ORD-007791,CUST-01712,2025-12-15,shipped,mobile_app,INR,44471.299999999996,55.1,44416.2,0,7994.92,52411.12
ORD-007792,CUST-01181,2025-08-23,cancelled,web,INR,9423.619999999999,1479.56,7944.06,0,1429.93,9373.99
ORD-007793,CUST-00891,2025-03-26,cancelled,web,INR,554.94,0.0,554.94,79,99.89,733.83
ORD-007794,CUST-00541,2026-05-29,pending,web,INR,5695.1,0.0,5695.1,0,1025.12,6720.22
ORD-007795,CUST-00203,2025-10-11,cancelled,web,INR,971.26,0.0,971.26,99,174.83,1245.09
ORD-007796,CUST-01170,2026-07-15,pending,mobile_app,INR,3315.87,0.0,3315.87,0,596.86,3912.73
ORD-007797,CUST-00282,2026-03-27,completed,web,INR,27221.43,536.64,26684.79,0,4803.26,31488.05
ORD-007798,CUST-01581,2026-07-30,completed,mobile_app,INR,3145.8,157.29,2988.51,0,537.93,3526.44
ORD-007799,CUST-00818,2025-03-21,completed,web,INR,7128.219999999999,1288.85,5839.37,0,1051.09,6890.46
ORD-007800,CUST-00701,2026-07-02,completed,mobile_app,INR,4771.4,525.65,4245.75,0,764.24,5009.99
ORD-007801,CUST-00054,2026-06-07,completed,web,INR,5019.719999999999,98.73,4920.99,0,885.78,5806.77
ORD-007802,CUST-00485,2025-10-18,completed,mobile_app,INR,2966.98,0.0,2966.98,0,534.06,3501.04
ORD-007803,CUST-00027,2025-04-01,completed,web,INR,18226.260000000002,2431.8500000000004,15794.41,0,2842.99,18637.4
ORD-007804,CUST-01451,2025-03-18,shipped,web,INR,9529.95,318.49,9211.46,0,1658.06,10869.52
ORD-007805,CUST-00980,2026-01-12,completed,web,INR,4342.95,434.3,3908.65,0,703.56,4612.21
ORD-007806,CUST-01572,2025-01-07,completed,web,INR,11925.19,463.53,11461.66,0,2063.1,13524.76
ORD-007807,CUST-01131,2025-03-13,returned,web,INR,14850.3,532.82,14317.48,0,2577.15,16894.63
ORD-007808,CUST-01909,2025-11-03,completed,mobile_app,INR,24696.98,810.76,23886.22,0,4299.52,28185.74
ORD-007809,CUST-01568,2026-02-18,completed,mobile_app,INR,12463.169999999998,905.3,11557.869999999999,0,2080.42,13638.29
ORD-007810,CUST-00296,2026-05-29,completed,web,INR,27090.97,876.56,26214.41,0,4718.59,30933.0
ORD-007811,CUST-00234,2026-07-26,completed,mobile_app,INR,26989.76,1734.81,25254.95,0,4545.89,29800.84
ORD-007812,CUST-01779,2025-06-04,returned,web,INR,20932.59,0.0,20932.59,0,3767.87,24700.46
ORD-007813,CUST-00539,2025-10-14,completed,web,INR,17702.19,304.1,17398.09,0,3131.66,20529.75
ORD-007814,CUST-01531,2025-04-25,returned,web,INR,23609.059999999998,523.8,23085.26,0,4155.35,27240.61
ORD-007815,CUST-01258,2025-09-10,completed,web,INR,3321.26,0.0,3321.26,0,597.83,3919.09
ORD-007816,CUST-01404,2025-09-11,cancelled,web,INR,17333.29,1150.55,16182.74,0,2912.89,19095.63
ORD-007817,CUST-00534,2026-07-28,completed,web,INR,15811.92,353.64,15458.28,0,2782.49,18240.77
ORD-007818,CUST-00627,2026-05-31,completed,web,INR,5701.0,0.0,5701.0,0,1026.18,6727.18
ORD-007819,CUST-01110,2026-06-11,completed,web,INR,21691.02,2430.22,19260.8,0,3466.94,22727.74
ORD-007820,CUST-00045,2025-09-18,completed,web,INR,13081.7,199.64,12882.060000000001,0,2318.77,15200.83
ORD-007821,CUST-00624,2026-01-24,pending,web,INR,11195.75,369.75,10826.0,0,1948.68,12774.68
ORD-007822,CUST-01016,2026-06-19,shipped,web,INR,25201.25,3169.7,22031.55,0,3965.68,25997.23
ORD-007823,CUST-00409,2026-06-15,completed,web,INR,4638.29,68.06,4570.23,0,822.64,5392.87
ORD-007824,CUST-00572,2025-10-09,shipped,web,INR,23384.99,1362.51,22022.480000000003,0,3964.05,25986.53
ORD-007825,CUST-01968,2025-12-18,completed,web,INR,37422.09,1242.38,36179.71,0,6512.35,42692.06
ORD-007826,CUST-00580,2025-08-04,returned,web,INR,36609.100000000006,0.0,36609.100000000006,0,6589.64,43198.74
ORD-007827,CUST-01805,2025-09-30,completed,mobile_app,INR,15896.060000000001,2766.46,13129.6,0,2363.33,15492.93
ORD-007828,CUST-01855,2025-09-12,completed,mobile_app,INR,29999.019999999997,1321.26,28677.76,0,5162.0,33839.76
ORD-007829,CUST-01348,2025-11-09,completed,mobile_app,INR,628.66,94.3,534.36,79,96.18,709.54
ORD-007830,CUST-00306,2026-03-20,completed,web,INR,19128.81,2869.32,16259.49,0,2926.71,19186.2
ORD-007831,CUST-00412,2026-06-04,returned,web,INR,44347.82,0.0,44347.82,0,7982.61,52330.43
ORD-007832,CUST-01869,2026-03-12,completed,web,INR,2596.72,259.67,2337.05,0,420.67,2757.72
ORD-007833,CUST-00003,2026-07-10,completed,mobile_app,INR,15764.74,895.6700000000001,14869.07,0,2676.43,17545.5
ORD-007834,CUST-01008,2025-11-08,cancelled,web,INR,15489.550000000001,2029.8999999999999,13459.650000000001,0,2422.74,15882.39
ORD-007835,CUST-01193,2025-02-02,completed,mobile_app,INR,6050.23,504.72,5545.51,0,998.19,6543.7
ORD-007836,CUST-01677,2025-06-04,completed,web,INR,12624.02,631.2,11992.82,0,2158.71,14151.53
ORD-007837,CUST-01791,2026-06-04,shipped,mobile_app,INR,2198.02,439.6,1758.42,79,316.52,2153.94
ORD-007838,CUST-00568,2025-03-22,completed,web,INR,10477.52,0.0,10477.52,0,1885.95,12363.47
ORD-007839,CUST-01006,2026-06-28,cancelled,web,INR,21547.690000000002,1633.48,19914.21,0,3584.56,23498.77
ORD-007840,CUST-01268,2025-01-01,completed,web,INR,16741.77,3348.35,13393.42,0,2410.82,15804.24
ORD-007841,CUST-01931,2025-07-06,completed,mobile_app,INR,7855.34,392.77,7462.57,0,1343.26,8805.83
ORD-007842,CUST-01114,2025-03-07,completed,mobile_app,INR,23219.23,249.42,22969.81,0,4134.57,27104.38
ORD-007843,CUST-00244,2025-10-12,completed,mobile_app,INR,18414.33,368.4,18045.93,0,3248.27,21294.2
ORD-007844,CUST-01849,2025-07-19,completed,mobile_app,INR,16967.8,1627.26,15340.54,0,2761.3,18101.84
ORD-007845,CUST-01025,2026-05-15,completed,web,INR,11883.45,791.5,11091.95,0,1996.55,13088.5
ORD-007846,CUST-00359,2026-02-03,cancelled,web,INR,30562.620000000003,941.4,29621.22,0,5331.82,34953.04
ORD-007847,CUST-00381,2025-06-16,completed,mobile_app,INR,6770.62,0.0,6770.62,0,1218.71,7989.33
ORD-007848,CUST-00410,2026-04-17,cancelled,web,INR,1564.44,263.1,1301.3400000000001,49,234.24,1584.58
ORD-007849,CUST-01443,2026-06-24,completed,web,INR,5192.62,519.26,4673.36,0,841.2,5514.56
ORD-007850,CUST-01898,2026-06-30,returned,web,INR,4223.31,211.17,4012.14,0,722.19,4734.33
ORD-007851,CUST-00883,2025-11-29,completed,web,INR,3951.14,0.0,3951.14,0,711.21,4662.35
ORD-007852,CUST-00196,2026-02-22,cancelled,web,INR,13981.17,0.0,13981.17,0,2516.61,16497.78
ORD-007853,CUST-01777,2026-07-19,completed,mobile_app,INR,14630.619999999999,1220.39,13410.23,0,2413.84,15824.07
ORD-007854,CUST-01270,2026-07-28,completed,web,INR,28168.13,256.13,27912.0,0,5024.16,32936.16
ORD-007855,CUST-01142,2025-12-05,completed,web,INR,24154.78,2237.69,21917.09,0,3945.08,25862.17
ORD-007856,CUST-00122,2026-07-20,returned,web,INR,1984.36,198.44,1785.92,79,321.47,2186.39
ORD-007857,CUST-01942,2026-02-09,cancelled,mobile_app,INR,33815.1,3730.27,30084.829999999998,0,5415.27,35500.1
ORD-007858,CUST-00154,2025-06-05,shipped,mobile_app,INR,27611.27,95.5,27515.77,0,4952.84,32468.61
ORD-007859,CUST-01221,2026-07-10,completed,mobile_app,INR,22838.42,1968.6599999999999,20869.76,0,3756.56,24626.32
ORD-007860,CUST-01195,2025-07-14,completed,web,INR,13401.55,601.9100000000001,12799.64,0,2303.94,15103.58
ORD-007861,CUST-01028,2025-09-28,completed,mobile_app,INR,8273.24,1623.06,6650.18,0,1197.03,7847.21
ORD-007862,CUST-01103,2026-05-27,completed,mobile_app,INR,10695.130000000001,746.69,9948.44,0,1790.72,11739.16
ORD-007863,CUST-00796,2026-03-29,completed,web,INR,374.7,0.0,374.7,49,67.45,491.15
ORD-007864,CUST-01147,2026-06-15,cancelled,mobile_app,INR,16789.77,1016.6800000000001,15773.09,0,2839.16,18612.25
ORD-007865,CUST-00728,2026-04-18,shipped,web,INR,5454.18,545.42,4908.76,0,883.58,5792.34
ORD-007866,CUST-00948,2025-03-01,completed,mobile_app,INR,5720.46,286.02,5434.44,0,978.2,6412.64
ORD-007867,CUST-01357,2025-06-06,shipped,mobile_app,INR,9333.26,0.0,9333.26,0,1679.99,11013.25
ORD-007868,CUST-01485,2025-08-01,completed,web,INR,13402.33,1661.24,11741.09,0,2113.4,13854.49
ORD-007869,CUST-00307,2025-03-08,completed,web,INR,18657.559999999998,228.33,18429.23,0,3317.26,21746.49
ORD-007870,CUST-01985,2026-02-21,completed,web,INR,7832.79,0.0,7832.79,0,1409.9,9242.69
ORD-007871,CUST-00194,2025-01-20,completed,mobile_app,INR,5623.95,0.0,5623.95,0,1012.31,6636.26
ORD-007872,CUST-00552,2025-12-22,completed,mobile_app,INR,14449.689999999999,1173.5300000000002,13276.16,0,2389.71,15665.87
ORD-007873,CUST-00694,2026-07-10,shipped,web,INR,17886.87,759.28,17127.59,0,3082.97,20210.56
ORD-007874,CUST-00647,2026-01-07,shipped,mobile_app,INR,23612.98,1777.8799999999999,21835.100000000002,0,3930.32,25765.42
ORD-007875,CUST-00704,2026-06-11,completed,web,INR,13567.86,0.0,13567.86,0,2442.21,16010.07
ORD-007876,CUST-00647,2026-04-14,pending,web,INR,13456.9,516.55,12940.35,0,2329.26,15269.61
ORD-007877,CUST-00873,2025-05-30,returned,web,INR,15342.25,756.0600000000001,14586.189999999999,0,2625.51,17211.7
ORD-007878,CUST-01527,2025-11-26,completed,mobile_app,INR,16408.84,1215.55,15193.29,0,2734.79,17928.08
ORD-007879,CUST-01655,2026-04-09,completed,mobile_app,INR,9347.68,1173.65,8174.030000000001,0,1471.33,9645.36
ORD-007880,CUST-00697,2026-06-22,returned,mobile_app,INR,9801.35,87.88,9713.470000000001,0,1748.42,11461.89
ORD-007881,CUST-00517,2026-06-22,completed,mobile_app,INR,19099.32,474.06000000000006,18625.260000000002,0,3352.55,21977.81
ORD-007882,CUST-01354,2026-05-19,completed,web,INR,10570.560000000001,453.76,10116.8,0,1821.02,11937.82
ORD-007883,CUST-00120,2025-09-08,returned,web,INR,11022.66,0.0,11022.66,0,1984.08,13006.74
ORD-007884,CUST-00892,2026-06-23,cancelled,web,INR,4153.98,207.69,3946.29,0,710.33,4656.62
ORD-007885,CUST-00441,2026-07-07,cancelled,web,INR,8191.15,1323.35,6867.8,0,1236.2,8104.0
ORD-007886,CUST-01216,2025-12-07,returned,web,INR,932.8,0.0,932.8,99,167.9,1199.7
ORD-007887,CUST-00157,2025-11-08,completed,web,INR,9542.16,474.33,9067.83,0,1632.21,10700.04
ORD-007888,CUST-01659,2026-04-04,shipped,web,INR,5226.4,783.96,4442.44,0,799.64,5242.08
ORD-007889,CUST-00540,2025-07-18,cancelled,web,INR,9641.18,964.12,8677.06,0,1561.87,10238.93
ORD-007890,CUST-01029,2026-07-22,completed,web,INR,942.2,141.33,800.87,49,144.16,994.03
ORD-007891,CUST-01145,2025-12-10,completed,mobile_app,INR,2384.32,0.0,2384.32,0,429.18,2813.5
ORD-007892,CUST-00951,2026-06-27,completed,web,INR,7919.6,387.03,7532.570000000001,0,1355.86,8888.43
ORD-007893,CUST-00896,2026-01-19,shipped,mobile_app,INR,11638.79,1163.88,10474.91,0,1885.48,12360.39
ORD-007894,CUST-00534,2026-05-03,shipped,web,INR,4635.48,0.0,4635.48,0,834.39,5469.87
ORD-007895,CUST-01546,2026-03-06,returned,mobile_app,INR,22891.89,0.0,22891.89,0,4120.54,27012.43
ORD-007896,CUST-01032,2026-06-10,completed,web,INR,35227.86,1025.37,34202.490000000005,0,6156.45,40358.94
ORD-007897,CUST-00432,2026-02-16,completed,web,INR,4589.34,917.87,3671.47,0,660.86,4332.33
ORD-007898,CUST-00525,2025-08-09,completed,web,INR,7132.41,328.41999999999996,6803.99,0,1224.72,8028.71
ORD-007899,CUST-00878,2025-12-12,returned,web,INR,44474.43,2277.49,42196.94,0,7595.45,49792.39
ORD-007900,CUST-01688,2025-05-27,completed,mobile_app,INR,5567.27,556.15,5011.12,0,902.0,5913.12
ORD-007901,CUST-01923,2026-03-11,shipped,web,INR,3270.17,0.0,3270.17,0,588.63,3858.8
ORD-007902,CUST-00778,2025-04-16,completed,web,INR,4215.3,210.77,4004.53,0,720.82,4725.35
ORD-007903,CUST-00791,2025-06-27,completed,mobile_app,INR,20940.84,0.0,20940.84,0,3769.35,24710.19
ORD-007904,CUST-00259,2026-05-20,completed,web,INR,41593.490000000005,4818.02,36775.47,0,6619.58,43395.05
ORD-007905,CUST-01092,2025-09-11,cancelled,web,INR,1365.39,0.0,1365.39,79,245.77,1690.16
ORD-007906,CUST-00480,2026-04-22,completed,web,INR,5368.5,0.0,5368.5,0,966.33,6334.83
ORD-007907,CUST-01640,2026-04-16,cancelled,web,INR,38194.96,208.67,37986.29,0,6837.53,44823.82
ORD-007908,CUST-01070,2026-07-21,completed,web,INR,8324.6,0.0,8324.6,0,1498.43,9823.03
ORD-007909,CUST-00444,2025-12-07,completed,web,INR,2410.1,0.0,2410.1,0,433.82,2843.92
ORD-007910,CUST-01833,2026-06-03,completed,web,INR,6681.33,528.11,6153.22,0,1107.58,7260.8
ORD-007911,CUST-01631,2025-12-10,completed,mobile_app,INR,15574.32,0.0,15574.32,0,2803.38,18377.7
ORD-007912,CUST-00602,2026-05-16,completed,web,INR,16889.82,1942.95,14946.869999999999,0,2690.44,17637.31
ORD-007913,CUST-00241,2026-04-13,completed,web,INR,12396.41,144.46,12251.95,0,2205.35,14457.3
ORD-007914,CUST-00529,2026-05-24,completed,mobile_app,INR,11522.38,632.4,10889.98,0,1960.2,12850.18
ORD-007915,CUST-00754,2026-06-04,completed,mobile_app,INR,8949.23,0.0,8949.23,0,1610.86,10560.09
ORD-007916,CUST-00814,2025-04-06,completed,mobile_app,INR,5673.19,672.37,5000.82,0,900.15,5900.97
ORD-007917,CUST-01645,2026-02-21,completed,web,INR,9064.77,630.79,8433.98,0,1518.12,9952.1
ORD-007918,CUST-01936,2025-10-01,shipped,mobile_app,INR,4388.04,0.0,4388.04,0,789.85,5177.89
ORD-007919,CUST-01495,2025-06-26,completed,web,INR,11605.37,660.28,10945.09,0,1970.12,12915.21
ORD-007920,CUST-01691,2026-06-12,completed,mobile_app,INR,13387.590000000002,1923.5,11464.09,0,2063.54,13527.63
ORD-007921,CUST-00251,2025-01-09,completed,mobile_app,INR,32284.949999999997,534.2,31750.75,0,5715.14,37465.89
ORD-007922,CUST-00300,2025-04-10,completed,web,INR,15487.91,325.12,15162.79,0,2729.3,17892.09
ORD-007923,CUST-01817,2025-09-29,completed,mobile_app,INR,20660.989999999998,3099.15,17561.84,0,3161.13,20722.97
ORD-007924,CUST-01228,2026-07-30,completed,mobile_app,INR,4459.62,286.81,4172.8099999999995,0,751.11,4923.92
ORD-007925,CUST-00472,2026-06-15,completed,mobile_app,INR,20397.14,860.13,19537.010000000002,0,3516.66,23053.67
ORD-007926,CUST-01584,2026-02-07,cancelled,mobile_app,INR,5020.83,0.0,5020.83,0,903.75,5924.58
ORD-007927,CUST-00350,2026-02-15,shipped,mobile_app,INR,14588.759999999998,1173.35,13415.41,0,2414.77,15830.18
ORD-007928,CUST-01537,2025-06-30,completed,web,INR,12158.69,762.63,11396.060000000001,0,2051.29,13447.35
ORD-007929,CUST-01767,2025-11-16,completed,web,INR,3425.28,0.0,3425.28,0,616.55,4041.83
ORD-007930,CUST-00978,2026-06-15,completed,web,INR,16929.29,744.65,16184.64,0,2913.24,19097.88
ORD-007931,CUST-01313,2026-06-05,completed,web,INR,5305.23,419.22,4886.01,0,879.48,5765.49
ORD-007932,CUST-01464,2025-12-12,pending,mobile_app,INR,5477.13,95.68,5381.450000000001,0,968.66,6350.11
ORD-007933,CUST-01761,2025-02-17,completed,mobile_app,INR,52372.85,1538.08,50834.770000000004,0,9150.26,59985.03
ORD-007934,CUST-01168,2026-03-02,completed,web,INR,13690.89,936.03,12754.86,0,2295.87,15050.73
ORD-007935,CUST-00587,2026-01-27,cancelled,mobile_app,INR,10861.32,92.47,10768.849999999999,0,1938.39,12707.24
ORD-007936,CUST-00403,2025-08-11,returned,mobile_app,INR,42526.21,4846.95,37679.26,0,6782.27,44461.53
ORD-007937,CUST-00712,2026-03-07,completed,mobile_app,INR,24987.61,1426.5,23561.11,0,4241.0,27802.11
ORD-007938,CUST-00113,2025-11-19,shipped,web,INR,4169.91,833.98,3335.93,0,600.47,3936.4
ORD-007939,CUST-01398,2026-03-14,cancelled,web,INR,32248.210000000003,1493.37,30754.84,0,5535.87,36290.71
ORD-007940,CUST-00739,2025-11-30,shipped,mobile_app,INR,5192.58,0.0,5192.58,0,934.66,6127.24
ORD-007941,CUST-01424,2025-11-23,completed,mobile_app,INR,42868.42,2755.8999999999996,40112.520000000004,0,7220.25,47332.77
ORD-007942,CUST-00124,2025-12-13,cancelled,mobile_app,INR,3292.28,493.84,2798.44,0,503.72,3302.16
ORD-007943,CUST-00644,2026-07-11,completed,mobile_app,INR,3298.67,164.93,3133.74,0,564.07,3697.81
ORD-007944,CUST-00791,2026-03-15,completed,web,INR,23116.1,2722.36,20393.74,0,3670.87,24064.61
ORD-007945,CUST-00176,2025-10-09,completed,web,INR,7112.88,355.64,6757.24,0,1216.3,7973.54
ORD-007946,CUST-01658,2026-07-28,completed,mobile_app,INR,11353.64,567.68,10785.96,0,1941.47,12727.43
ORD-007947,CUST-01196,2025-11-24,completed,web,INR,16745.11,185.68,16559.43,0,2980.7,19540.13
ORD-007948,CUST-01689,2026-07-25,completed,mobile_app,INR,15598.869999999999,1350.54,14248.33,0,2564.7,16813.03
ORD-007949,CUST-01604,2025-08-21,completed,mobile_app,INR,33862.68,1344.6,32518.079999999998,0,5853.25,38371.33
ORD-007950,CUST-00069,2025-02-20,returned,mobile_app,INR,8466.94,1137.53,7329.41,0,1319.29,8648.7
ORD-007951,CUST-01731,2026-01-04,completed,mobile_app,INR,23175.510000000002,1972.51,21203.0,0,3816.54,25019.54
ORD-007952,CUST-00140,2026-07-21,completed,web,INR,24111.36,1095.29,23016.07,0,4142.89,27158.96
ORD-007953,CUST-01743,2026-01-29,cancelled,web,INR,3138.66,0.0,3138.66,0,564.96,3703.62
ORD-007954,CUST-01340,2025-04-13,completed,mobile_app,INR,9098.57,1301.98,7796.59,0,1403.39,9199.98
ORD-007955,CUST-01639,2026-07-27,shipped,mobile_app,INR,24899.85,710.88,24188.97,0,4354.01,28542.98
ORD-007956,CUST-01000,2025-05-17,completed,mobile_app,INR,2056.9,308.54,1748.36,79,314.7,2142.06
ORD-007957,CUST-00321,2025-07-13,completed,web,INR,15426.78,1975.02,13451.76,0,2421.32,15873.08
ORD-007958,CUST-00299,2026-03-09,completed,mobile_app,INR,562.59,28.13,534.46,99,96.2,729.66
ORD-007959,CUST-00238,2025-03-12,completed,web,INR,22026.48,0.0,22026.48,0,3964.77,25991.25
ORD-007960,CUST-01612,2026-06-07,completed,web,INR,63108.64,4108.12,59000.520000000004,0,10620.09,69620.61
ORD-007961,CUST-01068,2026-04-13,completed,mobile_app,INR,7171.039999999999,951.76,6219.280000000001,0,1119.47,7338.75
ORD-007962,CUST-00433,2026-07-23,completed,web,INR,14963.94,2436.69,12527.25,0,2254.9,14782.15
ORD-007963,CUST-00250,2026-04-29,completed,web,INR,1463.21,0.0,1463.21,49,263.38,1775.59
ORD-007964,CUST-00157,2026-04-22,shipped,web,INR,25949.06,515.2,25433.86,0,4578.09,30011.95
ORD-007965,CUST-00517,2026-05-06,completed,mobile_app,INR,12608.61,703.4100000000001,11905.2,0,2142.94,14048.14
ORD-007966,CUST-01500,2026-04-03,shipped,web,INR,4062.51,0.0,4062.51,0,731.25,4793.76
ORD-007967,CUST-01785,2026-01-18,shipped,web,INR,9182.79,0.0,9182.79,0,1652.9,10835.69
ORD-007968,CUST-01217,2025-07-03,completed,web,INR,9148.970000000001,923.37,8225.6,0,1480.61,9706.21
ORD-007969,CUST-01992,2026-02-04,returned,web,INR,4384.85,247.22,4137.63,0,744.77,4882.4
ORD-007970,CUST-00789,2025-06-22,cancelled,web,INR,13464.38,254.72,13209.66,0,2377.74,15587.4
ORD-007971,CUST-00666,2026-02-17,completed,mobile_app,INR,4471.88,0.0,4471.88,0,804.94,5276.82
ORD-007972,CUST-01386,2025-12-02,completed,mobile_app,INR,1091.79,163.77,928.02,99,167.04,1194.06
ORD-007973,CUST-00270,2026-02-04,completed,web,INR,45857.369999999995,4585.74,41271.63,0,7428.89,48700.52
ORD-007974,CUST-01823,2025-10-09,returned,web,INR,21321.56,2436.18,18885.38,0,3399.37,22284.75
ORD-007975,CUST-01561,2025-05-09,completed,web,INR,23334.05,2411.95,20922.1,0,3765.98,24688.08
ORD-007976,CUST-00069,2025-03-05,completed,web,INR,25766.65,1610.21,24156.440000000002,0,4348.16,28504.6
ORD-007977,CUST-00375,2026-07-30,returned,web,INR,1377.37,137.74,1239.63,79,223.13,1541.76
ORD-007978,CUST-01256,2025-09-26,completed,mobile_app,INR,4615.96,692.39,3923.57,0,706.24,4629.81
ORD-007979,CUST-01478,2025-12-12,completed,web,INR,30491.199999999997,1708.01,28783.190000000002,0,5180.97,33964.16
ORD-007980,CUST-00437,2026-02-05,completed,web,INR,31037.29,435.61,30601.68,0,5508.3,36109.98
ORD-007981,CUST-01494,2025-08-01,cancelled,web,INR,7469.91,1493.98,5975.93,0,1075.67,7051.6
ORD-007982,CUST-00949,2026-07-18,completed,web,INR,9812.82,981.28,8831.54,0,1589.68,10421.22
ORD-007983,CUST-01351,2025-08-06,completed,web,INR,42637.79,3743.75,38894.04,0,7000.93,45894.97
ORD-007984,CUST-00848,2025-08-27,completed,web,INR,16783.75,1402.82,15380.93,0,2768.57,18149.5
ORD-007985,CUST-00909,2026-04-09,completed,mobile_app,INR,23048.05,1203.18,21844.870000000003,0,3932.08,25776.95
ORD-007986,CUST-00780,2026-04-26,pending,web,INR,12555.17,0.0,12555.17,0,2259.93,14815.1
ORD-007987,CUST-00314,2026-02-08,completed,web,INR,20513.23,3037.75,17475.48,0,3145.59,20621.07
ORD-007988,CUST-00381,2026-01-20,completed,mobile_app,INR,38935.08,289.28,38645.8,0,6956.24,45602.04
ORD-007989,CUST-00336,2026-02-06,cancelled,web,INR,50962.93,86.52,50876.41,0,9157.75,60034.16
ORD-007990,CUST-01606,2026-06-29,completed,mobile_app,INR,40174.630000000005,998.65,39175.979999999996,0,7051.68,46227.66
ORD-007991,CUST-00847,2026-04-08,completed,web,INR,399.02,19.95,379.07,49,68.23,496.3
ORD-007992,CUST-00760,2026-01-26,pending,web,INR,15030.150000000001,697.85,14332.3,0,2579.81,16912.11
ORD-007993,CUST-01712,2026-06-19,shipped,web,INR,5325.51,1065.1,4260.41,0,766.87,5027.28
ORD-007994,CUST-01775,2025-12-30,completed,mobile_app,INR,49209.76,8638.61,40571.15,0,7302.81,47873.96
ORD-007995,CUST-00468,2025-09-22,completed,mobile_app,INR,25128.99,1566.4099999999999,23562.579999999998,0,4241.26,27803.84
ORD-007996,CUST-00710,2026-07-04,completed,web,INR,14627.66,843.01,13784.65,0,2481.24,16265.89
ORD-007997,CUST-00824,2026-06-14,completed,web,INR,19744.28,3198.06,16546.22,0,2978.32,19524.54
ORD-007998,CUST-01680,2026-04-10,completed,web,INR,11473.12,869.31,10603.81,0,1908.69,12512.5
ORD-007999,CUST-01344,2026-02-23,completed,web,INR,5481.08,548.11,4932.97,0,887.93,5820.9
ORD-008000,CUST-01089,2025-11-11,completed,web,INR,49714.98,4209.98,45505.0,0,8190.9,53695.9
