customer_id,signup_date,region,acquisition_channel,customer_segment,customer_status
CUST-00001,2024-03-26,North,affiliate,new,active
CUST-00002,2025-12-31,East,social,regular,inactive
CUST-00003,2025-09-09,North,organic,regular,active
CUST-00004,2025-02-18,North,email,new,active
CUST-00005,2025-02-12,West,organic,new,inactive
CUST-00006,2026-03-20,South,affiliate,regular,active
CUST-00007,2024-03-22,Central,social,regular,active
CUST-00008,2025-10-19,South,organic,regular,active
CUST-00009,2024-07-09,West,organic,regular,active
CUST-00010,2024-03-30,East,email,regular,active
CUST-00011,2025-05-11,West,paid_search,new,active
CUST-00012,2026-07-09,East,referral,regular,inactive
CUST-00013,2025-11-25,East,email,new,active
CUST-00014,2025-12-18,Central,email,regular,active
CUST-00015,2025-11-07,South,paid_search,new,active
CUST-00016,2026-01-11,North,email,new,inactive
CUST-00017,2025-04-29,West,referral,regular,active
CUST-00018,2024-05-01,West,organic,regular,active
CUST-00019,2026-03-03,North,paid_search,regular,active
CUST-00020,2025-03-01,East,organic,regular,active
CUST-00021,2025-04-17,Central,paid_search,high_value,inactive
CUST-00022,2024-12-16,West,email,regular,inactive
CUST-00023,2024-06-21,Central,social,high_value,active
CUST-00024,2026-05-24,East,social,regular,active
CUST-00025,2026-01-07,West,paid_search,regular,active
CUST-00026,2025-08-30,South,organic,regular,active
CUST-00027,2025-01-15,Central,paid_search,regular,active
CUST-00028,2026-02-15,South,affiliate,new,active
CUST-00029,2025-05-29,West,social,regular,active
CUST-00030,2025-02-22,South,paid_search,new,inactive
CUST-00031,2025-03-01,East,affiliate,new,active
CUST-00032,2024-08-03,West,organic,high_value,active
CUST-00033,2024-03-28,East,paid_search,new,active
CUST-00034,2025-06-07,Central,organic,regular,active
CUST-00035,2026-04-17,South,referral,regular,active
CUST-00036,2024-03-02,West,email,new,active
CUST-00037,2026-03-20,South,social,high_value,active
CUST-00038,2026-02-19,South,organic,new,active
CUST-00039,2024-09-18,East,organic,high_value,inactive
CUST-00040,2025-08-19,North,social,regular,inactive
CUST-00041,2024-06-05,North,paid_search,new,active
CUST-00042,2025-12-16,West,referral,new,active
CUST-00043,2025-10-22,West,email,new,active
CUST-00044,2024-11-30,West,paid_search,regular,active
CUST-00045,2024-03-05,North,email,new,inactive
CUST-00046,2026-07-04,South,referral,high_value,inactive
CUST-00047,2025-02-24,South,paid_search,new,active
CUST-00048,2026-04-22,West,social,regular,active
CUST-00049,2025-10-01,Central,referral,new,active
CUST-00050,2026-01-04,South,organic,high_value,active
CUST-00051,2025-12-17,West,referral,new,inactive
CUST-00052,2024-07-03,North,organic,regular,active
CUST-00053,2024-12-09,South,social,regular,active
CUST-00054,2025-03-16,North,affiliate,new,active
CUST-00055,2025-04-14,South,social,regular,active
CUST-00056,2024-02-12,West,social,new,active
CUST-00057,2025-05-30,Central,social,regular,active
CUST-00058,2024-05-26,South,organic,regular,active
CUST-00059,2025-12-02,East,organic,regular,active
CUST-00060,2025-10-06,West,paid_search,new,active
CUST-00061,2026-05-20,Central,social,new,active
CUST-00062,2025-12-03,East,paid_search,new,active
CUST-00063,2024-12-12,South,organic,new,active
CUST-00064,2026-07-01,West,referral,new,active
CUST-00065,2025-01-23,South,paid_search,high_value,active
CUST-00066,2024-11-03,Central,paid_search,regular,active
CUST-00067,2026-05-04,South,paid_search,regular,active
CUST-00068,2024-12-15,West,organic,regular,inactive
CUST-00069,2024-03-13,North,email,new,active
CUST-00070,2025-03-19,South,paid_search,regular,active
CUST-00071,2026-01-20,Central,organic,new,active
CUST-00072,2024-06-28,East,referral,new,active
CUST-00073,2025-03-13,East,affiliate,regular,active
CUST-00074,2024-05-03,Central,email,regular,active
CUST-00075,2025-10-09,Central,affiliate,high_value,active
CUST-00076,2025-03-25,South,referral,new,active
CUST-00077,2024-11-08,East,paid_search,regular,active
CUST-00078,2024-08-02,East,social,new,inactive
CUST-00079,2025-06-16,West,social,new,active
CUST-00080,2025-09-23,South,paid_search,regular,inactive
CUST-00081,2026-06-05,South,organic,new,active
CUST-00082,2025-02-16,Central,organic,regular,active
CUST-00083,2024-06-01,Central,email,regular,active
CUST-00084,2026-02-24,West,affiliate,new,active
CUST-00085,2025-08-17,Central,email,high_value,active
CUST-00086,2025-10-22,West,paid_search,regular,active
CUST-00087,2024-04-02,West,organic,regular,active
CUST-00088,2024-10-22,West,paid_search,regular,active
CUST-00089,2025-12-25,East,social,high_value,active
CUST-00090,2026-02-23,East,referral,new,active
CUST-00091,2025-02-14,South,referral,regular,active
CUST-00092,2026-01-29,West,referral,regular,active
CUST-00093,2026-03-04,South,affiliate,new,active
CUST-00094,2025-01-01,South,referral,regular,active
CUST-00095,2026-04-26,East,paid_search,high_value,active
CUST-00096,2024-09-29,South,organic,regular,active
CUST-00097,2024-08-14,South,organic,regular,active
CUST-00098,2025-10-05,West,paid_search,regular,active
CUST-00099,2025-08-23,Central,paid_search,regular,active
CUST-00100,2024-05-12,North,organic,high_value,active
CUST-00101,2026-02-24,North,referral,regular,active
CUST-00102,2024-07-08,South,organic,new,active
CUST-00103,2026-01-29,West,referral,new,active
CUST-00104,2024-01-08,West,email,regular,active
CUST-00105,2026-01-21,North,social,regular,active
CUST-00106,2026-01-12,West,email,regular,active
CUST-00107,2026-01-06,North,paid_search,new,active
CUST-00108,2025-09-19,South,social,new,active
CUST-00109,2025-03-21,Central,organic,regular,active
CUST-00110,2025-10-27,South,referral,regular,active
CUST-00111,2024-09-19,North,paid_search,new,inactive
CUST-00112,2026-01-06,East,paid_search,regular,active
CUST-00113,2025-06-08,East,email,regular,active
CUST-00114,2025-03-09,Central,email,high_value,active
CUST-00115,2025-04-22,Central,paid_search,new,active
CUST-00116,2025-06-20,North,social,high_value,inactive
CUST-00117,2024-02-06,North,organic,regular,active
CUST-00118,2024-05-12,West,email,regular,active
CUST-00119,2024-08-20,South,paid_search,new,active
CUST-00120,2024-04-18,Central,paid_search,regular,active
CUST-00121,2025-02-19,West,organic,regular,active
CUST-00122,2025-09-22,North,paid_search,new,active
CUST-00123,2025-09-09,West,paid_search,regular,inactive
CUST-00124,2025-03-20,North,paid_search,regular,active
CUST-00125,2026-03-17,East,organic,regular,active
CUST-00126,2025-06-17,East,organic,new,inactive
CUST-00127,2024-03-16,East,social,regular,active
CUST-00128,2025-12-22,West,organic,new,active
CUST-00129,2025-06-26,West,email,high_value,active
CUST-00130,2025-08-21,Central,referral,high_value,active
CUST-00131,2025-06-17,Central,paid_search,new,active
CUST-00132,2025-06-06,East,referral,new,active
CUST-00133,2024-03-27,North,organic,new,active
CUST-00134,2025-06-11,West,organic,regular,active
CUST-00135,2026-01-19,Central,email,high_value,active
CUST-00136,2024-10-14,South,email,regular,active
CUST-00137,2025-07-22,East,affiliate,new,active
CUST-00138,2024-01-31,East,organic,new,active
CUST-00139,2024-11-24,North,affiliate,new,active
CUST-00140,2025-02-16,West,paid_search,regular,active
CUST-00141,2026-07-15,South,paid_search,regular,active
CUST-00142,2024-07-22,West,organic,regular,active
CUST-00143,2024-09-18,West,referral,new,active
CUST-00144,2025-01-20,West,organic,high_value,active
CUST-00145,2026-07-25,South,affiliate,new,active
CUST-00146,2026-03-15,South,social,regular,active
CUST-00147,2024-02-03,West,email,high_value,active
CUST-00148,2024-08-09,West,email,regular,active
CUST-00149,2026-02-14,East,affiliate,high_value,active
CUST-00150,2024-02-25,Central,organic,new,active
CUST-00151,2026-03-18,North,organic,regular,active
CUST-00152,2024-09-23,Central,social,new,active
CUST-00153,2026-05-15,North,paid_search,regular,inactive
CUST-00154,2024-10-04,North,organic,new,active
CUST-00155,2025-02-14,East,organic,new,active
CUST-00156,2025-09-16,North,paid_search,new,active
CUST-00157,2024-04-29,North,organic,new,active
CUST-00158,2025-06-09,North,organic,regular,inactive
CUST-00159,2025-04-21,East,referral,regular,active
CUST-00160,2026-01-09,West,paid_search,new,active
CUST-00161,2026-07-28,North,referral,high_value,active
CUST-00162,2025-09-18,West,referral,high_value,active
CUST-00163,2025-01-21,West,organic,new,active
CUST-00164,2025-01-18,North,email,regular,active
CUST-00165,2025-01-29,North,social,regular,inactive
CUST-00166,2026-02-06,Central,email,regular,active
CUST-00167,2024-10-30,West,organic,regular,active
CUST-00168,2024-06-07,East,organic,regular,active
CUST-00169,2024-11-11,West,organic,new,active
CUST-00170,2024-01-23,North,social,new,active
CUST-00171,2024-04-10,South,referral,regular,active
CUST-00172,2024-03-26,West,email,regular,active
CUST-00173,2025-12-28,South,email,regular,active
CUST-00174,2025-11-12,West,referral,new,active
CUST-00175,2025-10-19,East,email,new,active
CUST-00176,2025-03-12,West,organic,new,active
CUST-00177,2025-11-07,East,affiliate,new,active
CUST-00178,2024-06-01,South,paid_search,new,inactive
CUST-00179,2026-04-29,South,organic,regular,inactive
CUST-00180,2025-04-17,South,social,regular,active
CUST-00181,2026-06-03,West,referral,regular,active
CUST-00182,2024-05-24,North,paid_search,regular,active
CUST-00183,2025-04-14,North,social,new,active
CUST-00184,2025-10-18,North,organic,regular,active
CUST-00185,2025-04-12,North,organic,new,active
CUST-00186,2025-02-25,West,organic,high_value,active
CUST-00187,2024-06-06,South,email,new,active
CUST-00188,2024-12-25,Central,affiliate,regular,active
CUST-00189,2024-08-13,North,organic,high_value,active
CUST-00190,2024-10-12,West,paid_search,regular,active
CUST-00191,2025-10-07,East,organic,regular,active
CUST-00192,2025-08-17,South,organic,regular,active
CUST-00193,2025-07-26,Central,social,new,active
CUST-00194,2024-12-07,Central,email,regular,active
CUST-00195,2026-06-24,Central,social,high_value,active
CUST-00196,2024-03-24,South,paid_search,high_value,inactive
CUST-00197,2024-11-19,South,social,regular,active
CUST-00198,2024-04-22,West,organic,new,inactive
CUST-00199,2024-11-16,South,organic,regular,active
CUST-00200,2026-06-26,West,referral,regular,active
CUST-00201,2024-12-12,East,email,new,active
CUST-00202,2026-05-06,East,referral,new,active
CUST-00203,2025-04-12,West,referral,new,active
CUST-00204,2025-10-22,West,social,regular,inactive
CUST-00205,2025-03-07,North,referral,new,active
CUST-00206,2024-09-08,North,paid_search,new,active
CUST-00207,2025-12-21,East,organic,new,active
CUST-00208,2026-07-02,East,organic,high_value,active
CUST-00209,2024-09-06,South,organic,new,active
CUST-00210,2026-01-04,South,organic,new,active
CUST-00211,2024-09-03,West,paid_search,regular,active
CUST-00212,2025-11-07,West,email,new,active
CUST-00213,2026-01-14,East,affiliate,high_value,active
CUST-00214,2025-02-28,South,social,high_value,active
CUST-00215,2025-11-26,South,organic,regular,active
CUST-00216,2024-09-14,East,email,regular,active
CUST-00217,2024-03-16,South,paid_search,regular,active
CUST-00218,2024-04-01,East,organic,new,active
CUST-00219,2025-02-26,West,paid_search,new,active
CUST-00220,2026-05-01,North,paid_search,new,active
CUST-00221,2024-05-01,North,paid_search,new,active
CUST-00222,2025-03-06,South,affiliate,regular,active
CUST-00223,2025-10-26,Central,email,new,active
CUST-00224,2024-07-10,West,email,new,active
CUST-00225,2025-11-11,North,organic,regular,active
CUST-00226,2024-10-16,Central,affiliate,regular,active
CUST-00227,2026-02-01,East,email,new,active
CUST-00228,2025-06-30,East,organic,new,active
CUST-00229,2025-05-31,Central,social,new,active
CUST-00230,2024-06-16,North,social,new,inactive
CUST-00231,2025-03-13,South,paid_search,regular,active
CUST-00232,2026-03-18,East,organic,high_value,active
CUST-00233,2024-01-20,South,social,regular,active
CUST-00234,2025-12-16,West,organic,regular,active
CUST-00235,2025-04-10,South,organic,regular,active
CUST-00236,2025-11-09,North,organic,regular,active
CUST-00237,2025-09-17,South,referral,new,active
CUST-00238,2025-02-12,East,paid_search,new,active
CUST-00239,2024-10-18,North,paid_search,regular,active
CUST-00240,2025-08-14,North,paid_search,regular,active
CUST-00241,2024-05-13,Central,referral,new,active
CUST-00242,2025-07-05,South,social,new,active
CUST-00243,2024-03-31,South,referral,new,active
CUST-00244,2025-09-05,North,paid_search,new,active
CUST-00245,2025-08-16,South,organic,regular,active
CUST-00246,2024-03-21,South,social,regular,inactive
CUST-00247,2025-12-15,East,paid_search,regular,active
CUST-00248,2025-01-27,South,affiliate,new,active
CUST-00249,2026-01-12,Central,referral,new,active
CUST-00250,2024-02-10,Central,social,regular,active
CUST-00251,2024-06-19,North,referral,regular,active
CUST-00252,2025-04-11,North,social,new,active
CUST-00253,2024-06-27,North,paid_search,new,active
CUST-00254,2024-11-07,East,social,regular,active
CUST-00255,2025-09-15,North,organic,regular,active
CUST-00256,2024-05-17,Central,affiliate,high_value,active
CUST-00257,2025-10-01,West,organic,regular,active
CUST-00258,2024-04-08,West,paid_search,regular,inactive
CUST-00259,2024-06-15,East,social,regular,active
CUST-00260,2025-07-08,Central,organic,new,active
CUST-00261,2026-01-18,North,organic,regular,inactive
CUST-00262,2024-06-10,South,email,regular,active
CUST-00263,2024-10-10,South,organic,new,active
CUST-00264,2026-05-22,Central,social,high_value,active
CUST-00265,2026-07-22,East,paid_search,regular,active
CUST-00266,2025-07-02,West,organic,new,active
CUST-00267,2025-02-26,North,organic,new,active
CUST-00268,2024-11-23,Central,email,high_value,active
CUST-00269,2025-07-31,East,referral,high_value,inactive
CUST-00270,2025-07-11,East,organic,regular,active
CUST-00271,2024-10-05,Central,referral,high_value,active
CUST-00272,2024-01-23,South,social,high_value,inactive
CUST-00273,2024-05-23,South,social,regular,active
CUST-00274,2026-06-22,East,email,high_value,active
CUST-00275,2025-01-29,North,email,regular,active
CUST-00276,2025-03-31,South,affiliate,regular,active
CUST-00277,2025-03-17,South,social,regular,active
CUST-00278,2026-01-08,North,social,regular,active
CUST-00279,2024-03-03,Central,paid_search,new,active
CUST-00280,2024-03-19,East,organic,regular,active
CUST-00281,2024-09-17,South,email,high_value,active
CUST-00282,2025-04-04,South,organic,new,active
CUST-00283,2025-09-25,East,paid_search,high_value,active
CUST-00284,2025-04-08,West,organic,regular,active
CUST-00285,2025-02-20,Central,organic,new,inactive
CUST-00286,2026-06-03,Central,social,new,inactive
CUST-00287,2024-06-01,South,social,regular,active
CUST-00288,2025-06-23,South,paid_search,regular,active
CUST-00289,2025-05-26,East,organic,new,active
CUST-00290,2025-03-23,East,paid_search,regular,active
CUST-00291,2026-01-31,East,paid_search,new,active
CUST-00292,2024-09-09,West,email,regular,active
CUST-00293,2026-06-18,East,social,high_value,active
CUST-00294,2024-11-09,South,social,regular,active
CUST-00295,2025-05-29,South,social,regular,active
CUST-00296,2025-05-06,South,referral,regular,inactive
CUST-00297,2026-03-12,North,email,high_value,active
CUST-00298,2025-02-18,North,social,new,active
CUST-00299,2024-09-26,West,social,new,inactive
CUST-00300,2024-01-22,South,organic,new,active
CUST-00301,2024-12-09,South,referral,regular,active
CUST-00302,2026-02-18,East,paid_search,regular,active
CUST-00303,2024-01-11,West,paid_search,regular,active
CUST-00304,2026-04-25,South,referral,new,active
CUST-00305,2025-05-27,West,email,new,active
CUST-00306,2024-05-13,Central,organic,regular,active
CUST-00307,2024-10-12,East,organic,high_value,active
CUST-00308,2025-06-06,West,organic,new,active
CUST-00309,2024-10-25,North,social,new,active
CUST-00310,2024-04-13,Central,organic,new,active
CUST-00311,2025-09-20,South,referral,regular,active
CUST-00312,2025-09-26,Central,referral,new,active
CUST-00313,2024-04-22,East,social,new,active
CUST-00314,2024-09-22,North,social,regular,active
CUST-00315,2024-08-18,North,paid_search,new,active
CUST-00316,2025-09-14,West,organic,regular,active
CUST-00317,2025-11-19,East,email,new,active
CUST-00318,2025-11-16,North,organic,high_value,inactive
CUST-00319,2026-06-04,West,organic,regular,active
CUST-00320,2025-12-26,Central,paid_search,new,active
CUST-00321,2024-10-30,East,organic,new,active
CUST-00322,2024-04-12,East,paid_search,regular,active
CUST-00323,2025-08-02,North,email,high_value,active
CUST-00324,2026-05-13,West,affiliate,new,inactive
CUST-00325,2026-07-08,South,social,new,active
CUST-00326,2024-08-05,Central,affiliate,new,active
CUST-00327,2024-08-11,South,paid_search,regular,inactive
CUST-00328,2024-02-06,East,affiliate,high_value,active
CUST-00329,2024-05-14,South,social,regular,active
CUST-00330,2025-06-07,North,organic,new,active
CUST-00331,2025-05-31,West,referral,regular,active
CUST-00332,2024-12-16,East,paid_search,regular,inactive
CUST-00333,2024-10-19,East,organic,new,active
CUST-00334,2026-02-21,Central,organic,new,active
CUST-00335,2025-03-10,Central,paid_search,regular,active
CUST-00336,2026-02-01,Central,paid_search,regular,inactive
CUST-00337,2026-06-27,South,social,regular,active
CUST-00338,2024-10-26,East,referral,regular,active
CUST-00339,2024-07-10,Central,paid_search,regular,active
CUST-00340,2026-06-17,South,social,new,inactive
CUST-00341,2025-08-22,North,paid_search,new,active
CUST-00342,2024-10-02,West,affiliate,new,active
CUST-00343,2025-08-09,East,organic,high_value,active
CUST-00344,2025-05-01,East,organic,regular,active
CUST-00345,2026-05-04,Central,social,new,active
CUST-00346,2024-08-30,East,email,new,active
CUST-00347,2026-07-23,East,affiliate,regular,active
CUST-00348,2026-06-01,South,social,regular,active
CUST-00349,2024-06-20,South,affiliate,regular,active
CUST-00350,2024-06-05,North,paid_search,new,active
CUST-00351,2025-05-18,West,organic,high_value,active
CUST-00352,2024-02-13,West,organic,regular,active
CUST-00353,2024-10-09,South,organic,regular,inactive
CUST-00354,2025-02-14,South,paid_search,regular,active
CUST-00355,2026-07-03,Central,social,high_value,active
CUST-00356,2026-07-24,North,paid_search,high_value,active
CUST-00357,2024-05-23,East,social,regular,active
CUST-00358,2026-04-20,East,social,regular,active
CUST-00359,2024-03-27,West,email,regular,active
CUST-00360,2025-12-07,North,email,regular,active
CUST-00361,2026-03-08,West,paid_search,regular,active
CUST-00362,2026-04-20,South,paid_search,new,active
CUST-00363,2024-07-30,East,social,new,inactive
CUST-00364,2026-04-22,North,social,high_value,active
CUST-00365,2024-04-20,East,paid_search,high_value,active
CUST-00366,2025-05-04,East,paid_search,high_value,active
CUST-00367,2025-03-19,South,email,regular,active
CUST-00368,2024-10-25,North,social,regular,active
CUST-00369,2024-01-22,South,organic,regular,inactive
CUST-00370,2025-12-29,South,paid_search,new,inactive
CUST-00371,2024-11-13,North,referral,new,active
CUST-00372,2025-09-16,Central,organic,high_value,active
CUST-00373,2025-01-22,South,affiliate,new,active
CUST-00374,2024-12-18,West,organic,regular,active
CUST-00375,2026-04-15,Central,social,regular,active
CUST-00376,2024-03-30,North,paid_search,regular,active
CUST-00377,2025-11-25,West,organic,new,active
CUST-00378,2025-12-05,Central,referral,regular,inactive
CUST-00379,2024-12-24,West,paid_search,new,active
CUST-00380,2024-09-05,East,referral,regular,active
CUST-00381,2024-01-06,East,paid_search,new,active
CUST-00382,2026-06-02,North,affiliate,regular,active
CUST-00383,2026-06-12,East,referral,regular,inactive
CUST-00384,2024-08-15,Central,social,new,active
CUST-00385,2024-02-01,Central,organic,new,active
CUST-00386,2024-04-26,North,email,regular,active
CUST-00387,2024-03-05,West,social,new,active
CUST-00388,2026-02-22,South,referral,new,active
CUST-00389,2026-04-21,Central,paid_search,regular,active
CUST-00390,2024-05-25,North,paid_search,high_value,active
CUST-00391,2025-12-05,Central,organic,regular,active
CUST-00392,2024-06-18,West,email,regular,active
CUST-00393,2024-12-12,North,referral,high_value,active
CUST-00394,2025-07-19,North,organic,regular,active
CUST-00395,2025-11-10,West,email,regular,active
CUST-00396,2026-04-04,North,referral,regular,inactive
CUST-00397,2024-02-13,East,organic,new,active
CUST-00398,2024-07-05,Central,organic,new,active
CUST-00399,2024-09-22,East,email,regular,inactive
CUST-00400,2024-10-20,South,social,new,active
CUST-00401,2026-07-30,East,organic,regular,active
CUST-00402,2026-01-03,North,affiliate,new,active
CUST-00403,2024-10-29,Central,social,regular,active
CUST-00404,2026-07-05,South,referral,new,active
CUST-00405,2025-04-16,South,referral,regular,active
CUST-00406,2025-04-17,South,affiliate,regular,active
CUST-00407,2025-02-13,Central,social,regular,inactive
CUST-00408,2024-05-16,North,paid_search,new,active
CUST-00409,2026-05-31,Central,social,new,active
CUST-00410,2024-01-15,West,organic,regular,active
CUST-00411,2024-06-14,West,email,new,active
CUST-00412,2024-08-05,Central,organic,regular,active
CUST-00413,2024-09-21,West,social,new,active
CUST-00414,2024-05-05,Central,organic,new,active
CUST-00415,2024-01-18,North,paid_search,regular,active
CUST-00416,2025-10-01,West,organic,regular,active
CUST-00417,2026-07-03,East,social,new,active
CUST-00418,2024-04-25,East,affiliate,high_value,active
CUST-00419,2024-10-07,Central,organic,new,active
CUST-00420,2025-04-22,Central,affiliate,regular,active
CUST-00421,2026-05-24,West,affiliate,regular,active
CUST-00422,2025-10-16,East,paid_search,regular,active
CUST-00423,2025-12-23,East,email,regular,active
CUST-00424,2025-07-02,South,paid_search,new,active
CUST-00425,2025-01-28,South,organic,high_value,active
CUST-00426,2024-07-08,South,social,regular,active
CUST-00427,2026-03-26,North,organic,high_value,inactive
CUST-00428,2026-01-28,North,referral,regular,active
CUST-00429,2024-01-25,West,referral,high_value,active
CUST-00430,2025-11-05,East,affiliate,regular,inactive
CUST-00431,2024-03-21,Central,social,regular,active
CUST-00432,2025-11-28,East,social,regular,active
CUST-00433,2026-02-18,North,referral,regular,active
CUST-00434,2024-05-04,North,organic,regular,active
CUST-00435,2025-02-13,South,organic,regular,active
CUST-00436,2024-04-27,Central,social,new,active
CUST-00437,2025-06-19,South,paid_search,regular,active
CUST-00438,2026-05-24,East,paid_search,new,active
CUST-00439,2024-03-18,Central,organic,high_value,active
CUST-00440,2025-01-10,Central,social,new,inactive
CUST-00441,2026-07-06,South,paid_search,new,inactive
CUST-00442,2024-10-11,North,organic,regular,active
CUST-00443,2024-05-05,North,organic,regular,active
CUST-00444,2025-04-06,North,paid_search,regular,active
CUST-00445,2025-04-24,South,referral,high_value,active
CUST-00446,2025-09-17,East,paid_search,new,active
CUST-00447,2024-10-23,Central,email,regular,active
CUST-00448,2026-06-20,East,email,regular,active
CUST-00449,2025-05-06,West,paid_search,regular,active
CUST-00450,2024-09-27,South,affiliate,regular,active
CUST-00451,2026-06-24,West,email,new,active
CUST-00452,2026-05-22,East,social,regular,active
CUST-00453,2025-04-16,Central,organic,regular,active
CUST-00454,2024-01-25,Central,organic,new,active
CUST-00455,2025-07-17,South,referral,high_value,inactive
CUST-00456,2025-06-07,North,affiliate,regular,active
CUST-00457,2024-05-20,South,referral,new,active
CUST-00458,2025-08-21,East,referral,regular,active
CUST-00459,2026-03-04,Central,organic,new,active
CUST-00460,2024-04-10,South,affiliate,new,active
CUST-00461,2025-11-13,West,paid_search,regular,active
CUST-00462,2024-05-13,East,affiliate,new,active
CUST-00463,2025-12-07,South,organic,new,active
CUST-00464,2025-01-30,South,paid_search,regular,inactive
CUST-00465,2024-01-08,West,email,new,inactive
CUST-00466,2026-06-30,West,affiliate,regular,active
CUST-00467,2024-06-06,East,social,regular,active
CUST-00468,2025-07-16,South,paid_search,new,active
CUST-00469,2024-06-20,West,paid_search,regular,active
CUST-00470,2026-05-29,North,referral,new,active
CUST-00471,2025-11-27,Central,paid_search,regular,active
CUST-00472,2026-01-28,South,paid_search,new,active
CUST-00473,2025-02-12,North,social,high_value,active
CUST-00474,2025-03-17,East,paid_search,new,active
CUST-00475,2025-08-21,East,social,regular,active
CUST-00476,2026-01-10,East,paid_search,new,active
CUST-00477,2026-03-09,East,affiliate,new,active
CUST-00478,2024-01-18,Central,referral,regular,active
CUST-00479,2025-09-18,East,referral,regular,active
CUST-00480,2024-04-13,East,social,high_value,inactive
CUST-00481,2024-09-29,East,paid_search,new,active
CUST-00482,2026-02-21,North,email,new,inactive
CUST-00483,2024-08-24,East,affiliate,regular,active
CUST-00484,2026-01-21,South,social,regular,active
CUST-00485,2025-03-13,West,email,high_value,active
CUST-00486,2024-08-08,North,email,high_value,active
CUST-00487,2024-11-11,Central,email,high_value,active
CUST-00488,2025-05-15,East,email,new,active
CUST-00489,2025-12-22,Central,organic,regular,active
CUST-00490,2025-07-25,East,social,regular,active
CUST-00491,2026-05-30,North,social,new,inactive
CUST-00492,2026-03-29,West,organic,regular,inactive
CUST-00493,2025-12-11,West,affiliate,new,active
CUST-00494,2025-07-23,West,social,new,active
CUST-00495,2024-10-01,East,organic,high_value,inactive
CUST-00496,2025-01-24,West,affiliate,new,active
CUST-00497,2024-04-22,Central,email,high_value,active
CUST-00498,2024-12-19,West,email,new,active
CUST-00499,2026-05-23,South,paid_search,new,active
CUST-00500,2025-02-06,West,affiliate,new,active
CUST-00501,2024-04-18,West,paid_search,new,active
CUST-00502,2025-09-07,Central,social,regular,active
CUST-00503,2026-06-26,South,organic,new,active
CUST-00504,2026-03-29,East,social,regular,active
CUST-00505,2024-09-16,West,email,high_value,active
CUST-00506,2025-03-04,East,social,regular,active
CUST-00507,2025-05-16,West,social,new,inactive
CUST-00508,2024-08-22,East,affiliate,regular,active
CUST-00509,2024-09-11,South,email,regular,active
CUST-00510,2024-08-11,West,paid_search,regular,active
CUST-00511,2026-07-26,North,referral,new,active
CUST-00512,2025-12-04,South,email,regular,active
CUST-00513,2026-03-04,West,referral,regular,active
CUST-00514,2026-02-09,West,referral,new,active
CUST-00515,2026-06-23,Central,referral,new,active
CUST-00516,2024-04-10,South,email,high_value,active
CUST-00517,2026-04-11,North,social,new,active
CUST-00518,2024-03-04,Central,organic,new,active
CUST-00519,2025-03-24,North,social,new,active
CUST-00520,2025-07-14,South,email,regular,active
CUST-00521,2024-12-04,South,social,regular,active
CUST-00522,2024-05-18,East,affiliate,new,active
CUST-00523,2024-07-01,Central,organic,regular,active
CUST-00524,2026-02-16,West,paid_search,regular,active
CUST-00525,2024-10-28,West,social,new,active
CUST-00526,2024-10-20,North,paid_search,high_value,active
CUST-00527,2026-05-20,South,organic,new,active
CUST-00528,2024-05-16,East,organic,new,active
CUST-00529,2026-05-13,North,affiliate,high_value,active
CUST-00530,2026-05-18,South,social,regular,active
CUST-00531,2025-07-18,South,organic,new,active
CUST-00532,2024-06-05,North,organic,regular,active
CUST-00533,2024-05-27,East,social,regular,active
CUST-00534,2024-09-26,West,organic,new,active
CUST-00535,2025-06-28,North,email,regular,active
CUST-00536,2024-05-25,East,affiliate,regular,inactive
CUST-00537,2025-03-06,West,organic,new,active
CUST-00538,2024-04-19,West,social,regular,active
CUST-00539,2025-05-24,West,organic,regular,active
CUST-00540,2024-01-21,East,paid_search,new,active
CUST-00541,2025-10-30,West,referral,high_value,inactive
CUST-00542,2024-02-23,South,social,regular,active
CUST-00543,2024-07-03,South,referral,regular,active
CUST-00544,2024-06-14,North,organic,regular,inactive
CUST-00545,2026-02-22,East,paid_search,regular,active
CUST-00546,2024-02-21,South,social,new,active
CUST-00547,2025-02-09,South,social,high_value,active
CUST-00548,2025-07-11,West,referral,regular,active
CUST-00549,2025-05-02,South,organic,regular,active
CUST-00550,2025-10-04,South,affiliate,regular,active
CUST-00551,2026-01-27,North,affiliate,new,inactive
CUST-00552,2025-01-06,East,social,new,active
CUST-00553,2026-02-20,South,paid_search,regular,active
CUST-00554,2024-10-27,South,social,new,active
CUST-00555,2026-07-17,South,paid_search,regular,active
CUST-00556,2025-04-21,West,affiliate,high_value,inactive
CUST-00557,2025-11-25,Central,social,new,active
CUST-00558,2026-04-05,East,referral,new,active
CUST-00559,2026-01-17,West,social,regular,active
CUST-00560,2026-03-13,Central,social,new,inactive
CUST-00561,2025-05-21,Central,email,high_value,inactive
CUST-00562,2024-02-11,East,social,regular,active
CUST-00563,2025-04-10,Central,referral,new,active
CUST-00564,2024-06-20,Central,organic,new,active
CUST-00565,2026-04-18,West,referral,high_value,active
CUST-00566,2024-08-12,East,affiliate,new,inactive
CUST-00567,2024-08-03,North,affiliate,regular,active
CUST-00568,2024-08-23,North,social,new,active
CUST-00569,2025-08-29,East,affiliate,new,inactive
CUST-00570,2025-06-23,East,paid_search,high_value,inactive
CUST-00571,2026-06-13,South,email,new,active
CUST-00572,2025-01-28,East,organic,new,inactive
CUST-00573,2024-09-23,East,paid_search,regular,active
CUST-00574,2024-02-17,West,paid_search,high_value,active
CUST-00575,2024-01-08,North,paid_search,new,active
CUST-00576,2024-12-18,South,paid_search,new,inactive
CUST-00577,2026-05-23,West,affiliate,high_value,inactive
CUST-00578,2025-05-09,West,paid_search,regular,active
CUST-00579,2026-04-22,Central,email,high_value,active
CUST-00580,2024-04-06,Central,organic,regular,active
CUST-00581,2024-03-29,Central,email,regular,active
CUST-00582,2026-02-25,South,affiliate,regular,active
CUST-00583,2024-04-11,South,paid_search,new,active
CUST-00584,2024-02-19,South,email,regular,active
CUST-00585,2025-01-16,East,referral,regular,active
CUST-00586,2026-05-22,Central,affiliate,high_value,active
CUST-00587,2025-10-12,South,paid_search,regular,active
CUST-00588,2024-04-04,East,social,new,inactive
CUST-00589,2026-02-28,South,affiliate,regular,active
CUST-00590,2026-03-06,North,paid_search,regular,active
CUST-00591,2026-01-25,South,affiliate,regular,active
CUST-00592,2026-05-01,North,paid_search,regular,inactive
CUST-00593,2024-08-14,Central,affiliate,regular,active
CUST-00594,2026-07-12,South,organic,new,active
CUST-00595,2024-10-30,West,organic,regular,active
CUST-00596,2026-01-26,West,referral,regular,inactive
CUST-00597,2025-06-30,South,affiliate,high_value,active
CUST-00598,2026-01-05,North,referral,regular,active
CUST-00599,2025-08-15,West,referral,regular,active
CUST-00600,2025-08-29,South,paid_search,regular,active
CUST-00601,2025-08-04,Central,paid_search,regular,inactive
CUST-00602,2026-01-04,North,organic,new,inactive
CUST-00603,2025-11-28,West,social,high_value,active
CUST-00604,2024-05-07,West,organic,high_value,active
CUST-00605,2026-02-18,South,referral,regular,inactive
CUST-00606,2025-05-20,South,organic,regular,inactive
CUST-00607,2024-11-01,Central,organic,new,active
CUST-00608,2025-04-30,South,organic,regular,active
CUST-00609,2026-06-30,East,organic,regular,active
CUST-00610,2026-03-19,East,organic,regular,inactive
CUST-00611,2026-02-25,South,email,new,active
CUST-00612,2025-03-12,West,paid_search,regular,active
CUST-00613,2026-01-09,West,social,new,active
CUST-00614,2024-12-29,South,referral,regular,active
CUST-00615,2025-10-09,West,social,regular,active
CUST-00616,2025-08-26,South,email,new,active
CUST-00617,2024-08-24,North,paid_search,regular,active
CUST-00618,2024-09-09,East,organic,regular,active
CUST-00619,2024-02-28,Central,paid_search,regular,active
CUST-00620,2024-05-12,North,referral,new,active
CUST-00621,2025-02-13,South,social,regular,active
CUST-00622,2025-03-27,East,paid_search,new,active
CUST-00623,2024-06-05,West,paid_search,regular,active
CUST-00624,2025-01-28,North,affiliate,regular,active
CUST-00625,2025-07-24,South,email,new,active
CUST-00626,2024-08-08,West,social,regular,active
CUST-00627,2024-11-15,South,referral,regular,inactive
CUST-00628,2024-12-13,South,email,regular,inactive
CUST-00629,2025-04-21,South,social,new,active
CUST-00630,2024-12-12,South,organic,new,active
CUST-00631,2025-11-26,East,organic,regular,active
CUST-00632,2024-11-05,Central,referral,new,active
CUST-00633,2025-02-13,West,social,regular,inactive
CUST-00634,2024-12-24,West,paid_search,new,active
CUST-00635,2024-06-22,Central,social,new,active
CUST-00636,2025-10-08,South,organic,regular,active
CUST-00637,2024-08-10,South,affiliate,new,active
CUST-00638,2024-10-07,Central,organic,regular,inactive
CUST-00639,2026-01-17,South,affiliate,new,active
CUST-00640,2026-06-13,West,social,regular,active
CUST-00641,2025-09-24,West,paid_search,regular,active
CUST-00642,2026-05-14,North,organic,regular,inactive
CUST-00643,2026-03-16,East,affiliate,regular,active
CUST-00644,2025-03-30,South,organic,regular,active
CUST-00645,2025-12-27,South,organic,regular,active
CUST-00646,2024-11-06,East,email,new,active
CUST-00647,2025-03-10,South,paid_search,regular,active
CUST-00648,2025-05-20,West,paid_search,new,active
CUST-00649,2026-06-24,Central,organic,regular,active
CUST-00650,2026-03-11,West,affiliate,new,active
CUST-00651,2025-04-06,South,paid_search,high_value,active
CUST-00652,2025-09-07,South,organic,regular,active
CUST-00653,2024-07-10,South,paid_search,regular,active
CUST-00654,2026-01-28,North,organic,regular,active
CUST-00655,2025-06-05,Central,paid_search,new,active
CUST-00656,2025-05-17,South,organic,new,active
CUST-00657,2025-12-23,South,organic,high_value,active
CUST-00658,2025-08-20,West,paid_search,regular,active
CUST-00659,2024-03-10,South,referral,new,active
CUST-00660,2024-09-29,North,organic,regular,active
CUST-00661,2024-06-16,North,organic,regular,active
CUST-00662,2025-11-24,West,referral,new,inactive
CUST-00663,2024-02-04,West,referral,regular,active
CUST-00664,2024-07-10,South,email,new,inactive
CUST-00665,2025-07-17,Central,organic,new,active
CUST-00666,2025-10-17,Central,paid_search,regular,active
CUST-00667,2025-04-20,West,organic,new,active
CUST-00668,2026-03-22,South,organic,high_value,active
CUST-00669,2026-05-16,North,paid_search,regular,active
CUST-00670,2024-05-05,Central,social,regular,active
CUST-00671,2026-06-17,South,paid_search,regular,inactive
CUST-00672,2025-08-02,East,social,high_value,active
CUST-00673,2025-08-23,West,paid_search,regular,inactive
CUST-00674,2024-03-31,North,paid_search,regular,active
CUST-00675,2025-08-09,West,affiliate,regular,active
CUST-00676,2025-11-15,Central,referral,high_value,active
CUST-00677,2025-07-02,West,paid_search,new,active
CUST-00678,2024-03-21,East,social,regular,inactive
CUST-00679,2025-05-08,Central,paid_search,regular,inactive
CUST-00680,2026-06-01,East,organic,regular,inactive
CUST-00681,2025-11-13,West,email,high_value,inactive
CUST-00682,2024-05-10,West,organic,regular,active
CUST-00683,2026-06-24,West,paid_search,new,active
CUST-00684,2026-06-23,South,social,regular,active
CUST-00685,2024-06-09,North,organic,regular,active
CUST-00686,2026-01-25,South,organic,new,active
CUST-00687,2025-01-19,East,paid_search,new,active
CUST-00688,2025-07-14,East,referral,new,active
CUST-00689,2025-02-24,East,social,regular,active
CUST-00690,2026-01-08,South,paid_search,high_value,active
CUST-00691,2026-07-28,West,organic,regular,active
CUST-00692,2026-01-19,Central,social,new,active
CUST-00693,2026-05-28,South,organic,regular,active
CUST-00694,2026-06-11,West,social,high_value,active
CUST-00695,2024-03-26,West,email,regular,active
CUST-00696,2024-08-27,East,paid_search,new,active
CUST-00697,2025-11-11,South,paid_search,new,active
CUST-00698,2025-07-10,West,organic,high_value,active
CUST-00699,2024-02-18,Central,organic,high_value,active
CUST-00700,2024-03-31,West,paid_search,new,active
CUST-00701,2025-05-06,Central,referral,regular,active
CUST-00702,2025-08-04,Central,organic,new,active
CUST-00703,2024-06-07,South,social,new,active
CUST-00704,2024-06-11,West,email,regular,active
CUST-00705,2024-05-02,East,organic,regular,active
CUST-00706,2025-06-17,Central,organic,regular,active
CUST-00707,2024-01-09,North,paid_search,high_value,active
CUST-00708,2025-06-24,South,email,regular,active
CUST-00709,2025-03-25,Central,paid_search,new,active
CUST-00710,2025-03-15,South,email,regular,active
CUST-00711,2025-10-02,West,affiliate,regular,active
CUST-00712,2025-05-08,South,email,regular,active
CUST-00713,2025-11-17,Central,referral,high_value,active
CUST-00714,2025-12-21,Central,email,regular,active
CUST-00715,2026-05-17,South,affiliate,new,active
CUST-00716,2026-01-23,West,affiliate,new,active
CUST-00717,2025-05-03,South,email,regular,active
CUST-00718,2025-04-09,East,affiliate,high_value,active
CUST-00719,2024-08-11,West,referral,new,active
CUST-00720,2025-07-19,West,social,new,active
CUST-00721,2024-05-12,North,social,regular,active
CUST-00722,2026-05-28,South,social,new,active
CUST-00723,2026-03-08,West,affiliate,new,active
CUST-00724,2024-04-23,East,paid_search,high_value,active
CUST-00725,2026-01-11,East,affiliate,regular,active
CUST-00726,2024-04-21,North,affiliate,high_value,active
CUST-00727,2025-11-11,South,referral,regular,active
CUST-00728,2024-03-24,Central,organic,new,active
CUST-00729,2025-04-05,North,email,high_value,active
CUST-00730,2025-09-12,South,email,new,active
CUST-00731,2025-11-18,Central,referral,new,active
CUST-00732,2025-01-30,North,referral,high_value,active
CUST-00733,2026-05-19,West,social,regular,active
CUST-00734,2025-12-31,South,social,high_value,active
CUST-00735,2024-07-16,Central,organic,new,active
CUST-00736,2025-09-25,West,referral,high_value,active
CUST-00737,2025-11-20,Central,paid_search,regular,active
CUST-00738,2024-11-11,South,email,regular,active
CUST-00739,2025-11-27,East,affiliate,high_value,active
CUST-00740,2026-04-27,West,paid_search,regular,active
CUST-00741,2026-02-09,South,organic,regular,active
CUST-00742,2025-12-20,South,organic,regular,active
CUST-00743,2025-08-21,North,affiliate,regular,active
CUST-00744,2024-09-12,Central,social,high_value,inactive
CUST-00745,2026-01-20,West,organic,regular,active
CUST-00746,2024-12-10,West,email,new,active
CUST-00747,2025-05-17,West,paid_search,new,active
CUST-00748,2024-10-24,East,referral,high_value,active
CUST-00749,2024-10-22,East,paid_search,high_value,active
CUST-00750,2024-05-29,East,organic,high_value,active
CUST-00751,2026-06-25,West,organic,new,active
CUST-00752,2024-05-20,South,social,regular,active
CUST-00753,2024-03-23,Central,paid_search,regular,inactive
CUST-00754,2026-06-01,West,email,regular,active
CUST-00755,2025-06-07,South,paid_search,new,active
CUST-00756,2025-02-17,East,paid_search,regular,inactive
CUST-00757,2025-11-26,North,paid_search,new,active
CUST-00758,2024-12-28,Central,paid_search,regular,active
CUST-00759,2024-05-01,Central,referral,new,active
CUST-00760,2025-11-19,Central,organic,new,active
CUST-00761,2024-06-15,South,referral,new,active
CUST-00762,2025-06-05,North,paid_search,high_value,inactive
CUST-00763,2026-06-14,South,organic,regular,active
CUST-00764,2026-06-01,North,organic,high_value,active
CUST-00765,2024-12-06,North,organic,regular,active
CUST-00766,2026-01-06,North,affiliate,regular,active
CUST-00767,2025-08-01,Central,social,regular,active
CUST-00768,2025-03-28,North,paid_search,regular,active
CUST-00769,2024-05-12,North,email,regular,inactive
CUST-00770,2024-12-21,West,social,regular,active
CUST-00771,2025-09-07,East,referral,regular,active
CUST-00772,2026-07-19,West,referral,high_value,active
CUST-00773,2024-01-06,West,email,new,active
CUST-00774,2025-11-08,Central,affiliate,regular,inactive
CUST-00775,2026-03-09,West,affiliate,new,active
CUST-00776,2026-06-16,East,social,new,active
CUST-00777,2025-02-04,West,email,regular,active
CUST-00778,2024-04-22,East,organic,regular,active
CUST-00779,2024-09-13,South,email,regular,active
CUST-00780,2026-03-13,East,referral,new,active
CUST-00781,2026-04-08,North,organic,high_value,active
CUST-00782,2025-08-24,West,affiliate,high_value,active
CUST-00783,2024-04-26,South,referral,regular,active
CUST-00784,2024-04-25,North,organic,high_value,active
CUST-00785,2025-03-27,South,social,new,active
CUST-00786,2025-07-09,West,referral,regular,inactive
CUST-00787,2024-02-01,South,referral,high_value,active
CUST-00788,2025-10-09,West,organic,regular,active
CUST-00789,2025-05-28,Central,paid_search,regular,active
CUST-00790,2024-01-13,North,email,regular,active
CUST-00791,2024-04-01,West,organic,regular,active
CUST-00792,2025-03-04,South,paid_search,regular,active
CUST-00793,2025-11-12,South,organic,new,active
CUST-00794,2026-02-17,West,organic,new,active
CUST-00795,2025-02-11,Central,social,regular,active
CUST-00796,2024-10-06,South,email,regular,active
CUST-00797,2026-07-02,East,social,regular,active
CUST-00798,2025-03-08,South,affiliate,high_value,active
CUST-00799,2024-10-25,East,paid_search,regular,active
CUST-00800,2025-02-21,West,paid_search,regular,active
CUST-00801,2024-01-13,East,organic,regular,active
CUST-00802,2024-10-12,West,organic,regular,active
CUST-00803,2025-05-01,North,paid_search,regular,active
CUST-00804,2026-05-16,West,organic,regular,active
CUST-00805,2025-11-27,West,organic,regular,active
CUST-00806,2026-01-06,West,organic,regular,active
CUST-00807,2025-05-29,North,email,regular,active
CUST-00808,2024-04-15,East,social,regular,active
CUST-00809,2025-01-04,South,referral,new,inactive
CUST-00810,2026-07-29,North,affiliate,regular,active
CUST-00811,2024-02-12,South,social,regular,active
CUST-00812,2026-04-09,East,organic,new,active
CUST-00813,2025-10-07,West,social,regular,active
CUST-00814,2024-09-25,South,organic,regular,active
CUST-00815,2026-01-03,West,paid_search,regular,active
CUST-00816,2026-02-28,East,paid_search,regular,active
CUST-00817,2024-02-11,West,paid_search,new,active
CUST-00818,2024-04-11,East,paid_search,new,active
CUST-00819,2025-09-20,East,email,regular,inactive
CUST-00820,2026-07-31,East,affiliate,regular,active
CUST-00821,2024-01-24,Central,email,regular,active
CUST-00822,2025-09-20,East,social,regular,active
CUST-00823,2024-05-09,East,social,regular,active
CUST-00824,2025-09-05,East,organic,new,active
CUST-00825,2025-08-11,West,email,regular,inactive
CUST-00826,2024-03-27,North,social,new,active
CUST-00827,2025-10-04,East,paid_search,regular,active
CUST-00828,2026-04-26,East,paid_search,new,active
CUST-00829,2026-03-25,Central,referral,regular,active
CUST-00830,2024-01-29,East,social,regular,active
CUST-00831,2024-08-20,East,social,regular,inactive
CUST-00832,2024-08-15,Central,social,new,active
CUST-00833,2025-03-04,East,paid_search,new,active
CUST-00834,2024-05-15,South,social,regular,active
CUST-00835,2026-03-16,South,paid_search,regular,active
CUST-00836,2026-01-02,North,paid_search,new,active
CUST-00837,2026-02-01,North,email,high_value,active
CUST-00838,2024-07-06,East,organic,regular,active
CUST-00839,2024-01-15,West,affiliate,regular,active
CUST-00840,2026-05-08,West,paid_search,new,active
CUST-00841,2024-09-30,North,email,regular,active
CUST-00842,2025-09-11,East,social,new,active
CUST-00843,2026-05-07,North,email,new,active
CUST-00844,2024-02-05,Central,social,regular,active
CUST-00845,2024-01-07,North,referral,regular,active
CUST-00846,2024-01-07,West,social,high_value,active
CUST-00847,2024-05-28,South,email,high_value,active
CUST-00848,2024-02-19,West,email,new,active
CUST-00849,2026-02-12,South,organic,new,active
CUST-00850,2025-07-25,West,paid_search,regular,active
CUST-00851,2026-07-13,South,paid_search,high_value,active
CUST-00852,2026-01-25,Central,paid_search,high_value,active
CUST-00853,2026-06-27,East,paid_search,new,active
CUST-00854,2024-08-13,West,paid_search,new,active
CUST-00855,2024-09-29,West,social,new,active
CUST-00856,2026-03-12,Central,organic,regular,active
CUST-00857,2024-08-19,South,affiliate,regular,active
CUST-00858,2024-02-24,South,paid_search,regular,active
CUST-00859,2025-09-23,South,email,regular,active
CUST-00860,2026-01-25,South,organic,new,active
CUST-00861,2026-07-02,East,paid_search,regular,active
CUST-00862,2026-05-24,Central,organic,new,active
CUST-00863,2024-04-24,Central,email,regular,active
CUST-00864,2025-12-29,East,paid_search,regular,active
CUST-00865,2026-03-09,West,referral,regular,active
CUST-00866,2025-10-20,Central,paid_search,new,active
CUST-00867,2026-02-12,Central,social,regular,active
CUST-00868,2026-03-01,South,paid_search,regular,active
CUST-00869,2025-02-25,East,social,new,active
CUST-00870,2024-02-08,West,paid_search,new,active
CUST-00871,2025-03-06,South,paid_search,regular,active
CUST-00872,2024-07-10,East,organic,new,active
CUST-00873,2024-04-18,Central,organic,new,active
CUST-00874,2024-04-28,Central,organic,new,active
CUST-00875,2025-10-19,Central,referral,new,active
CUST-00876,2025-04-21,West,paid_search,regular,active
CUST-00877,2025-05-24,South,organic,regular,active
CUST-00878,2025-12-03,South,referral,new,active
CUST-00879,2025-06-01,East,organic,regular,inactive
CUST-00880,2025-08-17,East,paid_search,new,inactive
CUST-00881,2024-03-23,East,email,new,active
CUST-00882,2026-03-13,West,referral,new,active
CUST-00883,2025-02-27,South,email,regular,active
CUST-00884,2024-05-27,West,paid_search,high_value,active
CUST-00885,2026-02-06,South,referral,regular,active
CUST-00886,2025-11-24,South,organic,new,active
CUST-00887,2024-02-20,North,referral,new,active
CUST-00888,2024-07-01,South,affiliate,new,active
CUST-00889,2024-01-16,Central,referral,regular,active
CUST-00890,2024-09-13,East,paid_search,new,active
CUST-00891,2024-04-05,South,organic,high_value,active
CUST-00892,2025-10-31,West,email,regular,inactive
CUST-00893,2025-05-08,East,social,regular,active
CUST-00894,2026-07-13,North,social,regular,active
CUST-00895,2025-12-07,South,referral,new,active
CUST-00896,2025-07-31,North,social,regular,active
CUST-00897,2025-04-25,West,paid_search,new,active
CUST-00898,2024-02-22,South,paid_search,regular,active
CUST-00899,2024-03-08,North,organic,regular,inactive
CUST-00900,2025-08-04,North,organic,new,active
CUST-00901,2024-01-06,East,organic,regular,active
CUST-00902,2024-02-10,North,affiliate,new,active
CUST-00903,2024-07-26,West,email,new,inactive
CUST-00904,2026-04-13,North,social,regular,active
CUST-00905,2025-03-09,East,paid_search,regular,inactive
CUST-00906,2025-10-31,East,email,high_value,active
CUST-00907,2025-01-23,East,affiliate,regular,active
CUST-00908,2024-06-13,North,referral,regular,active
CUST-00909,2024-12-16,West,social,new,active
CUST-00910,2024-03-28,Central,affiliate,new,active
CUST-00911,2025-12-27,North,social,high_value,inactive
CUST-00912,2024-06-22,North,social,new,active
CUST-00913,2024-12-21,Central,affiliate,regular,active
CUST-00914,2026-07-13,East,paid_search,new,active
CUST-00915,2025-07-12,North,paid_search,new,inactive
CUST-00916,2025-03-08,South,paid_search,regular,inactive
CUST-00917,2025-05-27,West,social,regular,inactive
CUST-00918,2026-01-09,West,social,regular,active
CUST-00919,2024-08-28,East,email,high_value,inactive
CUST-00920,2025-08-23,Central,paid_search,new,active
CUST-00921,2026-04-03,East,organic,regular,active
CUST-00922,2025-06-24,South,affiliate,new,active
CUST-00923,2025-02-25,East,paid_search,regular,active
CUST-00924,2024-05-17,South,referral,new,active
CUST-00925,2024-08-22,South,organic,regular,active
CUST-00926,2026-06-11,North,social,new,active
CUST-00927,2025-05-25,South,social,regular,active
CUST-00928,2024-10-11,West,affiliate,regular,active
CUST-00929,2025-01-30,North,organic,high_value,active
CUST-00930,2025-06-29,East,referral,new,active
CUST-00931,2025-05-22,West,social,high_value,active
CUST-00932,2025-10-22,East,social,new,active
CUST-00933,2024-08-31,West,social,new,active
CUST-00934,2025-09-04,West,organic,new,active
CUST-00935,2025-02-22,West,social,new,active
CUST-00936,2026-06-06,North,paid_search,regular,active
CUST-00937,2024-05-29,East,paid_search,new,active
CUST-00938,2024-05-20,East,social,regular,active
CUST-00939,2025-03-11,South,social,regular,active
CUST-00940,2025-04-24,North,organic,regular,active
CUST-00941,2025-10-13,South,organic,regular,active
CUST-00942,2025-01-16,East,organic,regular,active
CUST-00943,2026-05-11,South,organic,new,active
CUST-00944,2025-03-23,North,social,regular,active
CUST-00945,2024-05-02,West,organic,new,active
CUST-00946,2024-04-23,Central,referral,new,active
CUST-00947,2026-07-06,South,organic,new,inactive
CUST-00948,2024-05-07,Central,organic,regular,active
CUST-00949,2026-06-12,North,referral,regular,active
CUST-00950,2024-09-19,Central,paid_search,regular,inactive
CUST-00951,2024-03-29,Central,paid_search,new,active
CUST-00952,2024-10-15,North,referral,regular,active
CUST-00953,2025-08-03,West,referral,regular,inactive
CUST-00954,2025-02-08,Central,email,new,active
CUST-00955,2026-01-11,Central,organic,regular,active
CUST-00956,2025-07-30,Central,social,regular,active
CUST-00957,2025-01-13,East,referral,regular,active
CUST-00958,2025-08-21,North,referral,new,active
CUST-00959,2026-07-05,West,organic,regular,active
CUST-00960,2025-01-23,East,paid_search,new,inactive
CUST-00961,2024-05-25,East,paid_search,new,active
CUST-00962,2025-01-21,South,organic,new,active
CUST-00963,2026-03-03,East,email,regular,active
CUST-00964,2024-07-25,North,paid_search,new,active
CUST-00965,2026-06-14,West,paid_search,regular,active
CUST-00966,2025-07-09,North,organic,new,active
CUST-00967,2025-07-21,West,social,regular,active
CUST-00968,2024-10-26,West,organic,new,active
CUST-00969,2026-05-18,East,paid_search,regular,active
CUST-00970,2024-02-04,East,organic,regular,active
CUST-00971,2024-10-09,South,referral,regular,active
CUST-00972,2025-01-30,Central,organic,new,active
CUST-00973,2025-03-26,West,social,regular,active
CUST-00974,2025-03-23,South,organic,high_value,active
CUST-00975,2024-05-20,North,organic,high_value,active
CUST-00976,2024-08-01,South,organic,new,inactive
CUST-00977,2024-03-31,East,organic,regular,active
CUST-00978,2025-06-24,Central,organic,new,inactive
CUST-00979,2024-11-27,West,social,new,inactive
CUST-00980,2025-06-17,South,email,regular,active
CUST-00981,2025-07-10,Central,organic,regular,active
CUST-00982,2025-10-24,South,paid_search,regular,inactive
CUST-00983,2025-05-31,Central,social,regular,inactive
CUST-00984,2025-09-03,South,organic,new,inactive
CUST-00985,2025-07-08,East,paid_search,regular,active
CUST-00986,2025-09-07,Central,organic,regular,active
CUST-00987,2025-08-04,South,organic,new,inactive
CUST-00988,2024-10-25,West,paid_search,regular,inactive
CUST-00989,2024-08-20,Central,referral,high_value,active
CUST-00990,2026-01-12,North,referral,regular,active
CUST-00991,2024-11-19,North,referral,new,active
CUST-00992,2025-06-02,West,paid_search,regular,inactive
CUST-00993,2024-07-05,South,organic,high_value,active
CUST-00994,2025-02-11,North,paid_search,high_value,active
CUST-00995,2025-05-14,East,organic,regular,active
CUST-00996,2025-08-13,West,organic,regular,active
CUST-00997,2025-05-11,South,organic,regular,active
CUST-00998,2024-12-06,South,paid_search,regular,active
CUST-00999,2026-06-25,West,paid_search,high_value,active
CUST-01000,2025-04-29,East,organic,regular,inactive
CUST-01001,2026-02-01,West,email,regular,active
CUST-01002,2025-11-25,East,paid_search,new,inactive
CUST-01003,2025-06-10,Central,affiliate,regular,active
CUST-01004,2026-04-15,West,organic,new,active
CUST-01005,2024-05-01,North,social,new,active
CUST-01006,2026-05-18,Central,organic,regular,active
CUST-01007,2026-03-12,East,social,regular,active
CUST-01008,2025-04-20,North,organic,high_value,active
CUST-01009,2025-11-22,North,organic,regular,active
CUST-01010,2025-05-06,West,social,high_value,active
CUST-01011,2024-09-11,North,paid_search,regular,inactive
CUST-01012,2026-01-24,South,organic,regular,active
CUST-01013,2024-08-20,North,referral,new,active
CUST-01014,2024-10-24,East,organic,regular,active
CUST-01015,2025-05-05,South,social,new,active
CUST-01016,2026-02-28,East,social,new,active
CUST-01017,2024-12-28,South,paid_search,new,active
CUST-01018,2025-04-11,North,paid_search,regular,active
CUST-01019,2024-02-10,East,organic,regular,active
CUST-01020,2024-04-20,South,email,high_value,active
CUST-01021,2024-02-23,West,organic,high_value,active
CUST-01022,2024-03-09,North,organic,high_value,active
CUST-01023,2026-03-30,North,paid_search,new,inactive
CUST-01024,2026-03-05,South,referral,high_value,active
CUST-01025,2026-02-14,East,affiliate,regular,active
CUST-01026,2024-02-23,South,referral,high_value,active
CUST-01027,2024-03-15,West,email,new,active
CUST-01028,2024-09-22,South,email,new,active
CUST-01029,2025-06-17,East,social,high_value,inactive
CUST-01030,2024-11-11,East,referral,new,active
CUST-01031,2025-04-05,North,social,regular,active
CUST-01032,2024-06-12,East,paid_search,regular,active
CUST-01033,2025-11-20,South,social,new,active
CUST-01034,2024-10-23,East,social,new,active
CUST-01035,2024-03-04,North,organic,high_value,active
CUST-01036,2025-12-01,West,paid_search,high_value,active
CUST-01037,2026-05-01,Central,paid_search,high_value,active
CUST-01038,2024-01-15,North,affiliate,new,active
CUST-01039,2025-02-16,East,paid_search,new,active
CUST-01040,2026-02-19,West,affiliate,regular,active
CUST-01041,2025-10-28,South,paid_search,regular,active
CUST-01042,2026-03-18,West,email,new,active
CUST-01043,2025-01-27,West,organic,regular,active
CUST-01044,2024-12-17,Central,referral,high_value,active
CUST-01045,2025-10-31,Central,social,regular,inactive
CUST-01046,2024-05-25,North,paid_search,regular,active
CUST-01047,2024-08-14,East,organic,regular,active
CUST-01048,2025-07-20,East,paid_search,new,inactive
CUST-01049,2025-09-22,North,paid_search,new,active
CUST-01050,2024-04-23,South,email,regular,active
CUST-01051,2025-04-24,Central,referral,regular,active
CUST-01052,2024-12-10,North,email,regular,active
CUST-01053,2025-04-18,East,social,regular,inactive
CUST-01054,2026-06-22,West,paid_search,new,active
CUST-01055,2024-03-14,South,affiliate,new,inactive
CUST-01056,2026-07-27,East,affiliate,new,active
CUST-01057,2025-02-28,Central,paid_search,new,active
CUST-01058,2025-12-29,East,referral,regular,active
CUST-01059,2025-02-04,North,paid_search,regular,active
CUST-01060,2024-10-20,North,affiliate,high_value,inactive
CUST-01061,2025-12-27,Central,referral,regular,active
CUST-01062,2025-10-10,South,email,regular,active
CUST-01063,2024-05-16,East,organic,new,active
CUST-01064,2025-10-27,North,social,regular,active
CUST-01065,2025-12-11,East,organic,new,inactive
CUST-01066,2025-01-01,Central,affiliate,high_value,active
CUST-01067,2026-05-22,East,paid_search,regular,active
CUST-01068,2025-08-27,Central,email,new,active
CUST-01069,2024-11-11,South,referral,new,active
CUST-01070,2024-01-12,East,organic,new,inactive
CUST-01071,2025-09-28,Central,paid_search,high_value,active
CUST-01072,2024-07-16,East,social,new,active
CUST-01073,2025-12-14,South,paid_search,new,active
CUST-01074,2025-05-10,Central,organic,new,active
CUST-01075,2025-03-16,South,organic,regular,inactive
CUST-01076,2024-06-04,East,paid_search,regular,active
CUST-01077,2025-11-02,Central,social,regular,active
CUST-01078,2024-06-06,South,social,regular,active
CUST-01079,2025-01-29,South,organic,new,inactive
CUST-01080,2026-02-27,North,paid_search,high_value,inactive
CUST-01081,2026-05-17,South,paid_search,new,active
CUST-01082,2026-07-21,South,paid_search,new,active
CUST-01083,2026-06-22,West,email,regular,active
CUST-01084,2025-06-08,South,paid_search,new,active
CUST-01085,2024-07-08,West,social,new,active
CUST-01086,2026-03-02,South,referral,regular,active
CUST-01087,2026-01-26,South,social,regular,inactive
CUST-01088,2026-07-22,South,social,new,active
CUST-01089,2025-09-06,West,organic,new,active
CUST-01090,2024-05-14,East,organic,regular,active
CUST-01091,2025-04-19,South,organic,new,active
CUST-01092,2025-02-27,Central,email,new,active
CUST-01093,2026-03-06,East,affiliate,regular,active
CUST-01094,2025-01-05,South,organic,regular,inactive
CUST-01095,2024-11-06,Central,organic,high_value,active
CUST-01096,2024-03-17,South,paid_search,regular,active
CUST-01097,2026-02-27,North,social,new,active
CUST-01098,2025-12-13,East,social,regular,active
CUST-01099,2024-02-09,North,email,regular,active
CUST-01100,2025-02-13,South,referral,new,inactive
CUST-01101,2025-03-28,West,paid_search,regular,active
CUST-01102,2025-03-19,North,email,new,active
CUST-01103,2026-05-16,West,social,regular,active
CUST-01104,2024-05-22,Central,paid_search,regular,active
CUST-01105,2024-10-16,East,referral,regular,active
CUST-01106,2024-06-20,West,organic,high_value,active
CUST-01107,2024-08-18,West,email,high_value,active
CUST-01108,2026-05-05,Central,email,new,active
CUST-01109,2026-06-06,South,referral,regular,active
CUST-01110,2024-02-13,North,social,regular,active
CUST-01111,2025-08-19,East,paid_search,new,active
CUST-01112,2024-08-08,East,affiliate,regular,active
CUST-01113,2024-07-01,North,affiliate,new,inactive
CUST-01114,2024-10-03,East,social,high_value,active
CUST-01115,2024-07-03,North,email,regular,active
CUST-01116,2025-04-07,Central,paid_search,regular,inactive
CUST-01117,2026-07-27,South,social,regular,active
CUST-01118,2025-07-07,North,affiliate,new,active
CUST-01119,2025-11-13,North,paid_search,high_value,active
CUST-01120,2025-04-10,South,social,new,active
CUST-01121,2024-01-15,South,referral,new,active
CUST-01122,2024-03-21,North,affiliate,regular,active
CUST-01123,2024-09-11,South,referral,regular,active
CUST-01124,2024-08-18,South,paid_search,new,active
CUST-01125,2026-03-03,South,referral,new,inactive
CUST-01126,2026-03-06,South,organic,new,active
CUST-01127,2026-03-16,South,social,new,active
CUST-01128,2025-08-24,South,social,new,active
CUST-01129,2025-06-08,North,affiliate,regular,active
CUST-01130,2025-09-04,North,referral,new,active
CUST-01131,2025-01-19,South,email,new,active
CUST-01132,2025-09-24,West,social,regular,inactive
CUST-01133,2026-01-19,Central,paid_search,regular,active
CUST-01134,2025-12-20,Central,social,new,active
CUST-01135,2025-08-02,East,social,new,active
CUST-01136,2024-02-25,East,organic,new,active
CUST-01137,2025-11-14,South,social,high_value,active
CUST-01138,2024-12-12,West,affiliate,new,active
CUST-01139,2025-12-02,West,email,new,active
CUST-01140,2025-05-24,West,affiliate,regular,active
CUST-01141,2026-04-11,Central,paid_search,new,active
CUST-01142,2024-11-15,East,social,new,active
CUST-01143,2026-05-28,West,organic,new,active
CUST-01144,2026-03-07,West,paid_search,regular,active
CUST-01145,2024-11-08,South,social,regular,active
CUST-01146,2025-03-31,Central,paid_search,regular,active
CUST-01147,2025-05-16,North,organic,regular,active
CUST-01148,2025-12-26,Central,email,new,active
CUST-01149,2025-10-12,West,paid_search,high_value,active
CUST-01150,2026-03-14,North,paid_search,regular,active
CUST-01151,2024-12-15,West,organic,regular,active
CUST-01152,2025-04-21,North,social,regular,active
CUST-01153,2025-02-10,West,paid_search,regular,active
CUST-01154,2026-05-07,West,social,new,inactive
CUST-01155,2024-10-15,East,social,regular,active
CUST-01156,2025-07-08,Central,organic,new,inactive
CUST-01157,2024-04-24,North,referral,regular,active
CUST-01158,2026-03-12,South,organic,new,active
CUST-01159,2024-12-28,South,paid_search,new,active
CUST-01160,2024-11-17,North,organic,high_value,active
CUST-01161,2025-07-04,East,social,regular,active
CUST-01162,2025-04-15,South,paid_search,regular,active
CUST-01163,2026-03-10,South,affiliate,new,active
CUST-01164,2025-05-16,East,paid_search,regular,active
CUST-01165,2025-05-03,Central,social,high_value,active
CUST-01166,2024-04-09,South,organic,regular,active
CUST-01167,2024-01-22,Central,organic,regular,active
CUST-01168,2025-01-11,East,paid_search,regular,inactive
CUST-01169,2026-07-30,South,social,new,active
CUST-01170,2026-05-15,East,paid_search,regular,active
CUST-01171,2025-08-16,South,referral,high_value,inactive
CUST-01172,2025-08-18,South,email,regular,active
CUST-01173,2025-01-04,East,referral,regular,active
CUST-01174,2024-06-17,North,paid_search,regular,active
CUST-01175,2024-01-10,South,affiliate,regular,active
CUST-01176,2024-11-16,East,social,high_value,inactive
CUST-01177,2024-10-26,South,social,regular,active
CUST-01178,2024-06-30,West,referral,regular,active
CUST-01179,2024-09-02,South,email,regular,active
CUST-01180,2024-01-25,Central,referral,regular,active
CUST-01181,2025-07-27,West,email,new,active
CUST-01182,2026-05-24,Central,organic,regular,active
CUST-01183,2025-10-13,West,email,regular,active
CUST-01184,2025-02-27,North,social,regular,active
CUST-01185,2025-01-31,East,referral,new,active
CUST-01186,2024-10-17,North,affiliate,regular,inactive
CUST-01187,2024-05-15,West,organic,regular,active
CUST-01188,2025-07-18,East,organic,new,active
CUST-01189,2025-06-18,South,organic,regular,active
CUST-01190,2024-01-08,Central,social,regular,active
CUST-01191,2025-01-27,North,organic,regular,active
CUST-01192,2024-09-19,East,email,new,active
CUST-01193,2024-06-10,West,social,new,active
CUST-01194,2025-10-25,North,affiliate,regular,inactive
CUST-01195,2025-05-11,East,paid_search,new,inactive
CUST-01196,2025-08-21,West,social,regular,active
CUST-01197,2025-11-04,North,organic,regular,active
CUST-01198,2026-07-14,East,referral,new,active
CUST-01199,2026-01-27,South,organic,regular,active
CUST-01200,2025-08-08,West,organic,high_value,active
CUST-01201,2026-04-09,North,organic,regular,active
CUST-01202,2025-03-26,Central,affiliate,regular,inactive
CUST-01203,2026-07-17,Central,organic,regular,active
CUST-01204,2025-12-19,South,social,new,active
CUST-01205,2025-09-06,South,email,new,active
CUST-01206,2026-05-01,East,email,regular,active
CUST-01207,2025-05-01,West,organic,regular,active
CUST-01208,2025-11-10,East,organic,new,active
CUST-01209,2024-09-26,North,paid_search,new,active
CUST-01210,2026-06-27,North,organic,regular,inactive
CUST-01211,2025-08-11,Central,email,new,active
CUST-01212,2026-01-07,East,paid_search,regular,inactive
CUST-01213,2025-03-11,Central,paid_search,regular,active
CUST-01214,2026-03-28,East,organic,regular,active
CUST-01215,2024-03-11,Central,social,new,active
CUST-01216,2024-04-18,North,organic,new,active
CUST-01217,2025-04-23,North,email,regular,active
CUST-01218,2025-11-21,Central,organic,regular,active
CUST-01219,2026-02-02,Central,referral,new,active
CUST-01220,2025-02-19,South,email,regular,active
CUST-01221,2025-09-04,South,organic,regular,active
CUST-01222,2025-06-06,East,organic,new,active
CUST-01223,2026-06-25,South,paid_search,regular,active
CUST-01224,2025-09-09,South,organic,new,inactive
CUST-01225,2025-01-28,Central,organic,regular,active
CUST-01226,2026-07-03,South,referral,new,active
CUST-01227,2024-04-12,West,social,regular,active
CUST-01228,2026-07-17,North,organic,new,active
CUST-01229,2024-05-26,North,social,regular,inactive
CUST-01230,2024-09-29,West,paid_search,regular,active
CUST-01231,2026-02-13,South,referral,high_value,active
CUST-01232,2025-11-23,West,organic,regular,active
CUST-01233,2026-07-04,North,email,regular,inactive
CUST-01234,2025-12-08,Central,affiliate,new,active
CUST-01235,2025-08-24,West,organic,regular,inactive
CUST-01236,2024-11-23,Central,organic,new,active
CUST-01237,2024-01-06,North,paid_search,regular,inactive
CUST-01238,2024-04-27,South,affiliate,regular,active
CUST-01239,2024-10-08,South,social,regular,active
CUST-01240,2024-02-09,East,email,regular,active
CUST-01241,2025-04-24,South,affiliate,regular,active
CUST-01242,2026-01-03,North,affiliate,new,inactive
CUST-01243,2026-06-27,South,social,new,inactive
CUST-01244,2025-04-07,South,social,regular,active
CUST-01245,2026-04-05,South,email,new,inactive
CUST-01246,2026-07-18,South,paid_search,new,active
CUST-01247,2026-03-21,South,affiliate,high_value,active
CUST-01248,2025-03-15,West,organic,high_value,active
CUST-01249,2024-11-03,South,organic,regular,active
CUST-01250,2026-07-11,South,affiliate,regular,active
CUST-01251,2024-08-16,East,paid_search,regular,active
CUST-01252,2025-01-23,West,organic,new,active
CUST-01253,2024-03-11,South,organic,regular,active
CUST-01254,2026-01-18,East,social,regular,active
CUST-01255,2025-09-05,Central,affiliate,high_value,active
CUST-01256,2024-03-21,East,organic,high_value,active
CUST-01257,2024-07-29,Central,organic,regular,active
CUST-01258,2025-06-08,West,paid_search,new,active
CUST-01259,2025-05-25,North,referral,regular,active
CUST-01260,2026-01-26,East,paid_search,new,active
CUST-01261,2024-09-08,West,referral,high_value,active
CUST-01262,2026-05-22,Central,referral,new,active
CUST-01263,2025-02-23,East,paid_search,new,active
CUST-01264,2026-02-14,North,affiliate,regular,inactive
CUST-01265,2024-08-13,East,email,regular,active
CUST-01266,2024-02-05,North,social,regular,inactive
CUST-01267,2024-02-22,West,paid_search,new,inactive
CUST-01268,2024-12-18,East,affiliate,regular,active
CUST-01269,2026-06-17,West,affiliate,new,active
CUST-01270,2024-02-16,Central,email,new,active
CUST-01271,2024-12-14,West,referral,regular,active
CUST-01272,2024-04-13,East,social,new,active
CUST-01273,2026-05-28,West,affiliate,regular,inactive
CUST-01274,2025-09-29,West,affiliate,new,active
CUST-01275,2025-12-20,Central,organic,new,active
CUST-01276,2025-11-03,North,organic,regular,active
CUST-01277,2025-09-11,East,paid_search,new,active
CUST-01278,2025-12-30,South,affiliate,regular,active
CUST-01279,2024-01-09,Central,paid_search,regular,inactive
CUST-01280,2026-03-27,West,email,new,active
CUST-01281,2025-11-28,East,organic,regular,active
CUST-01282,2025-11-28,South,paid_search,new,active
CUST-01283,2025-01-06,South,social,regular,active
CUST-01284,2026-01-25,West,organic,new,active
CUST-01285,2024-12-26,South,referral,regular,active
CUST-01286,2024-02-17,North,organic,regular,active
CUST-01287,2026-05-06,Central,referral,regular,active
CUST-01288,2024-08-09,West,organic,high_value,inactive
CUST-01289,2024-04-06,South,referral,new,active
CUST-01290,2025-08-09,South,social,high_value,active
CUST-01291,2024-08-09,Central,organic,regular,active
CUST-01292,2026-03-20,West,organic,high_value,inactive
CUST-01293,2025-02-23,East,organic,high_value,active
CUST-01294,2024-01-06,South,social,high_value,active
CUST-01295,2026-06-16,South,affiliate,new,active
CUST-01296,2025-04-30,North,paid_search,regular,active
CUST-01297,2024-09-05,West,paid_search,regular,active
CUST-01298,2025-10-01,North,social,regular,active
CUST-01299,2025-05-15,North,social,new,active
CUST-01300,2024-01-29,West,email,high_value,active
CUST-01301,2025-12-17,Central,social,new,active
CUST-01302,2025-01-14,West,email,regular,active
CUST-01303,2025-10-22,East,referral,regular,active
CUST-01304,2026-04-24,East,paid_search,new,active
CUST-01305,2025-07-30,East,organic,regular,active
CUST-01306,2025-09-25,South,organic,new,active
CUST-01307,2024-08-28,East,social,regular,active
CUST-01308,2024-08-12,East,paid_search,regular,active
CUST-01309,2025-01-26,East,referral,new,active
CUST-01310,2026-03-15,Central,social,regular,inactive
CUST-01311,2025-05-09,Central,social,new,inactive
CUST-01312,2024-11-24,North,affiliate,regular,active
CUST-01313,2026-01-05,South,paid_search,high_value,active
CUST-01314,2026-03-15,South,affiliate,new,active
CUST-01315,2026-05-01,South,organic,regular,active
CUST-01316,2024-10-09,South,social,regular,active
CUST-01317,2025-10-31,North,referral,regular,inactive
CUST-01318,2025-07-11,West,affiliate,regular,active
CUST-01319,2025-02-27,East,affiliate,regular,active
CUST-01320,2025-01-09,Central,paid_search,regular,active
CUST-01321,2024-04-18,North,affiliate,new,active
CUST-01322,2024-09-16,North,social,regular,active
CUST-01323,2025-06-02,South,social,high_value,active
CUST-01324,2026-04-16,North,organic,new,inactive
CUST-01325,2026-03-28,South,organic,regular,active
CUST-01326,2024-06-26,Central,social,new,active
CUST-01327,2025-10-02,South,organic,regular,active
CUST-01328,2024-03-21,South,email,regular,active
CUST-01329,2025-09-28,East,affiliate,regular,active
CUST-01330,2024-11-19,East,referral,new,active
CUST-01331,2025-02-28,East,organic,regular,active
CUST-01332,2025-11-08,South,referral,high_value,active
CUST-01333,2025-02-05,West,organic,regular,active
CUST-01334,2026-01-31,North,social,regular,active
CUST-01335,2025-05-18,East,affiliate,regular,active
CUST-01336,2026-07-30,West,organic,regular,active
CUST-01337,2025-08-25,Central,organic,regular,active
CUST-01338,2024-10-07,South,organic,new,active
CUST-01339,2026-01-01,East,social,new,active
CUST-01340,2025-01-20,North,affiliate,regular,active
CUST-01341,2025-05-19,North,organic,high_value,active
CUST-01342,2024-05-09,North,organic,high_value,active
CUST-01343,2024-04-23,West,social,high_value,active
CUST-01344,2025-06-26,South,organic,regular,active
CUST-01345,2024-06-25,West,email,new,active
CUST-01346,2026-07-29,North,referral,regular,active
CUST-01347,2026-03-18,Central,email,high_value,active
CUST-01348,2025-10-23,West,referral,regular,active
CUST-01349,2025-11-24,North,social,regular,active
CUST-01350,2025-07-15,North,affiliate,regular,active
CUST-01351,2024-02-27,North,organic,regular,inactive
CUST-01352,2025-01-05,Central,organic,high_value,inactive
CUST-01353,2025-04-13,South,email,regular,active
CUST-01354,2026-05-13,East,organic,regular,active
CUST-01355,2024-07-26,East,referral,new,active
CUST-01356,2025-04-14,West,email,regular,active
CUST-01357,2024-11-21,East,referral,new,active
CUST-01358,2024-05-07,East,paid_search,high_value,active
CUST-01359,2024-04-08,Central,social,regular,inactive
CUST-01360,2024-12-11,North,email,regular,active
CUST-01361,2024-03-19,West,organic,new,active
CUST-01362,2024-03-05,North,social,regular,inactive
CUST-01363,2024-11-27,East,email,regular,active
CUST-01364,2024-07-10,Central,referral,new,active
CUST-01365,2025-06-07,West,email,high_value,active
CUST-01366,2024-01-18,West,organic,regular,inactive
CUST-01367,2024-10-12,South,social,regular,active
CUST-01368,2025-03-03,South,social,new,active
CUST-01369,2026-06-27,South,organic,regular,active
CUST-01370,2025-08-21,East,paid_search,regular,active
CUST-01371,2026-04-10,East,paid_search,high_value,active
CUST-01372,2024-11-20,South,organic,new,active
CUST-01373,2025-02-28,South,social,high_value,active
CUST-01374,2025-01-31,South,organic,regular,active
CUST-01375,2026-04-16,South,social,new,active
CUST-01376,2026-06-23,North,organic,new,active
CUST-01377,2026-06-26,Central,email,new,active
CUST-01378,2025-12-10,East,organic,high_value,active
CUST-01379,2025-04-19,North,referral,new,active
CUST-01380,2025-05-25,West,organic,regular,active
CUST-01381,2026-07-13,West,social,regular,active
CUST-01382,2024-09-26,South,paid_search,high_value,active
CUST-01383,2024-11-23,North,organic,regular,active
CUST-01384,2026-04-25,North,social,regular,active
CUST-01385,2024-12-30,North,affiliate,new,active
CUST-01386,2024-08-10,West,referral,high_value,active
CUST-01387,2025-06-12,Central,paid_search,new,inactive
CUST-01388,2024-11-03,North,organic,new,active
CUST-01389,2026-04-20,West,email,high_value,active
CUST-01390,2026-05-07,North,social,new,active
CUST-01391,2024-10-16,East,organic,new,active
CUST-01392,2025-05-14,West,email,regular,active
CUST-01393,2026-07-16,South,social,new,active
CUST-01394,2025-12-01,North,email,new,active
CUST-01395,2024-07-23,East,paid_search,regular,active
CUST-01396,2025-07-11,Central,paid_search,regular,active
CUST-01397,2025-08-07,South,organic,regular,active
CUST-01398,2025-09-08,South,email,new,active
CUST-01399,2024-01-25,North,organic,regular,inactive
CUST-01400,2024-10-10,East,affiliate,regular,active
CUST-01401,2026-03-17,East,affiliate,new,active
CUST-01402,2024-08-16,West,email,new,active
CUST-01403,2024-10-10,West,organic,new,active
CUST-01404,2024-10-31,Central,paid_search,regular,active
CUST-01405,2024-06-17,West,paid_search,new,inactive
CUST-01406,2024-05-27,South,social,regular,active
CUST-01407,2024-11-23,East,referral,high_value,active
CUST-01408,2026-04-04,South,paid_search,new,active
CUST-01409,2024-01-03,South,referral,regular,inactive
CUST-01410,2024-09-24,Central,organic,new,active
CUST-01411,2024-02-28,West,paid_search,new,active
CUST-01412,2025-06-13,Central,organic,regular,active
CUST-01413,2024-08-25,South,email,regular,active
CUST-01414,2026-01-17,East,organic,high_value,active
CUST-01415,2025-07-06,East,paid_search,regular,active
CUST-01416,2026-01-09,North,affiliate,new,active
CUST-01417,2025-08-22,South,social,regular,inactive
CUST-01418,2025-02-17,East,organic,new,active
CUST-01419,2026-03-23,North,organic,high_value,active
CUST-01420,2025-03-25,Central,social,regular,active
CUST-01421,2026-06-14,North,paid_search,new,active
CUST-01422,2026-07-27,South,organic,regular,active
CUST-01423,2025-07-09,West,social,regular,active
CUST-01424,2025-09-28,North,organic,regular,inactive
CUST-01425,2024-08-29,Central,social,new,active
CUST-01426,2026-02-07,West,paid_search,new,active
CUST-01427,2025-09-25,North,organic,new,active
CUST-01428,2026-05-01,West,organic,regular,active
CUST-01429,2024-09-09,West,organic,regular,inactive
CUST-01430,2026-01-12,West,organic,new,active
CUST-01431,2025-03-19,West,paid_search,regular,active
CUST-01432,2024-06-24,West,referral,regular,active
CUST-01433,2024-06-11,East,affiliate,new,inactive
CUST-01434,2025-06-14,South,paid_search,high_value,active
CUST-01435,2024-10-28,West,social,regular,active
CUST-01436,2024-04-06,Central,social,regular,active
CUST-01437,2025-02-07,East,affiliate,regular,active
CUST-01438,2025-09-08,West,organic,new,active
CUST-01439,2024-10-28,East,paid_search,high_value,inactive
CUST-01440,2026-06-19,West,paid_search,regular,active
CUST-01441,2026-01-05,Central,organic,regular,active
CUST-01442,2025-04-28,North,paid_search,high_value,active
CUST-01443,2026-05-31,South,referral,regular,active
CUST-01444,2025-02-12,East,referral,regular,active
CUST-01445,2024-05-12,East,organic,new,active
CUST-01446,2024-02-04,East,paid_search,new,active
CUST-01447,2026-06-03,North,paid_search,regular,active
CUST-01448,2026-06-24,South,social,regular,active
CUST-01449,2025-11-28,East,social,regular,active
CUST-01450,2024-04-08,East,organic,regular,active
CUST-01451,2024-10-04,West,affiliate,new,inactive
CUST-01452,2024-02-09,West,referral,new,active
CUST-01453,2024-02-19,West,email,regular,active
CUST-01454,2024-08-20,West,email,new,inactive
CUST-01455,2025-06-23,West,social,regular,active
CUST-01456,2024-03-03,East,paid_search,regular,active
CUST-01457,2026-07-17,East,organic,regular,inactive
CUST-01458,2025-03-05,North,social,regular,inactive
CUST-01459,2024-09-06,South,organic,regular,active
CUST-01460,2025-05-02,East,affiliate,regular,active
CUST-01461,2026-01-15,Central,paid_search,new,inactive
CUST-01462,2024-10-22,West,paid_search,regular,active
CUST-01463,2024-02-15,North,paid_search,regular,active
CUST-01464,2024-02-19,East,referral,new,active
CUST-01465,2026-03-14,South,organic,regular,active
CUST-01466,2024-04-16,West,organic,high_value,active
CUST-01467,2025-08-22,West,organic,new,active
CUST-01468,2024-12-29,East,email,regular,active
CUST-01469,2026-01-03,East,referral,high_value,active
CUST-01470,2024-02-28,South,organic,high_value,active
CUST-01471,2026-04-26,East,referral,regular,active
CUST-01472,2025-10-20,Central,paid_search,regular,active
CUST-01473,2025-02-28,West,social,high_value,active
CUST-01474,2024-07-15,East,organic,regular,active
CUST-01475,2026-07-10,South,social,new,active
CUST-01476,2024-10-12,North,email,new,active
CUST-01477,2025-04-08,North,social,regular,active
CUST-01478,2025-01-07,South,organic,regular,active
CUST-01479,2024-08-06,South,affiliate,new,active
CUST-01480,2025-01-28,Central,referral,new,active
CUST-01481,2024-05-23,East,paid_search,regular,active
CUST-01482,2024-01-03,South,social,regular,active
CUST-01483,2024-10-01,North,affiliate,high_value,active
CUST-01484,2024-04-16,South,organic,regular,active
CUST-01485,2025-01-26,West,affiliate,high_value,active
CUST-01486,2026-03-24,South,paid_search,high_value,active
CUST-01487,2024-06-03,West,affiliate,new,inactive
CUST-01488,2024-01-03,West,organic,regular,active
CUST-01489,2024-04-15,North,paid_search,new,active
CUST-01490,2025-04-24,East,social,high_value,active
CUST-01491,2024-09-16,Central,social,new,active
CUST-01492,2025-04-07,South,affiliate,regular,inactive
CUST-01493,2024-01-29,North,referral,regular,active
CUST-01494,2024-11-10,Central,organic,new,inactive
CUST-01495,2025-01-22,Central,paid_search,regular,active
CUST-01496,2025-02-11,East,paid_search,new,active
CUST-01497,2025-06-04,East,social,regular,active
CUST-01498,2026-01-06,South,social,regular,inactive
CUST-01499,2025-03-17,West,affiliate,regular,active
CUST-01500,2026-03-04,East,affiliate,regular,active
CUST-01501,2025-05-15,North,organic,high_value,active
CUST-01502,2024-09-03,West,paid_search,new,active
CUST-01503,2024-08-04,Central,social,regular,active
CUST-01504,2024-10-31,West,paid_search,high_value,active
CUST-01505,2025-07-17,South,organic,regular,active
CUST-01506,2024-08-17,North,paid_search,new,active
CUST-01507,2026-05-12,Central,paid_search,high_value,active
CUST-01508,2025-03-29,Central,organic,new,active
CUST-01509,2026-03-25,East,email,regular,inactive
CUST-01510,2025-10-06,West,paid_search,regular,active
CUST-01511,2024-11-11,East,social,regular,active
CUST-01512,2024-08-04,South,social,new,active
CUST-01513,2025-12-02,North,referral,new,active
CUST-01514,2024-11-08,North,organic,regular,inactive
CUST-01515,2024-08-21,South,organic,new,active
CUST-01516,2026-05-27,West,paid_search,regular,active
CUST-01517,2025-03-31,North,paid_search,regular,inactive
CUST-01518,2024-02-16,South,paid_search,regular,active
CUST-01519,2025-04-12,East,email,new,active
CUST-01520,2025-03-11,South,organic,new,active
CUST-01521,2026-03-25,North,organic,high_value,active
CUST-01522,2025-11-02,East,paid_search,regular,active
CUST-01523,2024-06-30,South,affiliate,new,inactive
CUST-01524,2024-05-22,West,affiliate,new,active
CUST-01525,2025-07-23,Central,email,new,active
CUST-01526,2024-02-15,North,social,high_value,active
CUST-01527,2024-10-28,Central,email,new,active
CUST-01528,2024-05-11,Central,email,new,active
CUST-01529,2024-01-21,West,organic,regular,active
CUST-01530,2026-05-16,West,social,new,active
CUST-01531,2024-03-26,West,affiliate,new,active
CUST-01532,2024-01-10,West,paid_search,high_value,active
CUST-01533,2026-05-29,West,email,regular,active
CUST-01534,2024-06-27,North,social,new,inactive
CUST-01535,2026-02-09,Central,social,regular,active
CUST-01536,2024-01-31,East,organic,new,active
CUST-01537,2024-05-25,West,email,new,active
CUST-01538,2024-04-15,South,affiliate,regular,inactive
CUST-01539,2025-10-28,North,organic,regular,active
CUST-01540,2025-08-08,East,paid_search,regular,active
CUST-01541,2025-03-24,East,organic,high_value,active
CUST-01542,2024-08-16,East,organic,new,active
CUST-01543,2024-03-25,South,referral,high_value,active
CUST-01544,2025-06-21,South,social,regular,inactive
CUST-01545,2024-08-06,East,paid_search,new,active
CUST-01546,2025-07-10,South,paid_search,regular,active
CUST-01547,2025-10-10,Central,referral,new,active
CUST-01548,2026-03-12,North,paid_search,regular,active
CUST-01549,2025-04-11,South,email,regular,active
CUST-01550,2024-01-06,South,paid_search,new,active
CUST-01551,2024-09-22,East,organic,high_value,active
CUST-01552,2026-03-15,East,email,new,active
CUST-01553,2025-05-18,West,organic,regular,active
CUST-01554,2025-08-07,Central,email,new,active
CUST-01555,2025-03-08,South,paid_search,new,active
CUST-01556,2024-06-03,West,email,regular,active
CUST-01557,2026-04-25,North,email,high_value,active
CUST-01558,2025-12-30,South,email,new,active
CUST-01559,2026-07-27,East,organic,high_value,active
CUST-01560,2026-03-17,North,email,new,active
CUST-01561,2024-10-02,East,referral,regular,active
CUST-01562,2024-08-28,West,organic,regular,active
CUST-01563,2024-08-23,West,paid_search,new,active
CUST-01564,2026-05-16,East,affiliate,high_value,active
CUST-01565,2025-06-09,East,organic,regular,active
CUST-01566,2025-03-05,South,email,regular,active
CUST-01567,2026-07-02,North,email,regular,inactive
CUST-01568,2025-07-23,North,organic,regular,active
CUST-01569,2026-05-07,West,social,regular,active
CUST-01570,2026-07-17,Central,social,high_value,active
CUST-01571,2024-03-16,North,paid_search,regular,active
CUST-01572,2024-12-07,East,referral,regular,inactive
CUST-01573,2025-11-23,West,organic,regular,active
CUST-01574,2026-02-05,West,paid_search,regular,active
CUST-01575,2024-05-20,East,affiliate,regular,inactive
CUST-01576,2024-10-27,East,organic,regular,active
CUST-01577,2025-06-01,West,affiliate,regular,active
CUST-01578,2026-01-23,Central,organic,regular,active
CUST-01579,2024-04-17,North,social,high_value,active
CUST-01580,2025-07-20,Central,organic,high_value,active
CUST-01581,2024-10-07,North,email,regular,active
CUST-01582,2024-07-23,West,affiliate,regular,active
CUST-01583,2025-05-01,North,affiliate,regular,active
CUST-01584,2025-01-26,South,referral,new,active
CUST-01585,2025-08-22,North,email,regular,active
CUST-01586,2024-10-27,East,email,new,active
CUST-01587,2026-02-15,South,social,new,active
CUST-01588,2024-03-15,North,referral,high_value,active
CUST-01589,2026-03-23,East,social,high_value,active
CUST-01590,2024-01-30,South,referral,regular,active
CUST-01591,2025-11-25,West,organic,new,active
CUST-01592,2024-11-23,Central,social,regular,active
CUST-01593,2024-12-28,West,email,regular,active
CUST-01594,2024-01-19,North,organic,regular,active
CUST-01595,2025-10-24,South,organic,high_value,active
CUST-01596,2024-06-05,Central,referral,new,active
CUST-01597,2025-09-13,North,paid_search,new,active
CUST-01598,2025-11-15,South,organic,new,active
CUST-01599,2026-03-08,Central,paid_search,new,active
CUST-01600,2025-10-30,Central,paid_search,regular,active
CUST-01601,2024-10-12,South,social,new,active
CUST-01602,2025-11-27,West,referral,new,active
CUST-01603,2026-02-18,East,referral,new,active
CUST-01604,2024-10-26,West,email,new,inactive
CUST-01605,2024-04-27,North,email,regular,active
CUST-01606,2026-04-19,North,paid_search,new,active
CUST-01607,2024-05-20,East,affiliate,high_value,active
CUST-01608,2025-07-14,South,organic,new,active
CUST-01609,2024-08-11,West,organic,new,active
CUST-01610,2024-04-29,South,referral,new,active
CUST-01611,2026-01-02,Central,affiliate,regular,active
CUST-01612,2024-05-16,West,paid_search,new,active
CUST-01613,2025-09-24,East,email,regular,active
CUST-01614,2025-10-15,West,paid_search,new,active
CUST-01615,2024-02-27,South,paid_search,high_value,active
CUST-01616,2024-06-12,East,paid_search,new,active
CUST-01617,2026-01-19,South,organic,regular,active
CUST-01618,2025-04-23,Central,social,high_value,active
CUST-01619,2024-04-25,West,paid_search,new,active
CUST-01620,2026-07-24,Central,social,new,active
CUST-01621,2024-09-07,Central,organic,regular,inactive
CUST-01622,2024-01-05,Central,referral,new,active
CUST-01623,2026-05-21,South,social,new,active
CUST-01624,2024-01-17,Central,referral,regular,active
CUST-01625,2025-06-06,East,organic,new,active
CUST-01626,2026-07-25,East,social,high_value,active
CUST-01627,2025-06-29,East,affiliate,regular,active
CUST-01628,2025-07-05,South,paid_search,regular,inactive
CUST-01629,2025-01-01,South,organic,new,active
CUST-01630,2024-04-30,South,paid_search,regular,active
CUST-01631,2025-06-24,North,paid_search,regular,active
CUST-01632,2026-04-26,East,paid_search,new,active
CUST-01633,2024-03-27,Central,paid_search,high_value,active
CUST-01634,2026-04-10,West,paid_search,regular,active
CUST-01635,2025-01-26,East,social,regular,active
CUST-01636,2025-05-21,East,organic,new,active
CUST-01637,2024-06-05,East,paid_search,new,active
CUST-01638,2025-08-09,South,email,regular,active
CUST-01639,2024-06-21,West,organic,regular,active
CUST-01640,2024-09-15,South,organic,regular,active
CUST-01641,2025-11-11,West,organic,new,active
CUST-01642,2024-02-18,West,organic,regular,inactive
CUST-01643,2025-02-26,East,social,new,active
CUST-01644,2025-07-15,Central,organic,new,active
CUST-01645,2024-05-05,South,paid_search,regular,active
CUST-01646,2024-10-05,Central,referral,new,active
CUST-01647,2024-11-20,West,referral,new,active
CUST-01648,2025-09-18,West,organic,new,active
CUST-01649,2026-07-10,West,paid_search,high_value,active
CUST-01650,2026-02-27,West,paid_search,new,active
CUST-01651,2024-06-28,Central,affiliate,regular,active
CUST-01652,2024-01-19,East,affiliate,high_value,inactive
CUST-01653,2024-02-19,West,organic,regular,inactive
CUST-01654,2025-07-16,West,organic,regular,active
CUST-01655,2024-05-28,East,paid_search,regular,active
CUST-01656,2024-08-06,Central,referral,regular,active
CUST-01657,2026-03-10,South,referral,regular,active
CUST-01658,2026-04-04,East,organic,high_value,active
CUST-01659,2026-03-02,North,social,regular,active
CUST-01660,2024-08-27,South,organic,regular,active
CUST-01661,2025-08-07,West,email,new,active
CUST-01662,2025-07-30,South,referral,high_value,active
CUST-01663,2024-06-24,South,paid_search,new,inactive
CUST-01664,2025-06-06,South,organic,regular,inactive
CUST-01665,2025-05-10,East,social,new,active
CUST-01666,2025-01-09,West,paid_search,regular,active
CUST-01667,2025-12-10,Central,affiliate,regular,active
CUST-01668,2025-10-01,North,paid_search,regular,active
CUST-01669,2025-05-17,East,referral,new,active
CUST-01670,2025-11-15,East,paid_search,regular,inactive
CUST-01671,2025-12-20,East,organic,regular,active
CUST-01672,2025-06-19,East,paid_search,new,active
CUST-01673,2024-09-10,South,organic,regular,inactive
CUST-01674,2025-12-16,East,paid_search,regular,active
CUST-01675,2025-11-07,East,email,regular,active
CUST-01676,2026-07-16,East,organic,new,active
CUST-01677,2024-05-22,East,organic,regular,active
CUST-01678,2025-01-30,West,organic,high_value,active
CUST-01679,2026-05-21,West,organic,new,active
CUST-01680,2025-04-30,South,referral,regular,active
CUST-01681,2026-06-07,West,referral,regular,active
CUST-01682,2024-01-13,Central,organic,high_value,active
CUST-01683,2024-02-04,North,email,regular,active
CUST-01684,2026-01-20,East,email,regular,active
CUST-01685,2024-12-04,South,referral,new,active
CUST-01686,2025-05-06,West,paid_search,regular,active
CUST-01687,2025-02-08,South,paid_search,high_value,active
CUST-01688,2025-01-20,West,paid_search,high_value,active
CUST-01689,2026-06-04,South,affiliate,regular,active
CUST-01690,2024-03-30,East,email,regular,active
CUST-01691,2025-12-29,Central,social,regular,active
CUST-01692,2026-04-19,South,organic,new,active
CUST-01693,2025-09-12,Central,email,high_value,active
CUST-01694,2025-01-08,Central,affiliate,regular,active
CUST-01695,2024-05-31,Central,paid_search,regular,active
CUST-01696,2025-10-05,North,email,new,active
CUST-01697,2025-03-18,West,paid_search,new,active
CUST-01698,2024-05-21,North,social,new,active
CUST-01699,2024-12-05,South,social,regular,active
CUST-01700,2026-06-25,Central,affiliate,regular,active
CUST-01701,2024-09-07,West,referral,new,active
CUST-01702,2024-06-18,East,paid_search,regular,active
CUST-01703,2025-10-05,South,paid_search,high_value,active
CUST-01704,2024-07-07,West,paid_search,new,active
CUST-01705,2026-05-17,West,organic,regular,active
CUST-01706,2026-03-21,East,paid_search,regular,active
CUST-01707,2026-07-16,Central,organic,new,active
CUST-01708,2026-05-10,South,paid_search,regular,active
CUST-01709,2024-08-18,North,organic,regular,active
CUST-01710,2024-07-19,West,paid_search,new,active
CUST-01711,2024-11-19,Central,affiliate,new,active
CUST-01712,2025-03-19,South,organic,high_value,active
CUST-01713,2026-04-09,South,social,new,active
CUST-01714,2025-11-22,North,referral,regular,active
CUST-01715,2025-08-31,Central,social,regular,active
CUST-01716,2026-04-08,South,organic,regular,active
CUST-01717,2025-09-01,East,paid_search,regular,active
CUST-01718,2024-12-24,Central,social,regular,active
CUST-01719,2025-01-25,North,social,regular,active
CUST-01720,2025-05-03,East,organic,regular,active
CUST-01721,2024-03-25,East,paid_search,regular,active
CUST-01722,2025-11-30,West,social,regular,active
CUST-01723,2025-09-07,South,paid_search,regular,active
CUST-01724,2025-11-20,South,social,new,active
CUST-01725,2025-05-18,North,organic,regular,active
CUST-01726,2026-01-08,West,paid_search,regular,inactive
CUST-01727,2026-06-14,West,affiliate,new,inactive
CUST-01728,2025-06-21,North,paid_search,new,active
CUST-01729,2025-02-23,South,social,regular,active
CUST-01730,2024-04-09,Central,paid_search,regular,active
CUST-01731,2026-01-04,North,paid_search,regular,active
CUST-01732,2026-05-02,South,referral,regular,active
CUST-01733,2025-10-21,East,paid_search,high_value,active
CUST-01734,2026-03-27,South,organic,regular,active
CUST-01735,2026-03-23,South,referral,new,active
CUST-01736,2026-01-22,East,email,high_value,active
CUST-01737,2025-04-19,South,email,new,active
CUST-01738,2024-04-05,East,organic,regular,active
CUST-01739,2024-01-05,West,organic,regular,active
CUST-01740,2024-07-12,East,social,new,active
CUST-01741,2025-02-11,North,organic,regular,active
CUST-01742,2025-12-02,West,organic,regular,active
CUST-01743,2025-03-06,North,affiliate,new,active
CUST-01744,2024-01-23,West,paid_search,new,active
CUST-01745,2024-07-18,South,organic,new,active
CUST-01746,2026-07-12,West,organic,new,active
CUST-01747,2026-07-20,South,paid_search,regular,active
CUST-01748,2024-12-22,South,social,regular,active
CUST-01749,2026-01-29,East,affiliate,regular,active
CUST-01750,2025-11-09,North,organic,regular,active
CUST-01751,2026-05-28,South,organic,new,active
CUST-01752,2026-04-17,West,social,new,active
CUST-01753,2025-08-16,West,paid_search,regular,active
CUST-01754,2025-01-07,North,social,high_value,active
CUST-01755,2025-08-14,Central,referral,regular,active
CUST-01756,2024-10-28,West,social,new,active
CUST-01757,2024-11-24,Central,paid_search,regular,active
CUST-01758,2025-07-28,West,referral,high_value,active
CUST-01759,2025-06-23,West,organic,regular,active
CUST-01760,2025-07-02,East,referral,new,active
CUST-01761,2024-12-29,West,social,new,active
CUST-01762,2025-01-21,Central,social,regular,active
CUST-01763,2024-01-11,North,referral,high_value,active
CUST-01764,2025-07-21,South,social,regular,active
CUST-01765,2025-06-27,North,paid_search,new,active
CUST-01766,2026-06-01,Central,paid_search,regular,active
CUST-01767,2025-04-21,East,email,regular,active
CUST-01768,2025-03-17,West,social,regular,inactive
CUST-01769,2024-03-05,West,organic,regular,active
CUST-01770,2024-07-05,Central,email,regular,active
CUST-01771,2024-11-15,North,social,new,active
CUST-01772,2024-12-22,West,paid_search,regular,inactive
CUST-01773,2024-12-08,Central,organic,regular,active
CUST-01774,2025-01-07,North,paid_search,high_value,active
CUST-01775,2025-12-26,West,organic,regular,active
CUST-01776,2024-05-04,South,organic,regular,active
CUST-01777,2024-11-09,West,paid_search,regular,active
CUST-01778,2024-06-03,East,organic,regular,active
CUST-01779,2024-10-17,South,paid_search,regular,active
CUST-01780,2025-10-07,North,email,regular,active
CUST-01781,2024-02-15,North,paid_search,regular,active
CUST-01782,2024-11-16,North,referral,regular,active
CUST-01783,2024-01-24,West,referral,regular,inactive
CUST-01784,2026-06-19,South,social,new,active
CUST-01785,2025-11-17,South,referral,regular,active
CUST-01786,2024-08-18,West,affiliate,regular,active
CUST-01787,2024-07-06,West,paid_search,regular,active
CUST-01788,2024-04-04,East,email,regular,active
CUST-01789,2025-03-22,Central,organic,regular,active
CUST-01790,2025-12-11,South,email,regular,active
CUST-01791,2025-07-05,West,social,regular,inactive
CUST-01792,2026-04-10,North,organic,new,active
CUST-01793,2024-11-20,West,paid_search,regular,active
CUST-01794,2024-09-19,Central,referral,regular,active
CUST-01795,2025-03-27,West,paid_search,regular,active
CUST-01796,2024-07-10,East,organic,regular,active
CUST-01797,2026-07-09,West,organic,regular,active
CUST-01798,2024-06-24,South,social,new,active
CUST-01799,2025-03-28,West,affiliate,regular,active
CUST-01800,2025-05-07,West,email,new,active
CUST-01801,2024-02-24,Central,paid_search,regular,active
CUST-01802,2025-03-18,East,organic,regular,active
CUST-01803,2025-03-05,North,organic,regular,active
CUST-01804,2024-09-02,East,paid_search,regular,active
CUST-01805,2024-05-01,North,affiliate,high_value,active
CUST-01806,2024-02-13,South,email,regular,active
CUST-01807,2024-01-10,South,paid_search,regular,active
CUST-01808,2025-03-30,West,social,high_value,active
CUST-01809,2024-03-26,South,paid_search,regular,inactive
CUST-01810,2026-06-23,North,social,regular,inactive
CUST-01811,2024-08-19,North,social,new,active
CUST-01812,2025-09-07,Central,email,new,inactive
CUST-01813,2025-09-27,West,social,new,active
CUST-01814,2025-04-12,North,referral,new,inactive
CUST-01815,2026-04-13,North,paid_search,regular,inactive
CUST-01816,2024-04-15,East,organic,new,active
CUST-01817,2024-08-09,South,organic,regular,active
CUST-01818,2024-08-26,East,social,new,active
CUST-01819,2024-05-08,East,social,new,active
CUST-01820,2024-10-05,Central,social,high_value,inactive
CUST-01821,2024-10-22,South,email,regular,active
CUST-01822,2025-12-22,West,paid_search,high_value,active
CUST-01823,2024-10-12,North,email,regular,active
CUST-01824,2026-04-06,Central,email,new,active
CUST-01825,2025-12-29,Central,paid_search,regular,active
CUST-01826,2026-04-30,West,paid_search,regular,active
CUST-01827,2024-04-10,East,organic,new,active
CUST-01828,2026-07-17,South,paid_search,high_value,inactive
CUST-01829,2025-08-02,West,affiliate,regular,active
CUST-01830,2026-07-15,West,referral,regular,inactive
CUST-01831,2024-12-01,South,social,regular,active
CUST-01832,2026-06-17,East,paid_search,regular,active
CUST-01833,2025-07-09,East,email,new,active
CUST-01834,2024-03-09,West,email,high_value,active
CUST-01835,2025-01-22,West,paid_search,regular,active
CUST-01836,2024-05-10,West,affiliate,new,active
CUST-01837,2026-06-06,West,organic,new,active
CUST-01838,2024-10-14,South,organic,regular,active
CUST-01839,2024-07-29,South,organic,high_value,active
CUST-01840,2025-06-05,North,organic,high_value,active
CUST-01841,2025-02-05,West,referral,regular,active
CUST-01842,2024-04-02,East,paid_search,high_value,active
CUST-01843,2026-02-09,East,paid_search,regular,active
CUST-01844,2026-03-08,South,paid_search,new,active
CUST-01845,2025-12-01,South,paid_search,regular,active
CUST-01846,2025-08-04,East,paid_search,new,active
CUST-01847,2025-01-15,South,organic,new,active
CUST-01848,2025-05-26,North,email,regular,active
CUST-01849,2025-05-06,West,organic,new,active
CUST-01850,2024-06-05,South,affiliate,high_value,inactive
CUST-01851,2024-03-19,South,organic,high_value,active
CUST-01852,2024-08-27,East,email,regular,active
CUST-01853,2025-03-04,West,affiliate,regular,active
CUST-01854,2024-06-01,South,organic,regular,active
CUST-01855,2024-04-11,West,organic,new,active
CUST-01856,2026-03-14,Central,referral,new,active
CUST-01857,2024-12-20,West,paid_search,new,inactive
CUST-01858,2025-07-05,East,social,new,inactive
CUST-01859,2025-05-09,West,organic,new,active
CUST-01860,2025-11-24,East,paid_search,new,active
CUST-01861,2025-11-28,South,social,new,active
CUST-01862,2024-10-06,East,referral,high_value,active
CUST-01863,2026-03-10,South,paid_search,new,active
CUST-01864,2024-12-16,North,affiliate,new,active
CUST-01865,2026-02-26,South,email,regular,active
CUST-01866,2025-01-17,North,organic,regular,active
CUST-01867,2024-04-15,South,paid_search,regular,active
CUST-01868,2025-12-17,East,organic,new,active
CUST-01869,2024-01-30,Central,paid_search,regular,active
CUST-01870,2025-12-29,North,social,regular,active
CUST-01871,2024-02-11,West,paid_search,regular,active
CUST-01872,2024-07-14,East,organic,regular,active
CUST-01873,2025-07-23,North,email,regular,active
CUST-01874,2026-06-06,South,social,regular,active
CUST-01875,2025-01-20,North,social,new,active
CUST-01876,2024-04-24,South,social,regular,active
CUST-01877,2024-08-08,South,organic,new,active
CUST-01878,2026-04-25,South,email,new,active
CUST-01879,2025-11-16,East,paid_search,regular,active
CUST-01880,2024-04-05,North,paid_search,new,active
CUST-01881,2024-12-29,North,organic,new,active
CUST-01882,2024-09-07,North,social,regular,inactive
CUST-01883,2024-06-17,East,social,regular,active
CUST-01884,2026-03-09,South,paid_search,regular,active
CUST-01885,2025-08-05,East,affiliate,high_value,active
CUST-01886,2024-06-19,South,affiliate,high_value,active
CUST-01887,2025-09-05,North,organic,regular,active
CUST-01888,2025-01-25,Central,email,new,active
CUST-01889,2024-02-28,North,paid_search,regular,active
CUST-01890,2025-02-28,North,referral,regular,active
CUST-01891,2024-06-24,North,organic,regular,active
CUST-01892,2024-08-20,Central,paid_search,new,active
CUST-01893,2026-04-09,East,paid_search,new,active
CUST-01894,2025-11-01,East,paid_search,new,active
CUST-01895,2024-05-07,Central,email,new,active
CUST-01896,2026-03-13,North,social,new,active
CUST-01897,2025-06-25,Central,organic,high_value,active
CUST-01898,2026-04-04,South,social,new,active
CUST-01899,2025-12-05,West,referral,regular,active
CUST-01900,2024-11-16,East,affiliate,high_value,active
CUST-01901,2025-05-19,South,social,regular,active
CUST-01902,2025-05-16,Central,paid_search,regular,inactive
CUST-01903,2025-11-10,North,organic,regular,active
CUST-01904,2024-08-22,Central,referral,new,active
CUST-01905,2024-11-10,South,email,regular,inactive
CUST-01906,2024-08-19,West,social,regular,active
CUST-01907,2024-10-06,Central,referral,regular,active
CUST-01908,2024-06-01,North,organic,regular,active
CUST-01909,2024-02-05,Central,email,high_value,active
CUST-01910,2026-06-05,East,organic,regular,active
CUST-01911,2024-03-12,West,organic,regular,active
CUST-01912,2026-04-17,North,paid_search,regular,active
CUST-01913,2024-01-04,East,paid_search,regular,active
CUST-01914,2026-01-03,West,referral,regular,active
CUST-01915,2024-11-06,East,paid_search,regular,active
CUST-01916,2025-05-03,North,affiliate,high_value,active
CUST-01917,2024-09-23,South,email,new,active
CUST-01918,2025-04-08,Central,email,regular,active
CUST-01919,2025-03-02,North,referral,new,active
CUST-01920,2025-05-15,West,paid_search,regular,active
CUST-01921,2025-01-06,Central,paid_search,regular,active
CUST-01922,2025-05-21,North,organic,regular,active
CUST-01923,2026-02-17,North,paid_search,regular,active
CUST-01924,2025-02-14,West,referral,regular,active
CUST-01925,2024-12-07,North,social,new,active
CUST-01926,2024-05-05,East,paid_search,new,active
CUST-01927,2024-12-05,West,organic,new,active
CUST-01928,2024-04-29,East,social,high_value,inactive
CUST-01929,2024-06-21,South,email,new,active
CUST-01930,2026-06-17,West,paid_search,high_value,active
CUST-01931,2024-03-26,East,email,new,active
CUST-01932,2025-03-31,South,social,regular,active
CUST-01933,2026-02-25,East,affiliate,regular,active
CUST-01934,2026-06-17,Central,paid_search,regular,inactive
CUST-01935,2024-05-19,West,social,regular,active
CUST-01936,2024-06-04,East,organic,regular,inactive
CUST-01937,2024-12-17,South,paid_search,high_value,active
CUST-01938,2025-06-07,North,email,regular,active
CUST-01939,2026-06-24,South,social,new,active
CUST-01940,2024-07-15,North,organic,new,inactive
CUST-01941,2024-06-04,Central,affiliate,regular,active
CUST-01942,2024-08-27,South,organic,regular,active
CUST-01943,2026-04-04,West,social,regular,active
CUST-01944,2024-01-30,North,referral,regular,active
CUST-01945,2024-12-25,South,social,regular,active
CUST-01946,2024-04-23,South,affiliate,regular,active
CUST-01947,2024-05-28,South,social,regular,active
CUST-01948,2026-05-14,West,affiliate,regular,active
CUST-01949,2024-01-03,Central,email,regular,active
CUST-01950,2024-10-30,Central,email,high_value,active
CUST-01951,2026-05-13,North,organic,regular,active
CUST-01952,2025-07-27,West,email,high_value,active
CUST-01953,2024-03-09,North,organic,new,active
CUST-01954,2025-03-15,Central,referral,regular,inactive
CUST-01955,2026-07-04,East,organic,regular,active
CUST-01956,2025-01-13,South,organic,regular,active
CUST-01957,2025-05-13,North,affiliate,new,active
CUST-01958,2025-05-17,North,organic,regular,active
CUST-01959,2025-09-15,South,paid_search,regular,active
CUST-01960,2024-06-26,Central,email,high_value,active
CUST-01961,2026-03-02,West,organic,regular,active
CUST-01962,2026-07-21,Central,organic,new,active
CUST-01963,2024-05-15,North,social,regular,active
CUST-01964,2026-02-10,East,organic,regular,active
CUST-01965,2026-02-09,South,organic,new,active
CUST-01966,2025-11-30,East,organic,regular,active
CUST-01967,2024-12-16,South,paid_search,regular,active
CUST-01968,2025-03-18,South,paid_search,new,active
CUST-01969,2026-03-02,East,organic,regular,inactive
CUST-01970,2024-05-25,South,social,regular,active
CUST-01971,2026-02-20,East,social,regular,active
CUST-01972,2026-05-18,West,organic,regular,active
CUST-01973,2025-10-05,North,paid_search,new,active
CUST-01974,2024-11-18,Central,referral,high_value,active
CUST-01975,2025-06-11,East,social,regular,active
CUST-01976,2024-02-18,West,paid_search,new,active
CUST-01977,2026-05-28,West,paid_search,regular,active
CUST-01978,2024-11-19,West,organic,new,inactive
CUST-01979,2024-02-24,West,affiliate,regular,active
CUST-01980,2026-01-19,Central,referral,regular,active
CUST-01981,2025-09-12,East,referral,high_value,active
CUST-01982,2025-08-10,South,organic,high_value,active
CUST-01983,2024-02-21,North,paid_search,new,active
CUST-01984,2025-12-09,East,organic,regular,active
CUST-01985,2025-08-24,North,paid_search,new,active
CUST-01986,2026-01-18,South,paid_search,regular,active
CUST-01987,2026-02-19,North,social,regular,active
CUST-01988,2024-07-19,East,organic,new,inactive
CUST-01989,2024-07-18,North,referral,new,active
CUST-01990,2026-05-21,East,organic,new,active
CUST-01991,2025-05-16,West,organic,new,inactive
CUST-01992,2025-02-17,West,affiliate,new,active
CUST-01993,2024-09-28,South,email,high_value,active
CUST-01994,2025-08-25,East,paid_search,regular,active
CUST-01995,2025-12-12,East,social,regular,active
CUST-01996,2024-01-04,East,organic,regular,inactive
CUST-01997,2025-06-05,West,organic,regular,active
CUST-01998,2026-07-25,South,social,regular,active
CUST-01999,2024-09-22,Central,paid_search,high_value,inactive
CUST-02000,2024-09-22,North,social,regular,active
